<graph id="world">
  <level id="Connection">
    <box height="1.01" id="Connection0" lines="4" width="4.0" x="113.33" y="2.18"/>
    <box height="1.01" id="Connection1" lines="3" width="3.0" x="182.5" y="2.18"/>
    <box height="1.01" id="Connection2" lines="5" width="5.0" x="167.11" y="2.18"/>
    <box height="1.01" id="Connection3" lines="2" width="2.0" x="78.51" y="2.18"/>
    <box height="1.01" id="Connection4" lines="4" width="4.0" x="20.11" y="2.18"/>
    <box height="1.01" id="Connection5" lines="5" width="5.0" x="137.04" y="2.18"/>
    <box height="1.01" id="Connection6" lines="2" width="2.0" x="175.06" y="2.18"/>
    <box height="1.01" id="Connection7" lines="25" width="25.0" x="100.64" y="5.74"/>
    <box height="1.01" id="Connection8" lines="13" width="13.0" x="13.36" y="5.74"/>
    <box height="1.01" id="Connection9" lines="10" width="10.0" x="132.75" y="5.74"/>
    <box height="1.01" id="Connection10" lines="16" width="16.0" x="164.14" y="5.74"/>
    <box height="1.01" id="Connection11" lines="6" width="6.0" x="68.17" y="5.74"/>
    <box height="1.01" id="Connection12" lines="4" width="4.0" x="90.56" y="2.18"/>
    <box height="1.01" id="Connection13" lines="5" width="5.0" x="192.92" y="5.74"/>
    <box height="1.01" id="Connection14" lines="2" width="2.0" x="47.14" y="2.18"/>
    <box height="1.01" id="Connection15" lines="2" width="2.0" x="55.69" y="2.18"/>
    <box height="1.01" id="Connection16" lines="5" width="5.0" x="189.19" y="2.18"/>
    <box height="1.01" id="Connection17" lines="1" width="1.0" x="46.81" y="44.85"/>
    <box height="1.01" id="Connection26" lines="1" width="1.0" x="179.0" y="2.18"/>
    <box height="1.01" id="Connection27" lines="1" width="1.0" x="46.78" y="48.4"/>
    <box height="1.01" id="Connection28" lines="1" width="1.0" x="34.22" y="59.07"/>
    <box height="1.01" id="Connection30" lines="1" width="1.0" x="33.22" y="62.63"/>
    <box height="1.01" id="Connection33" lines="1" width="1.0" x="35.53" y="2.18"/>
    <box height="1.01" id="Connection34" lines="1" width="1.0" x="49.92" y="5.74"/>
    <box height="1.01" id="Connection35" lines="1" width="1.0" x="50.82" y="16.4"/>
    <box height="1.01" id="Connection37" lines="1" width="1.0" x="50.79" y="19.96"/>
    <box height="1.01" id="Connection40" lines="1" width="1.0" x="52.9" y="30.63"/>
    <box height="1.01" id="Connection41" lines="1" width="1.0" x="53.36" y="34.18"/>
    <box height="1.01" id="Connection42" lines="1" width="1.0" x="52.13" y="44.85"/>
    <box height="1.01" id="Connection44" lines="1" width="1.0" x="51.72" y="48.4"/>
    <box height="1.01" id="Connection45" lines="1" width="1.0" x="36.71" y="59.07"/>
    <box height="1.01" id="Connection50" lines="1" width="1.0" x="36.68" y="62.63"/>
    <box height="1.01" id="Connection53" lines="1" width="1.0" x="44.31" y="73.29"/>
    <box height="1.01" id="Connection54" lines="1" width="1.0" x="44.28" y="76.85"/>
    <box height="1.01" id="Connection55" lines="1" width="1.0" x="37.69" y="87.51"/>
    <box height="1.01" id="Connection57" lines="1" width="1.0" x="34.69" y="91.07"/>
    <box height="1.01" id="Connection58" lines="1" width="1.0" x="38.71" y="59.07"/>
    <box height="1.01" id="Connection63" lines="1" width="1.0" x="38.68" y="62.63"/>
    <box height="1.01" id="Connection66" lines="1" width="1.0" x="46.49" y="73.29"/>
    <box height="1.01" id="Connection67" lines="1" width="1.0" x="46.56" y="76.85"/>
    <box height="1.01" id="Connection68" lines="1" width="1.0" x="40.71" y="59.07"/>
    <box height="1.01" id="Connection83" lines="1" width="1.0" x="40.68" y="62.63"/>
    <box height="1.01" id="Connection84" lines="1" width="1.0" x="145.32" y="2.18"/>
    <box height="1.01" id="Connection93" lines="1" width="1.0" x="145.29" y="5.74"/>
    <box height="1.01" id="Connection94" lines="5" width="5.0" x="44.67" y="80.4"/>
    <box height="1.01" id="Connection96" lines="1" width="1.0" x="42.74" y="83.96"/>
    <box height="1.01" id="Connection97" lines="2" width="2.0" x="46.22" y="66.18"/>
    <box height="1.01" id="Connection99" lines="1" width="1.0" x="46.22" y="69.74"/>
    <box height="1.01" id="Connection100" lines="1" width="1.0" x="49.49" y="44.85"/>
    <box height="1.01" id="Connection103" lines="1" width="1.0" x="61.67" y="5.74"/>
    <box height="1.01" id="Connection105" lines="1" width="1.0" x="63.67" y="5.74"/>
    <box height="1.01" id="Connection107" lines="1" width="1.0" x="72.67" y="5.74"/>
    <box height="1.01" id="Connection108" lines="1" width="1.0" x="49.46" y="48.4"/>
    <box height="1.01" id="Connection109" lines="1" width="1.0" x="42.71" y="59.07"/>
    <box height="1.01" id="Connection112" lines="1" width="1.0" x="42.68" y="62.63"/>
    <box height="1.01" id="Connection113" lines="1" width="1.0" x="44.71" y="59.07"/>
    <box height="1.01" id="Connection117" lines="1" width="1.0" x="70.17" y="2.18"/>
    <box height="1.01" id="Connection121" lines="1" width="1.0" x="44.68" y="62.63"/>
    <box height="1.01" id="Connection122" lines="1" width="1.0" x="42.31" y="73.29"/>
    <box height="1.01" id="Connection128" lines="1" width="1.0" x="42.28" y="76.85"/>
    <box height="1.01" id="Connection129" lines="1" width="1.0" x="40.69" y="87.51"/>
    <box height="1.01" id="Connection132" lines="1" width="1.0" x="40.67" y="91.07"/>
    <box height="1.01" id="Connection133" lines="1" width="1.0" x="42.69" y="87.51"/>
    <box height="1.01" id="Connection137" lines="1" width="1.0" x="42.68" y="91.07"/>
    <box height="1.01" id="Connection138" lines="1" width="1.0" x="54.4" y="44.85"/>
    <box height="1.01" id="Connection149" lines="1" width="1.0" x="196.92" y="5.74"/>
    <box height="1.01" id="Connection150" lines="1" width="1.0" x="54.49" y="48.4"/>
    <box height="1.01" id="Connection151" lines="1" width="1.0" x="44.69" y="87.51"/>
    <box height="1.01" id="Connection155" lines="1" width="1.0" x="44.69" y="91.07"/>
    <box height="1.01" id="Connection156" lines="1" width="1.0" x="46.71" y="59.07"/>
    <box height="1.01" id="Connection159" lines="1" width="1.0" x="46.69" y="62.63"/>
    <box height="1.01" id="Connection160" lines="1" width="1.0" x="52.82" y="16.4"/>
    <box height="1.01" id="Connection162" lines="1" width="1.0" x="52.79" y="19.96"/>
    <box height="1.01" id="Connection163" lines="1" width="1.0" x="54.82" y="16.4"/>
    <box height="1.01" id="Connection177" lines="1" width="1.0" x="54.79" y="19.96"/>
    <box height="1.01" id="Connection178" lines="8" width="8.0" x="48.21" y="51.96"/>
    <box height="1.01" id="Connection180" lines="1" width="1.0" x="42.04" y="55.52"/>
    <box height="1.01" id="Connection181" lines="2" width="2.0" x="31.22" y="66.18"/>
    <box height="1.01" id="Connection183" lines="1" width="1.0" x="30.76" y="69.74"/>
    <box height="1.01" id="Connection184" lines="4" width="4.0" x="55.56" y="9.29"/>
    <box height="1.01" id="Connection186" lines="1" width="1.0" x="53.43" y="12.85"/>
    <box height="1.01" id="Connection187" lines="2" width="2.0" x="50.49" y="23.52"/>
    <box height="1.01" id="Connection189" lines="1" width="1.0" x="51.19" y="27.07"/>
    <box height="1.01" id="Connection190" lines="3" width="3.0" x="53.6" y="37.74"/>
    <box height="1.01" id="Connection192" lines="1" width="1.0" x="52.92" y="41.29"/>
    <box height="1.01" id="Connection193" lines="2" width="2.0" x="36.43" y="66.18"/>
    <box height="1.01" id="Connection195" lines="1" width="1.0" x="42.21" y="69.74"/>
    <joint height="0.51" id="n828" inputs="1" outputs="0" width="1.0" x="0.5" y="7.52"/>
    <joint height="0.51" id="n248__IN__0" inputs="1" outputs="1" width="1.0" x="31.11" y="0.4"/>
    <joint height="0.51" id="n820" inputs="1" outputs="0" width="1.0" x="48.85" y="3.96"/>
    <joint height="0.51" id="n827" inputs="1" outputs="0" width="1.0" x="57.4" y="3.96"/>
    <joint height="0.51" id="n738" inputs="2" outputs="1" width="2.0" x="69.88" y="3.96"/>
    <joint height="0.51" id="n739" inputs="0" outputs="1" width="1.0" x="70.18" y="0.4"/>
    <joint height="0.51" id="n229" inputs="0" outputs="1" width="1.0" x="78.25" y="0.4"/>
    <joint height="0.51" id="n134" inputs="0" outputs="1" width="1.0" x="89.53" y="0.4"/>
    <joint height="0.51" id="n135" inputs="1" outputs="1" width="1.0" x="88.19" y="3.96"/>
    <joint height="0.51" id="n731" inputs="1" outputs="1" width="1.0" x="42.69" y="60.85"/>
    <joint height="0.51" id="n732" inputs="1" outputs="1" width="1.0" x="101.65" y="3.96"/>
    <joint height="0.51" id="n733" inputs="1" outputs="1" width="1.0" x="106.53" y="7.52"/>
    <joint height="0.51" id="n735" inputs="1" outputs="1" width="1.0" x="44.69" y="60.85"/>
    <joint height="0.51" id="n736" inputs="2" outputs="1" width="2.0" x="109.03" y="7.52"/>
    <joint height="0.51" id="n737" inputs="1" outputs="1" width="1.0" x="111.53" y="7.52"/>
    <joint height="0.51" id="n69__OUT__4" inputs="0" outputs="1" width="1.0" x="128.31" y="3.96"/>
    <joint height="0.51" id="n69__OUT__2" inputs="0" outputs="1" width="1.0" x="99.18" y="3.96"/>
    <joint height="0.51" id="n69__OUT__3" inputs="0" outputs="1" width="1.0" x="9.79" y="3.96"/>
    <joint height="0.51" id="n69__OUT__0" inputs="0" outputs="1" width="1.0" x="145.33" y="0.4"/>
    <joint height="0.51" id="n69__OUT__1" inputs="0" outputs="1" width="1.0" x="158.35" y="3.96"/>
    <joint height="0.51" id="n710__IN__0" inputs="1" outputs="1" width="1.0" x="54.76" y="51.96"/>
    <joint height="0.51" id="n73__OUT__0" inputs="0" outputs="1" width="1.0" x="40.26" y="78.63"/>
    <joint height="0.51" id="n70__IN__0" inputs="1" outputs="0" width="1.0" x="145.28" y="7.52"/>
    <joint height="0.51" id="n117__OUT__0" inputs="0" outputs="1" width="1.0" x="49.5" y="43.07"/>
    <joint height="0.51" id="n74__IN__0" inputs="1" outputs="4" width="4.0" x="42.33" y="85.74"/>
    <joint height="0.51" id="n74__IN__1" inputs="1" outputs="4" width="4.0" x="160.78" y="7.52"/>
    <joint height="0.51" id="n831" inputs="1" outputs="0" width="1.0" x="123.53" y="7.52"/>
    <joint height="0.51" id="n80" inputs="1" outputs="0" width="1.0" x="155.28" y="7.52"/>
    <joint height="0.51" id="n234" inputs="1" outputs="1" width="1.0" x="46.85" y="3.96"/>
    <joint height="0.51" id="n230" inputs="1" outputs="1" width="1.0" x="78.22" y="3.96"/>
    <joint height="0.51" id="n233" inputs="0" outputs="1" width="1.0" x="46.88" y="0.4"/>
    <joint height="0.51" id="n239" inputs="1" outputs="1" width="1.0" x="13.67" y="3.96"/>
    <joint height="0.51" id="n729" inputs="0" outputs="1" width="1.0" x="72.68" y="3.96"/>
    <joint height="0.51" id="n652__IN__0" inputs="1" outputs="1" width="1.0" x="46.76" y="50.18"/>
    <joint height="0.51" id="n321" inputs="1" outputs="1" width="1.0" x="174.76" y="0.4"/>
    <joint height="0.51" id="n168" inputs="0" outputs="1" width="1.0" x="165.64" y="0.4"/>
    <joint height="0.51" id="n723" inputs="2" outputs="1" width="2.0" x="15.0" y="7.52"/>
    <joint height="0.51" id="n722" inputs="1" outputs="1" width="1.0" x="54.81" y="18.18"/>
    <joint height="0.51" id="n126" inputs="1" outputs="1" width="1.0" x="182.76" y="0.4"/>
    <joint height="0.51" id="n121" inputs="1" outputs="1" width="1.0" x="62.53" y="7.52"/>
    <joint height="0.51" id="n120" inputs="0" outputs="1" width="1.0" x="66.25" y="3.96"/>
    <joint height="0.51" id="n725" inputs="1" outputs="1" width="1.0" x="19.5" y="7.52"/>
    <joint height="0.51" id="n724" inputs="1" outputs="1" width="1.0" x="17.5" y="7.52"/>
    <joint height="0.51" id="n804" inputs="1" outputs="0" width="1.0" x="176.28" y="7.52"/>
    <joint height="0.51" id="n805" inputs="1" outputs="0" width="1.0" x="6.5" y="7.52"/>
    <joint height="0.51" id="n803" inputs="1" outputs="0" width="1.0" x="104.53" y="7.52"/>
    <joint height="0.51" id="n44__IN__0" inputs="1" outputs="0" width="1.0" x="40.72" y="64.4"/>
    <joint height="0.51" id="n247__OUT__1" inputs="0" outputs="1" width="1.0" x="110.89" y="3.96"/>
    <joint height="0.51" id="n247__OUT__0" inputs="0" outputs="1" width="1.0" x="30.72" y="64.4"/>
    <joint height="0.51" id="n664__IN__0" inputs="1" outputs="1" width="1.0" x="53.6" y="35.96"/>
    <joint height="0.51" id="n790" inputs="1" outputs="0" width="1.0" x="129.53" y="7.52"/>
    <joint height="0.51" id="n791" inputs="1" outputs="0" width="1.0" x="183.93" y="3.96"/>
    <joint height="0.51" id="n716" inputs="1" outputs="1" width="1.0" x="115.53" y="7.52"/>
    <joint height="0.51" id="n717" inputs="1" outputs="1" width="1.0" x="117.53" y="7.52"/>
    <joint height="0.51" id="n242" inputs="1" outputs="1" width="1.0" x="102.53" y="7.52"/>
    <joint height="0.51" id="n715" inputs="1" outputs="1" width="1.0" x="46.69" y="60.85"/>
    <joint height="0.51" id="n712" inputs="2" outputs="1" width="2.0" x="171.78" y="7.52"/>
    <joint height="0.51" id="n713" inputs="1" outputs="1" width="1.0" x="174.28" y="7.52"/>
    <joint height="0.51" id="n246" inputs="0" outputs="1" width="1.0" x="108.89" y="3.96"/>
    <joint height="0.51" id="n711" inputs="1" outputs="1" width="1.0" x="44.68" y="89.29"/>
    <joint height="0.51" id="n249" inputs="1" outputs="1" width="1.0" x="30.88" y="67.96"/>
    <joint height="0.51" id="n77__OUT__1" inputs="0" outputs="1" width="1.0" x="162.35" y="3.96"/>
    <joint height="0.51" id="n77__OUT__0" inputs="0" outputs="1" width="1.0" x="46.72" y="64.4"/>
    <joint height="0.51" id="n244__IN__0" inputs="1" outputs="7" width="7.0" x="41.31" y="57.29"/>
    <joint height="0.51" id="n244__IN__1" inputs="1" outputs="7" width="7.0" x="95.53" y="7.52"/>
    <joint height="0.51" id="n728" inputs="2" outputs="1" width="2.0" x="71.03" y="7.52"/>
    <joint height="0.51" id="n719" inputs="1" outputs="1" width="1.0" x="52.81" y="18.18"/>
    <joint height="0.51" id="n657" inputs="1" outputs="1" width="1.0" x="40.18" y="3.96"/>
    <joint height="0.51" id="n656" inputs="1" outputs="2" width="2.0" x="113.39" y="3.96"/>
    <joint height="0.51" id="n718__IN__0" inputs="1" outputs="1" width="1.0" x="52.79" y="64.4"/>
    <joint height="0.51" id="n654" inputs="1" outputs="1" width="1.0" x="75.53" y="7.52"/>
    <joint height="0.51" id="n653" inputs="1" outputs="1" width="1.0" x="33.74" y="60.85"/>
    <joint height="0.51" id="n651" inputs="0" outputs="1" width="1.0" x="178.76" y="0.4"/>
    <joint height="0.51" id="n650" inputs="2" outputs="1" width="2.0" x="181.43" y="3.96"/>
    <joint height="0.51" id="n243__OUT__0" inputs="0" outputs="1" width="1.0" x="44.76" y="50.18"/>
    <joint height="0.51" id="n659" inputs="1" outputs="1" width="1.0" x="50.81" y="18.18"/>
    <joint height="0.51" id="n320" inputs="0" outputs="1" width="1.0" x="176.76" y="0.4"/>
    <joint height="0.51" id="n816" inputs="1" outputs="0" width="1.0" x="21.5" y="7.52"/>
    <joint height="0.51" id="n312__OUT__0" inputs="0" outputs="1" width="1.0" x="34.72" y="64.4"/>
    <joint height="0.51" id="n312__OUT__1" inputs="0" outputs="1" width="1.0" x="136.31" y="3.96"/>
    <joint height="0.51" id="n300__IN__1" inputs="1" outputs="3" width="3.0" x="11.5" y="7.52"/>
    <joint height="0.51" id="n131__OUT__0" inputs="0" outputs="1" width="1.0" x="42.32" y="71.51"/>
    <joint height="0.51" id="n788" inputs="1" outputs="0" width="1.0" x="138.53" y="7.52"/>
    <joint height="0.51" id="n306" inputs="1" outputs="0" width="1.0" x="23.5" y="7.52"/>
    <joint height="0.51" id="n78__IN__0" inputs="1" outputs="1" width="1.0" x="46.32" y="71.51"/>
    <joint height="0.51" id="n783" inputs="1" outputs="0" width="1.0" x="100.53" y="7.52"/>
    <joint height="0.51" id="n701" inputs="1" outputs="1" width="1.0" x="136.53" y="7.52"/>
    <joint height="0.51" id="n700" inputs="1" outputs="1" width="1.0" x="134.53" y="7.52"/>
    <joint height="0.51" id="n703" inputs="2" outputs="1" width="2.0" x="193.43" y="3.96"/>
    <joint height="0.51" id="n702" inputs="1" outputs="1" width="1.0" x="90.19" y="3.96"/>
    <joint height="0.51" id="n705" inputs="1" outputs="1" width="1.0" x="197.93" y="3.96"/>
    <joint height="0.51" id="n704" inputs="1" outputs="2" width="2.0" x="188.43" y="3.96"/>
    <joint height="0.51" id="n707" inputs="1" outputs="1" width="1.0" x="92.19" y="3.96"/>
    <joint height="0.51" id="n706" inputs="1" outputs="1" width="1.0" x="193.14" y="7.52"/>
    <joint height="0.51" id="n730__IN__0" inputs="1" outputs="1" width="1.0" x="49.44" y="50.18"/>
    <joint height="0.51" id="n727" inputs="0" outputs="1" width="1.0" x="63.68" y="3.96"/>
    <joint height="0.51" id="n259" inputs="0" outputs="1" width="1.0" x="135.57" y="0.4"/>
    <joint height="0.51" id="n302" inputs="0" outputs="1" width="1.0" x="15.67" y="3.96"/>
    <joint height="0.51" id="n308__OUT__0" inputs="0" outputs="1" width="1.0" x="51.6" y="35.96"/>
    <joint height="0.51" id="n726" inputs="2" outputs="1" width="2.0" x="68.03" y="7.52"/>
    <joint height="0.51" id="n662" inputs="1" outputs="2" width="2.0" x="20.17" y="3.96"/>
    <joint height="0.51" id="n663" inputs="1" outputs="1" width="1.0" x="53.28" y="32.4"/>
    <joint height="0.51" id="n660" inputs="1" outputs="1" width="1.0" x="2.5" y="7.52"/>
    <joint height="0.51" id="n319" inputs="1" outputs="1" width="1.0" x="185.93" y="3.96"/>
    <joint height="0.51" id="n666" inputs="1" outputs="1" width="1.0" x="125.53" y="7.52"/>
    <joint height="0.51" id="n665" inputs="1" outputs="1" width="1.0" x="51.83" y="46.63"/>
    <joint height="0.51" id="n668" inputs="1" outputs="1" width="1.0" x="36.69" y="60.85"/>
    <joint height="0.51" id="n885" inputs="1" outputs="0" width="1.0" x="117.89" y="3.96"/>
    <joint height="0.51" id="n314" inputs="1" outputs="1" width="1.0" x="40.15" y="67.96"/>
    <joint height="0.51" id="n315" inputs="1" outputs="0" width="1.0" x="140.53" y="7.52"/>
    <joint height="0.51" id="n75" inputs="1" outputs="1" width="1.0" x="42.94" y="82.18"/>
    <joint height="0.51" id="n76" inputs="0" outputs="1" width="1.0" x="160.35" y="3.96"/>
    <joint height="0.51" id="n71" inputs="1" outputs="1" width="1.0" x="145.31" y="3.96"/>
    <joint height="0.51" id="n72" inputs="1" outputs="1" width="1.0" x="153.28" y="7.52"/>
    <joint height="0.51" id="n311" inputs="0" outputs="1" width="1.0" x="134.31" y="3.96"/>
    <joint height="0.51" id="n79" inputs="1" outputs="1" width="1.0" x="46.17" y="67.96"/>
    <joint height="0.51" id="n672__IN__1" inputs="1" outputs="1" width="1.0" x="141.31" y="3.96"/>
    <joint height="0.51" id="n672__IN__0" inputs="1" outputs="1" width="1.0" x="36.72" y="64.4"/>
    <joint height="0.51" id="n260" inputs="1" outputs="1" width="1.0" x="130.31" y="3.96"/>
    <joint height="0.51" id="n862" inputs="1" outputs="0" width="1.0" x="149.28" y="7.52"/>
    <joint height="0.51" id="n575" inputs="2" outputs="1" width="2.0" x="65.03" y="7.52"/>
    <joint height="0.51" id="n714__IN__0" inputs="1" outputs="1" width="1.0" x="46.71" y="92.85"/>
    <joint height="0.51" id="n305" inputs="1" outputs="1" width="1.0" x="50.44" y="25.29"/>
    <joint height="0.51" id="n307" inputs="1" outputs="1" width="1.0" x="127.53" y="7.52"/>
    <joint height="0.51" id="n300__IN__0" inputs="1" outputs="3" width="3.0" x="53.29" y="14.63"/>
    <joint height="0.51" id="n301" inputs="1" outputs="1" width="1.0" x="53.56" y="11.07"/>
    <joint height="0.51" id="n133" inputs="1" outputs="1" width="1.0" x="42.29" y="75.07"/>
    <joint height="0.51" id="n801" inputs="1" outputs="0" width="1.0" x="113.53" y="7.52"/>
    <joint height="0.51" id="n576" inputs="0" outputs="1" width="1.0" x="61.68" y="3.96"/>
    <joint height="0.51" id="n655__IN__0" inputs="1" outputs="1" width="1.0" x="32.72" y="64.4"/>
    <joint height="0.51" id="n655__IN__1" inputs="1" outputs="1" width="1.0" x="115.89" y="3.96"/>
    <joint height="0.51" id="n667__IN__0" inputs="1" outputs="1" width="1.0" x="51.5" y="50.18"/>
    <joint height="0.51" id="n679" inputs="1" outputs="1" width="1.0" x="38.69" y="60.85"/>
    <joint height="0.51" id="n309__IN__1" inputs="1" outputs="2" width="2.0" x="132.03" y="7.52"/>
    <joint height="0.51" id="n674" inputs="1" outputs="1" width="1.0" x="44.29" y="75.07"/>
    <joint height="0.51" id="n677" inputs="1" outputs="1" width="1.0" x="147.28" y="7.52"/>
    <joint height="0.51" id="n676" inputs="1" outputs="1" width="1.0" x="36.69" y="89.29"/>
    <joint height="0.51" id="n671" inputs="1" outputs="1" width="1.0" x="132.31" y="3.96"/>
    <joint height="0.51" id="n661__IN__0" inputs="1" outputs="1" width="1.0" x="50.78" y="21.74"/>
    <joint height="0.51" id="n673" inputs="1" outputs="2" width="2.0" x="138.81" y="3.96"/>
    <joint height="0.51" id="n284" inputs="0" outputs="1" width="1.0" x="55.43" y="0.4"/>
    <joint height="0.51" id="n285" inputs="1" outputs="1" width="1.0" x="55.4" y="3.96"/>
    <joint height="0.51" id="n43__OUT__2" inputs="0" outputs="1" width="1.0" x="180.76" y="0.4"/>
    <joint height="0.51" id="n43__OUT__3" inputs="0" outputs="1" width="1.0" x="19.08" y="0.4"/>
    <joint height="0.51" id="n43__OUT__0" inputs="0" outputs="1" width="1.0" x="46.82" y="43.07"/>
    <joint height="0.51" id="n43__OUT__1" inputs="0" outputs="1" width="1.0" x="112.31" y="0.4"/>
    <joint height="0.51" id="n45" inputs="1" outputs="1" width="1.0" x="46.79" y="46.63"/>
    <joint height="0.51" id="n46" inputs="1" outputs="1" width="1.0" x="106.89" y="3.96"/>
    <joint height="0.51" id="n877" inputs="1" outputs="0" width="1.0" x="80.22" y="3.96"/>
    <joint height="0.51" id="n681" inputs="1" outputs="1" width="1.0" x="85.53" y="7.52"/>
    <joint height="0.51" id="n682" inputs="1" outputs="1" width="1.0" x="166.35" y="3.96"/>
    <joint height="0.51" id="n250" inputs="1" outputs="0" width="1.0" x="121.53" y="7.52"/>
    <joint height="0.51" id="n684" inputs="1" outputs="2" width="2.0" x="168.85" y="3.96"/>
    <joint height="0.51" id="n685" inputs="1" outputs="1" width="1.0" x="46.47" y="75.07"/>
    <joint height="0.51" id="n687" inputs="1" outputs="1" width="1.0" x="40.69" y="60.85"/>
    <joint height="0.51" id="n688" inputs="2" outputs="1" width="2.0" x="88.03" y="7.52"/>
    <joint height="0.51" id="n689" inputs="1" outputs="1" width="1.0" x="90.53" y="7.52"/>
    <joint height="0.51" id="n690__IN__0" inputs="1" outputs="1" width="1.0" x="42.26" y="78.63"/>
    <joint height="0.51" id="n693" inputs="1" outputs="1" width="1.0" x="164.28" y="7.52"/>
    <joint height="0.51" id="n720" inputs="1" outputs="1" width="1.0" x="8.5" y="7.52"/>
    <joint height="0.51" id="n167" inputs="1" outputs="1" width="1.0" x="191.14" y="7.52"/>
    <joint height="0.51" id="n166" inputs="0" outputs="1" width="1.0" x="190.93" y="3.96"/>
    <joint height="0.51" id="n169" inputs="1" outputs="1" width="1.0" x="164.35" y="3.96"/>
    <joint height="0.51" id="n661__IN__1" inputs="1" outputs="1" width="1.0" x="22.67" y="3.96"/>
    <joint height="0.51" id="n691" inputs="1" outputs="1" width="1.0" x="40.68" y="89.29"/>
    <joint height="0.51" id="n245" inputs="1" outputs="1" width="1.0" x="44.57" y="53.74"/>
    <joint height="0.51" id="n670" inputs="1" outputs="1" width="1.0" x="80.53" y="7.52"/>
    <joint height="0.51" id="n709" inputs="0" outputs="1" width="1.0" x="195.93" y="3.96"/>
    <joint height="0.51" id="n721__IN__0" inputs="1" outputs="1" width="1.0" x="52.78" y="21.74"/>
    <joint height="0.51" id="n708" inputs="2" outputs="1" width="2.0" x="195.64" y="7.52"/>
    <joint height="0.51" id="n686__IN__0" inputs="1" outputs="1" width="1.0" x="50.78" y="78.63"/>
    <joint height="0.51" id="n132__IN__0" inputs="1" outputs="0" width="1.0" x="54.78" y="21.74"/>
    <joint height="0.51" id="n298" inputs="1" outputs="1" width="1.0" x="4.5" y="7.52"/>
    <joint height="0.51" id="n842" inputs="1" outputs="0" width="1.0" x="143.31" y="3.96"/>
    <joint height="0.51" id="n658__IN__0" inputs="1" outputs="1" width="1.0" x="55.22" y="7.52"/>
    <joint height="0.51" id="n840" inputs="1" outputs="0" width="1.0" x="151.28" y="7.52"/>
    <joint height="0.51" id="n841" inputs="1" outputs="0" width="1.0" x="173.35" y="3.96"/>
    <joint height="0.51" id="n697" inputs="1" outputs="1" width="1.0" x="169.28" y="7.52"/>
    <joint height="0.51" id="n696" inputs="2" outputs="1" width="2.0" x="166.78" y="7.52"/>
    <joint height="0.51" id="n695" inputs="1" outputs="1" width="1.0" x="42.68" y="89.29"/>
    <joint height="0.51" id="n845" inputs="1" outputs="0" width="1.0" x="175.35" y="3.96"/>
    <joint height="0.51" id="n118__IN__0" inputs="1" outputs="0" width="1.0" x="42.72" y="64.4"/>
    <joint height="0.51" id="n699" inputs="1" outputs="1" width="1.0" x="54.39" y="46.63"/>
    <joint height="0.51" id="n849" inputs="1" outputs="0" width="1.0" x="94.19" y="3.96"/>
    <joint height="0.51" id="n683__IN__1" inputs="1" outputs="1" width="1.0" x="171.35" y="3.96"/>
    <joint height="0.51" id="n683__IN__0" inputs="1" outputs="1" width="1.0" x="38.72" y="64.4"/>
    <joint height="0.51" id="n118__IN__1" inputs="1" outputs="0" width="1.0" x="73.53" y="7.52"/>
    <joint height="0.51" id="n778" inputs="1" outputs="0" width="1.0" x="119.53" y="7.52"/>
    <joint height="0.51" id="n318" inputs="0" outputs="1" width="1.0" x="187.72" y="0.4"/>
    <joint height="0.51" id="n119" inputs="1" outputs="1" width="1.0" x="49.47" y="46.63"/>
    <joint height="0.51" id="n303__OUT__0" inputs="0" outputs="1" width="1.0" x="48.78" y="21.74"/>
    <joint height="0.51" id="n303__OUT__1" inputs="0" outputs="1" width="1.0" x="17.67" y="3.96"/>
    <joint height="0.51" id="n734__IN__0" inputs="1" outputs="1" width="1.0" x="44.72" y="64.4"/>
    <joint height="0.51" id="n313__IN__0" inputs="1" outputs="1" width="1.0" x="44.32" y="71.51"/>
    <joint height="0.51" id="n692" inputs="1" outputs="1" width="1.0" x="157.28" y="7.52"/>
    <joint height="0.51" id="n857" inputs="1" outputs="0" width="1.0" x="198.14" y="7.52"/>
    <joint height="0.51" id="n310" inputs="1" outputs="1" width="1.0" x="52.93" y="39.52"/>
    <joint height="0.51" id="n853" inputs="1" outputs="0" width="1.0" x="24.67" y="3.96"/>
    <joint height="0.51" id="n852" inputs="1" outputs="0" width="1.0" x="199.93" y="3.96"/>
    <joint height="0.51" id="n680" inputs="2" outputs="1" width="2.0" x="83.03" y="7.52"/>
    <joint height="0.51" id="n669" inputs="2" outputs="1" width="2.0" x="78.03" y="7.52"/>
    <joint height="0.51" id="n698__IN__0" inputs="1" outputs="1" width="1.0" x="53.79" y="92.85"/>
    <joint height="0.51" id="n675__IN__0" inputs="1" outputs="1" width="1.0" x="44.26" y="78.63"/>
    <joint height="0.51" id="n694__IN__0" inputs="1" outputs="1" width="1.0" x="41.67" y="92.85"/>
    <joint height="0.51" id="n304__IN__0" inputs="1" outputs="1" width="1.0" x="52.72" y="28.85"/>
    <joint height="0.51" id="n299__OUT__0" inputs="0" outputs="1" width="1.0" x="53.22" y="7.52"/>
    <joint height="0.51" id="n678__IN__0" inputs="1" outputs="1" width="1.0" x="31.69" y="92.85"/>
    <joint height="0.51" id="n309__IN__0" inputs="1" outputs="2" width="2.0" x="52.9" y="43.07"/>
    <line id="e21__IN__">
      <fromjoint id="n43__OUT__0" port="0"/>
      <tobox id="Connection17" port="0"/>
    <point x="46.81" y="43.33"/><point x="46.81" y="44.33"/></line>
    <line id="e21__OUT__">
      <frombox id="Connection17" port="0"/>
      <tojoint id="n45" port="0"/>
    <point x="46.81" y="45.36"/><point x="46.79" y="46.36"/></line>
    <line id="e22__IN__">
      <fromjoint id="n43__OUT__1" port="0"/>
      <tobox id="Connection0" port="0"/>
    <point x="112.29" y="0.67"/><point x="112.29" y="1.67"/></line>
    <line id="e22__OUT__">
      <frombox id="Connection0" port="0"/>
      <tojoint id="n46" port="0"/>
    <point x="112.29" y="2.7"/><point x="106.89" y="3.7"/></line>
    <line id="e61__IN__">
      <fromjoint id="n43__OUT__2" port="0"/>
      <tobox id="Connection1" port="0"/>
    <point x="180.75" y="0.67"/><point x="181.86" y="1.67"/></line>
    <line id="e61__OUT__">
      <frombox id="Connection1" port="0"/>
      <tojoint id="n126" port="0"/>
    <point x="181.86" y="2.7"/><point x="182.76" y="0.14"/></line>
    <line id="e82__IN__">
      <fromjoint id="n168" port="0"/>
      <tobox id="Connection2" port="0"/>
    <point x="165.63" y="0.67"/><point x="165.63" y="1.67"/></line>
    <line id="e82__OUT__">
      <frombox id="Connection2" port="0"/>
      <tojoint id="n169" port="0"/>
    <point x="165.63" y="2.7"/><point x="164.35" y="3.7"/></line>
    <line id="e114__IN__">
      <fromjoint id="n229" port="0"/>
      <tobox id="Connection3" port="0"/>
    <point x="78.24" y="0.67"/><point x="78.24" y="1.67"/></line>
    <line id="e114__OUT__">
      <frombox id="Connection3" port="0"/>
      <tojoint id="n230" port="0"/>
    <point x="78.24" y="2.7"/><point x="78.22" y="3.7"/></line>
    <line id="e119__IN__">
      <fromjoint id="n43__OUT__3" port="0"/>
      <tobox id="Connection4" port="0"/>
    <point x="19.07" y="0.67"/><point x="19.07" y="1.67"/></line>
    <line id="e119__OUT__">
      <frombox id="Connection4" port="0"/>
      <tojoint id="n239" port="0"/>
    <point x="19.07" y="2.7"/><point x="13.67" y="3.7"/></line>
    <line id="e130__IN__">
      <fromjoint id="n259" port="0"/>
      <tobox id="Connection5" port="0"/>
    <point x="135.56" y="0.67"/><point x="135.56" y="1.67"/></line>
    <line id="e130__OUT__">
      <frombox id="Connection5" port="0"/>
      <tojoint id="n260" port="0"/>
    <point x="135.56" y="2.7"/><point x="130.31" y="3.7"/></line>
    <line id="e163__IN__">
      <fromjoint id="n320" port="0"/>
      <tobox id="Connection6" port="0"/>
    <point x="176.75" y="0.67"/><point x="174.78" y="1.67"/></line>
    <line id="e163__OUT__">
      <frombox id="Connection6" port="0"/>
      <tojoint id="n321" port="0"/>
    <point x="174.78" y="2.7"/><point x="174.76" y="0.14"/></line>
    <line id="e541__IN__">
      <fromjoint id="n126" port="0"/>
      <tobox id="Connection1" port="1"/>
    <point x="182.75" y="0.67"/><point x="182.49" y="1.67"/></line>
    <line id="e541__OUT__">
      <frombox id="Connection1" port="1"/>
      <tojoint id="n650" port="1"/>
    <point x="182.49" y="2.7"/><point x="181.71" y="3.7"/></line>
    <line id="e542__IN__">
      <fromjoint id="n651" port="0"/>
      <tobox id="Connection26" port="0"/>
    <point x="178.75" y="0.67"/><point x="179.0" y="1.67"/></line>
    <line id="e542__OUT__">
      <frombox id="Connection26" port="0"/>
      <tojoint id="n650" port="0"/>
    <point x="179.0" y="2.7"/><point x="181.15" y="3.7"/></line>
    <line id="e543__IN__">
      <fromjoint id="n45" port="0"/>
      <tobox id="Connection27" port="0"/>
    <point x="46.78" y="46.89"/><point x="46.78" y="47.89"/></line>
    <line id="e543__OUT__">
      <frombox id="Connection27" port="0"/>
      <tojoint id="n652__IN__0" port="0"/>
    <point x="46.78" y="48.92"/><point x="46.76" y="49.92"/></line>
    <line id="e544__IN__">
      <fromjoint id="n244__IN__0" port="0"/>
      <tobox id="Connection28" port="0"/>
    <point x="38.86" y="57.56"/><point x="34.22" y="58.56"/></line>
    <line id="e544__OUT__">
      <frombox id="Connection28" port="0"/>
      <tojoint id="n653" port="0"/>
    <point x="34.22" y="59.58"/><point x="33.74" y="60.58"/></line>
    <line id="e545__IN__">
      <fromjoint id="n244__IN__1" port="0"/>
      <tobox id="Connection7" port="0"/>
    <point x="93.08" y="7.78"/><point x="89.36" y="5.22"/></line>
    <line id="e545__OUT__">
      <frombox id="Connection7" port="0"/>
      <tojoint id="n654" port="0"/>
    <point x="89.36" y="6.25"/><point x="75.53" y="7.25"/></line>
    <line id="e546__IN__">
      <fromjoint id="n653" port="0"/>
      <tobox id="Connection30" port="0"/>
    <point x="33.72" y="61.11"/><point x="33.22" y="62.11"/></line>
    <line id="e546__OUT__">
      <frombox id="Connection30" port="0"/>
      <tojoint id="n655__IN__0" port="0"/>
    <point x="33.22" y="63.14"/><point x="32.72" y="64.14"/></line>
    <line id="e547__IN__">
      <fromjoint id="n46" port="0"/>
      <tobox id="Connection0" port="1"/>
    <point x="106.88" y="4.22"/><point x="112.99" y="1.67"/></line>
    <line id="e547__OUT__">
      <frombox id="Connection0" port="1"/>
      <tojoint id="n656" port="0"/>
    <point x="112.99" y="2.7"/><point x="113.39" y="3.7"/></line>
    <line id="e548__IN__">
      <fromjoint id="n656" port="1"/>
      <tobox id="Connection0" port="2"/>
    <point x="113.68" y="4.22"/><point x="113.68" y="1.67"/></line>
    <line id="e548__OUT__">
      <frombox id="Connection0" port="2"/>
      <tojoint id="n655__IN__1" port="0"/>
    <point x="113.68" y="2.7"/><point x="115.89" y="3.7"/></line>
    <line id="e549__IN__">
      <fromjoint id="n248__IN__0" port="0"/>
      <tobox id="Connection33" port="0"/>
    <point x="31.1" y="0.67"/><point x="35.53" y="1.67"/></line>
    <line id="e549__OUT__">
      <frombox id="Connection33" port="0"/>
      <tojoint id="n657" port="0"/>
    <point x="35.53" y="2.7"/><point x="40.18" y="3.7"/></line>
    <line id="e550__IN__">
      <fromjoint id="n657" port="0"/>
      <tobox id="Connection34" port="0"/>
    <point x="40.17" y="4.22"/><point x="49.92" y="5.22"/></line>
    <line id="e550__OUT__">
      <frombox id="Connection34" port="0"/>
      <tojoint id="n658__IN__0" port="0"/>
    <point x="49.92" y="6.25"/><point x="55.22" y="7.25"/></line>
    <line id="e551__IN__">
      <fromjoint id="n300__IN__0" port="0"/>
      <tobox id="Connection35" port="0"/>
    <point x="52.63" y="14.89"/><point x="50.82" y="15.89"/></line>
    <line id="e551__OUT__">
      <frombox id="Connection35" port="0"/>
      <tojoint id="n659" port="0"/>
    <point x="50.82" y="16.92"/><point x="50.81" y="17.92"/></line>
    <line id="e552__IN__">
      <fromjoint id="n300__IN__1" port="0"/>
      <tobox id="Connection8" port="0"/>
    <point x="10.83" y="7.78"/><point x="8.06" y="5.22"/></line>
    <line id="e552__OUT__">
      <frombox id="Connection8" port="0"/>
      <tojoint id="n660" port="0"/>
    <point x="8.06" y="6.25"/><point x="2.5" y="7.25"/></line>
    <line id="e553__IN__">
      <fromjoint id="n659" port="0"/>
      <tobox id="Connection37" port="0"/>
    <point x="50.79" y="18.45"/><point x="50.79" y="19.45"/></line>
    <line id="e553__OUT__">
      <frombox id="Connection37" port="0"/>
      <tojoint id="n661__IN__0" port="0"/>
    <point x="50.79" y="20.47"/><point x="50.78" y="21.47"/></line>
    <line id="e554__IN__">
      <fromjoint id="n239" port="0"/>
      <tobox id="Connection4" port="1"/>
    <point x="13.65" y="4.22"/><point x="19.76" y="1.67"/></line>
    <line id="e554__OUT__">
      <frombox id="Connection4" port="1"/>
      <tojoint id="n662" port="0"/>
    <point x="19.76" y="2.7"/><point x="20.17" y="3.7"/></line>
    <line id="e555__IN__">
      <fromjoint id="n662" port="1"/>
      <tobox id="Connection4" port="2"/>
    <point x="20.46" y="4.22"/><point x="20.46" y="1.67"/></line>
    <line id="e555__OUT__">
      <frombox id="Connection4" port="2"/>
      <tojoint id="n661__IN__1" port="0"/>
    <point x="20.46" y="2.7"/><point x="22.67" y="3.7"/></line>
    <line id="e556__IN__">
      <fromjoint id="n304__IN__0" port="0"/>
      <tobox id="Connection40" port="0"/>
    <point x="52.71" y="29.11"/><point x="52.9" y="30.11"/></line>
    <line id="e556__OUT__">
      <frombox id="Connection40" port="0"/>
      <tojoint id="n663" port="0"/>
    <point x="52.9" y="31.14"/><point x="53.28" y="32.14"/></line>
    <line id="e557__IN__">
      <fromjoint id="n663" port="0"/>
      <tobox id="Connection41" port="0"/>
    <point x="53.26" y="32.67"/><point x="53.36" y="33.67"/></line>
    <line id="e557__OUT__">
      <frombox id="Connection41" port="0"/>
      <tojoint id="n664__IN__0" port="0"/>
    <point x="53.36" y="34.7"/><point x="53.6" y="35.7"/></line>
    <line id="e558__IN__">
      <fromjoint id="n309__IN__0" port="0"/>
      <tobox id="Connection42" port="0"/>
    <point x="52.61" y="43.33"/><point x="52.13" y="44.33"/></line>
    <line id="e558__OUT__">
      <frombox id="Connection42" port="0"/>
      <tojoint id="n665" port="0"/>
    <point x="52.13" y="45.36"/><point x="51.83" y="46.36"/></line>
    <line id="e559__IN__">
      <fromjoint id="n309__IN__1" port="0"/>
      <tobox id="Connection9" port="0"/>
    <point x="131.74" y="7.78"/><point x="128.93" y="5.22"/></line>
    <line id="e559__OUT__">
      <frombox id="Connection9" port="0"/>
      <tojoint id="n666" port="0"/>
    <point x="128.93" y="6.25"/><point x="125.53" y="7.25"/></line>
    <line id="e560__IN__">
      <fromjoint id="n665" port="0"/>
      <tobox id="Connection44" port="0"/>
    <point x="51.82" y="46.89"/><point x="51.72" y="47.89"/></line>
    <line id="e560__OUT__">
      <frombox id="Connection44" port="0"/>
      <tojoint id="n667__IN__0" port="0"/>
    <point x="51.72" y="48.92"/><point x="51.5" y="49.92"/></line>
    <line id="e561__IN__">
      <fromjoint id="n244__IN__0" port="1"/>
      <tobox id="Connection45" port="0"/>
    <point x="39.67" y="57.56"/><point x="36.71" y="58.56"/></line>
    <line id="e561__OUT__">
      <frombox id="Connection45" port="0"/>
      <tojoint id="n668" port="0"/>
    <point x="36.71" y="59.58"/><point x="36.69" y="60.58"/></line>
    <line id="e562__IN__">
      <fromjoint id="n244__IN__1" port="1"/>
      <tobox id="Connection7" port="1"/>
    <point x="93.89" y="7.78"/><point x="90.24" y="5.22"/></line>
    <line id="e562__OUT__">
      <frombox id="Connection7" port="1"/>
      <tojoint id="n669" port="0"/>
    <point x="90.24" y="6.25"/><point x="77.75" y="7.25"/></line>
    <line id="e563__IN__">
      <fromjoint id="n654" port="0"/>
      <tobox id="Connection7" port="2"/>
    <point x="75.51" y="7.78"/><point x="91.11" y="5.22"/></line>
    <line id="e563__OUT__">
      <frombox id="Connection7" port="2"/>
      <tojoint id="n669" port="1"/>
    <point x="91.11" y="6.25"/><point x="78.31" y="7.25"/></line>
    <line id="e564__IN__">
      <fromjoint id="n669" port="0"/>
      <tobox id="Connection7" port="3"/>
    <point x="78.01" y="7.78"/><point x="92.0" y="5.22"/></line>
    <line id="e564__OUT__">
      <frombox id="Connection7" port="3"/>
      <tojoint id="n670" port="0"/>
    <point x="92.0" y="6.25"/><point x="80.53" y="7.25"/></line>
    <line id="e565__IN__">
      <fromjoint id="n260" port="0"/>
      <tobox id="Connection5" port="1"/>
    <point x="130.29" y="4.22"/><point x="136.29" y="1.67"/></line>
    <line id="e565__OUT__">
      <frombox id="Connection5" port="1"/>
      <tojoint id="n671" port="0"/>
    <point x="136.29" y="2.7"/><point x="132.31" y="3.7"/></line>
    <line id="e566__IN__">
      <fromjoint id="n668" port="0"/>
      <tobox id="Connection50" port="0"/>
    <point x="36.68" y="61.11"/><point x="36.68" y="62.11"/></line>
    <line id="e566__OUT__">
      <frombox id="Connection50" port="0"/>
      <tojoint id="n672__IN__0" port="0"/>
    <point x="36.68" y="63.14"/><point x="36.72" y="64.14"/></line>
    <line id="e567__IN__">
      <fromjoint id="n671" port="0"/>
      <tobox id="Connection5" port="2"/>
    <point x="132.29" y="4.22"/><point x="137.03" y="1.67"/></line>
    <line id="e567__OUT__">
      <frombox id="Connection5" port="2"/>
      <tojoint id="n673" port="0"/>
    <point x="137.03" y="2.7"/><point x="138.81" y="3.7"/></line>
    <line id="e568__IN__">
      <fromjoint id="n673" port="1"/>
      <tobox id="Connection5" port="3"/>
    <point x="139.1" y="4.22"/><point x="137.78" y="1.67"/></line>
    <line id="e568__OUT__">
      <frombox id="Connection5" port="3"/>
      <tojoint id="n672__IN__1" port="0"/>
    <point x="137.78" y="2.7"/><point x="141.31" y="3.7"/></line>
    <line id="e569__IN__">
      <fromjoint id="n313__IN__0" port="0"/>
      <tobox id="Connection53" port="0"/>
    <point x="44.31" y="71.78"/><point x="44.31" y="72.78"/></line>
    <line id="e569__OUT__">
      <frombox id="Connection53" port="0"/>
      <tojoint id="n674" port="0"/>
    <point x="44.31" y="73.81"/><point x="44.29" y="74.81"/></line>
    <line id="e570__IN__">
      <fromjoint id="n674" port="0"/>
      <tobox id="Connection54" port="0"/>
    <point x="44.28" y="75.33"/><point x="44.28" y="76.33"/></line>
    <line id="e570__OUT__">
      <frombox id="Connection54" port="0"/>
      <tojoint id="n675__IN__0" port="0"/>
    <point x="44.28" y="77.36"/><point x="44.26" y="78.36"/></line>
    <line id="e571__IN__">
      <fromjoint id="n74__IN__0" port="0"/>
      <tobox id="Connection55" port="0"/>
    <point x="41.25" y="86.0"/><point x="37.69" y="87.0"/></line>
    <line id="e571__OUT__">
      <frombox id="Connection55" port="0"/>
      <tojoint id="n676" port="0"/>
    <point x="37.69" y="88.03"/><point x="36.69" y="89.03"/></line>
    <line id="e572__IN__">
      <fromjoint id="n74__IN__1" port="0"/>
      <tobox id="Connection10" port="0"/>
    <point x="159.69" y="7.78"/><point x="157.35" y="5.22"/></line>
    <line id="e572__OUT__">
      <frombox id="Connection10" port="0"/>
      <tojoint id="n677" port="0"/>
    <point x="157.35" y="6.25"/><point x="147.28" y="7.25"/></line>
    <line id="e573__IN__">
      <fromjoint id="n676" port="0"/>
      <tobox id="Connection57" port="0"/>
    <point x="36.68" y="89.56"/><point x="34.69" y="90.56"/></line>
    <line id="e573__OUT__">
      <frombox id="Connection57" port="0"/>
      <tojoint id="n678__IN__0" port="0"/>
    <point x="34.69" y="91.58"/><point x="31.69" y="92.58"/></line>
    <line id="e574__IN__">
      <fromjoint id="n244__IN__0" port="2"/>
      <tobox id="Connection58" port="0"/>
    <point x="40.49" y="57.56"/><point x="38.71" y="58.56"/></line>
    <line id="e574__OUT__">
      <frombox id="Connection58" port="0"/>
      <tojoint id="n679" port="0"/>
    <point x="38.71" y="59.58"/><point x="38.69" y="60.58"/></line>
    <line id="e575__IN__">
      <fromjoint id="n244__IN__1" port="2"/>
      <tobox id="Connection7" port="4"/>
    <point x="94.71" y="7.78"/><point x="92.88" y="5.22"/></line>
    <line id="e575__OUT__">
      <frombox id="Connection7" port="4"/>
      <tojoint id="n680" port="0"/>
    <point x="92.88" y="6.25"/><point x="82.75" y="7.25"/></line>
    <line id="e576__IN__">
      <fromjoint id="n670" port="0"/>
      <tobox id="Connection7" port="5"/>
    <point x="80.51" y="7.78"/><point x="93.75" y="5.22"/></line>
    <line id="e576__OUT__">
      <frombox id="Connection7" port="5"/>
      <tojoint id="n680" port="1"/>
    <point x="93.75" y="6.25"/><point x="83.31" y="7.25"/></line>
    <line id="e577__IN__">
      <fromjoint id="n680" port="0"/>
      <tobox id="Connection7" port="6"/>
    <point x="83.01" y="7.78"/><point x="94.63" y="5.22"/></line>
    <line id="e577__OUT__">
      <frombox id="Connection7" port="6"/>
      <tojoint id="n681" port="0"/>
    <point x="94.63" y="6.25"/><point x="85.53" y="7.25"/></line>
    <line id="e578__IN__">
      <fromjoint id="n169" port="0"/>
      <tobox id="Connection2" port="1"/>
    <point x="164.33" y="4.22"/><point x="166.36" y="1.67"/></line>
    <line id="e578__OUT__">
      <frombox id="Connection2" port="1"/>
      <tojoint id="n682" port="0"/>
    <point x="166.36" y="2.7"/><point x="166.35" y="3.7"/></line>
    <line id="e579__IN__">
      <fromjoint id="n679" port="0"/>
      <tobox id="Connection63" port="0"/>
    <point x="38.68" y="61.11"/><point x="38.68" y="62.11"/></line>
    <line id="e579__OUT__">
      <frombox id="Connection63" port="0"/>
      <tojoint id="n683__IN__0" port="0"/>
    <point x="38.68" y="63.14"/><point x="38.72" y="64.14"/></line>
    <line id="e580__IN__">
      <fromjoint id="n682" port="0"/>
      <tobox id="Connection2" port="2"/>
    <point x="166.33" y="4.22"/><point x="167.1" y="1.67"/></line>
    <line id="e580__OUT__">
      <frombox id="Connection2" port="2"/>
      <tojoint id="n684" port="0"/>
    <point x="167.1" y="2.7"/><point x="168.85" y="3.7"/></line>
    <line id="e581__IN__">
      <fromjoint id="n684" port="1"/>
      <tobox id="Connection2" port="3"/>
    <point x="169.14" y="4.22"/><point x="167.85" y="1.67"/></line>
    <line id="e581__OUT__">
      <frombox id="Connection2" port="3"/>
      <tojoint id="n683__IN__1" port="0"/>
    <point x="167.85" y="2.7"/><point x="171.35" y="3.7"/></line>
    <line id="e582__IN__">
      <fromjoint id="n78__IN__0" port="0"/>
      <tobox id="Connection66" port="0"/>
    <point x="46.31" y="71.78"/><point x="46.49" y="72.78"/></line>
    <line id="e582__OUT__">
      <frombox id="Connection66" port="0"/>
      <tojoint id="n685" port="0"/>
    <point x="46.49" y="73.81"/><point x="46.47" y="74.81"/></line>
    <line id="e583__IN__">
      <fromjoint id="n685" port="0"/>
      <tobox id="Connection67" port="0"/>
    <point x="46.46" y="75.33"/><point x="46.56" y="76.33"/></line>
    <line id="e583__OUT__">
      <frombox id="Connection67" port="0"/>
      <tojoint id="n686__IN__0" port="0"/>
    <point x="46.56" y="77.36"/><point x="50.78" y="78.36"/></line>
    <line id="e584__IN__">
      <fromjoint id="n244__IN__0" port="3"/>
      <tobox id="Connection68" port="0"/>
    <point x="41.29" y="57.56"/><point x="40.71" y="58.56"/></line>
    <line id="e584__OUT__">
      <frombox id="Connection68" port="0"/>
      <tojoint id="n687" port="0"/>
    <point x="40.71" y="59.58"/><point x="40.69" y="60.58"/></line>
    <line id="e585__IN__">
      <fromjoint id="n244__IN__1" port="3"/>
      <tobox id="Connection7" port="7"/>
    <point x="95.51" y="7.78"/><point x="95.51" y="5.22"/></line>
    <line id="e585__OUT__">
      <frombox id="Connection7" port="7"/>
      <tojoint id="n688" port="0"/>
    <point x="95.51" y="6.25"/><point x="87.75" y="7.25"/></line>
    <line id="e586__IN__">
      <fromjoint id="n681" port="0"/>
      <tobox id="Connection7" port="8"/>
    <point x="85.51" y="7.78"/><point x="96.39" y="5.22"/></line>
    <line id="e586__OUT__">
      <frombox id="Connection7" port="8"/>
      <tojoint id="n688" port="1"/>
    <point x="96.39" y="6.25"/><point x="88.31" y="7.25"/></line>
    <line id="e587__IN__">
      <fromjoint id="n688" port="0"/>
      <tobox id="Connection7" port="9"/>
    <point x="88.01" y="7.78"/><point x="97.26" y="5.22"/></line>
    <line id="e587__OUT__">
      <frombox id="Connection7" port="9"/>
      <tojoint id="n689" port="0"/>
    <point x="97.26" y="6.25"/><point x="90.53" y="7.25"/></line>
    <line id="e693__IN__">
      <fromjoint id="n689" port="0"/>
      <tobox id="Connection7" port="10"/>
    <point x="90.51" y="7.78"/><point x="98.19" y="5.22"/></line>
    <line id="e693__OUT__">
      <frombox id="Connection7" port="10"/>
      <tojoint id="n783" port="0"/>
    <point x="98.19" y="6.25"/><point x="100.53" y="7.25"/></line>
    <line id="e701__IN__">
      <fromjoint id="n650" port="0"/>
      <tobox id="Connection1" port="2"/>
    <point x="181.42" y="4.22"/><point x="183.13" y="1.67"/></line>
    <line id="e701__OUT__">
      <frombox id="Connection1" port="2"/>
      <tojoint id="n791" port="0"/>
    <point x="183.13" y="2.7"/><point x="183.93" y="3.7"/></line>
    <line id="e738__IN__">
      <fromjoint id="n660" port="0"/>
      <tobox id="Connection8" port="1"/>
    <point x="2.49" y="7.78"/><point x="8.92" y="5.22"/></line>
    <line id="e738__OUT__">
      <frombox id="Connection8" port="1"/>
      <tojoint id="n828" port="0"/>
    <point x="8.92" y="6.25"/><point x="0.5" y="7.25"/></line>
    <line id="e741__IN__">
      <fromjoint id="n666" port="0"/>
      <tobox id="Connection9" port="1"/>
    <point x="125.51" y="7.78"/><point x="129.78" y="5.22"/></line>
    <line id="e741__OUT__">
      <frombox id="Connection9" port="1"/>
      <tojoint id="n831" port="0"/>
    <point x="129.78" y="6.25"/><point x="123.53" y="7.25"/></line>
    <line id="e751__IN__">
      <fromjoint id="n684" port="0"/>
      <tobox id="Connection2" port="4"/>
    <point x="168.56" y="4.22"/><point x="168.58" y="1.67"/></line>
    <line id="e751__OUT__">
      <frombox id="Connection2" port="4"/>
      <tojoint id="n841" port="0"/>
    <point x="168.58" y="2.7"/><point x="173.35" y="3.7"/></line>
    <line id="e752__IN__">
      <fromjoint id="n673" port="0"/>
      <tobox id="Connection5" port="4"/>
    <point x="138.51" y="4.22"/><point x="138.51" y="1.67"/></line>
    <line id="e752__OUT__">
      <frombox id="Connection5" port="4"/>
      <tojoint id="n842" port="0"/>
    <point x="138.51" y="2.7"/><point x="143.31" y="3.7"/></line>
    <line id="e755__IN__">
      <fromjoint id="n321" port="0"/>
      <tobox id="Connection6" port="1"/>
    <point x="174.75" y="0.67"/><point x="175.33" y="1.67"/></line>
    <line id="e755__OUT__">
      <frombox id="Connection6" port="1"/>
      <tojoint id="n845" port="0"/>
    <point x="175.33" y="2.7"/><point x="175.35" y="3.7"/></line>
    <line id="e763__IN__">
      <fromjoint id="n662" port="0"/>
      <tobox id="Connection4" port="3"/>
    <point x="19.88" y="4.22"/><point x="21.15" y="1.67"/></line>
    <line id="e763__OUT__">
      <frombox id="Connection4" port="3"/>
      <tojoint id="n853" port="0"/>
    <point x="21.15" y="2.7"/><point x="24.67" y="3.7"/></line>
    <line id="e772__IN__">
      <fromjoint id="n677" port="0"/>
      <tobox id="Connection10" port="1"/>
    <point x="147.26" y="7.78"/><point x="158.21" y="5.22"/></line>
    <line id="e772__OUT__">
      <frombox id="Connection10" port="1"/>
      <tojoint id="n862" port="0"/>
    <point x="158.21" y="6.25"/><point x="149.28" y="7.25"/></line>
    <line id="e787__IN__">
      <fromjoint id="n230" port="0"/>
      <tobox id="Connection3" port="1"/>
    <point x="78.21" y="4.22"/><point x="78.79" y="1.67"/></line>
    <line id="e787__OUT__">
      <frombox id="Connection3" port="1"/>
      <tojoint id="n877" port="0"/>
    <point x="78.79" y="2.7"/><point x="80.22" y="3.7"/></line>
    <line id="e795__IN__">
      <fromjoint id="n656" port="0"/>
      <tobox id="Connection0" port="3"/>
    <point x="113.1" y="4.22"/><point x="114.38" y="1.67"/></line>
    <line id="e795__OUT__">
      <frombox id="Connection0" port="3"/>
      <tojoint id="n885" port="0"/>
    <point x="114.38" y="2.7"/><point x="117.89" y="3.7"/></line>
    <line id="e829__IN__">
      <fromjoint id="n687" port="0"/>
      <tobox id="Connection83" port="0"/>
    <point x="40.68" y="61.11"/><point x="40.68" y="62.11"/></line>
    <line id="e829__OUT__">
      <frombox id="Connection83" port="0"/>
      <tojoint id="n44__IN__0" port="0"/>
    <point x="40.68" y="63.14"/><point x="40.72" y="64.14"/></line>
    <line id="e33__IN__">
      <fromjoint id="n69__OUT__0" port="0"/>
      <tobox id="Connection84" port="0"/>
    <point x="145.32" y="0.67"/><point x="145.32" y="1.67"/></line>
    <line id="e33__OUT__">
      <frombox id="Connection84" port="0"/>
      <tojoint id="n71" port="0"/>
    <point x="145.32" y="2.7"/><point x="145.31" y="3.7"/></line>
    <line id="e34__IN__">
      <fromjoint id="n69__OUT__1" port="0"/>
      <tobox id="Connection10" port="2"/>
    <point x="158.33" y="4.22"/><point x="159.08" y="5.22"/></line>
    <line id="e34__OUT__">
      <frombox id="Connection10" port="2"/>
      <tojoint id="n72" port="0"/>
    <point x="159.08" y="6.25"/><point x="153.28" y="7.25"/></line>
    <line id="e121__IN__">
      <fromjoint id="n69__OUT__2" port="0"/>
      <tobox id="Connection7" port="11"/>
    <point x="99.17" y="4.22"/><point x="99.17" y="5.22"/></line>
    <line id="e121__OUT__">
      <frombox id="Connection7" port="11"/>
      <tojoint id="n242" port="0"/>
    <point x="99.17" y="6.25"/><point x="102.53" y="7.25"/></line>
    <line id="e151__IN__">
      <fromjoint id="n69__OUT__3" port="0"/>
      <tobox id="Connection8" port="2"/>
    <point x="9.78" y="4.22"/><point x="9.78" y="5.22"/></line>
    <line id="e151__OUT__">
      <frombox id="Connection8" port="2"/>
      <tojoint id="n298" port="0"/>
    <point x="9.78" y="6.25"/><point x="4.5" y="7.25"/></line>
    <line id="e156__IN__">
      <fromjoint id="n69__OUT__4" port="0"/>
      <tobox id="Connection9" port="2"/>
    <point x="128.29" y="4.22"/><point x="130.63" y="5.22"/></line>
    <line id="e156__OUT__">
      <frombox id="Connection9" port="2"/>
      <tojoint id="n307" port="0"/>
    <point x="130.63" y="6.25"/><point x="127.53" y="7.25"/></line>
    <line id="e700__IN__">
      <fromjoint id="n307" port="0"/>
      <tobox id="Connection9" port="3"/>
    <point x="127.51" y="7.78"/><point x="131.47" y="5.22"/></line>
    <line id="e700__OUT__">
      <frombox id="Connection9" port="3"/>
      <tojoint id="n790" port="0"/>
    <point x="131.47" y="6.25"/><point x="129.53" y="7.25"/></line>
    <line id="e713__IN__">
      <fromjoint id="n242" port="0"/>
      <tobox id="Connection7" port="12"/>
    <point x="102.51" y="7.78"/><point x="100.14" y="5.22"/></line>
    <line id="e713__OUT__">
      <frombox id="Connection7" port="12"/>
      <tojoint id="n803" port="0"/>
    <point x="100.14" y="6.25"/><point x="104.53" y="7.25"/></line>
    <line id="e715__IN__">
      <fromjoint id="n298" port="0"/>
      <tobox id="Connection8" port="3"/>
    <point x="4.49" y="7.78"/><point x="10.64" y="5.22"/></line>
    <line id="e715__OUT__">
      <frombox id="Connection8" port="3"/>
      <tojoint id="n805" port="0"/>
    <point x="10.64" y="6.25"/><point x="6.5" y="7.25"/></line>
    <line id="e750__IN__">
      <fromjoint id="n72" port="0"/>
      <tobox id="Connection10" port="3"/>
    <point x="153.26" y="7.78"/><point x="159.94" y="5.22"/></line>
    <line id="e750__OUT__">
      <frombox id="Connection10" port="3"/>
      <tojoint id="n840" port="0"/>
    <point x="159.94" y="6.25"/><point x="151.28" y="7.25"/></line>
    <line id="e814__IN__">
      <fromjoint id="n71" port="0"/>
      <tobox id="Connection93" port="0"/>
    <point x="145.29" y="4.22"/><point x="145.29" y="5.22"/></line>
    <line id="e814__OUT__">
      <frombox id="Connection93" port="0"/>
      <tojoint id="n70__IN__0" port="0"/>
    <point x="145.29" y="6.25"/><point x="145.28" y="7.25"/></line>
    <line id="e35__IN__">
      <fromjoint id="n73__OUT__0" port="0"/>
      <tobox id="Connection94" port="0"/>
    <point x="40.25" y="78.89"/><point x="43.18" y="79.89"/></line>
    <line id="e35__OUT__">
      <frombox id="Connection94" port="0"/>
      <tojoint id="n75" port="0"/>
    <point x="43.18" y="80.92"/><point x="42.94" y="81.92"/></line>
    <line id="e36__IN__">
      <fromjoint id="n76" port="0"/>
      <tobox id="Connection10" port="4"/>
    <point x="160.33" y="4.22"/><point x="160.81" y="5.22"/></line>
    <line id="e36__OUT__">
      <frombox id="Connection10" port="4"/>
      <tojoint id="n74__IN__1" port="0"/>
    <point x="160.81" y="6.25"/><point x="160.78" y="7.25"/></line>
    <line id="e820__IN__">
      <fromjoint id="n75" port="0"/>
      <tobox id="Connection96" port="0"/>
    <point x="42.93" y="82.45"/><point x="42.74" y="83.45"/></line>
    <line id="e820__OUT__">
      <frombox id="Connection96" port="0"/>
      <tojoint id="n74__IN__0" port="0"/>
    <point x="42.74" y="84.47"/><point x="42.33" y="85.47"/></line>
    <line id="e37__IN__">
      <fromjoint id="n77__OUT__0" port="0"/>
      <tobox id="Connection97" port="0"/>
    <point x="46.71" y="64.67"/><point x="45.94" y="65.67"/></line>
    <line id="e37__OUT__">
      <frombox id="Connection97" port="0"/>
      <tojoint id="n79" port="0"/>
    <point x="45.94" y="66.7"/><point x="46.17" y="67.7"/></line>
    <line id="e38__IN__">
      <fromjoint id="n77__OUT__1" port="0"/>
      <tobox id="Connection10" port="5"/>
    <point x="162.33" y="4.22"/><point x="161.68" y="5.22"/></line>
    <line id="e38__OUT__">
      <frombox id="Connection10" port="5"/>
      <tojoint id="n80" port="0"/>
    <point x="161.68" y="6.25"/><point x="155.28" y="7.25"/></line>
    <line id="e834__IN__">
      <fromjoint id="n79" port="0"/>
      <tobox id="Connection99" port="0"/>
    <point x="46.15" y="68.22"/><point x="46.22" y="69.22"/></line>
    <line id="e834__OUT__">
      <frombox id="Connection99" port="0"/>
      <tojoint id="n78__IN__0" port="0"/>
    <point x="46.22" y="70.25"/><point x="46.32" y="71.25"/></line>
    <line id="e57__IN__">
      <fromjoint id="n117__OUT__0" port="0"/>
      <tobox id="Connection100" port="0"/>
    <point x="49.49" y="43.33"/><point x="49.49" y="44.33"/></line>
    <line id="e57__OUT__">
      <frombox id="Connection100" port="0"/>
      <tojoint id="n119" port="0"/>
    <point x="49.49" y="45.36"/><point x="49.47" y="46.36"/></line>
    <line id="e58__IN__">
      <fromjoint id="n120" port="0"/>
      <tobox id="Connection11" port="0"/>
    <point x="66.24" y="4.22"/><point x="66.24" y="5.22"/></line>
    <line id="e58__OUT__">
      <frombox id="Connection11" port="0"/>
      <tojoint id="n121" port="0"/>
    <point x="66.24" y="6.25"/><point x="62.53" y="7.25"/></line>
    <line id="e456__IN__">
      <fromjoint id="n121" port="0"/>
      <tobox id="Connection11" port="1"/>
    <point x="62.51" y="7.78"/><point x="67.0" y="5.22"/></line>
    <line id="e456__OUT__">
      <frombox id="Connection11" port="1"/>
      <tojoint id="n575" port="1"/>
    <point x="67.0" y="6.25"/><point x="65.31" y="7.25"/></line>
    <line id="e457__IN__">
      <fromjoint id="n576" port="0"/>
      <tobox id="Connection103" port="0"/>
    <point x="61.67" y="4.22"/><point x="61.67" y="5.22"/></line>
    <line id="e457__OUT__">
      <frombox id="Connection103" port="0"/>
      <tojoint id="n575" port="0"/>
    <point x="61.67" y="6.25"/><point x="64.75" y="7.25"/></line>
    <line id="e628__IN__">
      <fromjoint id="n575" port="0"/>
      <tobox id="Connection11" port="2"/>
    <point x="65.01" y="7.78"/><point x="67.78" y="5.22"/></line>
    <line id="e628__OUT__">
      <frombox id="Connection11" port="2"/>
      <tojoint id="n726" port="1"/>
    <point x="67.78" y="6.25"/><point x="68.31" y="7.25"/></line>
    <line id="e629__IN__">
      <fromjoint id="n727" port="0"/>
      <tobox id="Connection105" port="0"/>
    <point x="63.67" y="4.22"/><point x="63.67" y="5.22"/></line>
    <line id="e629__OUT__">
      <frombox id="Connection105" port="0"/>
      <tojoint id="n726" port="0"/>
    <point x="63.67" y="6.25"/><point x="67.75" y="7.25"/></line>
    <line id="e630__IN__">
      <fromjoint id="n726" port="0"/>
      <tobox id="Connection11" port="3"/>
    <point x="68.01" y="7.78"/><point x="68.56" y="5.22"/></line>
    <line id="e630__OUT__">
      <frombox id="Connection11" port="3"/>
      <tojoint id="n728" port="1"/>
    <point x="68.56" y="6.25"/><point x="71.31" y="7.25"/></line>
    <line id="e631__IN__">
      <fromjoint id="n729" port="0"/>
      <tobox id="Connection107" port="0"/>
    <point x="72.67" y="4.22"/><point x="72.67" y="5.22"/></line>
    <line id="e631__OUT__">
      <frombox id="Connection107" port="0"/>
      <tojoint id="n728" port="0"/>
    <point x="72.67" y="6.25"/><point x="70.75" y="7.25"/></line>
    <line id="e632__IN__">
      <fromjoint id="n119" port="0"/>
      <tobox id="Connection108" port="0"/>
    <point x="49.46" y="46.89"/><point x="49.46" y="47.89"/></line>
    <line id="e632__OUT__">
      <frombox id="Connection108" port="0"/>
      <tojoint id="n730__IN__0" port="0"/>
    <point x="49.46" y="48.92"/><point x="49.44" y="49.92"/></line>
    <line id="e633__IN__">
      <fromjoint id="n244__IN__0" port="4"/>
      <tobox id="Connection109" port="0"/>
    <point x="42.11" y="57.56"/><point x="42.71" y="58.56"/></line>
    <line id="e633__OUT__">
      <frombox id="Connection109" port="0"/>
      <tojoint id="n731" port="0"/>
    <point x="42.71" y="59.58"/><point x="42.69" y="60.58"/></line>
    <line id="e634__IN__">
      <fromjoint id="n244__IN__1" port="4"/>
      <tobox id="Connection7" port="13"/>
    <point x="96.33" y="7.78"/><point x="101.13" y="5.22"/></line>
    <line id="e634__OUT__">
      <frombox id="Connection7" port="13"/>
      <tojoint id="n732" port="0"/>
    <point x="101.13" y="6.25"/><point x="101.65" y="3.7"/></line>
    <line id="e635__IN__">
      <fromjoint id="n732" port="0"/>
      <tobox id="Connection7" port="14"/>
    <point x="101.64" y="4.22"/><point x="102.1" y="5.22"/></line>
    <line id="e635__OUT__">
      <frombox id="Connection7" port="14"/>
      <tojoint id="n733" port="0"/>
    <point x="102.1" y="6.25"/><point x="106.53" y="7.25"/></line>
    <line id="e636__IN__">
      <fromjoint id="n731" port="0"/>
      <tobox id="Connection112" port="0"/>
    <point x="42.68" y="61.11"/><point x="42.68" y="62.11"/></line>
    <line id="e636__OUT__">
      <frombox id="Connection112" port="0"/>
      <tojoint id="n734__IN__0" port="0"/>
    <point x="42.68" y="63.14"/><point x="44.72" y="64.14"/></line>
    <line id="e637__IN__">
      <fromjoint id="n244__IN__0" port="5"/>
      <tobox id="Connection113" port="0"/>
    <point x="42.93" y="57.56"/><point x="44.71" y="58.56"/></line>
    <line id="e637__OUT__">
      <frombox id="Connection113" port="0"/>
      <tojoint id="n735" port="0"/>
    <point x="44.71" y="59.58"/><point x="44.69" y="60.58"/></line>
    <line id="e638__IN__">
      <fromjoint id="n244__IN__1" port="5"/>
      <tobox id="Connection7" port="15"/>
    <point x="97.15" y="7.78"/><point x="103.07" y="5.22"/></line>
    <line id="e638__OUT__">
      <frombox id="Connection7" port="15"/>
      <tojoint id="n736" port="0"/>
    <point x="103.07" y="6.25"/><point x="108.75" y="7.25"/></line>
    <line id="e639__IN__">
      <fromjoint id="n733" port="0"/>
      <tobox id="Connection7" port="16"/>
    <point x="106.51" y="7.78"/><point x="104.06" y="5.22"/></line>
    <line id="e639__OUT__">
      <frombox id="Connection7" port="16"/>
      <tojoint id="n736" port="1"/>
    <point x="104.06" y="6.25"/><point x="109.31" y="7.25"/></line>
    <line id="e640__IN__">
      <fromjoint id="n736" port="0"/>
      <tobox id="Connection7" port="17"/>
    <point x="109.01" y="7.78"/><point x="105.03" y="5.22"/></line>
    <line id="e640__OUT__">
      <frombox id="Connection7" port="17"/>
      <tojoint id="n737" port="0"/>
    <point x="105.03" y="6.25"/><point x="111.53" y="7.25"/></line>
    <line id="e641__IN__">
      <fromjoint id="n739" port="0"/>
      <tobox id="Connection117" port="0"/>
    <point x="70.17" y="0.67"/><point x="70.17" y="1.67"/></line>
    <line id="e641__OUT__">
      <frombox id="Connection117" port="0"/>
      <tojoint id="n738" port="1"/>
    <point x="70.17" y="2.7"/><point x="70.15" y="3.7"/></line>
    <line id="e642__IN__">
      <fromjoint id="n728" port="0"/>
      <tobox id="Connection11" port="4"/>
    <point x="71.01" y="7.78"/><point x="69.32" y="5.22"/></line>
    <line id="e642__OUT__">
      <frombox id="Connection11" port="4"/>
      <tojoint id="n738" port="0"/>
    <point x="69.32" y="6.25"/><point x="69.6" y="3.7"/></line>
    <line id="e643__IN__">
      <fromjoint id="n738" port="0"/>
      <tobox id="Connection11" port="5"/>
    <point x="69.86" y="4.22"/><point x="70.1" y="5.22"/></line>
    <line id="e643__OUT__">
      <frombox id="Connection11" port="5"/>
      <tojoint id="n118__IN__1" port="0"/>
    <point x="70.1" y="6.25"/><point x="73.53" y="7.25"/></line>
    <line id="e711__IN__">
      <fromjoint id="n737" port="0"/>
      <tobox id="Connection7" port="18"/>
    <point x="111.51" y="7.78"/><point x="106.0" y="5.22"/></line>
    <line id="e711__OUT__">
      <frombox id="Connection7" port="18"/>
      <tojoint id="n801" port="0"/>
    <point x="106.0" y="6.25"/><point x="113.53" y="7.25"/></line>
    <line id="e849__IN__">
      <fromjoint id="n735" port="0"/>
      <tobox id="Connection121" port="0"/>
    <point x="44.68" y="61.11"/><point x="44.68" y="62.11"/></line>
    <line id="e849__OUT__">
      <frombox id="Connection121" port="0"/>
      <tojoint id="n118__IN__0" port="0"/>
    <point x="44.68" y="63.14"/><point x="42.72" y="64.14"/></line>
    <line id="e64__IN__">
      <fromjoint id="n131__OUT__0" port="0"/>
      <tobox id="Connection122" port="0"/>
    <point x="42.31" y="71.78"/><point x="42.31" y="72.78"/></line>
    <line id="e64__OUT__">
      <frombox id="Connection122" port="0"/>
      <tojoint id="n133" port="0"/>
    <point x="42.31" y="73.81"/><point x="42.29" y="74.81"/></line>
    <line id="e65__IN__">
      <fromjoint id="n134" port="0"/>
      <tobox id="Connection12" port="0"/>
    <point x="89.51" y="0.67"/><point x="89.51" y="1.67"/></line>
    <line id="e65__OUT__">
      <frombox id="Connection12" port="0"/>
      <tojoint id="n135" port="0"/>
    <point x="89.51" y="2.7"/><point x="88.19" y="3.7"/></line>
    <line id="e81__IN__">
      <fromjoint id="n166" port="0"/>
      <tobox id="Connection13" port="0"/>
    <point x="190.92" y="4.22"/><point x="191.43" y="5.22"/></line>
    <line id="e81__OUT__">
      <frombox id="Connection13" port="0"/>
      <tojoint id="n167" port="0"/>
    <point x="191.43" y="6.25"/><point x="191.14" y="7.25"/></line>
    <line id="e116__IN__">
      <fromjoint id="n233" port="0"/>
      <tobox id="Connection14" port="0"/>
    <point x="46.86" y="0.67"/><point x="46.86" y="1.67"/></line>
    <line id="e116__OUT__">
      <frombox id="Connection14" port="0"/>
      <tojoint id="n234" port="0"/>
    <point x="46.86" y="2.7"/><point x="46.85" y="3.7"/></line>
    <line id="e143__IN__">
      <fromjoint id="n284" port="0"/>
      <tobox id="Connection15" port="0"/>
    <point x="55.42" y="0.67"/><point x="55.42" y="1.67"/></line>
    <line id="e143__OUT__">
      <frombox id="Connection15" port="0"/>
      <tojoint id="n285" port="0"/>
    <point x="55.42" y="2.7"/><point x="55.4" y="3.7"/></line>
    <line id="e162__IN__">
      <fromjoint id="n318" port="0"/>
      <tobox id="Connection16" port="0"/>
    <point x="187.71" y="0.67"/><point x="187.71" y="1.67"/></line>
    <line id="e162__OUT__">
      <frombox id="Connection16" port="0"/>
      <tojoint id="n319" port="0"/>
    <point x="187.71" y="2.7"/><point x="185.93" y="3.7"/></line>
    <line id="e588__IN__">
      <fromjoint id="n133" port="0"/>
      <tobox id="Connection128" port="0"/>
    <point x="42.28" y="75.33"/><point x="42.28" y="76.33"/></line>
    <line id="e588__OUT__">
      <frombox id="Connection128" port="0"/>
      <tojoint id="n690__IN__0" port="0"/>
    <point x="42.28" y="77.36"/><point x="42.26" y="78.36"/></line>
    <line id="e589__IN__">
      <fromjoint id="n74__IN__0" port="1"/>
      <tobox id="Connection129" port="0"/>
    <point x="41.97" y="86.0"/><point x="40.69" y="87.0"/></line>
    <line id="e589__OUT__">
      <frombox id="Connection129" port="0"/>
      <tojoint id="n691" port="0"/>
    <point x="40.69" y="88.03"/><point x="40.68" y="89.03"/></line>
    <line id="e590__IN__">
      <fromjoint id="n74__IN__1" port="1"/>
      <tobox id="Connection10" port="6"/>
    <point x="160.42" y="7.78"/><point x="162.54" y="5.22"/></line>
    <line id="e590__OUT__">
      <frombox id="Connection10" port="6"/>
      <tojoint id="n692" port="0"/>
    <point x="162.54" y="6.25"/><point x="157.28" y="7.25"/></line>
    <line id="e591__IN__">
      <fromjoint id="n692" port="0"/>
      <tobox id="Connection10" port="7"/>
    <point x="157.26" y="7.78"/><point x="163.4" y="5.22"/></line>
    <line id="e591__OUT__">
      <frombox id="Connection10" port="7"/>
      <tojoint id="n693" port="0"/>
    <point x="163.4" y="6.25"/><point x="164.28" y="7.25"/></line>
    <line id="e592__IN__">
      <fromjoint id="n691" port="0"/>
      <tobox id="Connection132" port="0"/>
    <point x="40.67" y="89.56"/><point x="40.67" y="90.56"/></line>
    <line id="e592__OUT__">
      <frombox id="Connection132" port="0"/>
      <tojoint id="n694__IN__0" port="0"/>
    <point x="40.67" y="91.58"/><point x="41.67" y="92.58"/></line>
    <line id="e593__IN__">
      <fromjoint id="n74__IN__0" port="2"/>
      <tobox id="Connection133" port="0"/>
    <point x="42.69" y="86.0"/><point x="42.69" y="87.0"/></line>
    <line id="e593__OUT__">
      <frombox id="Connection133" port="0"/>
      <tojoint id="n695" port="0"/>
    <point x="42.69" y="88.03"/><point x="42.68" y="89.03"/></line>
    <line id="e594__IN__">
      <fromjoint id="n74__IN__1" port="2"/>
      <tobox id="Connection10" port="8"/>
    <point x="161.14" y="7.78"/><point x="164.28" y="5.22"/></line>
    <line id="e594__OUT__">
      <frombox id="Connection10" port="8"/>
      <tojoint id="n696" port="0"/>
    <point x="164.28" y="6.25"/><point x="166.5" y="7.25"/></line>
    <line id="e595__IN__">
      <fromjoint id="n693" port="0"/>
      <tobox id="Connection10" port="9"/>
    <point x="164.26" y="7.78"/><point x="165.14" y="5.22"/></line>
    <line id="e595__OUT__">
      <frombox id="Connection10" port="9"/>
      <tojoint id="n696" port="1"/>
    <point x="165.14" y="6.25"/><point x="167.06" y="7.25"/></line>
    <line id="e596__IN__">
      <fromjoint id="n696" port="0"/>
      <tobox id="Connection10" port="10"/>
    <point x="166.76" y="7.78"/><point x="166.06" y="5.22"/></line>
    <line id="e596__OUT__">
      <frombox id="Connection10" port="10"/>
      <tojoint id="n697" port="0"/>
    <point x="166.06" y="6.25"/><point x="169.28" y="7.25"/></line>
    <line id="e597__IN__">
      <fromjoint id="n695" port="0"/>
      <tobox id="Connection137" port="0"/>
    <point x="42.67" y="89.56"/><point x="42.68" y="90.56"/></line>
    <line id="e597__OUT__">
      <frombox id="Connection137" port="0"/>
      <tojoint id="n698__IN__0" port="0"/>
    <point x="42.68" y="91.58"/><point x="53.79" y="92.58"/></line>
    <line id="e598__IN__">
      <fromjoint id="n309__IN__0" port="1"/>
      <tobox id="Connection138" port="0"/>
    <point x="53.19" y="43.33"/><point x="54.4" y="44.33"/></line>
    <line id="e598__OUT__">
      <frombox id="Connection138" port="0"/>
      <tojoint id="n699" port="0"/>
    <point x="54.4" y="45.36"/><point x="54.39" y="46.36"/></line>
    <line id="e599__IN__">
      <fromjoint id="n309__IN__1" port="1"/>
      <tobox id="Connection9" port="4"/>
    <point x="132.32" y="7.78"/><point x="132.32" y="5.22"/></line>
    <line id="e599__OUT__">
      <frombox id="Connection9" port="4"/>
      <tojoint id="n700" port="0"/>
    <point x="132.32" y="6.25"/><point x="134.53" y="7.25"/></line>
    <line id="e600__IN__">
      <fromjoint id="n700" port="0"/>
      <tobox id="Connection9" port="5"/>
    <point x="134.51" y="7.78"/><point x="133.18" y="5.22"/></line>
    <line id="e600__OUT__">
      <frombox id="Connection9" port="5"/>
      <tojoint id="n701" port="0"/>
    <point x="133.18" y="6.25"/><point x="136.53" y="7.25"/></line>
    <line id="e601__IN__">
      <fromjoint id="n135" port="0"/>
      <tobox id="Connection12" port="1"/>
    <point x="88.18" y="4.22"/><point x="90.21" y="1.67"/></line>
    <line id="e601__OUT__">
      <frombox id="Connection12" port="1"/>
      <tojoint id="n702" port="0"/>
    <point x="90.21" y="2.7"/><point x="90.19" y="3.7"/></line>
    <line id="e602__IN__">
      <fromjoint id="n319" port="0"/>
      <tobox id="Connection16" port="1"/>
    <point x="185.92" y="4.22"/><point x="188.44" y="1.67"/></line>
    <line id="e602__OUT__">
      <frombox id="Connection16" port="1"/>
      <tojoint id="n704" port="0"/>
    <point x="188.44" y="2.7"/><point x="188.43" y="3.7"/></line>
    <line id="e603__IN__">
      <fromjoint id="n167" port="0"/>
      <tobox id="Connection13" port="1"/>
    <point x="191.13" y="7.78"/><point x="192.17" y="5.22"/></line>
    <line id="e603__OUT__">
      <frombox id="Connection13" port="1"/>
      <tojoint id="n703" port="0"/>
    <point x="192.17" y="6.25"/><point x="193.15" y="3.7"/></line>
    <line id="e604__IN__">
      <fromjoint id="n704" port="1"/>
      <tobox id="Connection16" port="2"/>
    <point x="188.72" y="4.22"/><point x="189.18" y="1.67"/></line>
    <line id="e604__OUT__">
      <frombox id="Connection16" port="2"/>
      <tojoint id="n703" port="1"/>
    <point x="189.18" y="2.7"/><point x="193.71" y="3.7"/></line>
    <line id="e605__IN__">
      <fromjoint id="n704" port="0"/>
      <tobox id="Connection16" port="3"/>
    <point x="188.14" y="4.22"/><point x="189.93" y="1.67"/></line>
    <line id="e605__OUT__">
      <frombox id="Connection16" port="3"/>
      <tojoint id="n705" port="0"/>
    <point x="189.93" y="2.7"/><point x="197.93" y="3.7"/></line>
    <line id="e606__IN__">
      <fromjoint id="n703" port="0"/>
      <tobox id="Connection13" port="2"/>
    <point x="193.42" y="4.22"/><point x="192.9" y="5.22"/></line>
    <line id="e606__OUT__">
      <frombox id="Connection13" port="2"/>
      <tojoint id="n706" port="0"/>
    <point x="192.9" y="6.25"/><point x="193.14" y="7.25"/></line>
    <line id="e607__IN__">
      <fromjoint id="n702" port="0"/>
      <tobox id="Connection12" port="2"/>
    <point x="90.18" y="4.22"/><point x="90.9" y="1.67"/></line>
    <line id="e607__OUT__">
      <frombox id="Connection12" port="2"/>
      <tojoint id="n707" port="0"/>
    <point x="90.9" y="2.7"/><point x="92.19" y="3.7"/></line>
    <line id="e608__IN__">
      <fromjoint id="n706" port="0"/>
      <tobox id="Connection13" port="3"/>
    <point x="193.13" y="7.78"/><point x="193.65" y="5.22"/></line>
    <line id="e608__OUT__">
      <frombox id="Connection13" port="3"/>
      <tojoint id="n708" port="1"/>
    <point x="193.65" y="6.25"/><point x="195.92" y="7.25"/></line>
    <line id="e609__IN__">
      <fromjoint id="n709" port="0"/>
      <tobox id="Connection149" port="0"/>
    <point x="195.92" y="4.22"/><point x="196.92" y="5.22"/></line>
    <line id="e609__OUT__">
      <frombox id="Connection149" port="0"/>
      <tojoint id="n708" port="0"/>
    <point x="196.92" y="6.25"/><point x="195.36" y="7.25"/></line>
    <line id="e610__IN__">
      <fromjoint id="n699" port="0"/>
      <tobox id="Connection150" port="0"/>
    <point x="54.38" y="46.89"/><point x="54.49" y="47.89"/></line>
    <line id="e610__OUT__">
      <frombox id="Connection150" port="0"/>
      <tojoint id="n710__IN__0" port="0"/>
    <point x="54.49" y="48.92"/><point x="54.76" y="51.7"/></line>
    <line id="e611__IN__">
      <fromjoint id="n74__IN__0" port="3"/>
      <tobox id="Connection151" port="0"/>
    <point x="43.4" y="86.0"/><point x="44.69" y="87.0"/></line>
    <line id="e611__OUT__">
      <frombox id="Connection151" port="0"/>
      <tojoint id="n711" port="0"/>
    <point x="44.69" y="88.03"/><point x="44.68" y="89.03"/></line>
    <line id="e612__IN__">
      <fromjoint id="n74__IN__1" port="3"/>
      <tobox id="Connection10" port="11"/>
    <point x="161.85" y="7.78"/><point x="167.03" y="5.22"/></line>
    <line id="e612__OUT__">
      <frombox id="Connection10" port="11"/>
      <tojoint id="n712" port="0"/>
    <point x="167.03" y="6.25"/><point x="171.5" y="7.25"/></line>
    <line id="e613__IN__">
      <fromjoint id="n697" port="0"/>
      <tobox id="Connection10" port="12"/>
    <point x="169.26" y="7.78"/><point x="167.99" y="5.22"/></line>
    <line id="e613__OUT__">
      <frombox id="Connection10" port="12"/>
      <tojoint id="n712" port="1"/>
    <point x="167.99" y="6.25"/><point x="172.06" y="7.25"/></line>
    <line id="e614__IN__">
      <fromjoint id="n712" port="0"/>
      <tobox id="Connection10" port="13"/>
    <point x="171.76" y="7.78"/><point x="168.94" y="5.22"/></line>
    <line id="e614__OUT__">
      <frombox id="Connection10" port="13"/>
      <tojoint id="n713" port="0"/>
    <point x="168.94" y="6.25"/><point x="174.28" y="7.25"/></line>
    <line id="e615__IN__">
      <fromjoint id="n711" port="0"/>
      <tobox id="Connection155" port="0"/>
    <point x="44.67" y="89.56"/><point x="44.69" y="90.56"/></line>
    <line id="e615__OUT__">
      <frombox id="Connection155" port="0"/>
      <tojoint id="n714__IN__0" port="0"/>
    <point x="44.69" y="91.58"/><point x="46.71" y="92.58"/></line>
    <line id="e616__IN__">
      <fromjoint id="n244__IN__0" port="6"/>
      <tobox id="Connection156" port="0"/>
    <point x="43.74" y="57.56"/><point x="46.71" y="58.56"/></line>
    <line id="e616__OUT__">
      <frombox id="Connection156" port="0"/>
      <tojoint id="n715" port="0"/>
    <point x="46.71" y="59.58"/><point x="46.69" y="60.58"/></line>
    <line id="e617__IN__">
      <fromjoint id="n244__IN__1" port="6"/>
      <tobox id="Connection7" port="19"/>
    <point x="97.96" y="7.78"/><point x="106.97" y="5.22"/></line>
    <line id="e617__OUT__">
      <frombox id="Connection7" port="19"/>
      <tojoint id="n716" port="0"/>
    <point x="106.97" y="6.25"/><point x="115.53" y="7.25"/></line>
    <line id="e618__IN__">
      <fromjoint id="n716" port="0"/>
      <tobox id="Connection7" port="20"/>
    <point x="115.51" y="7.78"/><point x="107.94" y="5.22"/></line>
    <line id="e618__OUT__">
      <frombox id="Connection7" port="20"/>
      <tojoint id="n717" port="0"/>
    <point x="107.94" y="6.25"/><point x="117.53" y="7.25"/></line>
    <line id="e619__IN__">
      <fromjoint id="n715" port="0"/>
      <tobox id="Connection159" port="0"/>
    <point x="46.68" y="61.11"/><point x="46.69" y="62.11"/></line>
    <line id="e619__OUT__">
      <frombox id="Connection159" port="0"/>
      <tojoint id="n718__IN__0" port="0"/>
    <point x="46.69" y="63.14"/><point x="52.79" y="64.14"/></line>
    <line id="e620__IN__">
      <fromjoint id="n300__IN__0" port="1"/>
      <tobox id="Connection160" port="0"/>
    <point x="53.28" y="14.89"/><point x="52.82" y="15.89"/></line>
    <line id="e620__OUT__">
      <frombox id="Connection160" port="0"/>
      <tojoint id="n719" port="0"/>
    <point x="52.82" y="16.92"/><point x="52.81" y="17.92"/></line>
    <line id="e621__IN__">
      <fromjoint id="n300__IN__1" port="1"/>
      <tobox id="Connection8" port="4"/>
    <point x="11.49" y="7.78"/><point x="11.49" y="5.22"/></line>
    <line id="e621__OUT__">
      <frombox id="Connection8" port="4"/>
      <tojoint id="n720" port="0"/>
    <point x="11.49" y="6.25"/><point x="8.5" y="7.25"/></line>
    <line id="e622__IN__">
      <fromjoint id="n719" port="0"/>
      <tobox id="Connection162" port="0"/>
    <point x="52.79" y="18.45"/><point x="52.79" y="19.45"/></line>
    <line id="e622__OUT__">
      <frombox id="Connection162" port="0"/>
      <tojoint id="n721__IN__0" port="0"/>
    <point x="52.79" y="20.47"/><point x="52.78" y="21.47"/></line>
    <line id="e623__IN__">
      <fromjoint id="n300__IN__0" port="2"/>
      <tobox id="Connection163" port="0"/>
    <point x="53.94" y="14.89"/><point x="54.82" y="15.89"/></line>
    <line id="e623__OUT__">
      <frombox id="Connection163" port="0"/>
      <tojoint id="n722" port="0"/>
    <point x="54.82" y="16.92"/><point x="54.81" y="17.92"/></line>
    <line id="e624__IN__">
      <fromjoint id="n300__IN__1" port="2"/>
      <tobox id="Connection8" port="5"/>
    <point x="12.15" y="7.78"/><point x="12.35" y="5.22"/></line>
    <line id="e624__OUT__">
      <frombox id="Connection8" port="5"/>
      <tojoint id="n723" port="0"/>
    <point x="12.35" y="6.25"/><point x="14.72" y="7.25"/></line>
    <line id="e625__IN__">
      <fromjoint id="n720" port="0"/>
      <tobox id="Connection8" port="6"/>
    <point x="8.49" y="7.78"/><point x="13.21" y="5.22"/></line>
    <line id="e625__OUT__">
      <frombox id="Connection8" port="6"/>
      <tojoint id="n723" port="1"/>
    <point x="13.21" y="6.25"/><point x="15.28" y="7.25"/></line>
    <line id="e626__IN__">
      <fromjoint id="n723" port="0"/>
      <tobox id="Connection8" port="7"/>
    <point x="14.99" y="7.78"/><point x="14.07" y="5.22"/></line>
    <line id="e626__OUT__">
      <frombox id="Connection8" port="7"/>
      <tojoint id="n724" port="0"/>
    <point x="14.07" y="6.25"/><point x="17.5" y="7.25"/></line>
    <line id="e627__IN__">
      <fromjoint id="n724" port="0"/>
      <tobox id="Connection8" port="8"/>
    <point x="17.49" y="7.78"/><point x="14.93" y="5.22"/></line>
    <line id="e627__OUT__">
      <frombox id="Connection8" port="8"/>
      <tojoint id="n725" port="0"/>
    <point x="14.93" y="6.25"/><point x="19.5" y="7.25"/></line>
    <line id="e688__IN__">
      <fromjoint id="n717" port="0"/>
      <tobox id="Connection7" port="21"/>
    <point x="117.51" y="7.78"/><point x="108.93" y="5.22"/></line>
    <line id="e688__OUT__">
      <frombox id="Connection7" port="21"/>
      <tojoint id="n778" port="0"/>
    <point x="108.93" y="6.25"/><point x="119.53" y="7.25"/></line>
    <line id="e698__IN__">
      <fromjoint id="n701" port="0"/>
      <tobox id="Connection9" port="6"/>
    <point x="136.51" y="7.78"/><point x="134.03" y="5.22"/></line>
    <line id="e698__OUT__">
      <frombox id="Connection9" port="6"/>
      <tojoint id="n788" port="0"/>
    <point x="134.03" y="6.25"/><point x="138.53" y="7.25"/></line>
    <line id="e714__IN__">
      <fromjoint id="n713" port="0"/>
      <tobox id="Connection10" port="14"/>
    <point x="174.26" y="7.78"/><point x="169.92" y="5.22"/></line>
    <line id="e714__OUT__">
      <frombox id="Connection10" port="14"/>
      <tojoint id="n804" port="0"/>
    <point x="169.92" y="6.25"/><point x="176.28" y="7.25"/></line>
    <line id="e726__IN__">
      <fromjoint id="n725" port="0"/>
      <tobox id="Connection8" port="9"/>
    <point x="19.49" y="7.78"/><point x="15.79" y="5.22"/></line>
    <line id="e726__OUT__">
      <frombox id="Connection8" port="9"/>
      <tojoint id="n816" port="0"/>
    <point x="15.79" y="6.25"/><point x="21.5" y="7.25"/></line>
    <line id="e730__IN__">
      <fromjoint id="n234" port="0"/>
      <tobox id="Connection14" port="1"/>
    <point x="46.83" y="4.22"/><point x="47.42" y="1.67"/></line>
    <line id="e730__OUT__">
      <frombox id="Connection14" port="1"/>
      <tojoint id="n820" port="0"/>
    <point x="47.42" y="2.7"/><point x="48.85" y="3.7"/></line>
    <line id="e737__IN__">
      <fromjoint id="n285" port="0"/>
      <tobox id="Connection15" port="1"/>
    <point x="55.39" y="4.22"/><point x="55.97" y="1.67"/></line>
    <line id="e737__OUT__">
      <frombox id="Connection15" port="1"/>
      <tojoint id="n827" port="0"/>
    <point x="55.97" y="2.7"/><point x="57.4" y="3.7"/></line>
    <line id="e759__IN__">
      <fromjoint id="n707" port="0"/>
      <tobox id="Connection12" port="3"/>
    <point x="92.18" y="4.22"/><point x="91.6" y="1.67"/></line>
    <line id="e759__OUT__">
      <frombox id="Connection12" port="3"/>
      <tojoint id="n849" port="0"/>
    <point x="91.6" y="2.7"/><point x="94.19" y="3.7"/></line>
    <line id="e762__IN__">
      <fromjoint id="n705" port="0"/>
      <tobox id="Connection16" port="4"/>
    <point x="197.92" y="4.22"/><point x="190.67" y="1.67"/></line>
    <line id="e762__OUT__">
      <frombox id="Connection16" port="4"/>
      <tojoint id="n852" port="0"/>
    <point x="190.67" y="2.7"/><point x="199.93" y="3.7"/></line>
    <line id="e767__IN__">
      <fromjoint id="n708" port="0"/>
      <tobox id="Connection13" port="4"/>
    <point x="195.63" y="7.78"/><point x="194.39" y="5.22"/></line>
    <line id="e767__OUT__">
      <frombox id="Connection13" port="4"/>
      <tojoint id="n857" port="0"/>
    <point x="194.39" y="6.25"/><point x="198.14" y="7.25"/></line>
    <line id="e807__IN__">
      <fromjoint id="n722" port="0"/>
      <tobox id="Connection177" port="0"/>
    <point x="54.79" y="18.45"/><point x="54.79" y="19.45"/></line>
    <line id="e807__OUT__">
      <frombox id="Connection177" port="0"/>
      <tojoint id="n132__IN__0" port="0"/>
    <point x="54.79" y="20.47"/><point x="54.78" y="21.47"/></line>
    <line id="e122__IN__">
      <fromjoint id="n243__OUT__0" port="0"/>
      <tobox id="Connection178" port="0"/>
    <point x="44.75" y="50.45"/><point x="45.33" y="51.45"/></line>
    <line id="e122__OUT__">
      <frombox id="Connection178" port="0"/>
      <tojoint id="n245" port="0"/>
    <point x="45.33" y="52.47"/><point x="44.57" y="53.47"/></line>
    <line id="e123__IN__">
      <fromjoint id="n246" port="0"/>
      <tobox id="Connection7" port="22"/>
    <point x="108.88" y="4.22"/><point x="109.9" y="5.22"/></line>
    <line id="e123__OUT__">
      <frombox id="Connection7" port="22"/>
      <tojoint id="n244__IN__1" port="0"/>
    <point x="109.9" y="6.25"/><point x="95.53" y="7.25"/></line>
    <line id="e806__IN__">
      <fromjoint id="n245" port="0"/>
      <tobox id="Connection180" port="0"/>
    <point x="44.56" y="54.0"/><point x="42.04" y="55.0"/></line>
    <line id="e806__OUT__">
      <frombox id="Connection180" port="0"/>
      <tojoint id="n244__IN__0" port="0"/>
    <point x="42.04" y="56.03"/><point x="41.31" y="57.03"/></line>
    <line id="e124__IN__">
      <fromjoint id="n247__OUT__0" port="0"/>
      <tobox id="Connection181" port="0"/>
    <point x="30.71" y="64.67"/><point x="30.94" y="65.67"/></line>
    <line id="e124__OUT__">
      <frombox id="Connection181" port="0"/>
      <tojoint id="n249" port="0"/>
    <point x="30.94" y="66.7"/><point x="30.88" y="67.7"/></line>
    <line id="e125__IN__">
      <fromjoint id="n247__OUT__1" port="0"/>
      <tobox id="Connection7" port="23"/>
    <point x="110.88" y="4.22"/><point x="110.88" y="5.22"/></line>
    <line id="e125__OUT__">
      <frombox id="Connection7" port="23"/>
      <tojoint id="n250" port="0"/>
    <point x="110.88" y="6.25"/><point x="121.53" y="7.25"/></line>
    <line id="e832__IN__">
      <fromjoint id="n249" port="0"/>
      <tobox id="Connection183" port="0"/>
    <point x="30.86" y="68.22"/><point x="30.76" y="69.22"/></line>
    <line id="e832__OUT__">
      <frombox id="Connection183" port="0"/>
      <tojoint id="n248__IN__0" port="0"/>
    <point x="30.76" y="70.25"/><point x="31.11" y="0.14"/></line>
    <line id="e152__IN__">
      <fromjoint id="n299__OUT__0" port="0"/>
      <tobox id="Connection184" port="0"/>
    <point x="53.21" y="7.78"/><point x="54.51" y="8.78"/></line>
    <line id="e152__OUT__">
      <frombox id="Connection184" port="0"/>
      <tojoint id="n301" port="0"/>
    <point x="54.51" y="9.81"/><point x="53.56" y="10.81"/></line>
    <line id="e153__IN__">
      <fromjoint id="n302" port="0"/>
      <tobox id="Connection8" port="10"/>
    <point x="15.65" y="4.22"/><point x="16.69" y="5.22"/></line>
    <line id="e153__OUT__">
      <frombox id="Connection8" port="10"/>
      <tojoint id="n300__IN__1" port="0"/>
    <point x="16.69" y="6.25"/><point x="11.5" y="7.25"/></line>
    <line id="e811__IN__">
      <fromjoint id="n301" port="0"/>
      <tobox id="Connection186" port="0"/>
    <point x="53.54" y="11.33"/><point x="53.43" y="12.33"/></line>
    <line id="e811__OUT__">
      <frombox id="Connection186" port="0"/>
      <tojoint id="n300__IN__0" port="0"/>
    <point x="53.43" y="13.36"/><point x="53.29" y="14.36"/></line>
    <line id="e154__IN__">
      <fromjoint id="n303__OUT__0" port="0"/>
      <tobox id="Connection187" port="0"/>
    <point x="48.76" y="22.0"/><point x="50.21" y="23.0"/></line>
    <line id="e154__OUT__">
      <frombox id="Connection187" port="0"/>
      <tojoint id="n305" port="0"/>
    <point x="50.21" y="24.03"/><point x="50.44" y="25.03"/></line>
    <line id="e155__IN__">
      <fromjoint id="n303__OUT__1" port="0"/>
      <tobox id="Connection8" port="11"/>
    <point x="17.65" y="4.22"/><point x="17.65" y="5.22"/></line>
    <line id="e155__OUT__">
      <frombox id="Connection8" port="11"/>
      <tojoint id="n306" port="0"/>
    <point x="17.65" y="6.25"/><point x="23.5" y="7.25"/></line>
    <line id="e812__IN__">
      <fromjoint id="n305" port="0"/>
      <tobox id="Connection189" port="0"/>
    <point x="50.43" y="25.56"/><point x="51.19" y="26.56"/></line>
    <line id="e812__OUT__">
      <frombox id="Connection189" port="0"/>
      <tojoint id="n304__IN__0" port="0"/>
    <point x="51.19" y="27.58"/><point x="52.72" y="28.58"/></line>
    <line id="e157__IN__">
      <fromjoint id="n308__OUT__0" port="0"/>
      <tobox id="Connection190" port="0"/>
    <point x="51.58" y="36.22"/><point x="52.96" y="37.22"/></line>
    <line id="e157__OUT__">
      <frombox id="Connection190" port="0"/>
      <tojoint id="n310" port="0"/>
    <point x="52.96" y="38.25"/><point x="52.93" y="39.25"/></line>
    <line id="e158__IN__">
      <fromjoint id="n311" port="0"/>
      <tobox id="Connection9" port="7"/>
    <point x="134.29" y="4.22"/><point x="134.88" y="5.22"/></line>
    <line id="e158__OUT__">
      <frombox id="Connection9" port="7"/>
      <tojoint id="n309__IN__1" port="0"/>
    <point x="134.88" y="6.25"/><point x="132.03" y="7.25"/></line>
    <line id="e845__IN__">
      <fromjoint id="n310" port="0"/>
      <tobox id="Connection192" port="0"/>
    <point x="52.92" y="39.78"/><point x="52.92" y="40.78"/></line>
    <line id="e845__OUT__">
      <frombox id="Connection192" port="0"/>
      <tojoint id="n309__IN__0" port="0"/>
    <point x="52.92" y="41.81"/><point x="52.9" y="42.81"/></line>
    <line id="e159__IN__">
      <fromjoint id="n312__OUT__0" port="0"/>
      <tobox id="Connection193" port="0"/>
    <point x="34.71" y="64.67"/><point x="36.15" y="65.67"/></line>
    <line id="e159__OUT__">
      <frombox id="Connection193" port="0"/>
      <tojoint id="n314" port="0"/>
    <point x="36.15" y="66.7"/><point x="40.15" y="67.7"/></line>
    <line id="e160__IN__">
      <fromjoint id="n312__OUT__1" port="0"/>
      <tobox id="Connection9" port="8"/>
    <point x="136.29" y="4.22"/><point x="135.72" y="5.22"/></line>
    <line id="e160__OUT__">
      <frombox id="Connection9" port="8"/>
      <tojoint id="n315" port="0"/>
    <point x="135.72" y="6.25"/><point x="140.53" y="7.25"/></line>
    <line id="e843__IN__">
      <fromjoint id="n314" port="0"/>
      <tobox id="Connection195" port="0"/>
    <point x="40.14" y="68.22"/><point x="42.21" y="69.22"/></line>
    <line id="e843__OUT__">
      <frombox id="Connection195" port="0"/>
      <tojoint id="n313__IN__0" port="0"/>
    <point x="42.21" y="70.25"/><point x="44.32" y="71.25"/></line>
    <line id="e543__OUT__CPY">
      <fromjoint id="n652__IN__0" port="0"/>
      <tobox id="Connection178" port="1"/>
    <point x="46.75" y="50.45"/><point x="46.15" y="51.45"/></line>
    <line id="e546__OUT__CPY">
      <fromjoint id="n655__IN__0" port="0"/>
      <tobox id="Connection181" port="1"/>
    <point x="32.71" y="64.67"/><point x="31.5" y="65.67"/></line>
    <line id="e548__OUT__CPY">
      <fromjoint id="n655__IN__1" port="0"/>
      <tobox id="Connection7" port="24"/>
    <point x="115.88" y="4.22"/><point x="111.85" y="5.22"/></line>
    <line id="e550__OUT__CPY">
      <fromjoint id="n658__IN__0" port="0"/>
      <tobox id="Connection184" port="1"/>
    <point x="55.21" y="7.78"/><point x="55.21" y="8.78"/></line>
    <line id="e553__OUT__CPY">
      <fromjoint id="n661__IN__0" port="0"/>
      <tobox id="Connection187" port="1"/>
    <point x="50.76" y="22.0"/><point x="50.76" y="23.0"/></line>
    <line id="e555__OUT__CPY">
      <fromjoint id="n661__IN__1" port="0"/>
      <tobox id="Connection8" port="12"/>
    <point x="22.65" y="4.22"/><point x="18.61" y="5.22"/></line>
    <line id="e557__OUT__CPY">
      <fromjoint id="n664__IN__0" port="0"/>
      <tobox id="Connection190" port="1"/>
    <point x="53.58" y="36.22"/><point x="53.58" y="37.22"/></line>
    <line id="e560__OUT__CPY">
      <fromjoint id="n667__IN__0" port="0"/>
      <tobox id="Connection178" port="2"/>
    <point x="51.49" y="50.45"/><point x="46.97" y="51.45"/></line>
    <line id="e566__OUT__CPY">
      <fromjoint id="n672__IN__0" port="0"/>
      <tobox id="Connection193" port="1"/>
    <point x="36.71" y="64.67"/><point x="36.71" y="65.67"/></line>
    <line id="e568__OUT__CPY">
      <fromjoint id="n672__IN__1" port="0"/>
      <tobox id="Connection9" port="9"/>
    <point x="141.29" y="4.22"/><point x="136.57" y="5.22"/></line>
    <line id="e570__OUT__CPY">
      <fromjoint id="n675__IN__0" port="0"/>
      <tobox id="Connection94" port="1"/>
    <point x="44.25" y="78.89"/><point x="43.92" y="79.89"/></line>
    <line id="e573__OUT__CPY">
      <fromjoint id="n678__IN__0" port="0"/>
      <tobox id="Connection178" port="3"/>
    <point x="31.68" y="93.11"/><point x="47.79" y="51.45"/></line>
    <line id="e579__OUT__CPY">
      <fromjoint id="n683__IN__0" port="0"/>
      <tobox id="Connection97" port="1"/>
    <point x="38.71" y="64.67"/><point x="46.5" y="65.67"/></line>
    <line id="e581__OUT__CPY">
      <fromjoint id="n683__IN__1" port="0"/>
      <tobox id="Connection10" port="15"/>
    <point x="171.33" y="4.22"/><point x="170.88" y="5.22"/></line>
    <line id="e583__OUT__CPY">
      <fromjoint id="n686__IN__0" port="0"/>
      <tobox id="Connection178" port="4"/>
    <point x="50.76" y="78.89"/><point x="48.61" y="51.45"/></line>
    <line id="e632__OUT__CPY">
      <fromjoint id="n730__IN__0" port="0"/>
      <tobox id="Connection178" port="5"/>
    <point x="49.43" y="50.45"/><point x="49.43" y="51.45"/></line>
    <line id="e636__OUT__CPY">
      <fromjoint id="n734__IN__0" port="0"/>
      <tobox id="Connection178" port="6"/>
    <point x="44.71" y="64.67"/><point x="50.25" y="51.45"/></line>
    <line id="e588__OUT__CPY">
      <fromjoint id="n690__IN__0" port="0"/>
      <tobox id="Connection94" port="2"/>
    <point x="42.25" y="78.89"/><point x="44.65" y="79.89"/></line>
    <line id="e592__OUT__CPY">
      <fromjoint id="n694__IN__0" port="0"/>
      <tobox id="Connection94" port="3"/>
    <point x="41.65" y="93.11"/><point x="45.4" y="79.89"/></line>
    <line id="e597__OUT__CPY">
      <fromjoint id="n698__IN__0" port="0"/>
      <tobox id="Connection190" port="2"/>
    <point x="53.78" y="93.11"/><point x="54.22" y="37.22"/></line>
    <line id="e610__OUT__CPY">
      <fromjoint id="n710__IN__0" port="0"/>
      <tobox id="Connection94" port="4"/>
    <point x="54.75" y="52.22"/><point x="46.14" y="79.89"/></line>
    <line id="e615__OUT__CPY">
      <fromjoint id="n714__IN__0" port="0"/>
      <tobox id="Connection178" port="7"/>
    <point x="46.69" y="93.11"/><point x="51.07" y="51.45"/></line>
    <line id="e619__OUT__CPY">
      <fromjoint id="n718__IN__0" port="0"/>
      <tobox id="Connection184" port="2"/>
    <point x="52.78" y="64.67"/><point x="55.9" y="8.78"/></line>
    <line id="e622__OUT__CPY">
      <fromjoint id="n721__IN__0" port="0"/>
      <tobox id="Connection184" port="3"/>
    <point x="52.76" y="22.0"/><point x="56.6" y="8.78"/></line>
  </level>
</graph>