<graph id="world"><level id="Application" top="0.0" left="0.0" bottom="70.0" right="40.0"><edgeset id="Application5" top="10.0" left="70.0" bottom="20.0" right="80.0"/><edge from="Application5" to="Application39"><point x="75.0" y="20.0"/><point x="75.0" y="30.0"/></edge><edgeset id="Application1" top="10.0" left="50.0" bottom="20.0" right="60.0"/><edge from="Application1" to="Application2"><point x="55.0" y="20.0"/><point x="33.333333333333336" y="30.0"/></edge><edgeset id="Application39" top="30.0" left="70.0" bottom="40.0" right="80.0"/><edgeset id="Application0" top="10.0" left="25.0" bottom="20.0" right="35.0"/><edge from="Application0" to="Application2"><point x="30.0" y="20.0"/><point x="26.666666666666668" y="30.0"/></edge><edgeset id="Application2" top="30.0" left="20.0" bottom="40.0" right="40.0"/><edge from="Application2" to="Application4"><point x="30.0" y="40.0"/><point x="30.0" y="50.0"/></edge><edgeset id="Application4" top="50.0" left="25.0" bottom="60.0" right="35.0"/><edge from="Application4" to="Application3"><point x="30.0" y="60.0"/><point x="30.0" y="70.0"/></edge><edgeset id="Application3" top="70.0" left="25.0" bottom="80.0" right="35.0"/></level></graph>