<?xml version="1.0" ?>
<graph id="world">
  <level id="WidenBoxes" targetScore="300">
    <box id="WidenBoxes30" width="narrow" editable="true"/>
    <box id="WidenBoxes20" width="narrow" editable="true"/>
    <box id="WidenBoxes10" width="narrow" editable="true"/>
    <box id="WidenBoxes3" width="wide" editable="false"/>
    <box id="WidenBoxes2" width="wide" editable="false"/>
    <box id="WidenBoxes1" width="wide" editable="false"/>
    <box id="WidenBoxes4" width="wide" editable="false"/>
  </level>
  <level id="NarrowBoxes" targetScore="450">
    <box id="NarrowBoxes30" width="narrow" editable="true"/>
    <box id="NarrowBoxes20" width="narrow" editable="true"/>
    <box id="NarrowBoxes10" width="narrow" editable="true"/>
    <box id="NarrowBoxes1" width="wide" editable="false"/>
    <box id="NarrowBoxes2" width="wide" editable="true"/>
    <box id="NarrowBoxes3" width="wide" editable="false"/>
    <box id="NarrowBoxes4" width="wide" editable="true"/>
  </level>
</graph>