<?xml version="1.0" ?>
<graph id="world">
  <level id="WidenBoxes" targetScore="300">
    <box id="WidenBoxes30" width="narrow" editable="true"/>
    <box id="WidenBoxes20" width="narrow" editable="true"/>
    <box id="WidenBoxes10" width="narrow" editable="true"/>
    <box id="WidenBoxes3" width="wide" editable="false"/>
    <box id="WidenBoxes2" width="wide" editable="false"/>
    <box id="WidenBoxes1" width="wide" editable="false"/>
    <box id="WidenBoxes4" width="wide" editable="false"/>
  </level>
  <level id="NarrowBoxes" targetScore="450">
    <box id="NarrowBoxes30" width="narrow" editable="true"/>
    <box id="NarrowBoxes20" width="narrow" editable="true"/>
    <box id="NarrowBoxes10" width="narrow" editable="true"/>
    <box id="NarrowBoxes1" width="wide" editable="false"/>
    <box id="NarrowBoxes2" width="wide" editable="true"/>
    <box id="NarrowBoxes3" width="wide" editable="false"/>
    <box id="NarrowBoxes4" width="wide" editable="true"/>
  </level>
  <level id="SatisfyBoxes" targetScore="400">
    <box id="SatisfyBoxes10" width="wide" editable="false"/>
    <box id="SatisfyBoxes40" width="wide" editable="false"/>
    <box id="SatisfyBoxes30" width="wide" editable="false"/>
    <box id="SatisfyBoxes20" width="wide" editable="true"/>
    <box id="SatisfyBoxes3" width="narrow" editable="true"/>
    <box id="SatisfyBoxes2" width="narrow" editable="false"/>
    <box id="SatisfyBoxes1" width="narrow" editable="true"/>
  </level>
  <level id="Optimize" targetScore="1000">
    <box id="Optimize4" width="narrow" editable="true"/>
    <box id="Optimize2" width="narrow" editable="true"/>
    <box id="Optimize3" width="narrow" editable="true"/>
    <box id="Optimize1" width="narrow" editable="true"/>
  </level>
</graph>