<?xml version="1.0" ?>
<graph id="world">
  <level id="IntroWidget">
    <box id="IntroWidget2" width="narrow" editable="true"/>
    <box id="IntroWidget3" width="wide" editable="true"/>
    <box id="IntroWidget1" width="wide" editable="true"/>
    <box id="IntroWidget4" width="narrow" editable="true"/>
  </level>
  <level id="LockedWidget">
    <box id="LockedWidget4" width="narrow" editable="false"/>
    <box id="LockedWidget3" width="wide" editable="false"/>
    <box id="LockedWidget2" width="narrow" editable="false"/>
    <box id="LockedWidget1" width="wide" editable="false"/>
  </level>
  <level id="Links">
    <box id="Links4" width="wide" editable="false"/>
    <box id="Links3" width="narrow" editable="true"/>
    <box id="Links2" width="wide" editable="false"/>
    <box id="Links1" width="wide" editable="true"/>
  </level>
  <level id="Passages">
    <box id="Passages1" width="narrow" editable="false"/>
    <box id="Passages2" width="narrow" editable="false"/>
    <box id="Passages3" width="narrow" editable="true"/>
    <box id="Passages4" width="wide" editable="false"/>
  </level>
  <level id="Clashes">
    <box id="Clashes1" width="wide" editable="true"/>
    <box id="Clashes2" width="narrow" editable="false"/>
  </level>
  <level id="WidenBoxes" targetScore="300">
    <box id="WidenBoxes30" width="narrow" editable="true"/>
    <box id="WidenBoxes20" width="narrow" editable="true"/>
    <box id="WidenBoxes10" width="narrow" editable="true"/>
    <box id="WidenBoxes3" width="wide" editable="false"/>
    <box id="WidenBoxes2" width="wide" editable="false"/>
    <box id="WidenBoxes1" width="wide" editable="false"/>
    <box id="WidenBoxes4" width="wide" editable="false"/>
  </level>
  <level id="NarrowBoxes" targetScore="450">
    <box id="NarrowBoxes30" width="narrow" editable="true"/>
    <box id="NarrowBoxes20" width="narrow" editable="true"/>
    <box id="NarrowBoxes10" width="narrow" editable="true"/>
    <box id="NarrowBoxes1" width="wide" editable="false"/>
    <box id="NarrowBoxes2" width="wide" editable="true"/>
    <box id="NarrowBoxes3" width="wide" editable="false"/>
    <box id="NarrowBoxes4" width="wide" editable="true"/>
  </level>
  <level id="SatisfyBoxes" targetScore="400">
    <box id="SatisfyBoxes10" width="wide" editable="false"/>
    <box id="SatisfyBoxes40" width="wide" editable="false"/>
    <box id="SatisfyBoxes30" width="wide" editable="false"/>
    <box id="SatisfyBoxes20" width="wide" editable="true"/>
    <box id="SatisfyBoxes3" width="narrow" editable="true"/>
    <box id="SatisfyBoxes2" width="narrow" editable="false"/>
    <box id="SatisfyBoxes1" width="narrow" editable="true"/>
  </level>
  <level id="Optimize" targetScore="1000">
    <box id="Optimize4" width="narrow" editable="true"/>
    <box id="Optimize2" width="narrow" editable="true"/>
    <box id="Optimize3" width="narrow" editable="true"/>
    <box id="Optimize1" width="narrow" editable="true"/>
  </level>
<level id="End" targetScore="10000">
  <box id="net_sf_picard_metrics_VersionHeader0" width="narrow" editable="true"/>
  <box id="net_sf_picard_metrics_VersionHeader1" width="narrow" editable="true"/>
  <box id="net_sf_picard_metrics_VersionHeader2" width="narrow" editable="true"/>
  <box id="net_sf_picard_metrics_VersionHeader3" width="narrow" editable="true"/>
  <box id="net_sf_picard_metrics_VersionHeader4" width="narrow" editable="true"/>
  <box id="net_sf_picard_metrics_VersionHeader5" width="narrow" editable="true"/>
  <box id="net_sf_picard_metrics_VersionHeader6" width="narrow" editable="true"/>
  <box id="net_sf_picard_metrics_VersionHeader7" width="narrow" editable="true"/>
  <box id="net_sf_picard_metrics_VersionHeader8" width="narrow" editable="true"/>
  <box id="net_sf_picard_metrics_VersionHeader9" width="narrow" editable="true"/>
  <box id="net_sf_picard_metrics_VersionHeader10" width="narrow" editable="true"/>
  <box id="net_sf_picard_metrics_VersionHeader11" width="narrow" editable="true"/>
  <box id="net_sf_picard_metrics_VersionHeader12" width="narrow" editable="true"/>
  <box id="net_sf_picard_metrics_VersionHeader13" width="narrow" editable="true"/>
  <box id="net_sf_picard_metrics_VersionHeader14" width="narrow" editable="false"/>
  <box id="net_sf_picard_metrics_VersionHeader19" width="narrow" editable="false"/>
  <box id="net_sf_picard_metrics_VersionHeader20" width="narrow" editable="true"/>
  <box id="net_sf_picard_metrics_VersionHeader22" width="narrow" editable="false"/>
  <box id="net_sf_picard_metrics_VersionHeader23" width="wide" editable="false"/>
  <box id="net_sf_picard_metrics_VersionHeader25" width="narrow" editable="true"/>
  <box id="net_sf_picard_metrics_VersionHeader26" width="wide" editable="false"/>
  <box id="net_sf_picard_metrics_VersionHeader31" width="narrow" editable="true"/>
  <box id="net_sf_picard_metrics_VersionHeader32" width="narrow" editable="false"/>
  <box id="net_sf_picard_metrics_VersionHeader35" width="narrow" editable="false"/>
  <box id="net_sf_picard_metrics_VersionHeader38" width="narrow" editable="false"/>
  <box id="net_sf_picard_metrics_VersionHeader39" width="narrow" editable="false"/>
  <box id="net_sf_picard_metrics_VersionHeader40" width="narrow" editable="false"/>
  <box id="net_sf_picard_metrics_VersionHeader42" width="narrow" editable="false"/>
  <box id="net_sf_picard_metrics_VersionHeader45" width="narrow" editable="true"/>
  <box id="net_sf_picard_metrics_VersionHeader51" width="narrow" editable="true"/>
  <box id="net_sf_picard_metrics_VersionHeader52" width="narrow" editable="false"/>
  <box id="net_sf_picard_metrics_VersionHeader54" width="narrow" editable="false"/>
  <box id="net_sf_picard_metrics_VersionHeader55" width="narrow" editable="false"/>
  <box id="net_sf_picard_metrics_VersionHeader57" width="wide" editable="false"/>
  <box id="net_sf_picard_metrics_VersionHeader58" width="wide" editable="false"/>
  <box id="net_sf_picard_metrics_VersionHeader59" width="wide" editable="false"/>
  <box id="net_sf_picard_metrics_VersionHeader62" width="wide" editable="false"/>
  <box id="net_sf_picard_metrics_VersionHeader64" width="narrow" editable="false"/>
  <box id="net_sf_picard_metrics_VersionHeader67" width="narrow" editable="true"/>
  <box id="net_sf_picard_metrics_VersionHeader71" width="narrow" editable="true"/>
  <box id="net_sf_picard_metrics_VersionHeader72" width="narrow" editable="false"/>
  <box id="net_sf_picard_metrics_VersionHeader75" width="narrow" editable="false"/>
  <box id="net_sf_picard_metrics_VersionHeader76" width="narrow" editable="false"/>
  <box id="net_sf_picard_metrics_VersionHeader77" width="narrow" editable="false"/>
  <box id="net_sf_picard_metrics_VersionHeader79" width="narrow" editable="false"/>
  <box id="net_sf_picard_metrics_VersionHeader80" width="narrow" editable="false"/>
  <box id="net_sf_picard_metrics_VersionHeader82" width="narrow" editable="false"/>
  <box id="net_sf_picard_metrics_VersionHeader87" width="narrow" editable="false"/>
  <box id="net_sf_picard_metrics_VersionHeader88" width="wide" editable="false"/>
  <box id="net_sf_picard_metrics_VersionHeader90" width="narrow" editable="true"/>
  <box id="net_sf_picard_metrics_VersionHeader91" width="narrow" editable="false"/>
  <box id="net_sf_picard_metrics_VersionHeader98" width="narrow" editable="false"/>
  <box id="net_sf_picard_metrics_VersionHeader99" width="narrow" editable="true"/>
  <box id="net_sf_picard_metrics_VersionHeader101" width="narrow" editable="false"/>
  <box id="net_sf_picard_metrics_VersionHeader102" width="wide" editable="false"/>
  <box id="net_sf_picard_metrics_VersionHeader104" width="narrow" editable="true"/>
  <box id="net_sf_picard_metrics_VersionHeader105" width="wide" editable="false"/>
  <box id="net_sf_picard_metrics_VersionHeader109" width="wide" editable="false"/>
  <box id="net_sf_picard_metrics_VersionHeader118" width="narrow" editable="true"/>
  <box id="net_sf_picard_metrics_VersionHeader119" width="narrow" editable="false"/>
  <box id="net_sf_picard_metrics_VersionHeader127" width="narrow" editable="false"/>
  <box id="net_sf_picard_metrics_VersionHeader128" width="narrow" editable="false"/>
  <box id="net_sf_picard_metrics_VersionHeader140" width="narrow" editable="false"/>
  <box id="net_sf_picard_metrics_VersionHeader141" width="narrow" editable="false"/>
  <box id="net_sf_picard_metrics_VersionHeader143" width="narrow" editable="false"/>
  <box id="net_sf_picard_metrics_VersionHeader144" width="narrow" editable="false"/>
  <box id="net_sf_picard_metrics_VersionHeader146" width="wide" editable="false"/>
  <box id="net_sf_picard_metrics_VersionHeader147" width="wide" editable="false"/>
  <box id="net_sf_picard_metrics_VersionHeader148" width="wide" editable="false"/>
  <box id="net_sf_picard_metrics_VersionHeader151" width="wide" editable="false"/>
  <box id="net_sf_picard_metrics_VersionHeader153" width="narrow" editable="false"/>
  <box id="net_sf_picard_metrics_VersionHeader156" width="narrow" editable="true"/>
  <box id="net_sf_picard_metrics_VersionHeader160" width="narrow" editable="true"/>
  <box id="net_sf_picard_metrics_VersionHeader161" width="wide" editable="false"/>
  <box id="net_sf_picard_metrics_VersionHeader163" width="narrow" editable="true"/>
  <box id="net_sf_picard_metrics_VersionHeader164" width="narrow" editable="false"/>
  <box id="net_sf_picard_metrics_VersionHeader171" width="narrow" editable="false"/>
  <box id="net_sf_picard_metrics_VersionHeader172" width="wide" editable="false"/>
  <box id="net_sf_picard_metrics_VersionHeader173" width="narrow" editable="true"/>
  <box id="net_sf_picard_metrics_VersionHeader174" width="narrow" editable="false"/>
  <box id="net_sf_picard_metrics_VersionHeader177" width="narrow" editable="false"/>
  <box id="net_sf_picard_metrics_VersionHeader178" width="narrow" editable="false"/>
  <box id="net_sf_picard_metrics_VersionHeader183" width="narrow" editable="false"/>
  <box id="EXT__net_sf_samtools_util_StringUtil-assertCharactersNotInString-Ljava-lang-String--C--Ljava-lang-String-__XIN__inParam1" width="wide" editable="false"/>
  <box id="EXT__net_sf_samtools_util_StringUtil-assertCharactersNotInString-Ljava-lang-String--C--Ljava-lang-String-__XIN__inReceiver" width="wide" editable="false"/>
  <box id="EXT__net_sf_samtools_util_StringUtil-assertCharactersNotInString-Ljava-lang-String--C--Ljava-lang-String-__XOUT__outReceiver" width="narrow" editable="false"/>
  <box id="EXT__net_sf_samtools_util_StringUtil-assertCharactersNotInString-Ljava-lang-String--C--Ljava-lang-String-__XOUT__outputReturn1" width="narrow" editable="false"/>
</level>
</graph>