<?xml version="1.0" ?>
<graph id="world">
  <level id="single_straight">
    <box id="Simple1" width="wide" editable="true"/>
    <box id="Simple0" width="wide" editable="true"/>
    <box id="Simple3" width="narrow" editable="false"/>
    <box id="Simple2" width="narrow" editable="true"/>
  </level>
  <level id="adjust">
    <box id="Simple20" width="wide" editable="true"/>
    <box id="Simple21" width="wide" editable="true"/>
    <box id="Simple22" width="narrow" editable="false"/>
  </level>
  <level id="StraightConnection">
    <box id="Simple11" width="narrow" editable="true"/>
    <box id="Simple10" width="wide" editable="true"/>
  </level>
  <level id="PinchedRoad">
    <box id="Simple40" width="wide" editable="true"/>
  </level>
  <level id="NeedABuzzsaw">
    <box id="Simple51" width="narrow" editable="false"/>
    <box id="Simple50" width="wide" editable="false"/>
    <box id="Simple52" width="wide" editable="false"/>
  </level>
  <level id="StarredRoad">
    <box id="Simple60" width="wide" editable="true"/>
    <box id="Simple61" width="wide" editable="true"/>
  </level>
  <level id="firstTutorialBoard">
    <box id="Simple4" width="wide" editable="true"/>
    <box id="Simple6" width="narrow" editable="true"/>
    <box id="Simple1" width="wide" editable="true"/>
    <box id="Simple0" width="wide" editable="true"/>
    <box id="Simple3" width="narrow" editable="true"/>
  </level>
  <level id="secondTutorialBoard">
    <box id="Simple5" width="narrow" editable="true"/>
    <box id="Simple4" width="narrow" editable="true"/>
    <box id="Simple6" width="narrow" editable="false"/>
    <box id="Simple1" width="wide" editable="false"/>
    <box id="Simple0" width="wide" editable="false"/>
    <box id="Simple3" width="wide" editable="true"/>
  </level>
  <level id="Getmap">
    <box id="e1s5" width="wide" editable="true"/>
    <box id="e1s4" width="narrow" editable="true"/>
    <box id="e1s3" width="narrow" editable="true"/>
    <box id="e1s2" width="narrow" editable="true"/>
    <box id="e1s1" width="wide" editable="true"/>
  </level>
</graph>