<world version="1">
  <level name="MapGet">
    <linked-edges>
      <edge-set id="32" width="wide">
        <edgeref id="37"/>
      </edge-set>
      <edge-set id="2" width="wide">
        <edgeref id="15"/>
      </edge-set>
      <edge-set id="3" width="narrow">
        <edgeref id="17"/>
      </edge-set>
      <edge-set id="4" width="wide">
        <edgeref id="16"/>
      </edge-set>
      <edge-set id="5" width="wide">
        <stamp id="2" active="true"/>
        <edgeref id="28"/>
      </edge-set>
      <edge-set id="6" width="narrow">
        <edgeref id="19"/>
      </edge-set>
      <edge-set id="20" width="wide">
        <edgeref id="27"/>
      </edge-set>
      <edge-set id="21" width="wide">
        <edgeref id="26"/>
        <edgeref id="33"/>
      </edge-set>
      <edge-set id="31" width="wide">
        <edgeref id="36"/>
      </edge-set>
    </linked-edges>
    <boards>
      <board name="MapGetBoard">
        <node id="1" kind="GET">
          <input>
            <port num="1" edge="16"/>
            <port num="3" edge="28"/>
            <port num="2" edge="17"/>
            <port num="0" edge="15"/>
          </input>
          <output>
            <port num="output" edge="19"/>
          </output>
        </node>
        <node id="34" kind="END">
          <input>
            <port num="input" edge="36"/>
          </input>
          <output/>
        </node>
        <node id="35" kind="OUTGOING">
          <input>
            <port num="outgoing" edge="37"/>
          </input>
          <output/>
        </node>
        <node id="8" kind="START_PIPE_DEPENDENT_BALL">
          <input/>
          <output>
            <port num="output" edge="15"/>
          </output>
        </node>
        <node id="9" kind="START_PIPE_DEPENDENT_BALL">
          <input/>
          <output>
            <port num="output" edge="16"/>
          </output>
        </node>
        <node id="10" kind="START_PIPE_DEPENDENT_BALL">
          <input/>
          <output>
            <port num="output" edge="17"/>
          </output>
        </node>
        <node id="14" kind="END">
          <input>
            <port num="input" edge="19"/>
          </input>
          <output/>
        </node>
        <node id="23" kind="MERGE">
          <input>
            <port num="right" edge="27"/>
            <port num="left" edge="26"/>
          </input>
          <output>
            <port num="output" edge="28"/>
          </output>
        </node>
        <node id="24" kind="INCOMING">
          <input/>
          <output>
            <port num="incoming" edge="27"/>
          </output>
        </node>
        <node id="25" kind="INCOMING">
          <input/>
          <output>
            <port num="incoming" edge="26"/>
          </output>
        </node>
        <node id="29" kind="INCOMING">
          <input/>
          <output>
            <port num="incoming" edge="33"/>
          </output>
        </node>
        <node id="30" kind="SPLIT">
          <input>
            <port num="input" edge="33"/>
          </input>
          <output>
            <port num="right" edge="36"/>
            <port num="left" edge="37"/>
          </output>
        </node>
        <edge id="16" width="wide" editable="true" pinch="false" description="exported" variableID="-1" buzzsaw="false">
          <from>
            <noderef id="9" port="output"/>
          </from>
          <to>
            <noderef id="1" port="1"/>
          </to>
        </edge>
        <edge id="17" width="narrow" editable="true" pinch="false" description="exported" variableID="-1" buzzsaw="false">
          <from>
            <noderef id="10" port="output"/>
          </from>
          <to>
            <noderef id="1" port="2"/>
          </to>
        </edge>
        <edge id="19" width="narrow" editable="true" pinch="false" description="exported" variableID="-1" buzzsaw="false">
          <from>
            <noderef id="1" port="output"/>
          </from>
          <to>
            <noderef id="14" port="input"/>
          </to>
        </edge>
        <edge id="36" width="wide" editable="true" pinch="false" description="exported" variableID="-1" buzzsaw="false">
          <from>
            <noderef id="30" port="right"/>
          </from>
          <to>
            <noderef id="34" port="input"/>
          </to>
        </edge>
        <edge id="37" width="wide" editable="true" pinch="false" description="exported" variableID="-1" buzzsaw="false">
          <from>
            <noderef id="30" port="left"/>
          </from>
          <to>
            <noderef id="35" port="outgoing"/>
          </to>
        </edge>
        <edge id="33" width="wide" editable="true" pinch="false" description="exported" variableID="-1" buzzsaw="false">
          <from>
            <noderef id="29" port="incoming"/>
          </from>
          <to>
            <noderef id="30" port="input"/>
          </to>
        </edge>
        <edge id="26" width="wide" editable="true" pinch="false" description="exported" variableID="-1" buzzsaw="false">
          <from>
            <noderef id="25" port="incoming"/>
          </from>
          <to>
            <noderef id="23" port="left"/>
          </to>
        </edge>
        <edge id="27" width="wide" editable="true" pinch="false" description="exported" variableID="-1" buzzsaw="false">
          <from>
            <noderef id="24" port="incoming"/>
          </from>
          <to>
            <noderef id="23" port="right"/>
          </to>
        </edge>
        <edge id="28" width="wide" editable="true" pinch="false" description="exported" variableID="-1" buzzsaw="false">
          <from>
            <noderef id="23" port="output"/>
          </from>
          <to>
            <noderef id="1" port="3"/>
          </to>
        </edge>
        <edge id="15" width="wide" editable="true" pinch="false" description="exported" variableID="-1" buzzsaw="false">
          <from>
            <noderef id="8" port="output"/>
          </from>
          <to>
            <noderef id="1" port="0"/>
          </to>
        </edge>
      </board>
    </boards>
  </level>
</world>