<?xml version="1.0" ?>
<graph id="world">
  <level id="net_sf_picard_analysis_directed_InsertSizeMetricsCollector_PerUnitInsertSizeMetricsCollector">
    <box id="EXT__net_sf_picard_metrics_MultilevelMetrics-LIBRARY--SET__XIN__output_1" width="wide" editable="false"/>
    <box id="EXT__net_sf_picard_metrics_MetricsFile-addHistogram-Lnet-sf-picard-util-Histogram---V__XOUT__outReceiver" width="narrow" editable="false"/>
    <box id="EXT__net_sf_picard_analysis_InsertSizeMetrics-PAIR_ORIENTATION--SET__XOUT__outReceiver" width="narrow" editable="false"/>
    <box id="net_sf_picard_analysis_directed_InsertSizeMetricsCollector-d-PerUnitInsertSizeMetricsCollector327" width="narrow" editable="false"/>
    <box id="EXT__net_sf_picard_analysis_directed_InsertSizeCollectorArgs-getInsertSize---I__XOUT__outReceiver" width="narrow" editable="false"/>
    <box id="net_sf_picard_analysis_directed_InsertSizeMetricsCollector-d-PerUnitInsertSizeMetricsCollector38" width="narrow" editable="true"/>
    <box id="net_sf_picard_analysis_directed_InsertSizeMetricsCollector-d-PerUnitInsertSizeMetricsCollector39" width="narrow" editable="true"/>
    <box id="net_sf_picard_analysis_directed_InsertSizeMetricsCollector-d-PerUnitInsertSizeMetricsCollector36" width="narrow" editable="true"/>
    <box id="net_sf_picard_analysis_directed_InsertSizeMetricsCollector-d-PerUnitInsertSizeMetricsCollector37" width="narrow" editable="true"/>
    <box id="net_sf_picard_analysis_directed_InsertSizeMetricsCollector-d-PerUnitInsertSizeMetricsCollector34" width="narrow" editable="true"/>
    <box id="net_sf_picard_analysis_directed_InsertSizeMetricsCollector-d-PerUnitInsertSizeMetricsCollector35" width="narrow" editable="true"/>
    <box id="net_sf_picard_analysis_directed_InsertSizeMetricsCollector-d-PerUnitInsertSizeMetricsCollector32" width="narrow" editable="true"/>
    <box id="net_sf_picard_analysis_directed_InsertSizeMetricsCollector-d-PerUnitInsertSizeMetricsCollector33" width="narrow" editable="true"/>
    <box id="net_sf_picard_analysis_directed_InsertSizeMetricsCollector-d-PerUnitInsertSizeMetricsCollector30" width="narrow" editable="true"/>
    <box id="net_sf_picard_analysis_directed_InsertSizeMetricsCollector-d-PerUnitInsertSizeMetricsCollector31" width="narrow" editable="true"/>
    <box id="net_sf_picard_analysis_directed_InsertSizeMetricsCollector-d-PerUnitInsertSizeMetricsCollector140" width="narrow" editable="false"/>
    <box id="net_sf_picard_analysis_directed_InsertSizeMetricsCollector-d-PerUnitInsertSizeMetricsCollector321" width="narrow" editable="false"/>
    <box id="EXT__net_sf_picard_metrics_MetricsFile-addHistogram-Lnet-sf-picard-util-Histogram---V__XIN__inReceiver" width="wide" editable="false"/>
    <box id="EXT__net_sf_picard_metrics_MultilevelMetrics-SAMPLE--GET__XOUT__outputReturn1" width="narrow" editable="false"/>
    <box id="net_sf_picard_analysis_directed_InsertSizeMetricsCollector-d-PerUnitInsertSizeMetricsCollector344" width="narrow" editable="false"/>
    <box id="EXT__net_sf_picard_analysis_directed_InsertSizeMetricsCollector-histogramWidth--GET__XOUT__outReceiver" width="narrow" editable="false"/>
    <box id="net_sf_picard_analysis_directed_InsertSizeMetricsCollector-d-PerUnitInsertSizeMetricsCollector342" width="narrow" editable="false"/>
    <box id="EXT__net_sf_picard_metrics_MetricsFile-addMetric-Lnet-sf-picard-metrics-MetricBase---V__XIN__inParam1" width="wide" editable="false"/>
    <box id="EXT__net_sf_picard_metrics_MetricsFile-addHistogram-Lnet-sf-picard-util-Histogram---V__XIN__inParam1" width="wide" editable="false"/>
    <box id="EXT__net_sf_picard_metrics_MultilevelMetrics-SAMPLE--GET__XIN__inReceiver" width="wide" editable="false"/>
    <box id="net_sf_picard_analysis_directed_InsertSizeMetricsCollector-d-PerUnitInsertSizeMetricsCollector83" width="narrow" editable="false"/>
    <box id="EXT__net_sf_picard_analysis_InsertSizeMetrics-PAIR_ORIENTATION--GET__XOUT__outReceiver" width="narrow" editable="false"/>
    <box id="EXT__net_sf_picard_metrics_MultilevelMetrics-READ_GROUP--SET__XIN__inReceiver" width="wide" editable="false"/>
    <box id="net_sf_picard_analysis_directed_InsertSizeMetricsCollector-d-PerUnitInsertSizeMetricsCollector80" width="narrow" editable="false"/>
    <box id="net_sf_picard_analysis_directed_InsertSizeMetricsCollector-d-PerUnitInsertSizeMetricsCollector87" width="narrow" editable="false"/>
    <box id="net_sf_picard_analysis_directed_InsertSizeMetricsCollector-d-PerUnitInsertSizeMetricsCollector333" width="narrow" editable="false"/>
    <box id="net_sf_picard_analysis_directed_InsertSizeMetricsCollector-d-PerUnitInsertSizeMetricsCollector85" width="narrow" editable="false"/>
    <box id="net_sf_picard_analysis_directed_InsertSizeMetricsCollector-d-PerUnitInsertSizeMetricsCollector84" width="narrow" editable="false"/>
    <box id="net_sf_picard_analysis_directed_InsertSizeMetricsCollector-d-PerUnitInsertSizeMetricsCollector139" width="narrow" editable="false"/>
    <box id="net_sf_picard_analysis_directed_InsertSizeMetricsCollector-d-PerUnitInsertSizeMetricsCollector338" width="narrow" editable="false"/>
    <box id="net_sf_picard_analysis_directed_InsertSizeMetricsCollector-d-PerUnitInsertSizeMetricsCollector339" width="narrow" editable="false"/>
    <box id="EXT__net_sf_picard_analysis_directed_InsertSizeMetricsCollector-histogramWidth--GET__XIN__inReceiver" width="wide" editable="false"/>
    <box id="net_sf_picard_analysis_directed_InsertSizeMetricsCollector-d-PerUnitInsertSizeMetricsCollector41" width="narrow" editable="true"/>
    <box id="net_sf_picard_analysis_directed_InsertSizeMetricsCollector-d-PerUnitInsertSizeMetricsCollector186" width="narrow" editable="false"/>
    <box id="net_sf_picard_analysis_directed_InsertSizeMetricsCollector-d-PerUnitInsertSizeMetricsCollector21" width="narrow" editable="true"/>
    <box id="net_sf_picard_analysis_directed_InsertSizeMetricsCollector-d-PerUnitInsertSizeMetricsCollector20" width="narrow" editable="true"/>
    <box id="net_sf_picard_analysis_directed_InsertSizeMetricsCollector-d-PerUnitInsertSizeMetricsCollector23" width="narrow" editable="true"/>
    <box id="net_sf_picard_analysis_directed_InsertSizeMetricsCollector-d-PerUnitInsertSizeMetricsCollector22" width="narrow" editable="true"/>
    <box id="net_sf_picard_analysis_directed_InsertSizeMetricsCollector-d-PerUnitInsertSizeMetricsCollector25" width="narrow" editable="true"/>
    <box id="net_sf_picard_analysis_directed_InsertSizeMetricsCollector-d-PerUnitInsertSizeMetricsCollector24" width="narrow" editable="true"/>
    <box id="net_sf_picard_analysis_directed_InsertSizeMetricsCollector-d-PerUnitInsertSizeMetricsCollector27" width="narrow" editable="true"/>
    <box id="net_sf_picard_analysis_directed_InsertSizeMetricsCollector-d-PerUnitInsertSizeMetricsCollector26" width="narrow" editable="true"/>
    <box id="net_sf_picard_analysis_directed_InsertSizeMetricsCollector-d-PerUnitInsertSizeMetricsCollector29" width="narrow" editable="true"/>
    <box id="net_sf_picard_analysis_directed_InsertSizeMetricsCollector-d-PerUnitInsertSizeMetricsCollector28" width="narrow" editable="true"/>
    <box id="net_sf_picard_analysis_directed_InsertSizeMetricsCollector-d-PerUnitInsertSizeMetricsCollector336" width="narrow" editable="false"/>
    <box id="net_sf_picard_analysis_directed_InsertSizeMetricsCollector-d-PerUnitInsertSizeMetricsCollector298" width="narrow" editable="false"/>
    <box id="EXT__net_sf_picard_analysis_InsertSizeMetrics-PAIR_ORIENTATION--SET__XIN__inReceiver" width="wide" editable="false"/>
    <box id="net_sf_picard_analysis_directed_InsertSizeMetricsCollector-d-PerUnitInsertSizeMetricsCollector335" width="narrow" editable="false"/>
    <box id="net_sf_picard_analysis_directed_InsertSizeMetricsCollector-d-PerUnitInsertSizeMetricsCollector332" width="narrow" editable="false"/>
    <box id="net_sf_picard_analysis_directed_InsertSizeMetricsCollector-d-PerUnitInsertSizeMetricsCollector160" width="narrow" editable="false"/>
    <box id="net_sf_picard_analysis_directed_InsertSizeMetricsCollector-d-PerUnitInsertSizeMetricsCollector296" width="narrow" editable="false"/>
    <box id="EXT__net_sf_picard_metrics_MultilevelMetrics-LIBRARY--GET__XIN__inReceiver" width="wide" editable="false"/>
    <box id="net_sf_picard_analysis_directed_InsertSizeMetricsCollector-d-PerUnitInsertSizeMetricsCollector330" width="narrow" editable="false"/>
    <box id="EXT__net_sf_picard_analysis_InsertSizeMetrics-PAIR_ORIENTATION--GET__XOUT__outputReturn1" width="narrow" editable="false"/>
    <box id="EXT__net_sf_picard_metrics_MultilevelMetrics-LIBRARY--SET__XIN__inReceiver" width="wide" editable="false"/>
    <box id="EXT__net_sf_picard_metrics_MultilevelMetrics-SAMPLE--GET__XOUT__outReceiver" width="narrow" editable="false"/>
    <box id="EXT__net_sf_picard_metrics_MetricsFile-addMetric-Lnet-sf-picard-metrics-MetricBase---V__XIN__inReceiver" width="wide" editable="false"/>
    <box id="net_sf_picard_analysis_directed_InsertSizeMetricsCollector-d-PerUnitInsertSizeMetricsCollector6" width="narrow" editable="true"/>
    <box id="net_sf_picard_analysis_directed_InsertSizeMetricsCollector-d-PerUnitInsertSizeMetricsCollector7" width="narrow" editable="true"/>
    <box id="net_sf_picard_analysis_directed_InsertSizeMetricsCollector-d-PerUnitInsertSizeMetricsCollector4" width="narrow" editable="true"/>
    <box id="net_sf_picard_analysis_directed_InsertSizeMetricsCollector-d-PerUnitInsertSizeMetricsCollector5" width="narrow" editable="true"/>
    <box id="net_sf_picard_analysis_directed_InsertSizeMetricsCollector-d-PerUnitInsertSizeMetricsCollector2" width="narrow" editable="true"/>
    <box id="net_sf_picard_analysis_directed_InsertSizeMetricsCollector-d-PerUnitInsertSizeMetricsCollector3" width="narrow" editable="true"/>
    <box id="net_sf_picard_analysis_directed_InsertSizeMetricsCollector-d-PerUnitInsertSizeMetricsCollector0" width="narrow" editable="true"/>
    <box id="net_sf_picard_analysis_directed_InsertSizeMetricsCollector-d-PerUnitInsertSizeMetricsCollector1" width="narrow" editable="true"/>
    <box id="net_sf_picard_analysis_directed_InsertSizeMetricsCollector-d-PerUnitInsertSizeMetricsCollector314" width="narrow" editable="false"/>
    <box id="net_sf_picard_analysis_directed_InsertSizeMetricsCollector-d-PerUnitInsertSizeMetricsCollector315" width="narrow" editable="false"/>
    <box id="net_sf_picard_analysis_directed_InsertSizeMetricsCollector-d-PerUnitInsertSizeMetricsCollector8" width="narrow" editable="true"/>
    <box id="net_sf_picard_analysis_directed_InsertSizeMetricsCollector-d-PerUnitInsertSizeMetricsCollector159" width="narrow" editable="false"/>
    <box id="net_sf_picard_analysis_directed_InsertSizeMetricsCollector-d-PerUnitInsertSizeMetricsCollector109" width="narrow" editable="false"/>
    <box id="net_sf_picard_analysis_directed_InsertSizeMetricsCollector-d-PerUnitInsertSizeMetricsCollector233" width="narrow" editable="false"/>
    <box id="net_sf_picard_analysis_directed_InsertSizeMetricsCollector-d-PerUnitInsertSizeMetricsCollector232" width="narrow" editable="false"/>
    <box id="net_sf_picard_analysis_directed_InsertSizeMetricsCollector-d-PerUnitInsertSizeMetricsCollector100" width="narrow" editable="false"/>
    <box id="net_sf_picard_analysis_directed_InsertSizeMetricsCollector-d-PerUnitInsertSizeMetricsCollector345" width="narrow" editable="false"/>
    <box id="net_sf_picard_analysis_directed_InsertSizeMetricsCollector-d-PerUnitInsertSizeMetricsCollector102" width="narrow" editable="false"/>
    <box id="net_sf_picard_analysis_directed_InsertSizeMetricsCollector-d-PerUnitInsertSizeMetricsCollector104" width="narrow" editable="false"/>
    <box id="net_sf_picard_analysis_directed_InsertSizeMetricsCollector-d-PerUnitInsertSizeMetricsCollector341" width="narrow" editable="false"/>
    <box id="net_sf_picard_analysis_directed_InsertSizeMetricsCollector-d-PerUnitInsertSizeMetricsCollector106" width="narrow" editable="false"/>
    <box id="net_sf_picard_analysis_directed_InsertSizeMetricsCollector-d-PerUnitInsertSizeMetricsCollector47" width="narrow" editable="true"/>
    <box id="net_sf_picard_analysis_directed_InsertSizeMetricsCollector-d-PerUnitInsertSizeMetricsCollector46" width="narrow" editable="true"/>
    <box id="net_sf_picard_analysis_directed_InsertSizeMetricsCollector-d-PerUnitInsertSizeMetricsCollector45" width="narrow" editable="true"/>
    <box id="net_sf_picard_analysis_directed_InsertSizeMetricsCollector-d-PerUnitInsertSizeMetricsCollector44" width="narrow" editable="true"/>
    <box id="net_sf_picard_analysis_directed_InsertSizeMetricsCollector-d-PerUnitInsertSizeMetricsCollector43" width="narrow" editable="true"/>
    <box id="net_sf_picard_analysis_directed_InsertSizeMetricsCollector-d-PerUnitInsertSizeMetricsCollector42" width="narrow" editable="true"/>
    <box id="net_sf_picard_analysis_directed_InsertSizeMetricsCollector-d-PerUnitInsertSizeMetricsCollector187" width="narrow" editable="false"/>
    <box id="net_sf_picard_analysis_directed_InsertSizeMetricsCollector-d-PerUnitInsertSizeMetricsCollector40" width="narrow" editable="true"/>
    <box id="EXT__net_sf_picard_metrics_MultilevelMetrics-SAMPLE--SET__XOUT__outReceiver" width="narrow" editable="false"/>
    <box id="net_sf_picard_analysis_directed_InsertSizeMetricsCollector-d-PerUnitInsertSizeMetricsCollector49" width="narrow" editable="true"/>
    <box id="net_sf_picard_analysis_directed_InsertSizeMetricsCollector-d-PerUnitInsertSizeMetricsCollector48" width="narrow" editable="true"/>
    <box id="EXT__net_sf_picard_analysis_directed_InsertSizeMetricsCollector-histogramWidth--GET__XOUT__outputReturn1" width="narrow" editable="false"/>
    <box id="EXT__net_sf_picard_metrics_MultilevelMetrics-READ_GROUP--GET__XIN__inReceiver" width="wide" editable="false"/>
    <box id="EXT__net_sf_picard_analysis_directed_InsertSizeCollectorArgs-getInsertSize---I__XIN__inReceiver" width="wide" editable="false"/>
    <box id="EXT__net_sf_picard_metrics_MultilevelMetrics-LIBRARY--SET__XOUT__outReceiver" width="narrow" editable="false"/>
    <box id="net_sf_picard_analysis_directed_InsertSizeMetricsCollector-d-PerUnitInsertSizeMetricsCollector206" width="narrow" editable="false"/>
    <box id="net_sf_picard_analysis_directed_InsertSizeMetricsCollector-d-PerUnitInsertSizeMetricsCollector207" width="narrow" editable="false"/>
    <box id="net_sf_picard_analysis_directed_InsertSizeMetricsCollector-d-PerUnitInsertSizeMetricsCollector372" width="narrow" editable="false"/>
    <box id="net_sf_picard_analysis_directed_InsertSizeMetricsCollector-d-PerUnitInsertSizeMetricsCollector373" width="narrow" editable="false"/>
    <box id="net_sf_picard_analysis_directed_InsertSizeMetricsCollector-d-PerUnitInsertSizeMetricsCollector371" width="narrow" editable="false"/>
    <box id="net_sf_picard_analysis_directed_InsertSizeMetricsCollector-d-PerUnitInsertSizeMetricsCollector50" width="narrow" editable="false"/>
    <box id="EXT__net_sf_picard_metrics_MultilevelMetrics-SAMPLE--SET__XIN__inReceiver" width="wide" editable="false"/>
    <box id="EXT__net_sf_picard_metrics_MultilevelMetrics-READ_GROUP--SET__XOUT__outReceiver" width="narrow" editable="false"/>
    <box id="EXT__net_sf_picard_analysis_directed_InsertSizeCollectorArgs-getPairOrientation---LamPairUtil-PairOrientation-__XOUT__outReceiver" width="narrow" editable="false"/>
    <box id="EXT__net_sf_picard_metrics_MultilevelMetrics-LIBRARY--GET__XOUT__outReceiver" width="narrow" editable="false"/>
    <box id="EXT__net_sf_picard_analysis_directed_InsertSizeCollectorArgs-getPairOrientation---LamPairUtil-PairOrientation-__XIN__inReceiver" width="wide" editable="false"/>
    <box id="net_sf_picard_analysis_directed_InsertSizeMetricsCollector-d-PerUnitInsertSizeMetricsCollector282" width="narrow" editable="false"/>
    <box id="net_sf_picard_analysis_directed_InsertSizeMetricsCollector-d-PerUnitInsertSizeMetricsCollector283" width="narrow" editable="false"/>
    <box id="EXT__net_sf_picard_metrics_MultilevelMetrics-LIBRARY--GET__XOUT__outputReturn1" width="narrow" editable="false"/>
    <box id="EXT__net_sf_picard_metrics_MultilevelMetrics-READ_GROUP--GET__XOUT__outputReturn1" width="narrow" editable="false"/>
    <box id="EXT__net_sf_picard_metrics_MultilevelMetrics-READ_GROUP--GET__XOUT__outReceiver" width="narrow" editable="false"/>
    <box id="net_sf_picard_analysis_directed_InsertSizeMetricsCollector-d-PerUnitInsertSizeMetricsCollector18" width="narrow" editable="true"/>
    <box id="net_sf_picard_analysis_directed_InsertSizeMetricsCollector-d-PerUnitInsertSizeMetricsCollector19" width="narrow" editable="true"/>
    <box id="EXT__net_sf_picard_analysis_InsertSizeMetrics-PAIR_ORIENTATION--SET__XIN__output_1" width="wide" editable="false"/>
    <box id="net_sf_picard_analysis_directed_InsertSizeMetricsCollector-d-PerUnitInsertSizeMetricsCollector10" width="narrow" editable="true"/>
    <box id="net_sf_picard_analysis_directed_InsertSizeMetricsCollector-d-PerUnitInsertSizeMetricsCollector11" width="narrow" editable="true"/>
    <box id="net_sf_picard_analysis_directed_InsertSizeMetricsCollector-d-PerUnitInsertSizeMetricsCollector12" width="narrow" editable="true"/>
    <box id="net_sf_picard_analysis_directed_InsertSizeMetricsCollector-d-PerUnitInsertSizeMetricsCollector13" width="narrow" editable="true"/>
    <box id="net_sf_picard_analysis_directed_InsertSizeMetricsCollector-d-PerUnitInsertSizeMetricsCollector14" width="narrow" editable="true"/>
    <box id="net_sf_picard_analysis_directed_InsertSizeMetricsCollector-d-PerUnitInsertSizeMetricsCollector15" width="narrow" editable="true"/>
    <box id="net_sf_picard_analysis_directed_InsertSizeMetricsCollector-d-PerUnitInsertSizeMetricsCollector16" width="narrow" editable="true"/>
    <box id="net_sf_picard_analysis_directed_InsertSizeMetricsCollector-d-PerUnitInsertSizeMetricsCollector17" width="narrow" editable="true"/>
    <box id="net_sf_picard_analysis_directed_InsertSizeMetricsCollector-d-PerUnitInsertSizeMetricsCollector90" width="narrow" editable="false"/>
    <box id="net_sf_picard_analysis_directed_InsertSizeMetricsCollector-d-PerUnitInsertSizeMetricsCollector91" width="narrow" editable="false"/>
    <box id="net_sf_picard_analysis_directed_InsertSizeMetricsCollector-d-PerUnitInsertSizeMetricsCollector92" width="narrow" editable="false"/>
    <box id="net_sf_picard_analysis_directed_InsertSizeMetricsCollector-d-PerUnitInsertSizeMetricsCollector326" width="narrow" editable="false"/>
    <box id="net_sf_picard_analysis_directed_InsertSizeMetricsCollector-d-PerUnitInsertSizeMetricsCollector94" width="narrow" editable="false"/>
    <box id="net_sf_picard_analysis_directed_InsertSizeMetricsCollector-d-PerUnitInsertSizeMetricsCollector320" width="narrow" editable="false"/>
    <box id="net_sf_picard_analysis_directed_InsertSizeMetricsCollector-d-PerUnitInsertSizeMetricsCollector97" width="narrow" editable="false"/>
    <box id="net_sf_picard_analysis_directed_InsertSizeMetricsCollector-d-PerUnitInsertSizeMetricsCollector99" width="wide" editable="false"/>
    <box id="net_sf_picard_analysis_directed_InsertSizeMetricsCollector-d-PerUnitInsertSizeMetricsCollector329" width="narrow" editable="false"/>
    <box id="net_sf_picard_analysis_directed_InsertSizeMetricsCollector-d-PerUnitInsertSizeMetricsCollector220" width="wide" editable="false"/>
    <box id="net_sf_picard_analysis_directed_InsertSizeMetricsCollector-d-PerUnitInsertSizeMetricsCollector110" width="narrow" editable="false"/>
    <box id="net_sf_picard_analysis_directed_InsertSizeMetricsCollector-d-PerUnitInsertSizeMetricsCollector223" width="wide" editable="false"/>
    <box id="net_sf_picard_analysis_directed_InsertSizeMetricsCollector-d-PerUnitInsertSizeMetricsCollector78" width="narrow" editable="false"/>
    <box id="net_sf_picard_analysis_directed_InsertSizeMetricsCollector-d-PerUnitInsertSizeMetricsCollector196" width="narrow" editable="false"/>
    <box id="net_sf_picard_analysis_directed_InsertSizeMetricsCollector-d-PerUnitInsertSizeMetricsCollector197" width="narrow" editable="false"/>
    <box id="EXT__net_sf_picard_metrics_MultilevelMetrics-READ_GROUP--SET__XIN__output_1" width="wide" editable="false"/>
    <box id="net_sf_picard_analysis_directed_InsertSizeMetricsCollector-d-PerUnitInsertSizeMetricsCollector77" width="narrow" editable="false"/>
    <box id="EXT__net_sf_picard_metrics_MetricsFile-addMetric-Lnet-sf-picard-metrics-MetricBase---V__XOUT__outReceiver" width="narrow" editable="false"/>
    <box id="net_sf_picard_analysis_directed_InsertSizeMetricsCollector-d-PerUnitInsertSizeMetricsCollector357" width="narrow" editable="false"/>
    <box id="net_sf_picard_analysis_directed_InsertSizeMetricsCollector-d-PerUnitInsertSizeMetricsCollector358" width="narrow" editable="false"/>
    <box id="net_sf_picard_analysis_directed_InsertSizeMetricsCollector-d-PerUnitInsertSizeMetricsCollector9" width="narrow" editable="true"/>
    <box id="EXT__net_sf_picard_metrics_MultilevelMetrics-SAMPLE--SET__XIN__output_1" width="wide" editable="false"/>
    <box id="EXT__net_sf_picard_analysis_InsertSizeMetrics-PAIR_ORIENTATION--GET__XIN__inReceiver" width="wide" editable="false"/>
    <box id="EXT__net_sf_picard_analysis_directed_InsertSizeCollectorArgs-getPairOrientation---LamPairUtil-PairOrientation-__XOUT__outputReturn1" width="narrow" editable="false"/>
  </level>
</graph>