<graph id="world">
  <level id="Simple">
    <box height="1.01" id="Simple0" lines="3" width="3.0" x="4.11" y="2.04"/>
    <box height="1.01" id="Simple1" lines="2" width="2.0" x="10.0" y="2.04"/>
    <box height="1.01" id="Simple2" lines="1" width="1.0" x="0.5" y="2.04"/>
    <box height="1.01" id="Simple6" lines="1" width="1.0" x="7.11" y="2.04"/>
    <box height="1.01" id="Simple9" lines="1" width="1.0" x="0.5" y="5.6"/>
    <joint height="0.51" id="n0__OUT__inReceiver" inputs="0" outputs="1" width="1.0" x="0.5" y="0.26"/>
    <joint height="0.51" id="n1__IN__outReceiver" inputs="1" outputs="0" width="1.0" x="0.5" y="7.38"/>
    <joint height="0.51" id="n8" inputs="1" outputs="0" width="1.0" x="7.5" y="3.82"/>
    <joint height="0.51" id="n9" inputs="1" outputs="0" width="1.0" x="11.72" y="3.82"/>
    <joint height="0.51" id="n6" inputs="2" outputs="1" width="2.0" x="5.0" y="3.82"/>
    <joint height="0.51" id="n2" inputs="1" outputs="1" width="1.0" x="0.5" y="3.82"/>
    <joint height="0.51" id="n3" inputs="0" outputs="1" width="1.0" x="3.49" y="0.26"/>
    <joint height="0.51" id="n4" inputs="1" outputs="1" width="1.0" x="2.5" y="3.82"/>
    <joint height="0.51" id="n5" inputs="1" outputs="1" width="1.0" x="9.72" y="3.82"/>
    <joint height="0.51" id="n0__OUT__inParam1" inputs="0" outputs="1" width="1.0" x="9.74" y="0.26"/>
    <joint height="0.51" id="n7" inputs="0" outputs="1" width="1.0" x="7.11" y="0.26"/>
    <line id="e1__IN__">
      <fromjoint id="n0__OUT__inReceiver" port="0"/>
      <tobox id="Simple2" port="0"/>
    <point x="0.49" y="0.53"/><point x="0.49" y="1.53"/></line>
    <line id="e1__OUT__">
      <frombox id="Simple2" port="0"/>
      <tojoint id="n2" port="input"/>
    <point x="0.49" y="2.56"/><point x="0.49" y="3.56"/></line>
    <line id="e2__IN__">
      <fromjoint id="n3" port="output"/>
      <tobox id="Simple0" port="0"/>
    <point x="3.47" y="0.53"/><point x="3.47" y="1.53"/></line>
    <line id="e2__OUT__">
      <frombox id="Simple0" port="0"/>
      <tojoint id="n4" port="input"/>
    <point x="3.47" y="2.56"/><point x="2.49" y="3.56"/></line>
    <line id="e3__IN__">
      <fromjoint id="n0__OUT__inParam1" port="0"/>
      <tobox id="Simple1" port="0"/>
    <point x="9.72" y="0.53"/><point x="9.72" y="1.53"/></line>
    <line id="e3__OUT__">
      <frombox id="Simple1" port="0"/>
      <tojoint id="n5" port="input"/>
    <point x="9.72" y="2.56"/><point x="9.71" y="3.56"/></line>
    <line id="e4__IN__">
      <fromjoint id="n4" port="output"/>
      <tobox id="Simple0" port="1"/>
    <point x="2.49" y="4.08"/><point x="4.11" y="1.53"/></line>
    <line id="e4__OUT__">
      <frombox id="Simple0" port="1"/>
      <tojoint id="n6" port="left"/>
    <point x="4.11" y="2.56"/><point x="4.72" y="3.56"/></line>
    <line id="e5__IN__">
      <fromjoint id="n7" port="output"/>
      <tobox id="Simple6" port="0"/>
    <point x="7.1" y="0.53"/><point x="7.1" y="1.53"/></line>
    <line id="e5__OUT__">
      <frombox id="Simple6" port="0"/>
      <tojoint id="n6" port="right"/>
    <point x="7.1" y="2.56"/><point x="5.28" y="3.56"/></line>
    <line id="e6__IN__">
      <fromjoint id="n6" port="output"/>
      <tobox id="Simple0" port="2"/>
    <point x="4.99" y="4.08"/><point x="4.75" y="1.53"/></line>
    <line id="e6__OUT__">
      <frombox id="Simple0" port="2"/>
      <tojoint id="n8" port="input"/>
    <point x="4.75" y="2.56"/><point x="7.49" y="3.56"/></line>
    <line id="e7__IN__">
      <fromjoint id="n5" port="output"/>
      <tobox id="Simple1" port="1"/>
    <point x="9.71" y="4.08"/><point x="10.28" y="1.53"/></line>
    <line id="e7__OUT__">
      <frombox id="Simple1" port="1"/>
      <tojoint id="n9" port="input"/>
    <point x="10.28" y="2.56"/><point x="11.71" y="3.56"/></line>
    <line id="e8__IN__">
      <fromjoint id="n2" port="output"/>
      <tobox id="Simple9" port="0"/>
    <point x="0.49" y="4.08"/><point x="0.49" y="5.08"/></line>
    <line id="e8__OUT__">
      <frombox id="Simple9" port="0"/>
      <tojoint id="n1__IN__outReceiver" port="0"/>
    <point x="0.49" y="6.11"/><point x="0.49" y="7.11"/></line>
  </level>
</graph>