<?xml version="1.0" ?>
<graph id="world">
  <level id="Scribble">
    <box id="Scribble5" width="narrow" editable="true"/>
    <box id="Scribble4" width="narrow" editable="true"/>
    <box id="Scribble7" width="narrow" editable="true"/>
    <box id="Scribble6" width="narrow" editable="true"/>
    <box id="Scribble1" width="narrow" editable="true"/>
    <box id="Scribble0" width="narrow" editable="true"/>
    <box id="Scribble3" width="narrow" editable="true"/>
    <box id="Scribble2" width="narrow" editable="true"/>
    <box id="Scribble164" width="narrow" editable="false"/>
    <box id="Scribble8" width="narrow" editable="true"/>
    <box id="Scribble20" width="narrow" editable="false"/>
    <box id="Scribble23" width="narrow" editable="false"/>
    <box id="Scribble26" width="narrow" editable="false"/>
    <box id="Scribble27" width="narrow" editable="false"/>
    <box id="Scribble28" width="narrow" editable="false"/>
    <box id="Scribble42" width="narrow" editable="false"/>
    <box id="Scribble41" width="narrow" editable="false"/>
    <box id="Scribble45" width="narrow" editable="false"/>
    <box id="Scribble48" width="narrow" editable="false"/>
    <box id="Scribble49" width="narrow" editable="false"/>
    <box id="Scribble154" width="narrow" editable="false"/>
    <box id="Scribble150" width="narrow" editable="false"/>
    <box id="Scribble152" width="narrow" editable="false"/>
    <box id="Scribble37" width="narrow" editable="false"/>
    <box id="Scribble33" width="narrow" editable="false"/>
    <box id="Scribble32" width="narrow" editable="false"/>
    <box id="Scribble38" width="narrow" editable="false"/>
    <box id="Scribble50" width="narrow" editable="false"/>
    <box id="Scribble55" width="narrow" editable="false"/>
    <box id="Scribble54" width="narrow" editable="false"/>
    <box id="Scribble59" width="narrow" editable="false"/>
    <box id="Scribble142" width="narrow" editable="false"/>
    <box id="Scribble140" width="narrow" editable="false"/>
    <box id="Scribble141" width="narrow" editable="false"/>
    <box id="Scribble144" width="narrow" editable="false"/>
    <box id="Scribble145" width="narrow" editable="false"/>
    <box id="Scribble148" width="narrow" editable="false"/>
    <box id="Scribble149" width="narrow" editable="false"/>
    <box id="Scribble64" width="narrow" editable="false"/>
    <box id="Scribble65" width="narrow" editable="false"/>
    <box id="Scribble60" width="narrow" editable="false"/>
    <box id="Scribble69" width="narrow" editable="false"/>
    <box id="Scribble137" width="narrow" editable="false"/>
    <box id="Scribble136" width="narrow" editable="false"/>
    <box id="Scribble134" width="narrow" editable="false"/>
    <box id="Scribble133" width="narrow" editable="false"/>
    <box id="Scribble132" width="narrow" editable="false"/>
    <box id="Scribble9" width="narrow" editable="true"/>
    <box id="Scribble165" width="narrow" editable="false"/>
    <box id="Scribble205" width="narrow" editable="false"/>
    <box id="Scribble206" width="narrow" editable="false"/>
    <box id="Scribble200" width="narrow" editable="false"/>
    <box id="Scribble203" width="narrow" editable="false"/>
    <box id="Scribble202" width="narrow" editable="false"/>
    <box id="Scribble208" width="narrow" editable="false"/>
    <box id="Scribble124" width="narrow" editable="false"/>
    <box id="Scribble125" width="narrow" editable="false"/>
    <box id="Scribble126" width="narrow" editable="false"/>
    <box id="Scribble121" width="narrow" editable="false"/>
    <box id="Scribble122" width="narrow" editable="false"/>
    <box id="Scribble128" width="narrow" editable="false"/>
    <box id="Scribble129" width="narrow" editable="false"/>
    <box id="Scribble193" width="narrow" editable="false"/>
    <box id="Scribble192" width="narrow" editable="false"/>
    <box id="Scribble197" width="narrow" editable="false"/>
    <box id="Scribble196" width="narrow" editable="false"/>
    <box id="Scribble199" width="narrow" editable="false"/>
    <box id="Scribble80" width="narrow" editable="false"/>
    <box id="Scribble81" width="narrow" editable="false"/>
    <box id="Scribble89" width="narrow" editable="false"/>
    <box id="Scribble70" width="narrow" editable="false"/>
    <box id="Scribble75" width="narrow" editable="false"/>
    <box id="Scribble74" width="narrow" editable="false"/>
    <box id="Scribble186" width="narrow" editable="false"/>
    <box id="Scribble185" width="narrow" editable="false"/>
    <box id="Scribble180" width="narrow" editable="false"/>
    <box id="Scribble181" width="narrow" editable="false"/>
    <box id="Scribble90" width="narrow" editable="false"/>
    <box id="Scribble108" width="narrow" editable="false"/>
    <box id="Scribble109" width="narrow" editable="false"/>
    <box id="Scribble99" width="narrow" editable="false"/>
    <box id="Scribble98" width="narrow" editable="false"/>
    <box id="Scribble178" width="narrow" editable="false"/>
    <box id="Scribble170" width="narrow" editable="false"/>
    <box id="Scribble177" width="narrow" editable="false"/>
    <box id="Scribble175" width="narrow" editable="false"/>
    <box id="Scribble174" width="narrow" editable="false"/>
    <box id="Scribble19" width="narrow" editable="false"/>
    <box id="Scribble15" width="narrow" editable="false"/>
    <box id="Scribble14" width="narrow" editable="true"/>
    <box id="Scribble11" width="narrow" editable="true"/>
    <box id="Scribble10" width="narrow" editable="true"/>
    <box id="Scribble13" width="narrow" editable="true"/>
    <box id="Scribble12" width="narrow" editable="true"/>
  </level>
</graph>