<?xml version="1.0" ?>
<graph id="world">
  <level id="MapGet">
    <box id="20" width="wide" editable="true"/>
    <box id="21" width="wide" editable="true"/>
    <box id="32" width="wide" editable="true"/>
    <box id="31" width="wide" editable="true"/>
    <box id="3" width="narrow" editable="true"/>
    <box id="2" width="wide" editable="true"/>
    <box id="5" width="wide" editable="true"/>
    <box id="4" width="wide" editable="true"/>
    <box id="6" width="narrow" editable="true"/>
  </level>
</graph>