<graph id="world"><level id="Connection"><edge-set id="Connection193" pinch="false" width="narrow" editable="false"/><edge-set id="Connection190" pinch="false" width="narrow" editable="false"/><edge-set id="Connection187" pinch="false" width="narrow" editable="false"/><edge-set id="Connection184" pinch="false" width="narrow" editable="false"/><edge-set id="Connection181" pinch="false" width="narrow" editable="false"/><edge-set id="Connection178" pinch="false" width="narrow" editable="false"/><edge-set id="Connection121" pinch="false" width="narrow" editable="false"/><edge-set id="Connection97" pinch="false" width="narrow" editable="false"/><edge-set id="Connection94" pinch="false" width="narrow" editable="false"/><edge-set id="Connection84" pinch="false" width="narrow" editable="false"/><edge-set id="Connection63" pinch="false" width="narrow" editable="false"/><edge-set id="Connection149" pinch="false" width="narrow" editable="false"/><edge-set id="Connection30" pinch="false" width="narrow" editable="false"/><edge-set id="Connection195" pinch="false" width="narrow" editable="false"/><edge-set id="Connection117" pinch="false" width="narrow" editable="false"/><edge-set id="Connection15" pinch="false" width="narrow" editable="true"/><edge-set id="Connection192" pinch="false" width="narrow" editable="false"/><edge-set id="Connection113" pinch="false" width="narrow" editable="false"/><edge-set id="Connection14" pinch="false" width="narrow" editable="true"/><edge-set id="Connection189" pinch="false" width="narrow" editable="false"/><edge-set id="Connection107" pinch="false" width="narrow" editable="false"/><edge-set id="Connection13" pinch="true" width="narrow" editable="true"/><edge-set id="Connection186" pinch="false" width="narrow" editable="false"/><edge-set id="Connection105" pinch="false" width="narrow" editable="false"/><edge-set id="Connection12" pinch="true" width="narrow" editable="true"/><edge-set id="Connection183" pinch="false" width="narrow" editable="false"/><edge-set id="Connection103" pinch="false" width="narrow" editable="false"/><edge-set id="Connection11" pinch="false" width="narrow" editable="true"/><edge-set id="Connection180" pinch="false" width="narrow" editable="false"/><edge-set id="Connection58" pinch="false" width="narrow" editable="false"/><edge-set id="Connection6" pinch="false" width="narrow" editable="true"/><edge-set id="Connection99" pinch="false" width="narrow" editable="false"/><edge-set id="Connection28" pinch="false" width="narrow" editable="false"/><edge-set id="Connection3" pinch="false" width="narrow" editable="true"/><edge-set id="Connection96" pinch="false" width="narrow" editable="false"/><edge-set id="Connection160" pinch="false" width="narrow" editable="false"/><edge-set id="Connection162" pinch="false" width="narrow" editable="false"/><edge-set id="Connection109" pinch="false" width="narrow" editable="false"/><edge-set id="Connection112" pinch="false" width="narrow" editable="false"/><edge-set id="Connection26" pinch="false" width="narrow" editable="false"/><edge-set id="Connection2" pinch="true" width="narrow" editable="true"/><edge-set id="Connection93" pinch="false" width="narrow" editable="false"/><edge-set id="Connection129" pinch="false" width="narrow" editable="false"/><edge-set id="Connection138" pinch="false" width="narrow" editable="false"/><edge-set id="Connection159" pinch="false" width="narrow" editable="false"/><edge-set id="Connection35" pinch="false" width="narrow" editable="false"/><edge-set id="Connection37" pinch="false" width="narrow" editable="false"/><edge-set id="Connection163" pinch="false" width="narrow" editable="false"/><edge-set id="Connection177" pinch="false" width="narrow" editable="false"/><edge-set id="Connection50" pinch="false" width="narrow" editable="false"/><edge-set id="Connection100" pinch="false" width="narrow" editable="false"/><edge-set id="Connection108" pinch="false" width="narrow" editable="false"/><edge-set id="Connection55" pinch="false" width="narrow" editable="false"/><edge-set id="Connection57" pinch="false" width="narrow" editable="false"/><edge-set id="Connection16" pinch="true" width="narrow" editable="true"/><edge-set id="Connection1" pinch="false" width="narrow" editable="true"/><edge-set id="Connection66" pinch="false" width="narrow" editable="false"/><edge-set id="Connection122" pinch="false" width="narrow" editable="false"/><edge-set id="Connection128" pinch="false" width="narrow" editable="false"/><edge-set id="Connection10" pinch="true" width="narrow" editable="true"/><edge-set id="Connection132" pinch="false" width="narrow" editable="false"/><edge-set id="Connection133" pinch="false" width="narrow" editable="false"/><edge-set id="Connection137" pinch="false" width="narrow" editable="false"/><edge-set id="Connection9" pinch="true" width="narrow" editable="true"/><edge-set id="Connection150" pinch="false" width="narrow" editable="false"/><edge-set id="Connection151" pinch="false" width="narrow" editable="false"/><edge-set id="Connection155" pinch="false" width="narrow" editable="false"/><edge-set id="Connection156" pinch="false" width="narrow" editable="false"/><edge-set id="Connection34" pinch="false" width="narrow" editable="false"/><edge-set id="Connection8" pinch="true" width="narrow" editable="true"/><edge-set id="Connection4" pinch="false" width="narrow" editable="true"/><edge-set id="Connection40" pinch="false" width="narrow" editable="false"/><edge-set id="Connection41" pinch="false" width="narrow" editable="false"/><edge-set id="Connection42" pinch="false" width="narrow" editable="false"/><edge-set id="Connection44" pinch="false" width="narrow" editable="false"/><edge-set id="Connection45" pinch="false" width="narrow" editable="false"/><edge-set id="Connection5" pinch="true" width="narrow" editable="true"/><edge-set id="Connection53" pinch="false" width="narrow" editable="false"/><edge-set id="Connection54" pinch="false" width="narrow" editable="false"/><edge-set id="Connection17" pinch="false" width="narrow" editable="false"/><edge-set id="Connection27" pinch="false" width="narrow" editable="false"/><edge-set id="Connection7" pinch="true" width="narrow" editable="true"/><edge-set id="Connection0" pinch="false" width="narrow" editable="true"/><edge-set id="Connection33" pinch="false" width="narrow" editable="false"/><edge-set id="Connection67" pinch="false" width="narrow" editable="false"/><edge-set id="Connection68" pinch="false" width="narrow" editable="false"/><edge-set id="Connection83" pinch="false" width="narrow" editable="false"/></level><level id="UserData"><edge-set id="UserData29" pinch="false" width="narrow" editable="false"/><edge-set id="UserData21" pinch="false" width="narrow" editable="false"/><edge-set id="UserData18" pinch="false" width="narrow" editable="false"/><edge-set id="UserData14" pinch="false" width="narrow" editable="false"/><edge-set id="UserData32" pinch="false" width="narrow" editable="false"/><edge-set id="UserData27" pinch="false" width="narrow" editable="false"/><edge-set id="UserData13" pinch="false" width="narrow" editable="false"/><edge-set id="UserData23" pinch="false" width="narrow" editable="false"/><edge-set id="UserData24" pinch="false" width="narrow" editable="false"/><edge-set id="UserData26" pinch="false" width="narrow" editable="false"/><edge-set id="UserData6" pinch="false" width="narrow" editable="false"/><edge-set id="UserData2" pinch="false" width="narrow" editable="true"/><edge-set id="UserData20" pinch="false" width="narrow" editable="false"/><edge-set id="UserData3" pinch="false" width="narrow" editable="false"/><edge-set id="UserData5" pinch="false" width="narrow" editable="false"/><edge-set id="UserData1" pinch="false" width="narrow" editable="true"/><edge-set id="UserData0" pinch="false" width="narrow" editable="true"/><edge-set id="UserData17" pinch="false" width="narrow" editable="false"/><edge-set id="UserData35" pinch="false" width="narrow" editable="false"/></level><level id="Server"><edge-set id="Server234" pinch="false" width="narrow" editable="false"/><edge-set id="Server231" pinch="false" width="narrow" editable="false"/><edge-set id="Server228" pinch="false" width="narrow" editable="false"/><edge-set id="Server225" pinch="false" width="narrow" editable="false"/><edge-set id="Server222" pinch="false" width="narrow" editable="false"/><edge-set id="Server219" pinch="false" width="narrow" editable="false"/><edge-set id="Server216" pinch="false" width="narrow" editable="false"/><edge-set id="Server213" pinch="false" width="narrow" editable="false"/><edge-set id="Server210" pinch="false" width="narrow" editable="false"/><edge-set id="Server207" pinch="false" width="narrow" editable="false"/><edge-set id="Server193" pinch="false" width="narrow" editable="false"/><edge-set id="Server167" pinch="false" width="narrow" editable="false"/><edge-set id="Server236" pinch="false" width="narrow" editable="false"/><edge-set id="Server107" pinch="false" width="narrow" editable="false"/><edge-set id="Server233" pinch="false" width="narrow" editable="false"/><edge-set id="Server92" pinch="false" width="narrow" editable="false"/><edge-set id="Server230" pinch="false" width="narrow" editable="false"/><edge-set id="Server80" pinch="false" width="narrow" editable="false"/><edge-set id="Server227" pinch="false" width="narrow" editable="false"/><edge-set id="Server76" pinch="false" width="narrow" editable="false"/><edge-set id="Server224" pinch="false" width="narrow" editable="false"/><edge-set id="Server19" pinch="true" width="narrow" editable="true"/><edge-set id="Server221" pinch="false" width="narrow" editable="false"/><edge-set id="Server18" pinch="true" width="narrow" editable="true"/><edge-set id="Server218" pinch="false" width="narrow" editable="false"/><edge-set id="Server15" pinch="false" width="narrow" editable="true"/><edge-set id="Server215" pinch="false" width="narrow" editable="false"/><edge-set id="Server14" pinch="false" width="narrow" editable="true"/><edge-set id="Server212" pinch="false" width="narrow" editable="false"/><edge-set id="Server164" pinch="false" width="narrow" editable="false"/><edge-set id="Server13" pinch="true" width="narrow" editable="true"/><edge-set id="Server209" pinch="false" width="narrow" editable="false"/><edge-set id="Server99" pinch="false" width="narrow" editable="false"/><edge-set id="Server12" pinch="true" width="narrow" editable="true"/><edge-set id="Server206" pinch="false" width="narrow" editable="false"/><edge-set id="Server68" pinch="false" width="narrow" editable="false"/><edge-set id="Server11" pinch="false" width="narrow" editable="true"/><edge-set id="Server170" pinch="false" width="narrow" editable="false"/><edge-set id="Server134" pinch="false" width="narrow" editable="false"/><edge-set id="Server61" pinch="false" width="narrow" editable="false"/><edge-set id="Server10" pinch="false" width="narrow" editable="true"/><edge-set id="Server112" pinch="false" width="narrow" editable="false"/><edge-set id="Server123" pinch="false" width="narrow" editable="false"/><edge-set id="Server126" pinch="false" width="narrow" editable="false"/><edge-set id="Server130" pinch="false" width="narrow" editable="false"/><edge-set id="Server200" pinch="false" width="narrow" editable="false"/><edge-set id="Server136" pinch="false" width="narrow" editable="false"/><edge-set id="Server139" pinch="false" width="narrow" editable="false"/><edge-set id="Server152" pinch="false" width="narrow" editable="false"/><edge-set id="Server158" pinch="false" width="narrow" editable="false"/><edge-set id="Server23" pinch="true" width="narrow" editable="true"/><edge-set id="Server3" pinch="false" width="narrow" editable="true"/><edge-set id="Server106" pinch="false" width="narrow" editable="false"/><edge-set id="Server113" pinch="false" width="narrow" editable="false"/><edge-set id="Server122" pinch="false" width="narrow" editable="false"/><edge-set id="Server30" pinch="false" width="narrow" editable="false"/><edge-set id="Server33" pinch="false" width="narrow" editable="false"/><edge-set id="Server129" pinch="false" width="narrow" editable="false"/><edge-set id="Server38" pinch="false" width="narrow" editable="false"/><edge-set id="Server131" pinch="false" width="narrow" editable="false"/><edge-set id="Server135" pinch="false" width="narrow" editable="false"/><edge-set id="Server42" pinch="false" width="narrow" editable="false"/><edge-set id="Server48" pinch="false" width="narrow" editable="false"/><edge-set id="Server142" pinch="false" width="narrow" editable="false"/><edge-set id="Server148" pinch="false" width="narrow" editable="false"/><edge-set id="Server149" pinch="false" width="narrow" editable="false"/><edge-set id="Server57" pinch="false" width="narrow" editable="false"/><edge-set id="Server155" pinch="false" width="narrow" editable="false"/><edge-set id="Server157" pinch="false" width="narrow" editable="false"/><edge-set id="Server63" pinch="false" width="narrow" editable="false"/><edge-set id="Server163" pinch="false" width="narrow" editable="false"/><edge-set id="Server7" pinch="true" width="narrow" editable="true"/><edge-set id="Server2" pinch="false" width="narrow" editable="true"/><edge-set id="Server77" pinch="false" width="narrow" editable="false"/><edge-set id="Server171" pinch="false" width="narrow" editable="false"/><edge-set id="Server172" pinch="false" width="narrow" editable="false"/><edge-set id="Server175" pinch="false" width="narrow" editable="false"/><edge-set id="Server24" pinch="false" width="narrow" editable="false"/><edge-set id="Server29" pinch="false" width="narrow" editable="false"/><edge-set id="Server4" pinch="true" width="narrow" editable="true"/><edge-set id="Server20" pinch="true" width="narrow" editable="true"/><edge-set id="Server34" pinch="false" width="narrow" editable="false"/><edge-set id="Server22" pinch="false" width="narrow" editable="true"/><edge-set id="Server39" pinch="false" width="narrow" editable="false"/><edge-set id="Server41" pinch="false" width="narrow" editable="false"/><edge-set id="Server5" pinch="false" width="narrow" editable="true"/><edge-set id="Server16" pinch="true" width="narrow" editable="true"/><edge-set id="Server49" pinch="false" width="narrow" editable="false"/><edge-set id="Server52" pinch="false" width="narrow" editable="false"/><edge-set id="Server53" pinch="false" width="narrow" editable="false"/><edge-set id="Server21" pinch="true" width="narrow" editable="true"/><edge-set id="Server58" pinch="false" width="narrow" editable="false"/><edge-set id="Server62" pinch="false" width="narrow" editable="false"/><edge-set id="Server8" pinch="true" width="narrow" editable="true"/><edge-set id="Server67" pinch="false" width="narrow" editable="false"/><edge-set id="Server1" pinch="true" width="narrow" editable="true"/><edge-set id="Server0" pinch="true" width="narrow" editable="true"/><edge-set id="Server9" pinch="false" width="narrow" editable="true"/><edge-set id="Server91" pinch="false" width="narrow" editable="false"/><edge-set id="Server6" pinch="false" width="narrow" editable="true"/><edge-set id="Server17" pinch="true" width="narrow" editable="true"/><edge-set id="Server178" pinch="false" width="narrow" editable="false"/><edge-set id="Server192" pinch="false" width="narrow" editable="false"/></level><level id="Application1"><edge-set id="Application19" pinch="false" width="narrow" editable="false"/><edge-set id="Application14" pinch="true" width="narrow" editable="true"/><edge-set id="Application167" pinch="false" width="narrow" editable="false"/><edge-set id="Application15" pinch="true" width="narrow" editable="true"/><edge-set id="Application11" pinch="true" width="narrow" editable="true"/><edge-set id="Application17" pinch="true" width="narrow" editable="true"/><edge-set id="Application12" pinch="true" width="narrow" editable="true"/><edge-set id="Application13" pinch="true" width="narrow" editable="true"/><edge-set id="Application18" pinch="false" width="narrow" editable="true"/><edge-set id="Application10" pinch="true" width="narrow" editable="true"/><edge-set id="Application16" pinch="true" width="narrow" editable="true"/></level><level id="Vulture"><edge-set id="Vulture89" pinch="false" width="narrow" editable="false"/><edge-set id="Vulture87" pinch="false" width="narrow" editable="false"/><edge-set id="Vulture79" pinch="false" width="narrow" editable="false"/><edge-set id="Vulture64" pinch="false" width="narrow" editable="false"/><edge-set id="Vulture17" pinch="false" width="narrow" editable="false"/><edge-set id="Vulture15" pinch="false" width="narrow" editable="false"/><edge-set id="Vulture14" pinch="false" width="narrow" editable="false"/><edge-set id="Vulture12" pinch="false" width="narrow" editable="false"/><edge-set id="Vulture11" pinch="false" width="narrow" editable="false"/><edge-set id="Vulture8" pinch="false" width="narrow" editable="false"/><edge-set id="Vulture6" pinch="true" width="narrow" editable="true"/><edge-set id="Vulture3" pinch="false" width="narrow" editable="true"/><edge-set id="Vulture5" pinch="true" width="narrow" editable="true"/><edge-set id="Vulture80" pinch="false" width="narrow" editable="false"/><edge-set id="Vulture86" pinch="false" width="narrow" editable="false"/><edge-set id="Vulture1" pinch="false" width="narrow" editable="true"/><edge-set id="Vulture4" pinch="true" width="narrow" editable="true"/><edge-set id="Vulture92" pinch="false" width="narrow" editable="false"/><edge-set id="Vulture18" pinch="false" width="narrow" editable="false"/><edge-set id="Vulture22" pinch="false" width="narrow" editable="false"/><edge-set id="Vulture23" pinch="false" width="narrow" editable="false"/><edge-set id="Vulture29" pinch="false" width="narrow" editable="false"/><edge-set id="Vulture30" pinch="false" width="narrow" editable="false"/><edge-set id="Vulture42" pinch="false" width="narrow" editable="false"/><edge-set id="Vulture43" pinch="false" width="narrow" editable="false"/><edge-set id="Vulture53" pinch="false" width="narrow" editable="false"/><edge-set id="Vulture54" pinch="false" width="narrow" editable="false"/><edge-set id="Vulture63" pinch="false" width="narrow" editable="false"/><edge-set id="Vulture0" pinch="true" width="narrow" editable="true"/><edge-set id="Vulture2" pinch="true" width="narrow" editable="true"/><edge-set id="Vulture7" pinch="false" width="narrow" editable="true"/><edge-set id="Vulture96" pinch="false" width="narrow" editable="false"/></level><level id="Scribble"><edge-set id="Scribble206" pinch="false" width="narrow" editable="false"/><edge-set id="Scribble203" pinch="false" width="narrow" editable="false"/><edge-set id="Scribble200" pinch="false" width="narrow" editable="false"/><edge-set id="Scribble197" pinch="false" width="narrow" editable="false"/><edge-set id="Scribble193" pinch="false" width="narrow" editable="false"/><edge-set id="Scribble178" pinch="false" width="narrow" editable="false"/><edge-set id="Scribble175" pinch="false" width="narrow" editable="false"/><edge-set id="Scribble165" pinch="false" width="narrow" editable="false"/><edge-set id="Scribble136" pinch="false" width="narrow" editable="false"/><edge-set id="Scribble74" pinch="false" width="narrow" editable="false"/><edge-set id="Scribble208" pinch="false" width="narrow" editable="false"/><edge-set id="Scribble45" pinch="false" width="narrow" editable="false"/><edge-set id="Scribble205" pinch="false" width="narrow" editable="false"/><edge-set id="Scribble14" pinch="false" width="narrow" editable="true"/><edge-set id="Scribble202" pinch="false" width="narrow" editable="false"/><edge-set id="Scribble13" pinch="true" width="narrow" editable="true"/><edge-set id="Scribble199" pinch="false" width="narrow" editable="false"/><edge-set id="Scribble12" pinch="false" width="narrow" editable="true"/><edge-set id="Scribble196" pinch="false" width="narrow" editable="false"/><edge-set id="Scribble9" pinch="true" width="narrow" editable="true"/><edge-set id="Scribble180" pinch="false" width="narrow" editable="false"/><edge-set id="Scribble133" pinch="false" width="narrow" editable="false"/><edge-set id="Scribble152" pinch="false" width="narrow" editable="false"/><edge-set id="Scribble8" pinch="true" width="narrow" editable="true"/><edge-set id="Scribble177" pinch="false" width="narrow" editable="false"/><edge-set id="Scribble108" pinch="false" width="narrow" editable="false"/><edge-set id="Scribble109" pinch="false" width="narrow" editable="false"/><edge-set id="Scribble125" pinch="false" width="narrow" editable="false"/><edge-set id="Scribble154" pinch="false" width="narrow" editable="false"/><edge-set id="Scribble132" pinch="false" width="narrow" editable="false"/><edge-set id="Scribble134" pinch="false" width="narrow" editable="false"/><edge-set id="Scribble6" pinch="false" width="narrow" editable="true"/><edge-set id="Scribble174" pinch="false" width="narrow" editable="false"/><edge-set id="Scribble185" pinch="false" width="narrow" editable="false"/><edge-set id="Scribble99" pinch="false" width="narrow" editable="false"/><edge-set id="Scribble49" pinch="false" width="narrow" editable="false"/><edge-set id="Scribble50" pinch="false" width="narrow" editable="false"/><edge-set id="Scribble121" pinch="false" width="narrow" editable="false"/><edge-set id="Scribble122" pinch="false" width="narrow" editable="false"/><edge-set id="Scribble124" pinch="false" width="narrow" editable="false"/><edge-set id="Scribble126" pinch="false" width="narrow" editable="false"/><edge-set id="Scribble128" pinch="false" width="narrow" editable="false"/><edge-set id="Scribble129" pinch="false" width="narrow" editable="false"/><edge-set id="Scribble69" pinch="false" width="narrow" editable="false"/><edge-set id="Scribble70" pinch="false" width="narrow" editable="false"/><edge-set id="Scribble5" pinch="true" width="narrow" editable="true"/><edge-set id="Scribble137" pinch="false" width="narrow" editable="false"/><edge-set id="Scribble141" pinch="false" width="narrow" editable="false"/><edge-set id="Scribble181" pinch="false" width="narrow" editable="false"/><edge-set id="Scribble170" pinch="false" width="narrow" editable="false"/><edge-set id="Scribble186" pinch="false" width="narrow" editable="false"/><edge-set id="Scribble192" pinch="false" width="narrow" editable="false"/><edge-set id="Scribble90" pinch="false" width="narrow" editable="false"/><edge-set id="Scribble98" pinch="false" width="narrow" editable="false"/><edge-set id="Scribble20" pinch="false" width="narrow" editable="false"/><edge-set id="Scribble23" pinch="false" width="narrow" editable="false"/><edge-set id="Scribble26" pinch="false" width="narrow" editable="false"/><edge-set id="Scribble54" pinch="false" width="narrow" editable="false"/><edge-set id="Scribble55" pinch="false" width="narrow" editable="false"/><edge-set id="Scribble59" pinch="false" width="narrow" editable="false"/><edge-set id="Scribble60" pinch="false" width="narrow" editable="false"/><edge-set id="Scribble64" pinch="false" width="narrow" editable="false"/><edge-set id="Scribble65" pinch="false" width="narrow" editable="false"/><edge-set id="Scribble41" pinch="false" width="narrow" editable="false"/><edge-set id="Scribble42" pinch="false" width="narrow" editable="false"/><edge-set id="Scribble2" pinch="true" width="narrow" editable="true"/><edge-set id="Scribble75" pinch="false" width="narrow" editable="false"/><edge-set id="Scribble140" pinch="false" width="narrow" editable="false"/><edge-set id="Scribble142" pinch="false" width="narrow" editable="false"/><edge-set id="Scribble144" pinch="false" width="narrow" editable="false"/><edge-set id="Scribble145" pinch="false" width="narrow" editable="false"/><edge-set id="Scribble149" pinch="false" width="narrow" editable="false"/><edge-set id="Scribble15" pinch="false" width="narrow" editable="false"/><edge-set id="Scribble19" pinch="false" width="narrow" editable="false"/><edge-set id="Scribble3" pinch="true" width="narrow" editable="true"/><edge-set id="Scribble1" pinch="true" width="narrow" editable="true"/><edge-set id="Scribble4" pinch="true" width="narrow" editable="true"/><edge-set id="Scribble27" pinch="false" width="narrow" editable="false"/><edge-set id="Scribble28" pinch="false" width="narrow" editable="false"/><edge-set id="Scribble32" pinch="false" width="narrow" editable="false"/><edge-set id="Scribble33" pinch="false" width="narrow" editable="false"/><edge-set id="Scribble37" pinch="false" width="narrow" editable="false"/><edge-set id="Scribble38" pinch="false" width="narrow" editable="false"/><edge-set id="Scribble7" pinch="true" width="narrow" editable="true"/><edge-set id="Scribble10" pinch="false" width="narrow" editable="true"/><edge-set id="Scribble0" pinch="true" width="narrow" editable="true"/><edge-set id="Scribble48" pinch="false" width="narrow" editable="false"/><edge-set id="Scribble80" pinch="false" width="narrow" editable="false"/><edge-set id="Scribble81" pinch="false" width="narrow" editable="false"/><edge-set id="Scribble89" pinch="false" width="narrow" editable="false"/><edge-set id="Scribble11" pinch="false" width="narrow" editable="true"/><edge-set id="Scribble148" pinch="false" width="narrow" editable="false"/><edge-set id="Scribble150" pinch="false" width="narrow" editable="false"/><edge-set id="Scribble164" pinch="false" width="narrow" editable="false"/></level><level id="Storage"><edge-set id="Storage31" pinch="false" width="narrow" editable="false"/><edge-set id="Storage21" pinch="false" width="narrow" editable="false"/><edge-set id="Storage18" pinch="false" width="narrow" editable="false"/><edge-set id="Storage29" pinch="false" width="narrow" editable="false"/><edge-set id="Storage14" pinch="false" width="narrow" editable="false"/><edge-set id="Storage34" pinch="false" width="narrow" editable="false"/><edge-set id="Storage27" pinch="false" width="narrow" editable="false"/><edge-set id="Storage13" pinch="false" width="narrow" editable="false"/><edge-set id="Storage23" pinch="false" width="narrow" editable="false"/><edge-set id="Storage24" pinch="false" width="narrow" editable="false"/><edge-set id="Storage28" pinch="false" width="narrow" editable="false"/><edge-set id="Storage6" pinch="false" width="narrow" editable="false"/><edge-set id="Storage2" pinch="false" width="narrow" editable="true"/><edge-set id="Storage20" pinch="false" width="narrow" editable="false"/><edge-set id="Storage3" pinch="false" width="narrow" editable="false"/><edge-set id="Storage5" pinch="false" width="narrow" editable="false"/><edge-set id="Storage1" pinch="false" width="narrow" editable="true"/><edge-set id="Storage0" pinch="false" width="narrow" editable="true"/><edge-set id="Storage17" pinch="false" width="narrow" editable="false"/><edge-set id="Storage37" pinch="false" width="narrow" editable="false"/></level><level id="Application"><edge-set id="Application5" pinch="false" width="narrow" editable="false"/><edge-set id="Application1" pinch="true" width="narrow" editable="true"/><edge-set id="Application39" pinch="false" width="narrow" editable="false"/><edge-set id="Application0" pinch="true" width="narrow" editable="true"/><edge-set id="Application2" pinch="true" width="narrow" editable="true"/><edge-set id="Application4" pinch="false" width="narrow" editable="true"/><edge-set id="Application3" pinch="true" width="narrow" editable="true"/></level><level id="Application2"><edge-set id="Application213" pinch="false" width="narrow" editable="false"/><edge-set id="Application22" pinch="false" width="narrow" editable="false"/><edge-set id="Application21" pinch="true" width="narrow" editable="true"/><edge-set id="Application20" pinch="true" width="narrow" editable="true"/><edge-set id="Application217" pinch="false" width="narrow" editable="false"/></level><level id="Connection"><edge-set id="Connection0" pinch="false" width="narrow" editable="true"/><edge-set id="Connection1" pinch="false" width="narrow" editable="true"/><edge-set id="Connection2" pinch="true" width="narrow" editable="true"/><edge-set id="Connection3" pinch="false" width="narrow" editable="true"/><edge-set id="Connection4" pinch="false" width="narrow" editable="true"/><edge-set id="Connection5" pinch="true" width="narrow" editable="true"/><edge-set id="Connection6" pinch="false" width="narrow" editable="true"/><edge-set id="Connection7" pinch="true" width="narrow" editable="true"/><edge-set id="Connection8" pinch="true" width="narrow" editable="true"/><edge-set id="Connection9" pinch="true" width="narrow" editable="true"/><edge-set id="Connection10" pinch="true" width="narrow" editable="true"/><edge-set id="Connection11" pinch="false" width="narrow" editable="true"/><edge-set id="Connection12" pinch="true" width="narrow" editable="true"/><edge-set id="Connection13" pinch="true" width="narrow" editable="true"/><edge-set id="Connection14" pinch="false" width="narrow" editable="true"/><edge-set id="Connection15" pinch="false" width="narrow" editable="true"/><edge-set id="Connection16" pinch="true" width="narrow" editable="true"/><edge-set id="Connection17" pinch="false" width="narrow" editable="false"/><edge-set id="Connection26" pinch="false" width="narrow" editable="false"/><edge-set id="Connection27" pinch="false" width="narrow" editable="false"/><edge-set id="Connection28" pinch="false" width="narrow" editable="false"/><edge-set id="Connection30" pinch="false" width="narrow" editable="false"/><edge-set id="Connection33" pinch="false" width="narrow" editable="false"/><edge-set id="Connection34" pinch="false" width="narrow" editable="false"/><edge-set id="Connection35" pinch="false" width="narrow" editable="false"/><edge-set id="Connection37" pinch="false" width="narrow" editable="false"/><edge-set id="Connection40" pinch="false" width="narrow" editable="false"/><edge-set id="Connection41" pinch="false" width="narrow" editable="false"/><edge-set id="Connection42" pinch="false" width="narrow" editable="false"/><edge-set id="Connection44" pinch="false" width="narrow" editable="false"/><edge-set id="Connection45" pinch="false" width="narrow" editable="false"/><edge-set id="Connection50" pinch="false" width="narrow" editable="false"/><edge-set id="Connection53" pinch="false" width="narrow" editable="false"/><edge-set id="Connection54" pinch="false" width="narrow" editable="false"/><edge-set id="Connection55" pinch="false" width="narrow" editable="false"/><edge-set id="Connection57" pinch="false" width="narrow" editable="false"/><edge-set id="Connection58" pinch="false" width="narrow" editable="false"/><edge-set id="Connection63" pinch="false" width="narrow" editable="false"/><edge-set id="Connection66" pinch="false" width="narrow" editable="false"/><edge-set id="Connection67" pinch="false" width="narrow" editable="false"/><edge-set id="Connection68" pinch="false" width="narrow" editable="false"/><edge-set id="Connection83" pinch="false" width="narrow" editable="false"/><edge-set id="Connection84" pinch="false" width="narrow" editable="false"/><edge-set id="Connection93" pinch="false" width="narrow" editable="false"/><edge-set id="Connection94" pinch="false" width="narrow" editable="false"/><edge-set id="Connection96" pinch="false" width="narrow" editable="false"/><edge-set id="Connection97" pinch="false" width="narrow" editable="false"/><edge-set id="Connection99" pinch="false" width="narrow" editable="false"/><edge-set id="Connection100" pinch="false" width="narrow" editable="false"/><edge-set id="Connection103" pinch="false" width="narrow" editable="false"/><edge-set id="Connection105" pinch="false" width="narrow" editable="false"/><edge-set id="Connection107" pinch="false" width="narrow" editable="false"/><edge-set id="Connection108" pinch="false" width="narrow" editable="false"/><edge-set id="Connection109" pinch="false" width="narrow" editable="false"/><edge-set id="Connection112" pinch="false" width="narrow" editable="false"/><edge-set id="Connection113" pinch="false" width="narrow" editable="false"/><edge-set id="Connection117" pinch="false" width="narrow" editable="false"/><edge-set id="Connection121" pinch="false" width="narrow" editable="false"/><edge-set id="Connection122" pinch="false" width="narrow" editable="false"/><edge-set id="Connection128" pinch="false" width="narrow" editable="false"/><edge-set id="Connection129" pinch="false" width="narrow" editable="false"/><edge-set id="Connection132" pinch="false" width="narrow" editable="false"/><edge-set id="Connection133" pinch="false" width="narrow" editable="false"/><edge-set id="Connection137" pinch="false" width="narrow" editable="false"/><edge-set id="Connection138" pinch="false" width="narrow" editable="false"/><edge-set id="Connection149" pinch="false" width="narrow" editable="false"/><edge-set id="Connection150" pinch="false" width="narrow" editable="false"/><edge-set id="Connection151" pinch="false" width="narrow" editable="false"/><edge-set id="Connection155" pinch="false" width="narrow" editable="false"/><edge-set id="Connection156" pinch="false" width="narrow" editable="false"/><edge-set id="Connection159" pinch="false" width="narrow" editable="false"/><edge-set id="Connection160" pinch="false" width="narrow" editable="false"/><edge-set id="Connection162" pinch="false" width="narrow" editable="false"/><edge-set id="Connection163" pinch="false" width="narrow" editable="false"/><edge-set id="Connection177" pinch="false" width="narrow" editable="false"/><edge-set id="Connection178" pinch="false" width="narrow" editable="false"/><edge-set id="Connection180" pinch="false" width="narrow" editable="false"/><edge-set id="Connection181" pinch="false" width="narrow" editable="false"/><edge-set id="Connection183" pinch="false" width="narrow" editable="false"/><edge-set id="Connection184" pinch="false" width="narrow" editable="false"/><edge-set id="Connection186" pinch="false" width="narrow" editable="false"/><edge-set id="Connection187" pinch="false" width="narrow" editable="false"/><edge-set id="Connection189" pinch="false" width="narrow" editable="false"/><edge-set id="Connection190" pinch="false" width="narrow" editable="false"/><edge-set id="Connection192" pinch="false" width="narrow" editable="false"/><edge-set id="Connection193" pinch="false" width="narrow" editable="false"/><edge-set id="Connection195" pinch="false" width="narrow" editable="false"/></level><level id="UserData"><edge-set id="UserData0" pinch="false" width="narrow" editable="true"/><edge-set id="UserData1" pinch="false" width="narrow" editable="true"/><edge-set id="UserData2" pinch="false" width="narrow" editable="true"/><edge-set id="UserData3" pinch="false" width="narrow" editable="false"/><edge-set id="UserData5" pinch="false" width="narrow" editable="false"/><edge-set id="UserData6" pinch="false" width="narrow" editable="false"/><edge-set id="UserData13" pinch="false" width="narrow" editable="false"/><edge-set id="UserData14" pinch="false" width="narrow" editable="false"/><edge-set id="UserData17" pinch="false" width="narrow" editable="false"/><edge-set id="UserData18" pinch="false" width="narrow" editable="false"/><edge-set id="UserData20" pinch="false" width="narrow" editable="false"/><edge-set id="UserData21" pinch="false" width="narrow" editable="false"/><edge-set id="UserData23" pinch="false" width="narrow" editable="false"/><edge-set id="UserData24" pinch="false" width="narrow" editable="false"/><edge-set id="UserData26" pinch="false" width="narrow" editable="false"/><edge-set id="UserData27" pinch="false" width="narrow" editable="false"/><edge-set id="UserData29" pinch="false" width="narrow" editable="false"/><edge-set id="UserData32" pinch="false" width="narrow" editable="false"/><edge-set id="UserData35" pinch="false" width="narrow" editable="false"/></level><level id="Server"><edge-set id="Server0" pinch="true" width="narrow" editable="true"/><edge-set id="Server1" pinch="true" width="narrow" editable="true"/><edge-set id="Server2" pinch="false" width="narrow" editable="true"/><edge-set id="Server3" pinch="false" width="narrow" editable="true"/><edge-set id="Server4" pinch="true" width="narrow" editable="true"/><edge-set id="Server5" pinch="false" width="narrow" editable="true"/><edge-set id="Server6" pinch="false" width="narrow" editable="true"/><edge-set id="Server7" pinch="true" width="narrow" editable="true"/><edge-set id="Server8" pinch="true" width="narrow" editable="true"/><edge-set id="Server9" pinch="false" width="narrow" editable="true"/><edge-set id="Server10" pinch="false" width="narrow" editable="true"/><edge-set id="Server11" pinch="false" width="narrow" editable="true"/><edge-set id="Server12" pinch="true" width="narrow" editable="true"/><edge-set id="Server13" pinch="true" width="narrow" editable="true"/><edge-set id="Server14" pinch="false" width="narrow" editable="true"/><edge-set id="Server15" pinch="false" width="narrow" editable="true"/><edge-set id="Server16" pinch="true" width="narrow" editable="true"/><edge-set id="Server17" pinch="true" width="narrow" editable="true"/><edge-set id="Server18" pinch="true" width="narrow" editable="true"/><edge-set id="Server19" pinch="true" width="narrow" editable="true"/><edge-set id="Server20" pinch="true" width="narrow" editable="true"/><edge-set id="Server21" pinch="true" width="narrow" editable="true"/><edge-set id="Server22" pinch="false" width="narrow" editable="true"/><edge-set id="Server23" pinch="true" width="narrow" editable="true"/><edge-set id="Server24" pinch="false" width="narrow" editable="false"/><edge-set id="Server29" pinch="false" width="narrow" editable="false"/><edge-set id="Server30" pinch="false" width="narrow" editable="false"/><edge-set id="Server33" pinch="false" width="narrow" editable="false"/><edge-set id="Server34" pinch="false" width="narrow" editable="false"/><edge-set id="Server38" pinch="false" width="narrow" editable="false"/><edge-set id="Server39" pinch="false" width="narrow" editable="false"/><edge-set id="Server41" pinch="false" width="narrow" editable="false"/><edge-set id="Server42" pinch="false" width="narrow" editable="false"/><edge-set id="Server48" pinch="false" width="narrow" editable="false"/><edge-set id="Server49" pinch="false" width="narrow" editable="false"/><edge-set id="Server52" pinch="false" width="narrow" editable="false"/><edge-set id="Server53" pinch="false" width="narrow" editable="false"/><edge-set id="Server57" pinch="false" width="narrow" editable="false"/><edge-set id="Server58" pinch="false" width="narrow" editable="false"/><edge-set id="Server61" pinch="false" width="narrow" editable="false"/><edge-set id="Server62" pinch="false" width="narrow" editable="false"/><edge-set id="Server63" pinch="false" width="narrow" editable="false"/><edge-set id="Server67" pinch="false" width="narrow" editable="false"/><edge-set id="Server68" pinch="false" width="narrow" editable="false"/><edge-set id="Server76" pinch="false" width="narrow" editable="false"/><edge-set id="Server77" pinch="false" width="narrow" editable="false"/><edge-set id="Server80" pinch="false" width="narrow" editable="false"/><edge-set id="Server91" pinch="false" width="narrow" editable="false"/><edge-set id="Server92" pinch="false" width="narrow" editable="false"/><edge-set id="Server99" pinch="false" width="narrow" editable="false"/><edge-set id="Server106" pinch="false" width="narrow" editable="false"/><edge-set id="Server107" pinch="false" width="narrow" editable="false"/><edge-set id="Server112" pinch="false" width="narrow" editable="false"/><edge-set id="Server113" pinch="false" width="narrow" editable="false"/><edge-set id="Server122" pinch="false" width="narrow" editable="false"/><edge-set id="Server123" pinch="false" width="narrow" editable="false"/><edge-set id="Server126" pinch="false" width="narrow" editable="false"/><edge-set id="Server129" pinch="false" width="narrow" editable="false"/><edge-set id="Server130" pinch="false" width="narrow" editable="false"/><edge-set id="Server131" pinch="false" width="narrow" editable="false"/><edge-set id="Server134" pinch="false" width="narrow" editable="false"/><edge-set id="Server135" pinch="false" width="narrow" editable="false"/><edge-set id="Server136" pinch="false" width="narrow" editable="false"/><edge-set id="Server139" pinch="false" width="narrow" editable="false"/><edge-set id="Server142" pinch="false" width="narrow" editable="false"/><edge-set id="Server148" pinch="false" width="narrow" editable="false"/><edge-set id="Server149" pinch="false" width="narrow" editable="false"/><edge-set id="Server152" pinch="false" width="narrow" editable="false"/><edge-set id="Server155" pinch="false" width="narrow" editable="false"/><edge-set id="Server157" pinch="false" width="narrow" editable="false"/><edge-set id="Server158" pinch="false" width="narrow" editable="false"/><edge-set id="Server163" pinch="false" width="narrow" editable="false"/><edge-set id="Server164" pinch="false" width="narrow" editable="false"/><edge-set id="Server167" pinch="false" width="narrow" editable="false"/><edge-set id="Server170" pinch="false" width="narrow" editable="false"/><edge-set id="Server171" pinch="false" width="narrow" editable="false"/><edge-set id="Server172" pinch="false" width="narrow" editable="false"/><edge-set id="Server175" pinch="false" width="narrow" editable="false"/><edge-set id="Server178" pinch="false" width="narrow" editable="false"/><edge-set id="Server192" pinch="false" width="narrow" editable="false"/><edge-set id="Server193" pinch="false" width="narrow" editable="false"/><edge-set id="Server200" pinch="false" width="narrow" editable="false"/><edge-set id="Server206" pinch="false" width="narrow" editable="false"/><edge-set id="Server207" pinch="false" width="narrow" editable="false"/><edge-set id="Server209" pinch="false" width="narrow" editable="false"/><edge-set id="Server210" pinch="false" width="narrow" editable="false"/><edge-set id="Server212" pinch="false" width="narrow" editable="false"/><edge-set id="Server213" pinch="false" width="narrow" editable="false"/><edge-set id="Server215" pinch="false" width="narrow" editable="false"/><edge-set id="Server216" pinch="false" width="narrow" editable="false"/><edge-set id="Server218" pinch="false" width="narrow" editable="false"/><edge-set id="Server219" pinch="false" width="narrow" editable="false"/><edge-set id="Server221" pinch="false" width="narrow" editable="false"/><edge-set id="Server222" pinch="false" width="narrow" editable="false"/><edge-set id="Server224" pinch="false" width="narrow" editable="false"/><edge-set id="Server225" pinch="false" width="narrow" editable="false"/><edge-set id="Server227" pinch="false" width="narrow" editable="false"/><edge-set id="Server228" pinch="false" width="narrow" editable="false"/><edge-set id="Server230" pinch="false" width="narrow" editable="false"/><edge-set id="Server231" pinch="false" width="narrow" editable="false"/><edge-set id="Server233" pinch="false" width="narrow" editable="false"/><edge-set id="Server234" pinch="false" width="narrow" editable="false"/><edge-set id="Server236" pinch="false" width="narrow" editable="false"/></level><level id="Application1"><edge-set id="Application10" pinch="true" width="narrow" editable="true"/><edge-set id="Application11" pinch="true" width="narrow" editable="true"/><edge-set id="Application12" pinch="true" width="narrow" editable="true"/><edge-set id="Application13" pinch="true" width="narrow" editable="true"/><edge-set id="Application14" pinch="true" width="narrow" editable="true"/><edge-set id="Application15" pinch="true" width="narrow" editable="true"/><edge-set id="Application16" pinch="true" width="narrow" editable="true"/><edge-set id="Application17" pinch="true" width="narrow" editable="true"/><edge-set id="Application18" pinch="false" width="narrow" editable="true"/><edge-set id="Application19" pinch="false" width="narrow" editable="false"/><edge-set id="Application167" pinch="false" width="narrow" editable="false"/></level><level id="Vulture"><edge-set id="Vulture0" pinch="true" width="narrow" editable="true"/><edge-set id="Vulture1" pinch="false" width="narrow" editable="true"/><edge-set id="Vulture2" pinch="true" width="narrow" editable="true"/><edge-set id="Vulture3" pinch="false" width="narrow" editable="true"/><edge-set id="Vulture4" pinch="true" width="narrow" editable="true"/><edge-set id="Vulture5" pinch="true" width="narrow" editable="true"/><edge-set id="Vulture6" pinch="true" width="narrow" editable="true"/><edge-set id="Vulture7" pinch="false" width="narrow" editable="true"/><edge-set id="Vulture8" pinch="false" width="narrow" editable="false"/><edge-set id="Vulture11" pinch="false" width="narrow" editable="false"/><edge-set id="Vulture12" pinch="false" width="narrow" editable="false"/><edge-set id="Vulture14" pinch="false" width="narrow" editable="false"/><edge-set id="Vulture15" pinch="false" width="narrow" editable="false"/><edge-set id="Vulture17" pinch="false" width="narrow" editable="false"/><edge-set id="Vulture18" pinch="false" width="narrow" editable="false"/><edge-set id="Vulture22" pinch="false" width="narrow" editable="false"/><edge-set id="Vulture23" pinch="false" width="narrow" editable="false"/><edge-set id="Vulture29" pinch="false" width="narrow" editable="false"/><edge-set id="Vulture30" pinch="false" width="narrow" editable="false"/><edge-set id="Vulture42" pinch="false" width="narrow" editable="false"/><edge-set id="Vulture43" pinch="false" width="narrow" editable="false"/><edge-set id="Vulture53" pinch="false" width="narrow" editable="false"/><edge-set id="Vulture54" pinch="false" width="narrow" editable="false"/><edge-set id="Vulture63" pinch="false" width="narrow" editable="false"/><edge-set id="Vulture64" pinch="false" width="narrow" editable="false"/><edge-set id="Vulture79" pinch="false" width="narrow" editable="false"/><edge-set id="Vulture80" pinch="false" width="narrow" editable="false"/><edge-set id="Vulture86" pinch="false" width="narrow" editable="false"/><edge-set id="Vulture87" pinch="false" width="narrow" editable="false"/><edge-set id="Vulture89" pinch="false" width="narrow" editable="false"/><edge-set id="Vulture92" pinch="false" width="narrow" editable="false"/><edge-set id="Vulture96" pinch="false" width="narrow" editable="false"/></level><level id="Scribble"><edge-set id="Scribble0" pinch="true" width="narrow" editable="true"/><edge-set id="Scribble1" pinch="true" width="narrow" editable="true"/><edge-set id="Scribble2" pinch="true" width="narrow" editable="true"/><edge-set id="Scribble3" pinch="true" width="narrow" editable="true"/><edge-set id="Scribble4" pinch="true" width="narrow" editable="true"/><edge-set id="Scribble5" pinch="true" width="narrow" editable="true"/><edge-set id="Scribble6" pinch="false" width="narrow" editable="true"/><edge-set id="Scribble7" pinch="true" width="narrow" editable="true"/><edge-set id="Scribble8" pinch="true" width="narrow" editable="true"/><edge-set id="Scribble9" pinch="true" width="narrow" editable="true"/><edge-set id="Scribble10" pinch="false" width="narrow" editable="true"/><edge-set id="Scribble11" pinch="false" width="narrow" editable="true"/><edge-set id="Scribble12" pinch="false" width="narrow" editable="true"/><edge-set id="Scribble13" pinch="true" width="narrow" editable="true"/><edge-set id="Scribble14" pinch="false" width="narrow" editable="true"/><edge-set id="Scribble15" pinch="false" width="narrow" editable="false"/><edge-set id="Scribble19" pinch="false" width="narrow" editable="false"/><edge-set id="Scribble20" pinch="false" width="narrow" editable="false"/><edge-set id="Scribble23" pinch="false" width="narrow" editable="false"/><edge-set id="Scribble26" pinch="false" width="narrow" editable="false"/><edge-set id="Scribble27" pinch="false" width="narrow" editable="false"/><edge-set id="Scribble28" pinch="false" width="narrow" editable="false"/><edge-set id="Scribble32" pinch="false" width="narrow" editable="false"/><edge-set id="Scribble33" pinch="false" width="narrow" editable="false"/><edge-set id="Scribble37" pinch="false" width="narrow" editable="false"/><edge-set id="Scribble38" pinch="false" width="narrow" editable="false"/><edge-set id="Scribble41" pinch="false" width="narrow" editable="false"/><edge-set id="Scribble42" pinch="false" width="narrow" editable="false"/><edge-set id="Scribble45" pinch="false" width="narrow" editable="false"/><edge-set id="Scribble48" pinch="false" width="narrow" editable="false"/><edge-set id="Scribble49" pinch="false" width="narrow" editable="false"/><edge-set id="Scribble50" pinch="false" width="narrow" editable="false"/><edge-set id="Scribble54" pinch="false" width="narrow" editable="false"/><edge-set id="Scribble55" pinch="false" width="narrow" editable="false"/><edge-set id="Scribble59" pinch="false" width="narrow" editable="false"/><edge-set id="Scribble60" pinch="false" width="narrow" editable="false"/><edge-set id="Scribble64" pinch="false" width="narrow" editable="false"/><edge-set id="Scribble65" pinch="false" width="narrow" editable="false"/><edge-set id="Scribble69" pinch="false" width="narrow" editable="false"/><edge-set id="Scribble70" pinch="false" width="narrow" editable="false"/><edge-set id="Scribble74" pinch="false" width="narrow" editable="false"/><edge-set id="Scribble75" pinch="false" width="narrow" editable="false"/><edge-set id="Scribble80" pinch="false" width="narrow" editable="false"/><edge-set id="Scribble81" pinch="false" width="narrow" editable="false"/><edge-set id="Scribble89" pinch="false" width="narrow" editable="false"/><edge-set id="Scribble90" pinch="false" width="narrow" editable="false"/><edge-set id="Scribble98" pinch="false" width="narrow" editable="false"/><edge-set id="Scribble99" pinch="false" width="narrow" editable="false"/><edge-set id="Scribble108" pinch="false" width="narrow" editable="false"/><edge-set id="Scribble109" pinch="false" width="narrow" editable="false"/><edge-set id="Scribble121" pinch="false" width="narrow" editable="false"/><edge-set id="Scribble122" pinch="false" width="narrow" editable="false"/><edge-set id="Scribble124" pinch="false" width="narrow" editable="false"/><edge-set id="Scribble125" pinch="false" width="narrow" editable="false"/><edge-set id="Scribble126" pinch="false" width="narrow" editable="false"/><edge-set id="Scribble128" pinch="false" width="narrow" editable="false"/><edge-set id="Scribble129" pinch="false" width="narrow" editable="false"/><edge-set id="Scribble132" pinch="false" width="narrow" editable="false"/><edge-set id="Scribble133" pinch="false" width="narrow" editable="false"/><edge-set id="Scribble134" pinch="false" width="narrow" editable="false"/><edge-set id="Scribble136" pinch="false" width="narrow" editable="false"/><edge-set id="Scribble137" pinch="false" width="narrow" editable="false"/><edge-set id="Scribble140" pinch="false" width="narrow" editable="false"/><edge-set id="Scribble141" pinch="false" width="narrow" editable="false"/><edge-set id="Scribble142" pinch="false" width="narrow" editable="false"/><edge-set id="Scribble144" pinch="false" width="narrow" editable="false"/><edge-set id="Scribble145" pinch="false" width="narrow" editable="false"/><edge-set id="Scribble148" pinch="false" width="narrow" editable="false"/><edge-set id="Scribble149" pinch="false" width="narrow" editable="false"/><edge-set id="Scribble150" pinch="false" width="narrow" editable="false"/><edge-set id="Scribble152" pinch="false" width="narrow" editable="false"/><edge-set id="Scribble154" pinch="false" width="narrow" editable="false"/><edge-set id="Scribble164" pinch="false" width="narrow" editable="false"/><edge-set id="Scribble165" pinch="false" width="narrow" editable="false"/><edge-set id="Scribble170" pinch="false" width="narrow" editable="false"/><edge-set id="Scribble174" pinch="false" width="narrow" editable="false"/><edge-set id="Scribble175" pinch="false" width="narrow" editable="false"/><edge-set id="Scribble177" pinch="false" width="narrow" editable="false"/><edge-set id="Scribble178" pinch="false" width="narrow" editable="false"/><edge-set id="Scribble180" pinch="false" width="narrow" editable="false"/><edge-set id="Scribble181" pinch="false" width="narrow" editable="false"/><edge-set id="Scribble185" pinch="false" width="narrow" editable="false"/><edge-set id="Scribble186" pinch="false" width="narrow" editable="false"/><edge-set id="Scribble192" pinch="false" width="narrow" editable="false"/><edge-set id="Scribble193" pinch="false" width="narrow" editable="false"/><edge-set id="Scribble196" pinch="false" width="narrow" editable="false"/><edge-set id="Scribble197" pinch="false" width="narrow" editable="false"/><edge-set id="Scribble199" pinch="false" width="narrow" editable="false"/><edge-set id="Scribble200" pinch="false" width="narrow" editable="false"/><edge-set id="Scribble202" pinch="false" width="narrow" editable="false"/><edge-set id="Scribble203" pinch="false" width="narrow" editable="false"/><edge-set id="Scribble205" pinch="false" width="narrow" editable="false"/><edge-set id="Scribble206" pinch="false" width="narrow" editable="false"/><edge-set id="Scribble208" pinch="false" width="narrow" editable="false"/></level><level id="Storage"><edge-set id="Storage0" pinch="false" width="narrow" editable="true"/><edge-set id="Storage1" pinch="false" width="narrow" editable="true"/><edge-set id="Storage2" pinch="false" width="narrow" editable="true"/><edge-set id="Storage3" pinch="false" width="narrow" editable="false"/><edge-set id="Storage5" pinch="false" width="narrow" editable="false"/><edge-set id="Storage6" pinch="false" width="narrow" editable="false"/><edge-set id="Storage13" pinch="false" width="narrow" editable="false"/><edge-set id="Storage14" pinch="false" width="narrow" editable="false"/><edge-set id="Storage17" pinch="false" width="narrow" editable="false"/><edge-set id="Storage18" pinch="false" width="narrow" editable="false"/><edge-set id="Storage20" pinch="false" width="narrow" editable="false"/><edge-set id="Storage21" pinch="false" width="narrow" editable="false"/><edge-set id="Storage23" pinch="false" width="narrow" editable="false"/><edge-set id="Storage24" pinch="false" width="narrow" editable="false"/><edge-set id="Storage27" pinch="false" width="narrow" editable="false"/><edge-set id="Storage28" pinch="false" width="narrow" editable="false"/><edge-set id="Storage29" pinch="false" width="narrow" editable="false"/><edge-set id="Storage31" pinch="false" width="narrow" editable="false"/><edge-set id="Storage34" pinch="false" width="narrow" editable="false"/><edge-set id="Storage37" pinch="false" width="narrow" editable="false"/></level><level id="Application"><edge-set id="Application0" pinch="true" width="narrow" editable="true"/><edge-set id="Application1" pinch="true" width="narrow" editable="true"/><edge-set id="Application2" pinch="true" width="narrow" editable="true"/><edge-set id="Application3" pinch="true" width="narrow" editable="true"/><edge-set id="Application4" pinch="false" width="narrow" editable="true"/><edge-set id="Application5" pinch="false" width="narrow" editable="false"/><edge-set id="Application39" pinch="false" width="narrow" editable="false"/></level><level id="Application2"><edge-set id="Application20" pinch="true" width="narrow" editable="true"/><edge-set id="Application21" pinch="true" width="narrow" editable="true"/><edge-set id="Application22" pinch="false" width="narrow" editable="false"/><edge-set id="Application213" pinch="false" width="narrow" editable="false"/><edge-set id="Application217" pinch="false" width="narrow" editable="false"/></level></graph>