<?xml version="1.0" ?>
<graph id="world">
  <level id="Connection">
    <box id="Connection66" width="narrow" editable="false"/>
    <box id="Connection67" width="narrow" editable="false"/>
    <box id="Connection63" width="narrow" editable="false"/>
    <box id="Connection68" width="narrow" editable="false"/>
    <box id="Connection156" width="narrow" editable="false"/>
    <box id="Connection155" width="narrow" editable="false"/>
    <box id="Connection151" width="narrow" editable="false"/>
    <box id="Connection150" width="narrow" editable="false"/>
    <box id="Connection159" width="narrow" editable="false"/>
    <box id="Connection3" width="narrow" editable="true"/>
    <box id="Connection2" width="narrow" editable="true"/>
    <box id="Connection1" width="narrow" editable="true"/>
    <box id="Connection0" width="narrow" editable="true"/>
    <box id="Connection7" width="narrow" editable="true"/>
    <box id="Connection6" width="narrow" editable="true"/>
    <box id="Connection5" width="narrow" editable="true"/>
    <box id="Connection4" width="narrow" editable="true"/>
    <box id="Connection9" width="narrow" editable="true"/>
    <box id="Connection8" width="narrow" editable="true"/>
    <box id="Connection149" width="narrow" editable="false"/>
    <box id="Connection84" width="narrow" editable="false"/>
    <box id="Connection83" width="narrow" editable="false"/>
    <box id="Connection137" width="narrow" editable="false"/>
    <box id="Connection133" width="narrow" editable="false"/>
    <box id="Connection132" width="narrow" editable="false"/>
    <box id="Connection138" width="narrow" editable="false"/>
    <box id="Connection193" width="narrow" editable="false"/>
    <box id="Connection192" width="narrow" editable="false"/>
    <box id="Connection190" width="narrow" editable="false"/>
    <box id="Connection195" width="narrow" editable="false"/>
    <box id="Connection17" width="narrow" editable="false"/>
    <box id="Connection16" width="narrow" editable="true"/>
    <box id="Connection15" width="narrow" editable="true"/>
    <box id="Connection14" width="narrow" editable="true"/>
    <box id="Connection13" width="narrow" editable="true"/>
    <box id="Connection12" width="narrow" editable="true"/>
    <box id="Connection11" width="narrow" editable="true"/>
    <box id="Connection10" width="narrow" editable="true"/>
    <box id="Connection99" width="narrow" editable="false"/>
    <box id="Connection97" width="narrow" editable="false"/>
    <box id="Connection96" width="narrow" editable="false"/>
    <box id="Connection94" width="narrow" editable="false"/>
    <box id="Connection93" width="narrow" editable="false"/>
    <box id="Connection122" width="narrow" editable="false"/>
    <box id="Connection121" width="narrow" editable="false"/>
    <box id="Connection128" width="narrow" editable="false"/>
    <box id="Connection129" width="narrow" editable="false"/>
    <box id="Connection184" width="narrow" editable="false"/>
    <box id="Connection186" width="narrow" editable="false"/>
    <box id="Connection187" width="narrow" editable="false"/>
    <box id="Connection180" width="narrow" editable="false"/>
    <box id="Connection181" width="narrow" editable="false"/>
    <box id="Connection183" width="narrow" editable="false"/>
    <box id="Connection189" width="narrow" editable="false"/>
    <box id="Connection26" width="narrow" editable="false"/>
    <box id="Connection27" width="narrow" editable="false"/>
    <box id="Connection28" width="narrow" editable="false"/>
    <box id="Connection113" width="narrow" editable="false"/>
    <box id="Connection112" width="narrow" editable="false"/>
    <box id="Connection117" width="narrow" editable="false"/>
    <box id="Connection35" width="narrow" editable="false"/>
    <box id="Connection34" width="narrow" editable="false"/>
    <box id="Connection37" width="narrow" editable="false"/>
    <box id="Connection30" width="narrow" editable="false"/>
    <box id="Connection33" width="narrow" editable="false"/>
    <box id="Connection108" width="narrow" editable="false"/>
    <box id="Connection109" width="narrow" editable="false"/>
    <box id="Connection105" width="narrow" editable="false"/>
    <box id="Connection107" width="narrow" editable="false"/>
    <box id="Connection100" width="narrow" editable="false"/>
    <box id="Connection103" width="narrow" editable="false"/>
    <box id="Connection40" width="narrow" editable="false"/>
    <box id="Connection41" width="narrow" editable="false"/>
    <box id="Connection42" width="narrow" editable="false"/>
    <box id="Connection44" width="narrow" editable="false"/>
    <box id="Connection45" width="narrow" editable="false"/>
    <box id="Connection178" width="narrow" editable="false"/>
    <box id="Connection177" width="narrow" editable="false"/>
    <box id="Connection58" width="narrow" editable="false"/>
    <box id="Connection53" width="narrow" editable="false"/>
    <box id="Connection50" width="narrow" editable="false"/>
    <box id="Connection57" width="narrow" editable="false"/>
    <box id="Connection55" width="narrow" editable="false"/>
    <box id="Connection54" width="narrow" editable="false"/>
    <box id="Connection162" width="narrow" editable="false"/>
    <box id="Connection163" width="narrow" editable="false"/>
    <box id="Connection160" width="narrow" editable="false"/>
  </level>
  <level id="UserData">
    <box id="UserData2" width="narrow" editable="true"/>
    <box id="UserData3" width="narrow" editable="false"/>
    <box id="UserData0" width="narrow" editable="true"/>
    <box id="UserData1" width="narrow" editable="true"/>
    <box id="UserData6" width="narrow" editable="false"/>
    <box id="UserData24" width="narrow" editable="false"/>
    <box id="UserData27" width="narrow" editable="false"/>
    <box id="UserData5" width="narrow" editable="false"/>
    <box id="UserData29" width="narrow" editable="false"/>
    <box id="UserData26" width="narrow" editable="false"/>
    <box id="UserData13" width="narrow" editable="false"/>
    <box id="UserData18" width="narrow" editable="false"/>
    <box id="UserData21" width="narrow" editable="false"/>
    <box id="UserData20" width="narrow" editable="false"/>
    <box id="UserData32" width="narrow" editable="false"/>
    <box id="UserData17" width="narrow" editable="false"/>
    <box id="UserData14" width="narrow" editable="false"/>
    <box id="UserData35" width="narrow" editable="false"/>
    <box id="UserData23" width="narrow" editable="false"/>
  </level>
  <level id="Server">
    <box id="Server23" width="narrow" editable="true"/>
    <box id="Server22" width="narrow" editable="true"/>
    <box id="Server21" width="narrow" editable="true"/>
    <box id="Server20" width="narrow" editable="true"/>
    <box id="Server24" width="narrow" editable="false"/>
    <box id="Server29" width="narrow" editable="false"/>
    <box id="Server2" width="narrow" editable="true"/>
    <box id="Server139" width="narrow" editable="false"/>
    <box id="Server136" width="narrow" editable="false"/>
    <box id="Server134" width="narrow" editable="false"/>
    <box id="Server135" width="narrow" editable="false"/>
    <box id="Server193" width="narrow" editable="false"/>
    <box id="Server130" width="narrow" editable="false"/>
    <box id="Server131" width="narrow" editable="false"/>
    <box id="Server231" width="narrow" editable="false"/>
    <box id="Server230" width="narrow" editable="false"/>
    <box id="Server233" width="narrow" editable="false"/>
    <box id="Server234" width="narrow" editable="false"/>
    <box id="Server236" width="narrow" editable="false"/>
    <box id="Server16" width="narrow" editable="true"/>
    <box id="Server17" width="narrow" editable="true"/>
    <box id="Server14" width="narrow" editable="true"/>
    <box id="Server15" width="narrow" editable="true"/>
    <box id="Server12" width="narrow" editable="true"/>
    <box id="Server13" width="narrow" editable="true"/>
    <box id="Server10" width="narrow" editable="true"/>
    <box id="Server11" width="narrow" editable="true"/>
    <box id="Server18" width="narrow" editable="true"/>
    <box id="Server19" width="narrow" editable="true"/>
    <box id="Server107" width="narrow" editable="false"/>
    <box id="Server106" width="narrow" editable="false"/>
    <box id="Server99" width="narrow" editable="false"/>
    <box id="Server92" width="narrow" editable="false"/>
    <box id="Server91" width="narrow" editable="false"/>
    <box id="Server222" width="narrow" editable="false"/>
    <box id="Server221" width="narrow" editable="false"/>
    <box id="Server227" width="narrow" editable="false"/>
    <box id="Server224" width="narrow" editable="false"/>
    <box id="Server225" width="narrow" editable="false"/>
    <box id="Server228" width="narrow" editable="false"/>
    <box id="Server212" width="narrow" editable="false"/>
    <box id="Server80" width="narrow" editable="false"/>
    <box id="Server112" width="narrow" editable="false"/>
    <box id="Server113" width="narrow" editable="false"/>
    <box id="Server216" width="narrow" editable="false"/>
    <box id="Server215" width="narrow" editable="false"/>
    <box id="EXT__Connection-toString---Ljava-lang-String-__XIN__0" width="wide" editable="false"/>
    <box id="Server8" width="narrow" editable="true"/>
    <box id="Server9" width="narrow" editable="true"/>
    <box id="Server210" width="narrow" editable="false"/>
    <box id="Server4" width="narrow" editable="true"/>
    <box id="Server5" width="narrow" editable="true"/>
    <box id="Server6" width="narrow" editable="true"/>
    <box id="Server7" width="narrow" editable="true"/>
    <box id="Server0" width="narrow" editable="true"/>
    <box id="Server1" width="narrow" editable="true"/>
    <box id="Server192" width="narrow" editable="false"/>
    <box id="Server3" width="narrow" editable="true"/>
    <box id="Server209" width="narrow" editable="false"/>
    <box id="Server200" width="narrow" editable="false"/>
    <box id="Server218" width="narrow" editable="false"/>
    <box id="Server206" width="narrow" editable="false"/>
    <box id="Server207" width="narrow" editable="false"/>
    <box id="Server163" width="narrow" editable="false"/>
    <box id="Server164" width="narrow" editable="false"/>
    <box id="Server167" width="narrow" editable="false"/>
    <box id="EXT__Connection-toString---Ljava-lang-String-__XOUT__1" width="narrow" editable="false"/>
    <box id="EXT__Connection-toString---Ljava-lang-String-__XOUT__0" width="narrow" editable="false"/>
    <box id="Server172" width="narrow" editable="false"/>
    <box id="Server170" width="narrow" editable="false"/>
    <box id="Server171" width="narrow" editable="false"/>
    <box id="Server175" width="narrow" editable="false"/>
    <box id="Server178" width="narrow" editable="false"/>
    <box id="Server76" width="narrow" editable="false"/>
    <box id="Server77" width="narrow" editable="false"/>
    <box id="Server142" width="narrow" editable="false"/>
    <box id="Server149" width="narrow" editable="false"/>
    <box id="Server148" width="narrow" editable="false"/>
    <box id="Server68" width="narrow" editable="false"/>
    <box id="Server67" width="narrow" editable="false"/>
    <box id="Server63" width="narrow" editable="false"/>
    <box id="Server62" width="narrow" editable="false"/>
    <box id="Server61" width="narrow" editable="false"/>
    <box id="Server219" width="narrow" editable="false"/>
    <box id="Server158" width="narrow" editable="false"/>
    <box id="Server152" width="narrow" editable="false"/>
    <box id="Server155" width="narrow" editable="false"/>
    <box id="Server157" width="narrow" editable="false"/>
    <box id="Server52" width="narrow" editable="false"/>
    <box id="Server53" width="narrow" editable="false"/>
    <box id="Server57" width="narrow" editable="false"/>
    <box id="Server58" width="narrow" editable="false"/>
    <box id="Server30" width="narrow" editable="false"/>
    <box id="Server33" width="narrow" editable="false"/>
    <box id="Server34" width="narrow" editable="false"/>
    <box id="Server38" width="narrow" editable="false"/>
    <box id="Server39" width="narrow" editable="false"/>
    <box id="Server129" width="narrow" editable="false"/>
    <box id="Server213" width="narrow" editable="false"/>
    <box id="Server126" width="narrow" editable="false"/>
    <box id="Server123" width="narrow" editable="false"/>
    <box id="Server122" width="narrow" editable="false"/>
    <box id="Server41" width="narrow" editable="false"/>
    <box id="Server42" width="narrow" editable="false"/>
    <box id="Server49" width="narrow" editable="false"/>
    <box id="Server48" width="narrow" editable="false"/>
  </level>
  <level id="Application1">
    <box id="Application10" width="narrow" editable="true"/>
    <box id="Application11" width="narrow" editable="true"/>
    <box id="Application12" width="narrow" editable="true"/>
    <box id="Application13" width="narrow" editable="true"/>
    <box id="Application14" width="narrow" editable="true"/>
    <box id="Application15" width="narrow" editable="true"/>
    <box id="Application16" width="narrow" editable="true"/>
    <box id="Application17" width="narrow" editable="true"/>
    <box id="Application18" width="narrow" editable="true"/>
    <box id="Application19" width="narrow" editable="false"/>
    <box id="EXT__Storage-set-Ljava-lang-Object---V__XOUT__0" width="narrow" editable="false"/>
    <box id="EXT__Scribble-init---V__XOUT__0" width="narrow" editable="false"/>
    <box id="EXT__Server-run---V__XOUT__0" width="narrow" editable="false"/>
    <box id="EXT__Scribble-init---V__XIN__0" width="wide" editable="false"/>
    <box id="EXT__Storage-set-Ljava-lang-Object---V__XIN__1" width="wide" editable="false"/>
    <box id="EXT__Storage-set-Ljava-lang-Object---V__XIN__0" width="wide" editable="false"/>
    <box id="Application167" width="narrow" editable="false"/>
    <box id="EXT__Server-run---V__XIN__0" width="wide" editable="false"/>
    <box id="EXT__Storage-get---Ljava-lang-Object-__XOUT__1" width="narrow" editable="false"/>
    <box id="EXT__Storage-get---Ljava-lang-Object-__XOUT__0" width="narrow" editable="false"/>
    <box id="EXT__Storage-get---Ljava-lang-Object-__XIN__0" width="wide" editable="false"/>
  </level>
  <level id="Vulture">
    <box id="EXT__Server-threadgroup--GET__XOUT__1" width="narrow" editable="false"/>
    <box id="EXT__Server-connections--GET__XIN__0" width="wide" editable="false"/>
    <box id="Vulture80" width="narrow" editable="false"/>
    <box id="EXT__Server-threadgroup--GET__XOUT__0" width="narrow" editable="false"/>
    <box id="Vulture86" width="narrow" editable="false"/>
    <box id="Vulture87" width="narrow" editable="false"/>
    <box id="Vulture64" width="narrow" editable="false"/>
    <box id="Vulture89" width="narrow" editable="false"/>
    <box id="Vulture63" width="narrow" editable="false"/>
    <box id="Vulture22" width="narrow" editable="false"/>
    <box id="Vulture23" width="narrow" editable="false"/>
    <box id="Vulture42" width="narrow" editable="false"/>
    <box id="Vulture43" width="narrow" editable="false"/>
    <box id="Vulture29" width="narrow" editable="false"/>
    <box id="EXT__Server-connection_list--GET__XIN__0" width="wide" editable="false"/>
    <box id="EXT__Server-connection_list--GET__XOUT__1" width="narrow" editable="false"/>
    <box id="EXT__Server-connection_list--GET__XOUT__0" width="narrow" editable="false"/>
    <box id="EXT__Server-threadgroup--GET__XIN__0" width="wide" editable="false"/>
    <box id="Vulture54" width="narrow" editable="false"/>
    <box id="Vulture79" width="narrow" editable="false"/>
    <box id="Vulture92" width="narrow" editable="false"/>
    <box id="Vulture96" width="narrow" editable="false"/>
    <box id="EXT__Server-connections--GET__XOUT__1" width="narrow" editable="false"/>
    <box id="EXT__Server-connections--GET__XOUT__0" width="narrow" editable="false"/>
    <box id="Vulture18" width="narrow" editable="false"/>
    <box id="Vulture53" width="narrow" editable="false"/>
    <box id="Vulture11" width="narrow" editable="false"/>
    <box id="Vulture12" width="narrow" editable="false"/>
    <box id="Vulture15" width="narrow" editable="false"/>
    <box id="Vulture14" width="narrow" editable="false"/>
    <box id="Vulture17" width="narrow" editable="false"/>
    <box id="Vulture30" width="narrow" editable="false"/>
    <box id="Vulture8" width="narrow" editable="false"/>
    <box id="Vulture1" width="narrow" editable="true"/>
    <box id="Vulture0" width="narrow" editable="true"/>
    <box id="Vulture3" width="narrow" editable="true"/>
    <box id="Vulture2" width="narrow" editable="true"/>
    <box id="Vulture5" width="narrow" editable="true"/>
    <box id="Vulture4" width="narrow" editable="true"/>
    <box id="Vulture7" width="narrow" editable="true"/>
    <box id="Vulture6" width="narrow" editable="true"/>
  </level>
  <level id="Scribble">
    <box id="Scribble5" width="narrow" editable="true"/>
    <box id="Scribble4" width="narrow" editable="true"/>
    <box id="Scribble7" width="narrow" editable="true"/>
    <box id="Scribble6" width="narrow" editable="true"/>
    <box id="Scribble1" width="narrow" editable="true"/>
    <box id="Scribble0" width="narrow" editable="true"/>
    <box id="Scribble3" width="narrow" editable="true"/>
    <box id="Scribble2" width="narrow" editable="true"/>
    <box id="Scribble164" width="narrow" editable="false"/>
    <box id="Scribble8" width="narrow" editable="true"/>
    <box id="Scribble20" width="narrow" editable="false"/>
    <box id="Scribble23" width="narrow" editable="false"/>
    <box id="Scribble26" width="narrow" editable="false"/>
    <box id="Scribble27" width="narrow" editable="false"/>
    <box id="Scribble28" width="narrow" editable="false"/>
    <box id="Scribble42" width="narrow" editable="false"/>
    <box id="Scribble41" width="narrow" editable="false"/>
    <box id="Scribble45" width="narrow" editable="false"/>
    <box id="Scribble48" width="narrow" editable="false"/>
    <box id="Scribble49" width="narrow" editable="false"/>
    <box id="Scribble154" width="narrow" editable="false"/>
    <box id="Scribble150" width="narrow" editable="false"/>
    <box id="Scribble152" width="narrow" editable="false"/>
    <box id="Scribble37" width="narrow" editable="false"/>
    <box id="Scribble33" width="narrow" editable="false"/>
    <box id="Scribble32" width="narrow" editable="false"/>
    <box id="Scribble38" width="narrow" editable="false"/>
    <box id="Scribble50" width="narrow" editable="false"/>
    <box id="Scribble55" width="narrow" editable="false"/>
    <box id="Scribble54" width="narrow" editable="false"/>
    <box id="Scribble59" width="narrow" editable="false"/>
    <box id="Scribble142" width="narrow" editable="false"/>
    <box id="Scribble140" width="narrow" editable="false"/>
    <box id="Scribble141" width="narrow" editable="false"/>
    <box id="Scribble144" width="narrow" editable="false"/>
    <box id="Scribble145" width="narrow" editable="false"/>
    <box id="Scribble148" width="narrow" editable="false"/>
    <box id="Scribble149" width="narrow" editable="false"/>
    <box id="Scribble64" width="narrow" editable="false"/>
    <box id="Scribble65" width="narrow" editable="false"/>
    <box id="Scribble60" width="narrow" editable="false"/>
    <box id="Scribble69" width="narrow" editable="false"/>
    <box id="Scribble137" width="narrow" editable="false"/>
    <box id="Scribble136" width="narrow" editable="false"/>
    <box id="Scribble134" width="narrow" editable="false"/>
    <box id="Scribble133" width="narrow" editable="false"/>
    <box id="Scribble132" width="narrow" editable="false"/>
    <box id="Scribble9" width="narrow" editable="true"/>
    <box id="Scribble165" width="narrow" editable="false"/>
    <box id="Scribble205" width="narrow" editable="false"/>
    <box id="Scribble206" width="narrow" editable="false"/>
    <box id="Scribble200" width="narrow" editable="false"/>
    <box id="Scribble203" width="narrow" editable="false"/>
    <box id="Scribble202" width="narrow" editable="false"/>
    <box id="Scribble208" width="narrow" editable="false"/>
    <box id="Scribble124" width="narrow" editable="false"/>
    <box id="Scribble125" width="narrow" editable="false"/>
    <box id="Scribble126" width="narrow" editable="false"/>
    <box id="Scribble121" width="narrow" editable="false"/>
    <box id="Scribble122" width="narrow" editable="false"/>
    <box id="Scribble128" width="narrow" editable="false"/>
    <box id="Scribble129" width="narrow" editable="false"/>
    <box id="Scribble193" width="narrow" editable="false"/>
    <box id="Scribble192" width="narrow" editable="false"/>
    <box id="Scribble197" width="narrow" editable="false"/>
    <box id="Scribble196" width="narrow" editable="false"/>
    <box id="Scribble199" width="narrow" editable="false"/>
    <box id="Scribble80" width="narrow" editable="false"/>
    <box id="Scribble81" width="narrow" editable="false"/>
    <box id="Scribble89" width="narrow" editable="false"/>
    <box id="Scribble70" width="narrow" editable="false"/>
    <box id="Scribble75" width="narrow" editable="false"/>
    <box id="Scribble74" width="narrow" editable="false"/>
    <box id="Scribble186" width="narrow" editable="false"/>
    <box id="Scribble185" width="narrow" editable="false"/>
    <box id="Scribble180" width="narrow" editable="false"/>
    <box id="Scribble181" width="narrow" editable="false"/>
    <box id="Scribble90" width="narrow" editable="false"/>
    <box id="Scribble108" width="narrow" editable="false"/>
    <box id="Scribble109" width="narrow" editable="false"/>
    <box id="Scribble99" width="narrow" editable="false"/>
    <box id="Scribble98" width="narrow" editable="false"/>
    <box id="Scribble178" width="narrow" editable="false"/>
    <box id="Scribble170" width="narrow" editable="false"/>
    <box id="Scribble177" width="narrow" editable="false"/>
    <box id="Scribble175" width="narrow" editable="false"/>
    <box id="Scribble174" width="narrow" editable="false"/>
    <box id="Scribble19" width="narrow" editable="false"/>
    <box id="Scribble15" width="narrow" editable="false"/>
    <box id="Scribble14" width="narrow" editable="true"/>
    <box id="Scribble11" width="narrow" editable="true"/>
    <box id="Scribble10" width="narrow" editable="true"/>
    <box id="Scribble13" width="narrow" editable="true"/>
    <box id="Scribble12" width="narrow" editable="true"/>
  </level>
  <level id="Storage">
    <box id="Storage20" width="narrow" editable="false"/>
    <box id="Storage18" width="narrow" editable="false"/>
    <box id="Storage23" width="narrow" editable="false"/>
    <box id="Storage24" width="narrow" editable="false"/>
    <box id="Storage34" width="narrow" editable="false"/>
    <box id="Storage21" width="narrow" editable="false"/>
    <box id="Storage28" width="narrow" editable="false"/>
    <box id="Storage29" width="narrow" editable="false"/>
    <box id="Storage13" width="narrow" editable="false"/>
    <box id="Storage27" width="narrow" editable="false"/>
    <box id="Storage14" width="narrow" editable="false"/>
    <box id="Storage17" width="narrow" editable="false"/>
    <box id="Storage37" width="narrow" editable="false"/>
    <box id="Storage31" width="narrow" editable="false"/>
    <box id="Storage1" width="narrow" editable="true"/>
    <box id="Storage0" width="narrow" editable="true"/>
    <box id="Storage3" width="narrow" editable="false"/>
    <box id="Storage2" width="narrow" editable="true"/>
    <box id="Storage5" width="narrow" editable="false"/>
    <box id="Storage6" width="narrow" editable="false"/>
  </level>
  <level id="Application">
    <box id="Application39" width="narrow" editable="false"/>
    <box id="EXT__Storage-set-Ljava-lang-Object---V__XIN__1" width="wide" editable="false"/>
    <box id="EXT__Storage-set-Ljava-lang-Object---V__XOUT__0" width="narrow" editable="false"/>
    <box id="EXT__Storage-set-Ljava-lang-Object---V__XIN__0" width="wide" editable="false"/>
    <box id="Application2" width="narrow" editable="true"/>
    <box id="Application3" width="narrow" editable="true"/>
    <box id="Application0" width="narrow" editable="true"/>
    <box id="Application1" width="narrow" editable="true"/>
    <box id="Application4" width="narrow" editable="true"/>
    <box id="Application5" width="narrow" editable="false"/>
    <box id="EXT__Storage-get---Ljava-lang-Object-__XOUT__0" width="narrow" editable="false"/>
    <box id="EXT__Storage-get---Ljava-lang-Object-__XOUT__1" width="narrow" editable="false"/>
    <box id="EXT__Storage-get---Ljava-lang-Object-__XIN__0" width="wide" editable="false"/>
  </level>
  <level id="Application2">
    <box id="EXT__Storage-set-Ljava-lang-Object---V__XIN__1" width="wide" editable="false"/>
    <box id="Application21" width="narrow" editable="true"/>
    <box id="Application20" width="narrow" editable="true"/>
    <box id="Application22" width="narrow" editable="false"/>
    <box id="EXT__Storage-set-Ljava-lang-Object---V__XOUT__0" width="narrow" editable="false"/>
    <box id="Application213" width="wide" editable="false"/>
    <box id="Application217" width="narrow" editable="false"/>
    <box id="EXT__Storage-set-Ljava-lang-Object---V__XIN__0" width="wide" editable="false"/>
  </level>
</graph>