<graph id="world"><level id="Connection" top="0" left="0" bottom="1150.0" right="400.0"><edgeset id="Connection193" top="570" left="390" bottom="580.0" right="400.0"/><edge from="Connection193" to="Connection195"><point x="395.0" y="580.0"/><point x="215.0" y="590.0"/></edge><edgeset id="Connection190" top="570" left="370" bottom="580.0" right="380.0"/><edge from="Connection190" to="Connection192"><point x="375.0" y="580.0"/><point x="195.0" y="590.0"/></edge><edgeset id="Connection187" top="570" left="350" bottom="580.0" right="360.0"/><edge from="Connection187" to="Connection189"><point x="355.0" y="580.0"/><point x="175.0" y="590.0"/></edge><edgeset id="Connection184" top="570" left="330" bottom="580.0" right="340.0"/><edge from="Connection184" to="Connection186"><point x="335.0" y="580.0"/><point x="155.0" y="590.0"/></edge><edgeset id="Connection181" top="570" left="310" bottom="580.0" right="320.0"/><edge from="Connection181" to="Connection183"><point x="315.0" y="580.0"/><point x="135.0" y="590.0"/></edge><edgeset id="Connection178" top="570" left="290" bottom="580.0" right="300.0"/><edge from="Connection178" to="Connection180"><point x="295.0" y="580.0"/><point x="115.0" y="590.0"/></edge><edgeset id="Connection97" top="570" left="270" bottom="580.0" right="280.0"/><edge from="Connection97" to="Connection99"><point x="275.0" y="580.0"/><point x="95.0" y="590.0"/></edge><edgeset id="Connection94" top="570" left="250" bottom="580.0" right="260.0"/><edge from="Connection94" to="Connection96"><point x="255.0" y="580.0"/><point x="75.0" y="590.0"/></edge><edgeset id="Connection84" top="570" left="230" bottom="580.0" right="240.0"/><edge from="Connection84" to="Connection93"><point x="235.0" y="580.0"/><point x="55.0" y="590.0"/></edge><edgeset id="Connection68" top="570" left="210" bottom="580.0" right="220.0"/><edge from="Connection68" to="Connection83"><point x="215.0" y="580.0"/><point x="35.0" y="590.0"/></edge><edgeset id="Connection195" top="590" left="210" bottom="600.0" right="220.0"/><edgeset id="Connection30" top="570" left="190" bottom="580.0" right="200.0"/><edge from="Connection30" to="Connection33"><point x="195.0" y="580.0"/><point x="25.0" y="590.0"/></edge><edgeset id="Connection192" top="590" left="190" bottom="600.0" right="200.0"/><edgeset id="Connection15" top="570" left="170" bottom="580.0" right="180.0"/><edgeset id="Connection189" top="590" left="170" bottom="600.0" right="180.0"/><edgeset id="Connection14" top="570" left="150" bottom="580.0" right="160.0"/><edgeset id="Connection186" top="590" left="150" bottom="600.0" right="160.0"/><edgeset id="Connection13" top="570" left="130" bottom="580.0" right="150.0"/><edgeset id="Connection183" top="590" left="130" bottom="600.0" right="140.0"/><edgeset id="Connection149" top="530" left="130" bottom="540.0" right="140.0"/><edge from="Connection149" to="Connection13"><point x="135.0" y="540.0"/><point x="145.0" y="570.0"/></edge><edgeset id="Connection105" top="550" left="110" bottom="560.0" right="120.0"/><edge from="Connection105" to="Connection11"><point x="115.0" y="560.0"/><point x="95.0" y="570.0"/></edge><edgeset id="Connection12" top="570" left="110" bottom="580.0" right="120.0"/><edgeset id="Connection180" top="590" left="110" bottom="600.0" right="120.0"/><edgeset id="Connection121" top="510" left="90" bottom="520.0" right="100.0"/><edgeset id="Connection107" top="530" left="90" bottom="540.0" right="100.0"/><edge from="Connection107" to="Connection11"><point x="95.0" y="540.0"/><point x="105.0" y="570.0"/></edge><edgeset id="Connection67" top="550" left="210" bottom="560.0" right="230.0"/><edge from="Connection67" to="Connection7"><point x="225.0" y="560.0"/><point x="55.0" y="530.0"/></edge><edge from="Connection67" to="Connection68"><point x="215.0" y="560.0"/><point x="215.0" y="570.0"/></edge><edgeset id="Connection11" top="570" left="90" bottom="580.0" right="130.0"/><edgeset id="Connection99" top="590" left="90" bottom="600.0" right="100.0"/><edgeset id="Connection113" top="490" left="90" bottom="500.0" right="100.0"/><edge from="Connection113" to="Connection121"><point x="95.0" y="500.0"/><point x="95.0" y="510.0"/></edge><edgeset id="Connection117" top="510" left="80" bottom="520.0" right="90.0"/><edge from="Connection117" to="Connection11"><point x="85.0" y="520.0"/><point x="115.0" y="570.0"/></edge><edgeset id="Connection63" top="530" left="70" bottom="540.0" right="80.0"/><edge from="Connection63" to="Connection66"><point x="75.0" y="540.0"/><point x="205.0" y="550.0"/></edge><edgeset id="Connection66" top="550" left="200" bottom="560.0" right="220.0"/><edge from="Connection66" to="Connection67"><point x="205.0" y="560.0"/><point x="215.0" y="550.0"/></edge><edgeset id="Connection6" top="570" left="70" bottom="580.0" right="80.0"/><edgeset id="Connection96" top="590" left="70" bottom="600.0" right="80.0"/><edgeset id="Connection160" top="230" left="50" bottom="240.0" right="60.0"/><edge from="Connection160" to="Connection162"><point x="55.0" y="240.0"/><point x="55.0" y="250.0"/></edge><edgeset id="Connection162" top="250" left="50" bottom="260.0" right="70.0"/><edge from="Connection162" to="Connection8"><point x="65.0" y="260.0"/><point x="35.0" y="250.0"/></edge><edge from="Connection162" to="Connection163"><point x="55.0" y="260.0"/><point x="35.0" y="270.0"/></edge><edgeset id="Connection112" top="490" left="80" bottom="500.0" right="100.0"/><edge from="Connection112" to="Connection7"><point x="95.0" y="500.0"/><point x="85.0" y="530.0"/></edge><edge from="Connection112" to="Connection113"><point x="85.0" y="500.0"/><point x="95.0" y="490.0"/></edge><edgeset id="Connection58" top="510" left="70" bottom="520.0" right="80.0"/><edge from="Connection58" to="Connection63"><point x="75.0" y="520.0"/><point x="75.0" y="530.0"/></edge><edgeset id="Connection27" top="530" left="50" bottom="540.0" right="70.0"/><edge from="Connection27" to="Connection7"><point x="65.0" y="540.0"/><point x="35.0" y="530.0"/></edge><edge from="Connection27" to="Connection28"><point x="55.0" y="540.0"/><point x="195.0" y="550.0"/></edge><edgeset id="Connection28" top="550" left="190" bottom="560.0" right="200.0"/><edge from="Connection28" to="Connection30"><point x="195.0" y="560.0"/><point x="195.0" y="570.0"/></edge><edgeset id="Connection3" top="570" left="50" bottom="580.0" right="60.0"/><edgeset id="Connection93" top="590" left="50" bottom="600.0" right="60.0"/><edgeset id="Connection128" top="30" left="30" bottom="40.0" right="50.0"/><edge from="Connection128" to="Connection10"><point x="45.0" y="40.0"/><point x="35.0" y="30.0"/></edge><edge from="Connection128" to="Connection129"><point x="35.0" y="40.0"/><point x="15.0" y="50.0"/></edge><edgeset id="Connection137" top="110" left="30" bottom="120.0" right="50.0"/><edge from="Connection137" to="Connection9"><point x="45.0" y="120.0"/><point x="15.0" y="110.0"/></edge><edge from="Connection137" to="Connection138"><point x="35.0" y="120.0"/><point x="15.0" y="130.0"/></edge><edgeset id="Connection159" top="230" left="40" bottom="240.0" right="60.0"/><edge from="Connection159" to="Connection8"><point x="55.0" y="240.0"/><point x="25.0" y="250.0"/></edge><edge from="Connection159" to="Connection160"><point x="45.0" y="240.0"/><point x="55.0" y="230.0"/></edge><edgeset id="Connection35" top="250" left="30" bottom="260.0" right="40.0"/><edge from="Connection35" to="Connection37"><point x="35.0" y="260.0"/><point x="15.0" y="270.0"/></edge><edgeset id="Connection163" top="270" left="30" bottom="280.0" right="40.0"/><edge from="Connection163" to="Connection177"><point x="35.0" y="280.0"/><point x="35.0" y="290.0"/></edge><edgeset id="Connection177" top="290" left="30" bottom="300.0" right="40.0"/><edgeset id="Connection100" top="430" left="30" bottom="440.0" right="40.0"/><edge from="Connection100" to="Connection108"><point x="35.0" y="440.0"/><point x="35.0" y="450.0"/></edge><edgeset id="Connection108" top="450" left="30" bottom="460.0" right="50.0"/><edge from="Connection108" to="Connection7"><point x="45.0" y="460.0"/><point x="95.0" y="530.0"/></edge><edge from="Connection108" to="Connection109"><point x="35.0" y="460.0"/><point x="85.0" y="470.0"/></edge><edgeset id="Connection109" top="470" left="80" bottom="480.0" right="90.0"/><edge from="Connection109" to="Connection112"><point x="85.0" y="480.0"/><point x="85.0" y="490.0"/></edge><edgeset id="Connection103" top="490" left="70" bottom="500.0" right="80.0"/><edge from="Connection103" to="Connection11"><point x="75.0" y="500.0"/><point x="125.0" y="570.0"/></edge><edgeset id="Connection57" top="510" left="60" bottom="520.0" right="80.0"/><edge from="Connection57" to="Connection7"><point x="75.0" y="520.0"/><point x="45.0" y="530.0"/></edge><edge from="Connection57" to="Connection58"><point x="65.0" y="520.0"/><point x="75.0" y="510.0"/></edge><edgeset id="Connection7" top="530" left="30" bottom="540.0" right="100.0"/><edgeset id="Connection26" top="550" left="30" bottom="560.0" right="40.0"/><edge from="Connection26" to="Connection1"><point x="35.0" y="560.0"/><point x="35.0" y="570.0"/></edge><edgeset id="Connection1" top="570" left="30" bottom="580.0" right="40.0"/><edgeset id="Connection83" top="590" left="30" bottom="600.0" right="40.0"/><edgeset id="Connection122" top="10" left="30" bottom="20.0" right="40.0"/><edge from="Connection122" to="Connection128"><point x="35.0" y="20.0"/><point x="35.0" y="30.0"/></edge><edgeset id="Connection10" top="30" left="10" bottom="40.0" right="50.0"/><edgeset id="Connection129" top="50" left="10" bottom="60.0" right="20.0"/><edge from="Connection129" to="Connection132"><point x="15.0" y="60.0"/><point x="15.0" y="70.0"/></edge><edgeset id="Connection132" top="70" left="10" bottom="80.0" right="30.0"/><edge from="Connection132" to="Connection10"><point x="25.0" y="80.0"/><point x="15.0" y="30.0"/></edge><edge from="Connection132" to="Connection133"><point x="15.0" y="80.0"/><point x="35.0" y="90.0"/></edge><edgeset id="Connection133" top="90" left="30" bottom="100.0" right="40.0"/><edge from="Connection133" to="Connection137"><point x="35.0" y="100.0"/><point x="35.0" y="110.0"/></edge><edgeset id="Connection9" top="110" left="10" bottom="120.0" right="30.0"/><edgeset id="Connection138" top="130" left="10" bottom="140.0" right="20.0"/><edge from="Connection138" to="Connection150"><point x="15.0" y="140.0"/><point x="15.0" y="150.0"/></edge><edgeset id="Connection150" top="150" left="10" bottom="160.0" right="30.0"/><edge from="Connection150" to="Connection10"><point x="25.0" y="160.0"/><point x="45.0" y="30.0"/></edge><edge from="Connection150" to="Connection151"><point x="15.0" y="160.0"/><point x="15.0" y="170.0"/></edge><edgeset id="Connection151" top="170" left="10" bottom="180.0" right="20.0"/><edge from="Connection151" to="Connection155"><point x="15.0" y="180.0"/><point x="15.0" y="190.0"/></edge><edgeset id="Connection155" top="190" left="10" bottom="200.0" right="30.0"/><edge from="Connection155" to="Connection7"><point x="25.0" y="200.0"/><point x="75.0" y="530.0"/></edge><edge from="Connection155" to="Connection156"><point x="15.0" y="200.0"/><point x="45.0" y="210.0"/></edge><edgeset id="Connection156" top="210" left="40" bottom="220.0" right="50.0"/><edge from="Connection156" to="Connection159"><point x="45.0" y="220.0"/><point x="45.0" y="230.0"/></edge><edgeset id="Connection34" top="230" left="30" bottom="240.0" right="50.0"/><edge from="Connection34" to="Connection8"><point x="45.0" y="240.0"/><point x="15.0" y="250.0"/></edge><edge from="Connection34" to="Connection35"><point x="35.0" y="240.0"/><point x="35.0" y="250.0"/></edge><edgeset id="Connection8" top="250" left="10" bottom="260.0" right="40.0"/><edgeset id="Connection37" top="270" left="10" bottom="280.0" right="20.0"/><edge from="Connection37" to="Connection40"><point x="15.0" y="280.0"/><point x="25.0" y="310.0"/></edge><edgeset id="Connection4" top="290" left="10" bottom="300.0" right="20.0"/><edge from="Connection4" to="Connection40"><point x="15.0" y="300.0"/><point x="15.0" y="310.0"/></edge><edgeset id="Connection40" top="310" left="10" bottom="320.0" right="30.0"/><edge from="Connection40" to="Connection41"><point x="15.0" y="320.0"/><point x="15.0" y="330.0"/></edge><edgeset id="Connection41" top="330" left="10" bottom="340.0" right="30.0"/><edge from="Connection41" to="Connection9"><point x="25.0" y="340.0"/><point x="25.0" y="110.0"/></edge><edge from="Connection41" to="Connection42"><point x="15.0" y="340.0"/><point x="15.0" y="350.0"/></edge><edgeset id="Connection42" top="350" left="10" bottom="360.0" right="20.0"/><edge from="Connection42" to="Connection44"><point x="15.0" y="360.0"/><point x="15.0" y="370.0"/></edge><edgeset id="Connection44" top="370" left="10" bottom="380.0" right="30.0"/><edge from="Connection44" to="Connection7"><point x="25.0" y="380.0"/><point x="65.0" y="530.0"/></edge><edge from="Connection44" to="Connection45"><point x="15.0" y="380.0"/><point x="15.0" y="390.0"/></edge><edgeset id="Connection45" top="390" left="10" bottom="400.0" right="20.0"/><edge from="Connection45" to="Connection50"><point x="15.0" y="400.0"/><point x="15.0" y="410.0"/></edge><edgeset id="Connection50" top="410" left="10" bottom="420.0" right="20.0"/><edge from="Connection50" to="Connection53"><point x="15.0" y="420.0"/><point x="25.0" y="450.0"/></edge><edgeset id="Connection5" top="430" left="10" bottom="440.0" right="20.0"/><edge from="Connection5" to="Connection53"><point x="15.0" y="440.0"/><point x="15.0" y="450.0"/></edge><edgeset id="Connection53" top="450" left="10" bottom="460.0" right="30.0"/><edge from="Connection53" to="Connection54"><point x="15.0" y="460.0"/><point x="15.0" y="470.0"/></edge><edgeset id="Connection54" top="470" left="10" bottom="480.0" right="30.0"/><edge from="Connection54" to="Connection10"><point x="25.0" y="480.0"/><point x="25.0" y="30.0"/></edge><edge from="Connection54" to="Connection55"><point x="15.0" y="480.0"/><point x="65.0" y="490.0"/></edge><edgeset id="Connection55" top="490" left="60" bottom="500.0" right="70.0"/><edge from="Connection55" to="Connection57"><point x="65.0" y="500.0"/><point x="65.0" y="510.0"/></edge><edgeset id="Connection17" top="510" left="50" bottom="520.0" right="60.0"/><edge from="Connection17" to="Connection27"><point x="55.0" y="520.0"/><point x="55.0" y="530.0"/></edge><edgeset id="Connection2" top="530" left="200" bottom="540.0" right="210.0"/><edge from="Connection2" to="Connection66"><point x="205.0" y="540.0"/><point x="215.0" y="550.0"/></edge><edgeset id="Connection16" top="550" left="130" bottom="560.0" right="140.0"/><edge from="Connection16" to="Connection13"><point x="135.0" y="560.0"/><point x="135.0" y="570.0"/></edge><edgeset id="Connection0" top="570" left="10" bottom="580.0" right="20.0"/><edge from="Connection0" to="Connection33"><point x="15.0" y="580.0"/><point x="35.0" y="590.0"/></edge><edgeset id="Connection33" top="590" left="20" bottom="600.0" right="40.0"/><edge from="Connection33" to="Connection34"><point x="25.0" y="600.0"/><point x="35.0" y="230.0"/></edge></level><level id="UserData" top="0" left="0" bottom="190.0" right="80.0"><edgeset id="UserData29" top="50" left="70" bottom="60.0" right="80.0"/><edge from="UserData29" to="UserData32"><point x="75.0" y="60.0"/><point x="75.0" y="70.0"/></edge><edgeset id="UserData35" top="70" left="70" bottom="80.0" right="80.0"/><edgeset id="UserData21" top="90" left="70" bottom="100.0" right="80.0"/><edge from="UserData21" to="UserData23"><point x="75.0" y="100.0"/><point x="55.0" y="110.0"/></edge><edgeset id="UserData27" top="30" left="70" bottom="40.0" right="80.0"/><edge from="UserData27" to="UserData29"><point x="75.0" y="40.0"/><point x="75.0" y="50.0"/></edge><edgeset id="UserData6" top="50" left="50" bottom="60.0" right="60.0"/><edge from="UserData6" to="UserData13"><point x="55.0" y="60.0"/><point x="35.0" y="70.0"/></edge><edgeset id="UserData32" top="70" left="60" bottom="80.0" right="80.0"/><edge from="UserData32" to="UserData35"><point x="65.0" y="80.0"/><point x="75.0" y="70.0"/></edge><edgeset id="UserData18" top="90" left="50" bottom="100.0" right="60.0"/><edge from="UserData18" to="UserData20"><point x="55.0" y="100.0"/><point x="35.0" y="110.0"/></edge><edgeset id="UserData23" top="110" left="50" bottom="120.0" right="60.0"/><edgeset id="UserData26" top="30" left="60" bottom="40.0" right="80.0"/><edge from="UserData26" to="UserData1"><point x="75.0" y="40.0"/><point x="25.0" y="70.0"/></edge><edge from="UserData26" to="UserData27"><point x="65.0" y="40.0"/><point x="75.0" y="30.0"/></edge><edgeset id="UserData5" top="50" left="40" bottom="60.0" right="60.0"/><edge from="UserData5" to="UserData1"><point x="55.0" y="60.0"/><point x="15.0" y="70.0"/></edge><edge from="UserData5" to="UserData6"><point x="45.0" y="60.0"/><point x="55.0" y="50.0"/></edge><edgeset id="UserData13" top="70" left="30" bottom="80.0" right="40.0"/><edgeset id="UserData14" top="90" left="30" bottom="100.0" right="40.0"/><edge from="UserData14" to="UserData17"><point x="35.0" y="100.0"/><point x="15.0" y="110.0"/></edge><edgeset id="UserData20" top="110" left="30" bottom="120.0" right="40.0"/><edgeset id="UserData24" top="10" left="60" bottom="20.0" right="70.0"/><edge from="UserData24" to="UserData26"><point x="65.0" y="20.0"/><point x="65.0" y="30.0"/></edge><edgeset id="UserData3" top="30" left="40" bottom="40.0" right="50.0"/><edge from="UserData3" to="UserData5"><point x="45.0" y="40.0"/><point x="45.0" y="50.0"/></edge><edgeset id="UserData2" top="50" left="60" bottom="60.0" right="70.0"/><edge from="UserData2" to="UserData32"><point x="65.0" y="60.0"/><point x="65.0" y="70.0"/></edge><edgeset id="UserData1" top="70" left="10" bottom="80.0" right="30.0"/><edge from="UserData1" to="UserData0"><point x="15.0" y="80.0"/><point x="15.0" y="90.0"/></edge><edgeset id="UserData0" top="90" left="10" bottom="100.0" right="20.0"/><edgeset id="UserData17" top="110" left="10" bottom="120.0" right="20.0"/></level><level id="Server" top="0" left="0" bottom="870.0" right="500.0"><edgeset id="Server234" top="430" left="490" bottom="440.0" right="500.0"/><edge from="Server234" to="Server236"><point x="495.0" y="440.0"/><point x="275.0" y="450.0"/></edge><edgeset id="Server231" top="430" left="470" bottom="440.0" right="480.0"/><edge from="Server231" to="Server233"><point x="475.0" y="440.0"/><point x="255.0" y="450.0"/></edge><edgeset id="Server228" top="430" left="450" bottom="440.0" right="460.0"/><edge from="Server228" to="Server230"><point x="455.0" y="440.0"/><point x="235.0" y="450.0"/></edge><edgeset id="Server225" top="430" left="430" bottom="440.0" right="440.0"/><edge from="Server225" to="Server227"><point x="435.0" y="440.0"/><point x="215.0" y="450.0"/></edge><edgeset id="Server222" top="430" left="410" bottom="440.0" right="420.0"/><edge from="Server222" to="Server224"><point x="415.0" y="440.0"/><point x="195.0" y="450.0"/></edge><edgeset id="Server219" top="430" left="390" bottom="440.0" right="400.0"/><edge from="Server219" to="Server221"><point x="395.0" y="440.0"/><point x="175.0" y="450.0"/></edge><edgeset id="Server216" top="430" left="370" bottom="440.0" right="380.0"/><edge from="Server216" to="Server218"><point x="375.0" y="440.0"/><point x="155.0" y="450.0"/></edge><edgeset id="Server213" top="430" left="350" bottom="440.0" right="360.0"/><edge from="Server213" to="Server215"><point x="355.0" y="440.0"/><point x="135.0" y="450.0"/></edge><edgeset id="Server210" top="430" left="330" bottom="440.0" right="340.0"/><edge from="Server210" to="Server212"><point x="335.0" y="440.0"/><point x="115.0" y="450.0"/></edge><edgeset id="Server207" top="430" left="310" bottom="440.0" right="320.0"/><edge from="Server207" to="Server209"><point x="315.0" y="440.0"/><point x="95.0" y="450.0"/></edge><edgeset id="Server193" top="430" left="290" bottom="440.0" right="300.0"/><edge from="Server193" to="Server206"><point x="295.0" y="440.0"/><point x="75.0" y="450.0"/></edge><edgeset id="Server107" top="430" left="270" bottom="440.0" right="280.0"/><edge from="Server107" to="Server112"><point x="275.0" y="440.0"/><point x="55.0" y="450.0"/></edge><edgeset id="Server236" top="450" left="270" bottom="460.0" right="280.0"/><edgeset id="Server92" top="430" left="250" bottom="440.0" right="260.0"/><edge from="Server92" to="Server106"><point x="255.0" y="440.0"/><point x="35.0" y="450.0"/></edge><edgeset id="Server233" top="450" left="250" bottom="460.0" right="260.0"/><edgeset id="Server91" top="430" left="230" bottom="440.0" right="240.0"/><edgeset id="Server230" top="450" left="230" bottom="460.0" right="240.0"/><edgeset id="Server80" top="430" left="210" bottom="440.0" right="220.0"/><edge from="Server80" to="Server77"><point x="215.0" y="440.0"/><point x="225.0" y="450.0"/></edge><edgeset id="Server227" top="450" left="210" bottom="460.0" right="220.0"/><edgeset id="Server19" top="430" left="190" bottom="440.0" right="200.0"/><edgeset id="Server224" top="450" left="190" bottom="460.0" right="200.0"/><edgeset id="Server15" top="430" left="170" bottom="440.0" right="180.0"/><edgeset id="Server221" top="450" left="170" bottom="460.0" right="180.0"/><edgeset id="Server14" top="430" left="150" bottom="440.0" right="160.0"/><edgeset id="Server218" top="450" left="150" bottom="460.0" right="160.0"/><edgeset id="Server13" top="430" left="130" bottom="440.0" right="140.0"/><edgeset id="Server215" top="450" left="130" bottom="460.0" right="140.0"/><edgeset id="Server12" top="430" left="110" bottom="440.0" right="120.0"/><edgeset id="Server212" top="450" left="110" bottom="460.0" right="120.0"/><edgeset id="Server134" top="50" left="90" bottom="60.0" right="100.0"/><edge from="Server134" to="Server131"><point x="95.0" y="60.0"/><point x="105.0" y="90.0"/></edge><edgeset id="Server135" top="70" left="90" bottom="80.0" right="110.0"/><edge from="Server135" to="Server5"><point x="105.0" y="80.0"/><point x="15.0" y="110.0"/></edge><edge from="Server135" to="Server136"><point x="95.0" y="80.0"/><point x="65.0" y="90.0"/></edge><edgeset id="Server99" top="410" left="90" bottom="420.0" right="100.0"/><edge from="Server99" to="Server11"><point x="95.0" y="420.0"/><point x="95.0" y="430.0"/></edge><edgeset id="Server11" top="430" left="90" bottom="440.0" right="100.0"/><edgeset id="Server209" top="450" left="90" bottom="460.0" right="100.0"/><edgeset id="Server126" top="50" left="70" bottom="60.0" right="80.0"/><edge from="Server126" to="Server129"><point x="75.0" y="60.0"/><point x="75.0" y="70.0"/></edge><edgeset id="Server130" top="70" left="70" bottom="80.0" right="80.0"/><edge from="Server130" to="Server131"><point x="75.0" y="80.0"/><point x="115.0" y="90.0"/></edge><edgeset id="Server200" top="90" left="70" bottom="100.0" right="80.0"/><edge from="Server200" to="Server5"><point x="75.0" y="100.0"/><point x="35.0" y="110.0"/></edge><edgeset id="Server139" top="110" left="70" bottom="120.0" right="80.0"/><edge from="Server139" to="Server142"><point x="75.0" y="120.0"/><point x="55.0" y="130.0"/></edge><edgeset id="Server167" top="270" left="70" bottom="280.0" right="80.0"/><edge from="Server167" to="Server170"><point x="75.0" y="280.0"/><point x="45.0" y="290.0"/></edge><edgeset id="Server175" top="330" left="70" bottom="340.0" right="80.0"/><edge from="Server175" to="Server178"><point x="75.0" y="340.0"/><point x="45.0" y="350.0"/></edge><edgeset id="Server76" top="410" left="70" bottom="420.0" right="80.0"/><edge from="Server76" to="Server77"><point x="75.0" y="420.0"/><point x="245.0" y="450.0"/></edge><edgeset id="Server10" top="430" left="70" bottom="440.0" right="80.0"/><edgeset id="Server206" top="450" left="70" bottom="460.0" right="80.0"/><edgeset id="Server123" top="30" left="70" bottom="40.0" right="80.0"/><edge from="Server123" to="Server126"><point x="75.0" y="40.0"/><point x="75.0" y="50.0"/></edge><edgeset id="Server29" top="50" left="50" bottom="60.0" right="70.0"/><edge from="Server29" to="Server4"><point x="65.0" y="60.0"/><point x="25.0" y="50.0"/></edge><edge from="Server29" to="Server30"><point x="55.0" y="60.0"/><point x="35.0" y="70.0"/></edge><edgeset id="Server129" top="70" left="60" bottom="80.0" right="80.0"/><edge from="Server129" to="Server130"><point x="65.0" y="80.0"/><point x="75.0" y="70.0"/></edge><edgeset id="Server136" top="90" left="60" bottom="100.0" right="70.0"/><edge from="Server136" to="Server139"><point x="65.0" y="100.0"/><point x="75.0" y="110.0"/></edge><edgeset id="Server34" top="110" left="50" bottom="120.0" right="60.0"/><edge from="Server34" to="Server38"><point x="55.0" y="120.0"/><point x="15.0" y="130.0"/></edge><edgeset id="Server148" top="130" left="50" bottom="140.0" right="70.0"/><edge from="Server148" to="Server8"><point x="65.0" y="140.0"/><point x="15.0" y="230.0"/></edge><edge from="Server148" to="Server149"><point x="55.0" y="140.0"/><point x="55.0" y="150.0"/></edge><edgeset id="Server152" top="170" left="50" bottom="180.0" right="60.0"/><edge from="Server152" to="Server155"><point x="55.0" y="180.0"/><point x="45.0" y="190.0"/></edge><edgeset id="Server157" top="190" left="50" bottom="200.0" right="70.0"/><edge from="Server157" to="Server8"><point x="65.0" y="200.0"/><point x="25.0" y="230.0"/></edge><edge from="Server157" to="Server158"><point x="55.0" y="200.0"/><point x="55.0" y="210.0"/></edge><edgeset id="Server163" top="230" left="50" bottom="240.0" right="70.0"/><edge from="Server163" to="Server7"><point x="65.0" y="240.0"/><point x="15.0" y="270.0"/></edge><edge from="Server163" to="Server164"><point x="55.0" y="240.0"/><point x="75.0" y="250.0"/></edge><edgeset id="Server53" top="270" left="50" bottom="280.0" right="60.0"/><edge from="Server53" to="Server57"><point x="55.0" y="280.0"/><point x="15.0" y="290.0"/></edge><edgeset id="Server171" top="290" left="50" bottom="300.0" right="70.0"/><edge from="Server171" to="Server6"><point x="65.0" y="300.0"/><point x="15.0" y="330.0"/></edge><edge from="Server171" to="Server172"><point x="55.0" y="300.0"/><point x="75.0" y="310.0"/></edge><edgeset id="Server62" top="330" left="50" bottom="340.0" right="70.0"/><edge from="Server62" to="Server7"><point x="65.0" y="340.0"/><point x="35.0" y="270.0"/></edge><edge from="Server62" to="Server63"><point x="55.0" y="340.0"/><point x="15.0" y="350.0"/></edge><edgeset id="Server192" top="350" left="50" bottom="360.0" right="60.0"/><edgeset id="Server23" top="410" left="190" bottom="420.0" right="200.0"/><edge from="Server23" to="Server19"><point x="195.0" y="420.0"/><point x="195.0" y="430.0"/></edge><edgeset id="Server3" top="430" left="50" bottom="440.0" right="60.0"/><edge from="Server3" to="Server77"><point x="55.0" y="440.0"/><point x="235.0" y="450.0"/></edge><edgeset id="Server112" top="450" left="50" bottom="460.0" right="60.0"/><edgeset id="Server122" top="30" left="60" bottom="40.0" right="80.0"/><edge from="Server122" to="Server4"><point x="75.0" y="40.0"/><point x="15.0" y="50.0"/></edge><edge from="Server122" to="Server123"><point x="65.0" y="40.0"/><point x="75.0" y="30.0"/></edge><edgeset id="Server20" top="50" left="60" bottom="60.0" right="70.0"/><edge from="Server20" to="Server129"><point x="65.0" y="60.0"/><point x="65.0" y="70.0"/></edge><edgeset id="Server30" top="70" left="30" bottom="80.0" right="40.0"/><edge from="Server30" to="Server33"><point x="35.0" y="80.0"/><point x="55.0" y="90.0"/></edge><edgeset id="Server131" top="90" left="90" bottom="100.0" right="120.0"/><edge from="Server131" to="Server135"><point x="95.0" y="100.0"/><point x="95.0" y="70.0"/></edge><edgeset id="Server16" top="110" left="30" bottom="120.0" right="40.0"/><edge from="Server16" to="Server142"><point x="35.0" y="120.0"/><point x="45.0" y="130.0"/></edge><edgeset id="Server142" top="130" left="40" bottom="140.0" right="60.0"/><edge from="Server142" to="Server148"><point x="45.0" y="140.0"/><point x="55.0" y="130.0"/></edge><edgeset id="Server149" top="150" left="50" bottom="160.0" right="60.0"/><edge from="Server149" to="Server152"><point x="55.0" y="160.0"/><point x="55.0" y="170.0"/></edge><edgeset id="Server41" top="170" left="30" bottom="180.0" right="50.0"/><edge from="Server41" to="Server6"><point x="45.0" y="180.0"/><point x="25.0" y="330.0"/></edge><edge from="Server41" to="Server42"><point x="35.0" y="180.0"/><point x="15.0" y="190.0"/></edge><edgeset id="Server155" top="190" left="40" bottom="200.0" right="60.0"/><edge from="Server155" to="Server157"><point x="45.0" y="200.0"/><point x="55.0" y="190.0"/></edge><edgeset id="Server158" top="210" left="50" bottom="220.0" right="60.0"/><edge from="Server158" to="Server163"><point x="55.0" y="220.0"/><point x="55.0" y="230.0"/></edge><edgeset id="Server49" top="230" left="30" bottom="240.0" right="40.0"/><edge from="Server49" to="Server52"><point x="35.0" y="240.0"/><point x="55.0" y="250.0"/></edge><edgeset id="Server164" top="250" left="70" bottom="260.0" right="80.0"/><edge from="Server164" to="Server167"><point x="75.0" y="260.0"/><point x="75.0" y="270.0"/></edge><edgeset id="Server18" top="270" left="30" bottom="280.0" right="40.0"/><edge from="Server18" to="Server170"><point x="35.0" y="280.0"/><point x="55.0" y="290.0"/></edge><edgeset id="Server170" top="290" left="40" bottom="300.0" right="60.0"/><edge from="Server170" to="Server171"><point x="45.0" y="300.0"/><point x="55.0" y="290.0"/></edge><edgeset id="Server172" top="310" left="70" bottom="320.0" right="80.0"/><edge from="Server172" to="Server175"><point x="75.0" y="320.0"/><point x="75.0" y="330.0"/></edge><edgeset id="Server17" top="330" left="30" bottom="340.0" right="40.0"/><edge from="Server17" to="Server178"><point x="35.0" y="340.0"/><point x="55.0" y="350.0"/></edge><edgeset id="Server178" top="350" left="40" bottom="360.0" right="60.0"/><edge from="Server178" to="Server192"><point x="45.0" y="360.0"/><point x="55.0" y="350.0"/></edge><edgeset id="Server68" top="390" left="70" bottom="400.0" right="80.0"/><edge from="Server68" to="Server76"><point x="75.0" y="400.0"/><point x="75.0" y="410.0"/></edge><edgeset id="Server9" top="410" left="30" bottom="420.0" right="40.0"/><edgeset id="Server2" top="430" left="30" bottom="440.0" right="40.0"/><edgeset id="Server106" top="450" left="30" bottom="460.0" right="40.0"/><edgeset id="Server113" top="10" left="60" bottom="20.0" right="70.0"/><edge from="Server113" to="Server122"><point x="65.0" y="20.0"/><point x="65.0" y="30.0"/></edge><edgeset id="Server24" top="30" left="50" bottom="40.0" right="60.0"/><edge from="Server24" to="Server29"><point x="55.0" y="40.0"/><point x="55.0" y="50.0"/></edge><edgeset id="Server4" top="50" left="10" bottom="60.0" right="40.0"/><edgeset id="Server22" top="70" left="80" bottom="80.0" right="90.0"/><edge from="Server22" to="Server131"><point x="85.0" y="80.0"/><point x="95.0" y="90.0"/></edge><edgeset id="Server33" top="90" left="50" bottom="100.0" right="70.0"/><edge from="Server33" to="Server4"><point x="65.0" y="100.0"/><point x="35.0" y="50.0"/></edge><edge from="Server33" to="Server34"><point x="55.0" y="100.0"/><point x="55.0" y="110.0"/></edge><edgeset id="Server5" top="110" left="10" bottom="120.0" right="50.0"/><edgeset id="Server38" top="130" left="10" bottom="140.0" right="30.0"/><edge from="Server38" to="Server5"><point x="25.0" y="140.0"/><point x="25.0" y="110.0"/></edge><edge from="Server38" to="Server39"><point x="15.0" y="140.0"/><point x="35.0" y="150.0"/></edge><edgeset id="Server39" top="150" left="30" bottom="160.0" right="40.0"/><edge from="Server39" to="Server41"><point x="35.0" y="160.0"/><point x="35.0" y="170.0"/></edge><edgeset id="Server21" top="170" left="40" bottom="180.0" right="50.0"/><edge from="Server21" to="Server155"><point x="45.0" y="180.0"/><point x="55.0" y="190.0"/></edge><edgeset id="Server42" top="190" left="10" bottom="200.0" right="20.0"/><edge from="Server42" to="Server48"><point x="15.0" y="200.0"/><point x="35.0" y="210.0"/></edge><edgeset id="Server48" top="210" left="30" bottom="220.0" right="50.0"/><edge from="Server48" to="Server5"><point x="45.0" y="220.0"/><point x="45.0" y="110.0"/></edge><edge from="Server48" to="Server49"><point x="35.0" y="220.0"/><point x="35.0" y="230.0"/></edge><edgeset id="Server8" top="230" left="10" bottom="240.0" right="40.0"/><edgeset id="Server52" top="250" left="50" bottom="260.0" right="70.0"/><edge from="Server52" to="Server6"><point x="65.0" y="260.0"/><point x="35.0" y="330.0"/></edge><edge from="Server52" to="Server53"><point x="55.0" y="260.0"/><point x="55.0" y="270.0"/></edge><edgeset id="Server7" top="270" left="10" bottom="280.0" right="40.0"/><edgeset id="Server57" top="290" left="10" bottom="300.0" right="30.0"/><edge from="Server57" to="Server7"><point x="25.0" y="300.0"/><point x="25.0" y="270.0"/></edge><edge from="Server57" to="Server58"><point x="15.0" y="300.0"/><point x="55.0" y="310.0"/></edge><edgeset id="Server58" top="310" left="50" bottom="320.0" right="60.0"/><edge from="Server58" to="Server62"><point x="55.0" y="320.0"/><point x="55.0" y="330.0"/></edge><edgeset id="Server6" top="330" left="10" bottom="340.0" right="40.0"/><edgeset id="Server63" top="350" left="10" bottom="360.0" right="20.0"/><edge from="Server63" to="Server67"><point x="15.0" y="360.0"/><point x="75.0" y="370.0"/></edge><edgeset id="Server67" top="370" left="70" bottom="380.0" right="90.0"/><edge from="Server67" to="Server8"><point x="85.0" y="380.0"/><point x="35.0" y="230.0"/></edge><edge from="Server67" to="Server68"><point x="75.0" y="380.0"/><point x="75.0" y="390.0"/></edge><edgeset id="Server61" top="390" left="10" bottom="400.0" right="20.0"/><edge from="Server61" to="Server0"><point x="15.0" y="400.0"/><point x="35.0" y="430.0"/></edge><edgeset id="Server1" top="410" left="10" bottom="420.0" right="20.0"/><edge from="Server1" to="Server0"><point x="15.0" y="420.0"/><point x="25.0" y="430.0"/></edge><edgeset id="Server0" top="430" left="20" bottom="440.0" right="40.0"/><edge from="Server0" to="Server9"><point x="25.0" y="440.0"/><point x="35.0" y="410.0"/></edge><edgeset id="Server77" top="450" left="220" bottom="460.0" right="250.0"/><edge from="Server77" to="Server91"><point x="225.0" y="460.0"/><point x="235.0" y="430.0"/></edge></level><level id="Application1" top="0" left="0" bottom="190.0" right="80.0"><edgeset id="Application19" top="90" left="70" bottom="100.0" right="80.0"/><edge from="Application19" to="Application167"><point x="75.0" y="100.0"/><point x="55.0" y="110.0"/></edge><edgeset id="Application14" top="90" left="50" bottom="100.0" right="60.0"/><edge from="Application14" to="Application17"><point x="55.0" y="100.0"/><point x="35.0" y="110.0"/></edge><edgeset id="Application167" top="110" left="50" bottom="120.0" right="60.0"/><edgeset id="Application11" top="90" left="30" bottom="100.0" right="40.0"/><edgeset id="Application17" top="110" left="30" bottom="120.0" right="40.0"/><edgeset id="Application12" top="10" left="10" bottom="20.0" right="20.0"/><edge from="Application12" to="Application13"><point x="15.0" y="20.0"/><point x="25.0" y="50.0"/></edge><edgeset id="Application15" top="30" left="10" bottom="40.0" right="20.0"/><edge from="Application15" to="Application13"><point x="15.0" y="40.0"/><point x="15.0" y="50.0"/></edge><edgeset id="Application13" top="50" left="10" bottom="60.0" right="30.0"/><edge from="Application13" to="Application18"><point x="15.0" y="60.0"/><point x="35.0" y="70.0"/></edge><edgeset id="Application18" top="70" left="30" bottom="80.0" right="40.0"/><edge from="Application18" to="Application11"><point x="35.0" y="80.0"/><point x="35.0" y="90.0"/></edge><edgeset id="Application10" top="90" left="10" bottom="100.0" right="20.0"/><edge from="Application10" to="Application16"><point x="15.0" y="100.0"/><point x="15.0" y="110.0"/></edge><edgeset id="Application16" top="110" left="10" bottom="120.0" right="20.0"/></level><level id="Vulture" top="0" left="0" bottom="430.0" right="220.0"><edgeset id="Vulture96" top="210" left="210" bottom="220.0" right="220.0"/><edgeset id="Vulture92" top="210" left="200" bottom="220.0" right="220.0"/><edge from="Vulture92" to="Vulture96"><point x="205.0" y="220.0"/><point x="215.0" y="210.0"/></edge><edgeset id="Vulture79" top="210" left="170" bottom="220.0" right="180.0"/><edgeset id="Vulture15" top="210" left="150" bottom="220.0" right="160.0"/><edge from="Vulture15" to="Vulture17"><point x="155.0" y="220.0"/><point x="75.0" y="230.0"/></edge><edgeset id="Vulture12" top="210" left="130" bottom="220.0" right="140.0"/><edge from="Vulture12" to="Vulture14"><point x="135.0" y="220.0"/><point x="55.0" y="230.0"/></edge><edgeset id="Vulture8" top="210" left="110" bottom="220.0" right="120.0"/><edge from="Vulture8" to="Vulture11"><point x="115.0" y="220.0"/><point x="35.0" y="230.0"/></edge><edgeset id="Vulture89" top="190" left="200" bottom="200.0" right="210.0"/><edge from="Vulture89" to="Vulture92"><point x="205.0" y="200.0"/><point x="215.0" y="210.0"/></edge><edgeset id="Vulture7" top="210" left="90" bottom="220.0" right="100.0"/><edgeset id="Vulture64" top="190" left="170" bottom="200.0" right="180.0"/><edge from="Vulture64" to="Vulture79"><point x="175.0" y="200.0"/><point x="175.0" y="210.0"/></edge><edgeset id="Vulture4" top="210" left="70" bottom="220.0" right="80.0"/><edgeset id="Vulture17" top="230" left="70" bottom="240.0" right="80.0"/><edgeset id="Vulture87" top="170" left="200" bottom="180.0" right="210.0"/><edge from="Vulture87" to="Vulture89"><point x="205.0" y="180.0"/><point x="205.0" y="190.0"/></edge><edgeset id="Vulture63" top="190" left="160" bottom="200.0" right="180.0"/><edge from="Vulture63" to="Vulture0"><point x="175.0" y="200.0"/><point x="15.0" y="210.0"/></edge><edge from="Vulture63" to="Vulture64"><point x="165.0" y="200.0"/><point x="175.0" y="190.0"/></edge><edgeset id="Vulture3" top="210" left="50" bottom="220.0" right="60.0"/><edgeset id="Vulture14" top="230" left="50" bottom="240.0" right="60.0"/><edgeset id="Vulture80" top="150" left="30" bottom="160.0" right="40.0"/><edge from="Vulture80" to="Vulture86"><point x="35.0" y="160.0"/><point x="195.0" y="170.0"/></edge><edgeset id="Vulture86" top="170" left="190" bottom="180.0" right="210.0"/><edge from="Vulture86" to="Vulture0"><point x="205.0" y="180.0"/><point x="45.0" y="210.0"/></edge><edge from="Vulture86" to="Vulture87"><point x="195.0" y="180.0"/><point x="205.0" y="170.0"/></edge><edgeset id="Vulture6" top="190" left="190" bottom="200.0" right="210.0"/><edge from="Vulture6" to="Vulture7"><point x="205.0" y="200.0"/><point x="95.0" y="210.0"/></edge><edge from="Vulture6" to="Vulture92"><point x="195.0" y="200.0"/><point x="205.0" y="210.0"/></edge><edgeset id="Vulture1" top="210" left="30" bottom="220.0" right="40.0"/><edge from="Vulture1" to="Vulture2"><point x="35.0" y="220.0"/><point x="15.0" y="230.0"/></edge><edgeset id="Vulture11" top="230" left="30" bottom="240.0" right="40.0"/><edgeset id="Vulture18" top="10" left="10" bottom="20.0" right="20.0"/><edge from="Vulture18" to="Vulture22"><point x="15.0" y="20.0"/><point x="15.0" y="30.0"/></edge><edgeset id="Vulture22" top="30" left="10" bottom="40.0" right="30.0"/><edge from="Vulture22" to="Vulture0"><point x="25.0" y="40.0"/><point x="65.0" y="210.0"/></edge><edge from="Vulture22" to="Vulture23"><point x="15.0" y="40.0"/><point x="15.0" y="50.0"/></edge><edgeset id="Vulture23" top="50" left="10" bottom="60.0" right="20.0"/><edge from="Vulture23" to="Vulture29"><point x="15.0" y="60.0"/><point x="15.0" y="70.0"/></edge><edgeset id="Vulture29" top="70" left="10" bottom="80.0" right="30.0"/><edge from="Vulture29" to="Vulture0"><point x="25.0" y="80.0"/><point x="55.0" y="210.0"/></edge><edge from="Vulture29" to="Vulture30"><point x="15.0" y="80.0"/><point x="15.0" y="90.0"/></edge><edgeset id="Vulture30" top="90" left="10" bottom="100.0" right="20.0"/><edge from="Vulture30" to="Vulture42"><point x="15.0" y="100.0"/><point x="15.0" y="110.0"/></edge><edgeset id="Vulture42" top="110" left="10" bottom="120.0" right="30.0"/><edge from="Vulture42" to="Vulture0"><point x="25.0" y="120.0"/><point x="25.0" y="210.0"/></edge><edge from="Vulture42" to="Vulture43"><point x="15.0" y="120.0"/><point x="15.0" y="130.0"/></edge><edgeset id="Vulture43" top="130" left="10" bottom="140.0" right="20.0"/><edge from="Vulture43" to="Vulture53"><point x="15.0" y="140.0"/><point x="15.0" y="150.0"/></edge><edgeset id="Vulture53" top="150" left="10" bottom="160.0" right="30.0"/><edge from="Vulture53" to="Vulture0"><point x="25.0" y="160.0"/><point x="35.0" y="210.0"/></edge><edge from="Vulture53" to="Vulture54"><point x="15.0" y="160.0"/><point x="165.0" y="170.0"/></edge><edgeset id="Vulture54" top="170" left="160" bottom="180.0" right="170.0"/><edge from="Vulture54" to="Vulture63"><point x="165.0" y="180.0"/><point x="165.0" y="190.0"/></edge><edgeset id="Vulture5" top="190" left="10" bottom="200.0" right="20.0"/><edgeset id="Vulture0" top="210" left="10" bottom="220.0" right="70.0"/><edge from="Vulture0" to="Vulture4"><point x="25.0" y="220.0"/><point x="75.0" y="210.0"/></edge><edge from="Vulture0" to="Vulture5"><point x="15.0" y="220.0"/><point x="15.0" y="190.0"/></edge><edgeset id="Vulture2" top="230" left="10" bottom="240.0" right="20.0"/></level><level id="Scribble" top="0" left="0" bottom="630.0" right="440.0"><edgeset id="Scribble206" top="290" left="430" bottom="300.0" right="440.0"/><edge from="Scribble206" to="Scribble208"><point x="435.0" y="300.0"/><point x="255.0" y="310.0"/></edge><edgeset id="Scribble203" top="290" left="410" bottom="300.0" right="420.0"/><edge from="Scribble203" to="Scribble205"><point x="415.0" y="300.0"/><point x="235.0" y="310.0"/></edge><edgeset id="Scribble200" top="290" left="390" bottom="300.0" right="400.0"/><edge from="Scribble200" to="Scribble202"><point x="395.0" y="300.0"/><point x="215.0" y="310.0"/></edge><edgeset id="Scribble197" top="290" left="370" bottom="300.0" right="380.0"/><edge from="Scribble197" to="Scribble199"><point x="375.0" y="300.0"/><point x="195.0" y="310.0"/></edge><edgeset id="Scribble193" top="290" left="350" bottom="300.0" right="360.0"/><edge from="Scribble193" to="Scribble196"><point x="355.0" y="300.0"/><point x="175.0" y="310.0"/></edge><edgeset id="Scribble192" top="290" left="330" bottom="300.0" right="340.0"/><edgeset id="Scribble178" top="290" left="310" bottom="300.0" right="320.0"/><edge from="Scribble178" to="Scribble180"><point x="315.0" y="300.0"/><point x="155.0" y="310.0"/></edge><edgeset id="Scribble175" top="290" left="290" bottom="300.0" right="300.0"/><edge from="Scribble175" to="Scribble177"><point x="295.0" y="300.0"/><point x="135.0" y="310.0"/></edge><edgeset id="Scribble170" top="290" left="270" bottom="300.0" right="280.0"/><edge from="Scribble170" to="Scribble11"><point x="275.0" y="300.0"/><point x="45.0" y="310.0"/></edge><edgeset id="Scribble165" top="290" left="250" bottom="300.0" right="260.0"/><edge from="Scribble165" to="Scribble174"><point x="255.0" y="300.0"/><point x="115.0" y="310.0"/></edge><edgeset id="Scribble208" top="310" left="250" bottom="320.0" right="260.0"/><edgeset id="Scribble145" top="290" left="230" bottom="300.0" right="240.0"/><edge from="Scribble145" to="Scribble148"><point x="235.0" y="300.0"/><point x="75.0" y="310.0"/></edge><edgeset id="Scribble205" top="310" left="230" bottom="320.0" right="240.0"/><edgeset id="Scribble75" top="290" left="210" bottom="300.0" right="220.0"/><edge from="Scribble75" to="Scribble80"><point x="215.0" y="300.0"/><point x="55.0" y="310.0"/></edge><edgeset id="Scribble202" top="310" left="210" bottom="320.0" right="220.0"/><edgeset id="Scribble45" top="290" left="190" bottom="300.0" right="200.0"/><edge from="Scribble45" to="Scribble48"><point x="195.0" y="300.0"/><point x="55.0" y="310.0"/></edge><edgeset id="Scribble199" top="310" left="190" bottom="320.0" right="200.0"/><edgeset id="Scribble14" top="290" left="170" bottom="300.0" right="180.0"/><edgeset id="Scribble196" top="310" left="170" bottom="320.0" right="180.0"/><edgeset id="Scribble186" top="270" left="330" bottom="280.0" right="340.0"/><edge from="Scribble186" to="Scribble192"><point x="335.0" y="280.0"/><point x="335.0" y="290.0"/></edge><edgeset id="Scribble13" top="290" left="150" bottom="300.0" right="160.0"/><edgeset id="Scribble180" top="310" left="150" bottom="320.0" right="160.0"/><edgeset id="Scribble185" top="270" left="320" bottom="280.0" right="340.0"/><edge from="Scribble185" to="Scribble11"><point x="335.0" y="280.0"/><point x="55.0" y="310.0"/></edge><edge from="Scribble185" to="Scribble186"><point x="325.0" y="280.0"/><point x="335.0" y="270.0"/></edge><edgeset id="Scribble12" top="290" left="130" bottom="300.0" right="140.0"/><edgeset id="Scribble177" top="310" left="130" bottom="320.0" right="140.0"/><edgeset id="Scribble181" top="250" left="320" bottom="260.0" right="330.0"/><edge from="Scribble181" to="Scribble185"><point x="325.0" y="260.0"/><point x="325.0" y="270.0"/></edge><edgeset id="Scribble152" top="270" left="110" bottom="280.0" right="120.0"/><edge from="Scribble152" to="Scribble5"><point x="115.0" y="280.0"/><point x="55.0" y="290.0"/></edge><edgeset id="Scribble9" top="290" left="110" bottom="300.0" right="120.0"/><edgeset id="Scribble174" top="310" left="110" bottom="320.0" right="120.0"/><edgeset id="Scribble141" top="250" left="90" bottom="260.0" right="100.0"/><edge from="Scribble141" to="Scribble142"><point x="95.0" y="260.0"/><point x="225.0" y="270.0"/></edge><edgeset id="Scribble144" top="270" left="230" bottom="280.0" right="250.0"/><edge from="Scribble144" to="Scribble11"><point x="245.0" y="280.0"/><point x="35.0" y="310.0"/></edge><edge from="Scribble144" to="Scribble145"><point x="235.0" y="280.0"/><point x="235.0" y="290.0"/></edge><edgeset id="Scribble8" top="290" left="90" bottom="300.0" right="100.0"/><edgeset id="Scribble149" top="310" left="90" bottom="320.0" right="100.0"/><edge from="Scribble149" to="Scribble150"><point x="95.0" y="320.0"/><point x="45.0" y="330.0"/></edge><edgeset id="Scribble109" top="70" left="70" bottom="80.0" right="80.0"/><edge from="Scribble109" to="Scribble121"><point x="75.0" y="80.0"/><point x="75.0" y="90.0"/></edge><edgeset id="Scribble121" top="90" left="70" bottom="100.0" right="90.0"/><edge from="Scribble121" to="Scribble11"><point x="85.0" y="100.0"/><point x="65.0" y="310.0"/></edge><edge from="Scribble121" to="Scribble122"><point x="75.0" y="100.0"/><point x="55.0" y="110.0"/></edge><edgeset id="Scribble125" top="130" left="70" bottom="140.0" right="80.0"/><edge from="Scribble125" to="Scribble126"><point x="75.0" y="140.0"/><point x="65.0" y="150.0"/></edge><edgeset id="Scribble128" top="150" left="70" bottom="160.0" right="90.0"/><edge from="Scribble128" to="Scribble11"><point x="85.0" y="160.0"/><point x="25.0" y="310.0"/></edge><edge from="Scribble128" to="Scribble129"><point x="75.0" y="160.0"/><point x="55.0" y="170.0"/></edge><edgeset id="Scribble133" top="190" left="70" bottom="200.0" right="80.0"/><edge from="Scribble133" to="Scribble134"><point x="75.0" y="200.0"/><point x="65.0" y="210.0"/></edge><edgeset id="Scribble136" top="210" left="70" bottom="220.0" right="90.0"/><edge from="Scribble136" to="Scribble11"><point x="85.0" y="220.0"/><point x="15.0" y="310.0"/></edge><edge from="Scribble136" to="Scribble137"><point x="75.0" y="220.0"/><point x="65.0" y="230.0"/></edge><edgeset id="Scribble154" top="230" left="70" bottom="240.0" right="80.0"/><edge from="Scribble154" to="Scribble7"><point x="75.0" y="240.0"/><point x="15.0" y="250.0"/></edge><edgeset id="Scribble140" top="250" left="70" bottom="260.0" right="80.0"/><edge from="Scribble140" to="Scribble142"><point x="75.0" y="260.0"/><point x="235.0" y="270.0"/></edge><edgeset id="Scribble142" top="270" left="220" bottom="280.0" right="240.0"/><edge from="Scribble142" to="Scribble144"><point x="225.0" y="280.0"/><point x="235.0" y="270.0"/></edge><edgeset id="Scribble6" top="290" left="70" bottom="300.0" right="80.0"/><edgeset id="Scribble148" top="310" left="70" bottom="320.0" right="80.0"/><edge from="Scribble148" to="Scribble150"><point x="75.0" y="320.0"/><point x="55.0" y="330.0"/></edge><edgeset id="Scribble99" top="30" left="50" bottom="40.0" right="60.0"/><edge from="Scribble99" to="Scribble108"><point x="55.0" y="40.0"/><point x="75.0" y="50.0"/></edge><edgeset id="Scribble108" top="50" left="70" bottom="60.0" right="90.0"/><edge from="Scribble108" to="Scribble4"><point x="85.0" y="60.0"/><point x="95.0" y="90.0"/></edge><edge from="Scribble108" to="Scribble109"><point x="75.0" y="60.0"/><point x="75.0" y="70.0"/></edge><edgeset id="Scribble49" top="70" left="50" bottom="80.0" right="70.0"/><edge from="Scribble49" to="Scribble4"><point x="65.0" y="80.0"/><point x="25.0" y="90.0"/></edge><edge from="Scribble49" to="Scribble50"><point x="55.0" y="80.0"/><point x="55.0" y="90.0"/></edge><edgeset id="Scribble50" top="90" left="50" bottom="100.0" right="60.0"/><edge from="Scribble50" to="Scribble54"><point x="55.0" y="100.0"/><point x="35.0" y="110.0"/></edge><edgeset id="Scribble122" top="110" left="50" bottom="120.0" right="60.0"/><edge from="Scribble122" to="Scribble124"><point x="55.0" y="120.0"/><point x="55.0" y="130.0"/></edge><edgeset id="Scribble124" top="130" left="50" bottom="140.0" right="60.0"/><edge from="Scribble124" to="Scribble126"><point x="55.0" y="140.0"/><point x="75.0" y="150.0"/></edge><edgeset id="Scribble126" top="150" left="60" bottom="160.0" right="80.0"/><edge from="Scribble126" to="Scribble128"><point x="65.0" y="160.0"/><point x="75.0" y="150.0"/></edge><edgeset id="Scribble129" top="170" left="50" bottom="180.0" right="60.0"/><edge from="Scribble129" to="Scribble132"><point x="55.0" y="180.0"/><point x="55.0" y="190.0"/></edge><edgeset id="Scribble132" top="190" left="50" bottom="200.0" right="60.0"/><edge from="Scribble132" to="Scribble134"><point x="55.0" y="200.0"/><point x="75.0" y="210.0"/></edge><edgeset id="Scribble134" top="210" left="60" bottom="220.0" right="80.0"/><edge from="Scribble134" to="Scribble136"><point x="65.0" y="220.0"/><point x="75.0" y="210.0"/></edge><edgeset id="Scribble137" top="230" left="60" bottom="240.0" right="70.0"/><edge from="Scribble137" to="Scribble140"><point x="65.0" y="240.0"/><point x="75.0" y="250.0"/></edge><edgeset id="Scribble70" top="250" left="50" bottom="260.0" right="60.0"/><edge from="Scribble70" to="Scribble74"><point x="55.0" y="260.0"/><point x="215.0" y="270.0"/></edge><edgeset id="Scribble74" top="270" left="210" bottom="280.0" right="230.0"/><edge from="Scribble74" to="Scribble4"><point x="225.0" y="280.0"/><point x="55.0" y="90.0"/></edge><edge from="Scribble74" to="Scribble75"><point x="215.0" y="280.0"/><point x="215.0" y="290.0"/></edge><edgeset id="Scribble5" top="290" left="50" bottom="300.0" right="60.0"/><edgeset id="Scribble80" top="310" left="50" bottom="320.0" right="70.0"/><edge from="Scribble80" to="Scribble4"><point x="65.0" y="320.0"/><point x="65.0" y="90.0"/></edge><edge from="Scribble80" to="Scribble81"><point x="55.0" y="320.0"/><point x="15.0" y="330.0"/></edge><edgeset id="Scribble164" top="330" left="50" bottom="340.0" right="60.0"/><edgeset id="Scribble98" top="30" left="40" bottom="40.0" right="60.0"/><edge from="Scribble98" to="Scribble3"><point x="55.0" y="40.0"/><point x="55.0" y="50.0"/></edge><edge from="Scribble98" to="Scribble99"><point x="45.0" y="40.0"/><point x="55.0" y="30.0"/></edge><edgeset id="Scribble19" top="50" left="30" bottom="60.0" right="50.0"/><edge from="Scribble19" to="Scribble3"><point x="45.0" y="60.0"/><point x="15.0" y="50.0"/></edge><edge from="Scribble19" to="Scribble20"><point x="35.0" y="60.0"/><point x="35.0" y="70.0"/></edge><edgeset id="Scribble20" top="70" left="30" bottom="80.0" right="40.0"/><edge from="Scribble20" to="Scribble23"><point x="35.0" y="80.0"/><point x="35.0" y="90.0"/></edge><edgeset id="Scribble23" top="90" left="30" bottom="100.0" right="40.0"/><edge from="Scribble23" to="Scribble26"><point x="35.0" y="100.0"/><point x="15.0" y="110.0"/></edge><edgeset id="Scribble54" top="110" left="30" bottom="120.0" right="50.0"/><edge from="Scribble54" to="Scribble4"><point x="45.0" y="120.0"/><point x="35.0" y="90.0"/></edge><edge from="Scribble54" to="Scribble55"><point x="35.0" y="120.0"/><point x="35.0" y="130.0"/></edge><edgeset id="Scribble55" top="130" left="30" bottom="140.0" right="40.0"/><edge from="Scribble55" to="Scribble59"><point x="35.0" y="140.0"/><point x="35.0" y="150.0"/></edge><edgeset id="Scribble59" top="150" left="30" bottom="160.0" right="50.0"/><edge from="Scribble59" to="Scribble4"><point x="45.0" y="160.0"/><point x="45.0" y="90.0"/></edge><edge from="Scribble59" to="Scribble60"><point x="35.0" y="160.0"/><point x="35.0" y="170.0"/></edge><edgeset id="Scribble60" top="170" left="30" bottom="180.0" right="40.0"/><edge from="Scribble60" to="Scribble64"><point x="35.0" y="180.0"/><point x="35.0" y="190.0"/></edge><edgeset id="Scribble64" top="190" left="30" bottom="200.0" right="50.0"/><edge from="Scribble64" to="Scribble4"><point x="45.0" y="200.0"/><point x="75.0" y="90.0"/></edge><edge from="Scribble64" to="Scribble65"><point x="35.0" y="200.0"/><point x="35.0" y="210.0"/></edge><edgeset id="Scribble65" top="210" left="30" bottom="220.0" right="40.0"/><edge from="Scribble65" to="Scribble69"><point x="35.0" y="220.0"/><point x="55.0" y="230.0"/></edge><edgeset id="Scribble69" top="230" left="50" bottom="240.0" right="70.0"/><edge from="Scribble69" to="Scribble4"><point x="65.0" y="240.0"/><point x="85.0" y="90.0"/></edge><edge from="Scribble69" to="Scribble70"><point x="55.0" y="240.0"/><point x="55.0" y="250.0"/></edge><edgeset id="Scribble41" top="250" left="30" bottom="260.0" right="50.0"/><edge from="Scribble41" to="Scribble4"><point x="45.0" y="260.0"/><point x="15.0" y="90.0"/></edge><edge from="Scribble41" to="Scribble42"><point x="35.0" y="260.0"/><point x="195.0" y="270.0"/></edge><edgeset id="Scribble42" top="270" left="190" bottom="280.0" right="200.0"/><edge from="Scribble42" to="Scribble45"><point x="195.0" y="280.0"/><point x="195.0" y="290.0"/></edge><edgeset id="Scribble2" top="290" left="30" bottom="300.0" right="40.0"/><edgeset id="Scribble48" top="310" left="40" bottom="320.0" right="60.0"/><edge from="Scribble48" to="Scribble49"><point x="45.0" y="320.0"/><point x="55.0" y="70.0"/></edge><edgeset id="Scribble150" top="330" left="40" bottom="340.0" right="60.0"/><edge from="Scribble150" to="Scribble164"><point x="45.0" y="340.0"/><point x="55.0" y="330.0"/></edge><edgeset id="Scribble90" top="10" left="40" bottom="20.0" right="50.0"/><edge from="Scribble90" to="Scribble98"><point x="45.0" y="20.0"/><point x="45.0" y="30.0"/></edge><edgeset id="Scribble15" top="30" left="30" bottom="40.0" right="40.0"/><edge from="Scribble15" to="Scribble19"><point x="35.0" y="40.0"/><point x="35.0" y="50.0"/></edge><edgeset id="Scribble3" top="50" left="10" bottom="60.0" right="60.0"/><edgeset id="Scribble1" top="70" left="10" bottom="80.0" right="20.0"/><edge from="Scribble1" to="Scribble26"><point x="15.0" y="80.0"/><point x="25.0" y="110.0"/></edge><edgeset id="Scribble4" top="90" left="10" bottom="100.0" right="100.0"/><edgeset id="Scribble26" top="110" left="10" bottom="120.0" right="30.0"/><edge from="Scribble26" to="Scribble27"><point x="15.0" y="120.0"/><point x="15.0" y="130.0"/></edge><edgeset id="Scribble27" top="130" left="10" bottom="140.0" right="30.0"/><edge from="Scribble27" to="Scribble3"><point x="25.0" y="140.0"/><point x="25.0" y="50.0"/></edge><edge from="Scribble27" to="Scribble28"><point x="15.0" y="140.0"/><point x="15.0" y="150.0"/></edge><edgeset id="Scribble28" top="150" left="10" bottom="160.0" right="20.0"/><edge from="Scribble28" to="Scribble32"><point x="15.0" y="160.0"/><point x="15.0" y="170.0"/></edge><edgeset id="Scribble32" top="170" left="10" bottom="180.0" right="30.0"/><edge from="Scribble32" to="Scribble3"><point x="25.0" y="180.0"/><point x="35.0" y="50.0"/></edge><edge from="Scribble32" to="Scribble33"><point x="15.0" y="180.0"/><point x="15.0" y="190.0"/></edge><edgeset id="Scribble33" top="190" left="10" bottom="200.0" right="20.0"/><edge from="Scribble33" to="Scribble37"><point x="15.0" y="200.0"/><point x="15.0" y="210.0"/></edge><edgeset id="Scribble37" top="210" left="10" bottom="220.0" right="30.0"/><edge from="Scribble37" to="Scribble3"><point x="25.0" y="220.0"/><point x="45.0" y="50.0"/></edge><edge from="Scribble37" to="Scribble38"><point x="15.0" y="220.0"/><point x="35.0" y="230.0"/></edge><edgeset id="Scribble38" top="230" left="30" bottom="240.0" right="40.0"/><edge from="Scribble38" to="Scribble41"><point x="35.0" y="240.0"/><point x="35.0" y="250.0"/></edge><edgeset id="Scribble7" top="250" left="10" bottom="260.0" right="20.0"/><edge from="Scribble7" to="Scribble10"><point x="15.0" y="260.0"/><point x="75.0" y="270.0"/></edge><edgeset id="Scribble10" top="270" left="70" bottom="280.0" right="80.0"/><edge from="Scribble10" to="Scribble6"><point x="75.0" y="280.0"/><point x="75.0" y="290.0"/></edge><edgeset id="Scribble0" top="290" left="40" bottom="300.0" right="50.0"/><edge from="Scribble0" to="Scribble48"><point x="45.0" y="300.0"/><point x="45.0" y="310.0"/></edge><edgeset id="Scribble11" top="310" left="10" bottom="320.0" right="70.0"/><edgeset id="Scribble81" top="330" left="10" bottom="340.0" right="20.0"/><edge from="Scribble81" to="Scribble89"><point x="15.0" y="340.0"/><point x="15.0" y="350.0"/></edge><edgeset id="Scribble89" top="350" left="10" bottom="360.0" right="20.0"/></level><level id="Storage" top="0" left="0" bottom="190.0" right="120.0"><edgeset id="Storage37" top="90" left="110" bottom="100.0" right="120.0"/><edgeset id="Storage34" top="90" left="100" bottom="100.0" right="120.0"/><edge from="Storage34" to="Storage37"><point x="105.0" y="100.0"/><point x="115.0" y="90.0"/></edge><edgeset id="Storage29" top="50" left="70" bottom="60.0" right="80.0"/><edge from="Storage29" to="Storage31"><point x="75.0" y="60.0"/><point x="105.0" y="70.0"/></edge><edgeset id="Storage21" top="90" left="70" bottom="100.0" right="80.0"/><edge from="Storage21" to="Storage23"><point x="75.0" y="100.0"/><point x="55.0" y="110.0"/></edge><edgeset id="Storage24" top="30" left="50" bottom="40.0" right="60.0"/><edge from="Storage24" to="Storage28"><point x="55.0" y="40.0"/><point x="65.0" y="50.0"/></edge><edgeset id="Storage28" top="50" left="60" bottom="60.0" right="80.0"/><edge from="Storage28" to="Storage1"><point x="75.0" y="60.0"/><point x="15.0" y="70.0"/></edge><edge from="Storage28" to="Storage29"><point x="65.0" y="60.0"/><point x="75.0" y="50.0"/></edge><edgeset id="Storage31" top="70" left="100" bottom="80.0" right="110.0"/><edge from="Storage31" to="Storage34"><point x="105.0" y="80.0"/><point x="115.0" y="90.0"/></edge><edgeset id="Storage18" top="90" left="50" bottom="100.0" right="60.0"/><edge from="Storage18" to="Storage20"><point x="55.0" y="100.0"/><point x="35.0" y="110.0"/></edge><edgeset id="Storage23" top="110" left="50" bottom="120.0" right="60.0"/><edgeset id="Storage6" top="30" left="30" bottom="40.0" right="40.0"/><edge from="Storage6" to="Storage13"><point x="35.0" y="40.0"/><point x="15.0" y="50.0"/></edge><edgeset id="Storage27" top="50" left="30" bottom="60.0" right="40.0"/><edge from="Storage27" to="Storage2"><point x="35.0" y="60.0"/><point x="95.0" y="70.0"/></edge><edgeset id="Storage2" top="70" left="90" bottom="80.0" right="100.0"/><edge from="Storage2" to="Storage34"><point x="95.0" y="80.0"/><point x="105.0" y="90.0"/></edge><edgeset id="Storage14" top="90" left="30" bottom="100.0" right="40.0"/><edge from="Storage14" to="Storage17"><point x="35.0" y="100.0"/><point x="15.0" y="110.0"/></edge><edgeset id="Storage20" top="110" left="30" bottom="120.0" right="40.0"/><edgeset id="Storage3" top="10" left="10" bottom="20.0" right="20.0"/><edge from="Storage3" to="Storage5"><point x="15.0" y="20.0"/><point x="25.0" y="30.0"/></edge><edgeset id="Storage5" top="30" left="20" bottom="40.0" right="40.0"/><edge from="Storage5" to="Storage1"><point x="35.0" y="40.0"/><point x="25.0" y="70.0"/></edge><edge from="Storage5" to="Storage6"><point x="25.0" y="40.0"/><point x="35.0" y="30.0"/></edge><edgeset id="Storage13" top="50" left="10" bottom="60.0" right="20.0"/><edgeset id="Storage1" top="70" left="10" bottom="80.0" right="30.0"/><edge from="Storage1" to="Storage0"><point x="15.0" y="80.0"/><point x="15.0" y="90.0"/></edge><edgeset id="Storage0" top="90" left="10" bottom="100.0" right="20.0"/><edgeset id="Storage17" top="110" left="10" bottom="120.0" right="20.0"/></level><level id="Application" top="0" left="0" bottom="50.0" right="60.0"><edgeset id="Application5" top="10" left="50" bottom="20.0" right="60.0"/><edge from="Application5" to="Application39"><point x="55.0" y="20.0"/><point x="55.0" y="30.0"/></edge><edgeset id="Application39" top="30" left="50" bottom="40.0" right="60.0"/><edgeset id="Application1" top="10" left="30" bottom="20.0" right="40.0"/><edge from="Application1" to="Application2"><point x="35.0" y="20.0"/><point x="25.0" y="30.0"/></edge><edgeset id="Application4" top="30" left="30" bottom="40.0" right="40.0"/><edge from="Application4" to="Application3"><point x="35.0" y="40.0"/><point x="15.0" y="50.0"/></edge><edgeset id="Application0" top="10" left="10" bottom="20.0" right="20.0"/><edge from="Application0" to="Application2"><point x="15.0" y="20.0"/><point x="35.0" y="30.0"/></edge><edgeset id="Application2" top="30" left="20" bottom="40.0" right="40.0"/><edge from="Application2" to="Application4"><point x="25.0" y="40.0"/><point x="35.0" y="30.0"/></edge><edgeset id="Application3" top="50" left="10" bottom="60.0" right="20.0"/></level><level id="Application2" top="0" left="0" bottom="110.0" right="40.0"><edgeset id="Application22" top="50" left="30" bottom="60.0" right="40.0"/><edge from="Application22" to="Application217"><point x="35.0" y="60.0"/><point x="15.0" y="70.0"/></edge><edgeset id="Application21" top="10" left="10" bottom="20.0" right="20.0"/><edge from="Application21" to="Application20"><point x="15.0" y="20.0"/><point x="25.0" y="50.0"/></edge><edgeset id="Application213" top="30" left="10" bottom="40.0" right="20.0"/><edge from="Application213" to="Application20"><point x="15.0" y="40.0"/><point x="15.0" y="50.0"/></edge><edgeset id="Application20" top="50" left="10" bottom="60.0" right="30.0"/><edgeset id="Application217" top="70" left="10" bottom="80.0" right="20.0"/></level></graph>