<?xml version="1.0" encoding="UTF-8"?>
<!DOCTYPE world SYSTEM "world.dtd">
<world version="1">
 <level name="WidenBoxes">
  <linked-edges>
   <edge-set id="WidenBoxes1">
    <edgeref id="e1"/>
   </edge-set>
   <edge-set id="WidenBoxes2">
    <edgeref id="e2"/>
   </edge-set>
   <edge-set id="WidenBoxes3">
    <edgeref id="e3"/>
   </edge-set>
   <edge-set id="WidenBoxes4">
    <edgeref id="e4"/>
   </edge-set>
   
   <edge-set id="WidenBoxes10">
    <edgeref id="e10"/>
   </edge-set>
   <edge-set id="WidenBoxes20">
    <edgeref id="e20"/>
   </edge-set>
   <edge-set id="WidenBoxes30">
    <edgeref id="e30"/>
    <edgeref id="e40"/>
   </edge-set>
  </linked-edges>
  <boards>
   <board name="WidenBoxes--Board">
    <node kind="START_LARGE_BALL" id="n1">
     <input/>
     <output>
      <port num="0" edge="e1"/>
     </output>
     <layout>
      <x>0.0</x>
      <y>0.0</y>
     </layout>
    </node>
    <node kind="START_LARGE_BALL" id="n2">
     <input/>
     <output>
      <port num="0" edge="e2"/>
     </output>
     <layout>
      <x>0.0</x>
      <y>0.0</y>
     </layout>
    </node>
	<node kind="START_LARGE_BALL" id="n3">
     <input/>
     <output>
      <port num="0" edge="e3"/>
     </output>
     <layout>
      <x>0.0</x>
      <y>0.0</y>
     </layout>
    </node>
	<node kind="START_LARGE_BALL" id="n4">
     <input/>
     <output>
      <port num="0" edge="e4"/>
     </output>
     <layout><x>0.0</x><y>0.0</y></layout>
    </node>
	
	<node kind="CONNECT" id="n10">
     <input/>
	  <port num="0" edge="e1"/>
     <output>
      <port num="0" edge="e10"/>
     </output>
     <layout><x>0.0</x><y>0.0</y></layout>
    </node>
	<node kind="CONNECT" id="n20">
     <input/>
	  <port num="0" edge="e2"/>
     <output>
      <port num="0" edge="e20"/>
     </output>
     <layout><x>0.0</x><y>0.0</y></layout>
    </node>
	<node kind="CONNECT" id="n30">
     <input/>
	  <port num="0" edge="e3"/>
     <output>
      <port num="0" edge="e30"/>
     </output>
     <layout><x>0.0</x><y>0.0</y></layout>
    </node>
	<node kind="CONNECT" id="n40">
     <input/>
	  <port num="0" edge="e4"/>
     <output>
      <port num="0" edge="e40"/>
     </output>
     <layout><x>0.0</x><y>0.0</y></layout>
    </node>
	
	<node kind="END" id="n100">
     <input>
      <port num="0" edge="e10"/>
     </input>
     <output/>
     <layout><x>0.0</x><y>0.0</y></layout>
    </node>
	<node kind="END" id="n200">
     <input>
      <port num="0" edge="e20"/>
     </input>
     <output/>
     <layout><x>0.0</x><y>0.0</y></layout>
    </node>
	<node kind="END" id="n300">
     <input>
      <port num="0" edge="e30"/>
     </input>
     <output/>
     <layout><x>0.0</x><y>0.0</y></layout>
    </node>
	<node kind="END" id="n400">
     <input>
      <port num="0" edge="e40"/>
     </input>
     <output/>
     <layout><x>0.0</x><y>0.0</y></layout>
    </node>
	
    <edge description="this" variableID="-1" pinch="false" width="wide" editable="false" id="e1" buzzsaw="false">
     <from>
      <noderef id="n1" port="0"/>
     </from>
     <to>
      <noderef id="n10" port="0"/>
     </to>
     <edge-layout><point><x>0</x><y>0</y></point><point><x>0</x><y>0</y></point><point><x>0</x><y>0</y></point><point><x>0</x><y>0</y></point></edge-layout>
    </edge>
	<edge description="this" variableID="-1" pinch="false" width="wide" editable="false" id="e2" buzzsaw="false">
     <from>
      <noderef id="n2" port="0"/>
     </from>
     <to>
      <noderef id="n20" port="0"/>
     </to>
     <edge-layout><point><x>0</x><y>0</y></point><point><x>0</x><y>0</y></point><point><x>0</x><y>0</y></point><point><x>0</x><y>0</y></point></edge-layout>
    </edge>
	<edge description="this" variableID="-1" pinch="false" width="wide" editable="false" id="e3" buzzsaw="false">
     <from>
      <noderef id="n3" port="0"/>
     </from>
     <to>
      <noderef id="n30" port="0"/>
     </to>
     <edge-layout><point><x>0</x><y>0</y></point><point><x>0</x><y>0</y></point><point><x>0</x><y>0</y></point><point><x>0</x><y>0</y></point></edge-layout>
    </edge>
	<edge description="this" variableID="-1" pinch="false" width="wide" editable="false" id="e4" buzzsaw="false">
     <from>
      <noderef id="n4" port="0"/>
     </from>
     <to>
      <noderef id="n40" port="0"/>
     </to>
     <edge-layout><point><x>0</x><y>0</y></point><point><x>0</x><y>0</y></point><point><x>0</x><y>0</y></point><point><x>0</x><y>0</y></point></edge-layout>
    </edge>
	
	<edge description="this" variableID="-1" pinch="false" width="narrow" editable="true" id="e10" buzzsaw="false">
     <from>
      <noderef id="n10" port="0"/>
     </from>
     <to>
      <noderef id="n100" port="0"/>
     </to>
     <edge-layout><point><x>0</x><y>0</y></point><point><x>0</x><y>0</y></point><point><x>0</x><y>0</y></point><point><x>0</x><y>0</y></point></edge-layout>
    </edge>
	<edge description="this" variableID="-1" pinch="false" width="narrow" editable="true" id="e20" buzzsaw="false">
     <from>
      <noderef id="n20" port="0"/>
     </from>
     <to>
      <noderef id="n200" port="0"/>
     </to>
     <edge-layout><point><x>0</x><y>0</y></point><point><x>0</x><y>0</y></point><point><x>0</x><y>0</y></point><point><x>0</x><y>0</y></point></edge-layout>
    </edge>
	<edge description="this" variableID="-1" pinch="false" width="narrow" editable="true" id="e30" buzzsaw="false">
     <from>
      <noderef id="n30" port="0"/>
     </from>
     <to>
      <noderef id="n300" port="0"/>
     </to>
     <edge-layout><point><x>0</x><y>0</y></point><point><x>0</x><y>0</y></point><point><x>0</x><y>0</y></point><point><x>0</x><y>0</y></point></edge-layout>
    </edge>
	<edge description="this" variableID="-1" pinch="false" width="narrow" editable="true" id="e40" buzzsaw="false">
     <from>
      <noderef id="n40" port="0"/>
     </from>
     <to>
      <noderef id="n400" port="0"/>
     </to>
     <edge-layout><point><x>0</x><y>0</y></point><point><x>0</x><y>0</y></point><point><x>0</x><y>0</y></point><point><x>0</x><y>0</y></point></edge-layout>
    </edge>

   </board>
  </boards>
 </level>
 
 
 <level name="NarrowBoxes">
  <linked-edges>
   <edge-set id="NarrowBoxes1">
    <edgeref id="e1"/>
   </edge-set>
   <edge-set id="NarrowBoxes2">
    <edgeref id="e2"/>
   </edge-set>
   <edge-set id="NarrowBoxes3">
    <edgeref id="e3"/>
   </edge-set>
   <edge-set id="NarrowBoxes4">
    <edgeref id="e4"/>
   </edge-set>
   
   <edge-set id="NarrowBoxes10">
    <edgeref id="e10"/>
   </edge-set>
   <edge-set id="NarrowBoxes20">
    <edgeref id="e20"/>
   </edge-set>
   <edge-set id="NarrowBoxes30">
    <edgeref id="e30"/>
    <edgeref id="e40"/>
   </edge-set>
  </linked-edges>
  <boards>
   <board name="NarrowBoxes--Board">
    <node kind="START_LARGE_BALL" id="n1">
     <input/>
     <output>
      <port num="0" edge="e1"/>
     </output>
     <layout>
      <x>0.0</x>
      <y>0.0</y>
     </layout>
    </node>
    <node kind="START_PIPE_DEPENDENT_BALL" id="n2">
     <input/>
     <output>
      <port num="0" edge="e2"/>
     </output>
     <layout>
      <x>0.0</x>
      <y>0.0</y>
     </layout>
    </node>
	<node kind="START_LARGE_BALL" id="n3">
     <input/>
     <output>
      <port num="0" edge="e3"/>
     </output>
     <layout>
      <x>0.0</x>
      <y>0.0</y>
     </layout>
    </node>
	<node kind="START_PIPE_DEPENDENT_BALL" id="n4">
     <input/>
     <output>
      <port num="0" edge="e4"/>
     </output>
     <layout><x>0.0</x><y>0.0</y></layout>
    </node>
	
	<node kind="CONNECT" id="n10">
     <input/>
	  <port num="0" edge="e1"/>
     <output>
      <port num="0" edge="e10"/>
     </output>
     <layout><x>0.0</x><y>0.0</y></layout>
    </node>
	<node kind="CONNECT" id="n20">
     <input/>
	  <port num="0" edge="e2"/>
     <output>
      <port num="0" edge="e20"/>
     </output>
     <layout><x>0.0</x><y>0.0</y></layout>
    </node>
	<node kind="CONNECT" id="n30">
     <input/>
	  <port num="0" edge="e3"/>
     <output>
      <port num="0" edge="e30"/>
     </output>
     <layout><x>0.0</x><y>0.0</y></layout>
    </node>
	<node kind="CONNECT" id="n40">
     <input/>
	  <port num="0" edge="e4"/>
     <output>
      <port num="0" edge="e40"/>
     </output>
     <layout><x>0.0</x><y>0.0</y></layout>
    </node>
	
	<node kind="END" id="n100">
     <input>
      <port num="0" edge="e10"/>
     </input>
     <output/>
     <layout><x>0.0</x><y>0.0</y></layout>
    </node>
	<node kind="END" id="n200">
     <input>
      <port num="0" edge="e20"/>
     </input>
     <output/>
     <layout><x>0.0</x><y>0.0</y></layout>
    </node>
	<node kind="END" id="n300">
     <input>
      <port num="0" edge="e30"/>
     </input>
     <output/>
     <layout><x>0.0</x><y>0.0</y></layout>
    </node>
	<node kind="END" id="n400">
     <input>
      <port num="0" edge="e40"/>
     </input>
     <output/>
     <layout><x>0.0</x><y>0.0</y></layout>
    </node>
	
    <edge description="this" variableID="-1" pinch="false" width="wide" editable="false" id="e1" buzzsaw="false">
     <from>
      <noderef id="n1" port="0"/>
     </from>
     <to>
      <noderef id="n10" port="0"/>
     </to>
     <edge-layout><point><x>0</x><y>0</y></point><point><x>0</x><y>0</y></point><point><x>0</x><y>0</y></point><point><x>0</x><y>0</y></point></edge-layout>
    </edge>
	<edge description="this" variableID="-1" pinch="false" width="wide" editable="true" id="e2" buzzsaw="false">
     <from>
      <noderef id="n2" port="0"/>
     </from>
     <to>
      <noderef id="n20" port="0"/>
     </to>
     <edge-layout><point><x>0</x><y>0</y></point><point><x>0</x><y>0</y></point><point><x>0</x><y>0</y></point><point><x>0</x><y>0</y></point></edge-layout>
    </edge>
	<edge description="this" variableID="-1" pinch="false" width="wide" editable="false" id="e3" buzzsaw="false">
     <from>
      <noderef id="n3" port="0"/>
     </from>
     <to>
      <noderef id="n30" port="0"/>
     </to>
     <edge-layout><point><x>0</x><y>0</y></point><point><x>0</x><y>0</y></point><point><x>0</x><y>0</y></point><point><x>0</x><y>0</y></point></edge-layout>
    </edge>
	<edge description="this" variableID="-1" pinch="false" width="wide" editable="true" id="e4" buzzsaw="false">
     <from>
      <noderef id="n4" port="0"/>
     </from>
     <to>
      <noderef id="n40" port="0"/>
     </to>
     <edge-layout><point><x>0</x><y>0</y></point><point><x>0</x><y>0</y></point><point><x>0</x><y>0</y></point><point><x>0</x><y>0</y></point></edge-layout>
    </edge>
	
	<edge description="this" variableID="-1" pinch="false" width="narrow" editable="true" id="e10" buzzsaw="false">
     <from>
      <noderef id="n10" port="0"/>
     </from>
     <to>
      <noderef id="n100" port="0"/>
     </to>
     <edge-layout><point><x>0</x><y>0</y></point><point><x>0</x><y>0</y></point><point><x>0</x><y>0</y></point><point><x>0</x><y>0</y></point></edge-layout>
    </edge>
	<edge description="this" variableID="-1" pinch="true" width="narrow" editable="true" id="e20" buzzsaw="false">
     <from>
      <noderef id="n20" port="0"/>
     </from>
     <to>
      <noderef id="n200" port="0"/>
     </to>
     <edge-layout><point><x>0</x><y>0</y></point><point><x>0</x><y>0</y></point><point><x>0</x><y>0</y></point><point><x>0</x><y>0</y></point></edge-layout>
    </edge>
	<edge description="this" variableID="-1" pinch="false" width="narrow" editable="true" id="e30" buzzsaw="false">
     <from>
      <noderef id="n30" port="0"/>
     </from>
     <to>
      <noderef id="n300" port="0"/>
     </to>
     <edge-layout><point><x>0</x><y>0</y></point><point><x>0</x><y>0</y></point><point><x>0</x><y>0</y></point><point><x>0</x><y>0</y></point></edge-layout>
    </edge>
	<edge description="this" variableID="-1" pinch="true" width="narrow" editable="true" id="e40" buzzsaw="false">
     <from>
      <noderef id="n40" port="0"/>
     </from>
     <to>
      <noderef id="n400" port="0"/>
     </to>
     <edge-layout><point><x>0</x><y>0</y></point><point><x>0</x><y>0</y></point><point><x>0</x><y>0</y></point><point><x>0</x><y>0</y></point></edge-layout>
    </edge>

   </board>
  </boards>
 </level>
 
 
  <level name="SatisfyBoxes">
  <linked-edges>
   <edge-set id="SatisfyBoxes1">
    <edgeref id="e1"/>
   </edge-set>
   <edge-set id="SatisfyBoxes2">
    <edgeref id="e2"/>
   </edge-set>
   <edge-set id="SatisfyBoxes3">
    <edgeref id="e3"/>
    <edgeref id="e4"/>
   </edge-set>
   
   <edge-set id="SatisfyBoxes10">
    <edgeref id="e10"/>
   </edge-set>
   <edge-set id="SatisfyBoxes20">
    <edgeref id="e20"/>
   </edge-set>
   <edge-set id="SatisfyBoxes30">
    <edgeref id="e30"/>
   </edge-set>
   <edge-set id="SatisfyBoxes40">
    <edgeref id="e40"/>
   </edge-set>
  </linked-edges>
  <boards>
   <board name="SatisfyBoxes--Board">
    <node kind="INCOMING" id="n1">
     <input/>
     <output>
      <port num="0" edge="e1"/>
	  <port num="1" edge="e3"/>
	  <port num="2" edge="e4"/>
     </output>
     <layout>
      <x>0.0</x>
      <y>0.0</y>
     </layout>
    </node>
	<node kind="START_SMALL_BALL" id="n2">
     <input/>
     <output>
      <port num="0" edge="e2"/>
     </output>
     <layout><x>0.0</x><y>0.0</y></layout>
    </node>
	
	<node kind="CONNECT" id="n10">
     <input/>
	  <port num="0" edge="e1"/>
     <output>
      <port num="0" edge="e10"/>
     </output>
     <layout><x>0.0</x><y>0.0</y></layout>
    </node>
	<node kind="CONNECT" id="n20">
     <input/>
	  <port num="0" edge="e2"/>
     <output>
      <port num="0" edge="e20"/>
     </output>
     <layout><x>0.0</x><y>0.0</y></layout>
    </node>
	<node kind="CONNECT" id="n30">
     <input/>
	  <port num="0" edge="e3"/>
     <output>
      <port num="0" edge="e30"/>
     </output>
     <layout><x>0.0</x><y>0.0</y></layout>
    </node>
	<node kind="CONNECT" id="n40">
     <input/>
	  <port num="0" edge="e4"/>
     <output>
      <port num="0" edge="e40"/>
     </output>
     <layout><x>0.0</x><y>0.0</y></layout>
    </node>
	
	<node kind="END" id="n100">
     <input>
      <port num="0" edge="e10"/>
     </input>
     <output/>
     <layout><x>0.0</x><y>0.0</y></layout>
    </node>
	<node kind="OUTGOING" id="n200">
     <input>
      <port num="0" edge="e20"/>
     </input>
     <output/>
     <layout><x>0.0</x><y>0.0</y></layout>
    </node>
	<node kind="END" id="n300">
     <input>
      <port num="0" edge="e30"/>
     </input>
     <output/>
     <layout><x>0.0</x><y>0.0</y></layout>
    </node>
	<node kind="END" id="n400">
     <input>
      <port num="0" edge="e40"/>
     </input>
     <output/>
     <layout><x>0.0</x><y>0.0</y></layout>
    </node>
	
    <edge description="this" variableID="-1" pinch="false" width="narrow" editable="true" id="e1" buzzsaw="false">
     <from>
      <noderef id="n1" port="0"/>
     </from>
     <to>
      <noderef id="n10" port="0"/>
     </to>
     <edge-layout><point><x>0</x><y>0</y></point><point><x>0</x><y>0</y></point><point><x>0</x><y>0</y></point><point><x>0</x><y>0</y></point></edge-layout>
    </edge>
	<edge description="this" variableID="-1" pinch="false" width="narrow" editable="false" id="e2" buzzsaw="false">
     <from>
      <noderef id="n2" port="0"/>
     </from>
     <to>
      <noderef id="n20" port="0"/>
     </to>
     <edge-layout><point><x>0</x><y>0</y></point><point><x>0</x><y>0</y></point><point><x>0</x><y>0</y></point><point><x>0</x><y>0</y></point></edge-layout>
    </edge>
	<edge description="this" variableID="-1" pinch="false" width="narrow" editable="true" id="e3" buzzsaw="false">
     <from>
      <noderef id="n1" port="1"/>
     </from>
     <to>
      <noderef id="n30" port="0"/>
     </to>
     <edge-layout><point><x>0</x><y>0</y></point><point><x>0</x><y>0</y></point><point><x>0</x><y>0</y></point><point><x>0</x><y>0</y></point></edge-layout>
    </edge>
	<edge description="this" variableID="-1" pinch="false" width="narrow" editable="true" id="e4" buzzsaw="false">
     <from>
      <noderef id="n1" port="2"/>
     </from>
     <to>
      <noderef id="n40" port="0"/>
     </to>
     <edge-layout><point><x>0</x><y>0</y></point><point><x>0</x><y>0</y></point><point><x>0</x><y>0</y></point><point><x>0</x><y>0</y></point></edge-layout>
    </edge>
	
	<edge description="this" variableID="-1" pinch="false" width="wide" editable="false" id="e10" buzzsaw="false">
     <from>
      <noderef id="n10" port="0"/>
     </from>
     <to>
      <noderef id="n100" port="0"/>
     </to>
     <edge-layout><point><x>0</x><y>0</y></point><point><x>0</x><y>0</y></point><point><x>0</x><y>0</y></point><point><x>0</x><y>0</y></point></edge-layout>
    </edge>
	<edge description="this" variableID="-1" pinch="false" width="wide" editable="true" id="e20" buzzsaw="false">
     <from>
      <noderef id="n20" port="0"/>
     </from>
     <to>
      <noderef id="n200" port="0"/>
     </to>
     <edge-layout><point><x>0</x><y>0</y></point><point><x>0</x><y>0</y></point><point><x>0</x><y>0</y></point><point><x>0</x><y>0</y></point></edge-layout>
    </edge>
	<edge description="this" variableID="-1" pinch="false" width="wide" editable="false" id="e30" buzzsaw="false">
     <from>
      <noderef id="n30" port="0"/>
     </from>
     <to>
      <noderef id="n300" port="0"/>
     </to>
     <edge-layout><point><x>0</x><y>0</y></point><point><x>0</x><y>0</y></point><point><x>0</x><y>0</y></point><point><x>0</x><y>0</y></point></edge-layout>
    </edge>
	<edge description="this" variableID="-1" pinch="false" width="wide" editable="false" id="e40" buzzsaw="false">
     <from>
      <noderef id="n40" port="0"/>
     </from>
     <to>
      <noderef id="n400" port="0"/>
     </to>
     <edge-layout><point><x>0</x><y>0</y></point><point><x>0</x><y>0</y></point><point><x>0</x><y>0</y></point><point><x>0</x><y>0</y></point></edge-layout>
    </edge>

   </board>
  </boards>
 </level>
 
 
 <level name="Optimize">
  <linked-edges>
   <edge-set id="Optimize1">
    <edgeref id="e11"/>
	<edgeref id="e12"/>
   </edge-set>
   <edge-set id="Optimize2">
    <edgeref id="e21"/>
	<edgeref id="e22"/>
	<edgeref id="e23"/>
	<edgeref id="e24"/>
   </edge-set>
   <edge-set id="Optimize3">
    <edgeref id="e31"/>
	<edgeref id="e32"/>
	<edgeref id="e33"/>
	<edgeref id="e34"/>
	<edgeref id="e35"/>
   </edge-set>
   <edge-set id="Optimize4">
    <edgeref id="e41"/>
	<edgeref id="e42"/>
   </edge-set>
  </linked-edges>
  <boards>
   <board name="Optimize--Board">
    <node kind="INCOMING" id="n11">
     <input/>
     <output>
      <port num="0" edge="e11"/>
	  <port num="1" edge="e21"/>
	  <port num="2" edge="e31"/>
	  <port num="3" edge="e32"/>
	  <port num="4" edge="e41"/>
     </output>
     <layout>
      <x>0.0</x>
      <y>0.0</y>
     </layout>
    </node>
	<node kind="START_PIPE_DEPENDENT_BALL" id="n12">
     <input/>
     <output>
      <port num="0" edge="e12"/>
     </output>
     <layout><x>0.0</x><y>0.0</y></layout>
    </node>
	<node kind="START_PIPE_DEPENDENT_BALL" id="n23">
     <input/>
     <output>
      <port num="0" edge="e23"/>
     </output>
     <layout><x>0.0</x><y>0.0</y></layout>
    </node>
	<node kind="START_PIPE_DEPENDENT_BALL" id="n34">
     <input/>
     <output>
      <port num="0" edge="e34"/>
     </output>
     <layout><x>0.0</x><y>0.0</y></layout>
    </node>
	<node kind="START_PIPE_DEPENDENT_BALL" id="n42">
     <input/>
     <output>
      <port num="0" edge="e42"/>
     </output>
     <layout><x>0.0</x><y>0.0</y></layout>
    </node>
	
	<node kind="CONNECT" id="n22">
     <input/>
	  <port num="0" edge="e12"/>
     <output>
      <port num="0" edge="e22"/>
     </output>
     <layout><x>0.0</x><y>0.0</y></layout>
    </node>
	<node kind="CONNECT" id="n24">
     <input/>
	  <port num="0" edge="e34"/>
     <output>
      <port num="0" edge="e24"/>
     </output>
     <layout><x>0.0</x><y>0.0</y></layout>
    </node>
	<node kind="CONNECT" id="n33">
     <input/>
	  <port num="0" edge="e23"/>
     <output>
      <port num="0" edge="e33"/>
     </output>
     <layout><x>0.0</x><y>0.0</y></layout>
    </node>
	<node kind="CONNECT" id="n35">
     <input/>
	  <port num="0" edge="e42"/>
     <output>
      <port num="0" edge="e35"/>
     </output>
     <layout><x>0.0</x><y>0.0</y></layout>
    </node>
	
	<node kind="END" id="n110">
     <input>
      <port num="0" edge="e11"/>
     </input>
     <output/>
     <layout><x>0.0</x><y>0.0</y></layout>
    </node>
	<node kind="END" id="n210">
     <input>
      <port num="0" edge="e21"/>
     </input>
     <output/>
     <layout><x>0.0</x><y>0.0</y></layout>
    </node>
	<node kind="END" id="n220">
     <input>
      <port num="0" edge="e22"/>
     </input>
     <output/>
     <layout><x>0.0</x><y>0.0</y></layout>
    </node>
	<node kind="END" id="n240">
     <input>
      <port num="0" edge="e24"/>
     </input>
     <output/>
     <layout><x>0.0</x><y>0.0</y></layout>
    </node>
	<node kind="END" id="n310">
     <input>
      <port num="0" edge="e31"/>
     </input>
     <output/>
     <layout><x>0.0</x><y>0.0</y></layout>
    </node>
	<node kind="END" id="n320">
     <input>
      <port num="0" edge="e32"/>
     </input>
     <output/>
     <layout><x>0.0</x><y>0.0</y></layout>
    </node>
	<node kind="END" id="n330">
     <input>
      <port num="0" edge="e33"/>
     </input>
     <output/>
     <layout><x>0.0</x><y>0.0</y></layout>
    </node>
	<node kind="END" id="n350">
     <input>
      <port num="0" edge="e35"/>
     </input>
     <output/>
     <layout><x>0.0</x><y>0.0</y></layout>
    </node>
	<node kind="END" id="n410">
     <input>
      <port num="0" edge="e41"/>
     </input>
     <output/>
     <layout><x>0.0</x><y>0.0</y></layout>
    </node>
	
    <edge description="this" variableID="-1" pinch="false" width="narrow" editable="true" id="e11" buzzsaw="false">
     <from>
      <noderef id="n11" port="0"/>
     </from>
     <to>
      <noderef id="n110" port="0"/>
     </to>
     <edge-layout><point><x>0</x><y>0</y></point><point><x>0</x><y>0</y></point><point><x>0</x><y>0</y></point><point><x>0</x><y>0</y></point></edge-layout>
    </edge>
	<edge description="this" variableID="-1" pinch="false" width="narrow" editable="true" id="e12" buzzsaw="false">
     <from>
      <noderef id="n12" port="0"/>
     </from>
     <to>
      <noderef id="n22" port="0"/>
     </to>
     <edge-layout><point><x>0</x><y>0</y></point><point><x>0</x><y>0</y></point><point><x>0</x><y>0</y></point><point><x>0</x><y>0</y></point></edge-layout>
    </edge>
	<edge description="this" variableID="-1" pinch="false" width="narrow" editable="true" id="e21" buzzsaw="false">
     <from>
      <noderef id="n11" port="1"/>
     </from>
     <to>
      <noderef id="n210" port="0"/>
     </to>
     <edge-layout><point><x>0</x><y>0</y></point><point><x>0</x><y>0</y></point><point><x>0</x><y>0</y></point><point><x>0</x><y>0</y></point></edge-layout>
    </edge>
	<edge description="this" variableID="-1" pinch="false" width="narrow" editable="true" id="e22" buzzsaw="false">
     <from>
      <noderef id="n22" port="0"/>
     </from>
     <to>
      <noderef id="n220" port="0"/>
     </to>
     <edge-layout><point><x>0</x><y>0</y></point><point><x>0</x><y>0</y></point><point><x>0</x><y>0</y></point><point><x>0</x><y>0</y></point></edge-layout>
    </edge>
	<edge description="this" variableID="-1" pinch="false" width="narrow" editable="true" id="e23" buzzsaw="false">
     <from>
      <noderef id="n23" port="0"/>
     </from>
     <to>
      <noderef id="n33" port="0"/>
     </to>
     <edge-layout><point><x>0</x><y>0</y></point><point><x>0</x><y>0</y></point><point><x>0</x><y>0</y></point><point><x>0</x><y>0</y></point></edge-layout>
    </edge>
	<edge description="this" variableID="-1" pinch="false" width="narrow" editable="true" id="e24" buzzsaw="false">
     <from>
      <noderef id="n24" port="0"/>
     </from>
     <to>
      <noderef id="n240" port="0"/>
     </to>
     <edge-layout><point><x>0</x><y>0</y></point><point><x>0</x><y>0</y></point><point><x>0</x><y>0</y></point><point><x>0</x><y>0</y></point></edge-layout>
    </edge>
	<edge description="this" variableID="-1" pinch="false" width="narrow" editable="true" id="e31" buzzsaw="false">
     <from>
      <noderef id="n11" port="2"/>
     </from>
     <to>
      <noderef id="n310" port="0"/>
     </to>
     <edge-layout><point><x>0</x><y>0</y></point><point><x>0</x><y>0</y></point><point><x>0</x><y>0</y></point><point><x>0</x><y>0</y></point></edge-layout>
    </edge>
	<edge description="this" variableID="-1" pinch="false" width="narrow" editable="true" id="e32" buzzsaw="false">
     <from>
      <noderef id="n11" port="3"/>
     </from>
     <to>
      <noderef id="n320" port="0"/>
     </to>
     <edge-layout><point><x>0</x><y>0</y></point><point><x>0</x><y>0</y></point><point><x>0</x><y>0</y></point><point><x>0</x><y>0</y></point></edge-layout>
    </edge>
	<edge description="this" variableID="-1" pinch="true" width="narrow" editable="true" id="e33" buzzsaw="false">
     <from>
      <noderef id="n33" port="0"/>
     </from>
     <to>
      <noderef id="n330" port="0"/>
     </to>
     <edge-layout><point><x>0</x><y>0</y></point><point><x>0</x><y>0</y></point><point><x>0</x><y>0</y></point><point><x>0</x><y>0</y></point></edge-layout>
    </edge>
	<edge description="this" variableID="-1" pinch="false" width="narrow" editable="true" id="e34" buzzsaw="false">
     <from>
      <noderef id="n34" port="0"/>
     </from>
     <to>
      <noderef id="n24" port="0"/>
     </to>
     <edge-layout><point><x>0</x><y>0</y></point><point><x>0</x><y>0</y></point><point><x>0</x><y>0</y></point><point><x>0</x><y>0</y></point></edge-layout>
    </edge>
	<edge description="this" variableID="-1" pinch="true" width="narrow" editable="true" id="e35" buzzsaw="false">
     <from>
      <noderef id="n35" port="0"/>
     </from>
     <to>
      <noderef id="n350" port="0"/>
     </to>
     <edge-layout><point><x>0</x><y>0</y></point><point><x>0</x><y>0</y></point><point><x>0</x><y>0</y></point><point><x>0</x><y>0</y></point></edge-layout>
    </edge>
	<edge description="this" variableID="-1" pinch="false" width="narrow" editable="true" id="e41" buzzsaw="false">
     <from>
      <noderef id="n11" port="4"/>
     </from>
     <to>
      <noderef id="n410" port="0"/>
     </to>
     <edge-layout><point><x>0</x><y>0</y></point><point><x>0</x><y>0</y></point><point><x>0</x><y>0</y></point><point><x>0</x><y>0</y></point></edge-layout>
    </edge>
	<edge description="this" variableID="-1" pinch="false" width="narrow" editable="true" id="e42" buzzsaw="false">
     <from>
      <noderef id="n42" port="0"/>
     </from>
     <to>
      <noderef id="n35" port="0"/>
     </to>
     <edge-layout><point><x>0</x><y>0</y></point><point><x>0</x><y>0</y></point><point><x>0</x><y>0</y></point><point><x>0</x><y>0</y></point></edge-layout>
    </edge>
	
   </board>
  </boards>
 </level>
 
 
 </world>
