<?xml version="1.0" encoding="UTF-8"?>
<!DOCTYPE world SYSTEM "world.dtd">
<world version="1">
	<level name="single_straight" index="0">
		<display>
			<text-block x="20" y="20">
				<font size="20"/>
				<text>This is a test</text>
			</text-block>
			<control-panel visible="true"/>
		</display>
		<linked-edges>
			<edge-set id="Simple0">
				<edgeref id="e0" />
			</edge-set>
			<edge-set id="Simple1">
				<edgeref id="e1" />
			</edge-set>
			<edge-set id="Simple2">
				<edgeref id="e2" />
			</edge-set>
			<edge-set id="Simple3">
				<edgeref id="e3" />
			</edge-set>
		</linked-edges>
		<boards>
			<board name="board 0-0">
				<display>
					<text-block x="200" y="10">
						<font size="40" color="0xffffff"/>
						<text>There are many types of roads.</text>
					</text-block>
				</display>			
				<node kind="START_PIPE_DEPENDENT_BALL" id="n0">
					<input />
					<output>
						<port num="0" edge="e0" />
					</output>
					<layout>
						<x>3</x>
						<y>2</y>
					</layout>
				</node>
				<node kind="END" id="n1">
					<input>
						<port num="0" edge="e0" />
					</input>
					<output />
					<layout>
						<x>3</x>
						<y>6</y>
					</layout>
				</node>
				<edge description="foo" variableID="1" pinch="false" width="wide"
					editable="true" id="e0" buzzsaw="false">
					<from>
						<noderef id="n0" port="0" />
					</from>
					<to>
						<noderef id="n1" port="0" />
					</to>
					<edge-layout>
						<point>
							<x>3</x>
							<y>2</y>
						</point>
						<point>
							<x>3</x>
							<y>6</y>
						</point>
					</edge-layout>
				</edge>
				<node kind="START_SMALL_BALL" id="n2">
					<input />
					<output>
						<port num="0" edge="e1" />
					</output>
					<layout>
						<x>5</x>
						<y>2</y>
					</layout>
				</node>
				<node kind="END" id="n3">
					<input>
						<port num="0" edge="e1" />
					</input>
					<output />
					<layout>
						<x>5</x>
						<y>6</y>
					</layout>
				</node>
				<edge description="foo" variableID="1" pinch="false" width="wide"
					editable="true" id="e1" buzzsaw="false">
					<from>
						<noderef id="n2" port="0" />
					</from>
					<to>
						<noderef id="n3" port="0" />
					</to>
					<edge-layout>
						<point>
							<x>5</x>
							<y>2</y>
						</point>
						<point>
							<x>5</x>
							<y>6</y>
						</point>
					</edge-layout>
				</edge>
				<node kind="START_SMALL_BALL" id="n4">
					<input />
					<output>
						<port num="0" edge="e2" />
					</output>
					<layout>
						<x>7</x>
						<y>2</y>
					</layout>
				</node>
				<node kind="END" id="n5">
					<input>
						<port num="0" edge="e2" />
					</input>
					<output />
					<layout>
						<x>7</x>
						<y>6</y>
					</layout>
				</node>
				<edge description="foo" variableID="1" pinch="false" width="narrow"
					editable="true" id="e2" buzzsaw="false">
					<from>
						<noderef id="n4" port="0" />
					</from>
					<to>
						<noderef id="n5" port="0" />
					</to>
					<edge-layout>
						<point>
							<x>7</x>
							<y>2</y>
						</point>
						<point>
							<x>7</x>
							<y>6</y>
						</point>
					</edge-layout>
				</edge>
				<node kind="START_NO_BALL" id="n6">
					<input />
					<output>
						<port num="0" edge="e3" />
					</output>
					<layout>
						<x>9</x>
						<y>2</y>
					</layout>
				</node>
				<node kind="END" id="n7">
					<input>
						<port num="0" edge="e3" />
					</input>
					<output />
					<layout>
						<x>9</x>
						<y>6</y>
					</layout>
				</node>
				<edge description="foo" variableID="1" pinch="false" width="narrow"
					editable="false" id="e3" buzzsaw="false">
					<from>
						<noderef id="n6" port="0" />
					</from>
					<to>
						<noderef id="n7" port="0" />
					</to>
					<edge-layout>
						<point>
							<x>9</x>
							<y>2</y>
						</point>
						<point>
							<x>9</x>
							<y>6</y>
						</point>
					</edge-layout>
				</edge>
			</board>
		</boards>
	</level>
		<level name="adjust" index="1">
		<display>
			<text-block x="20" y="20">
				<font size="20"/>
				<text>This is a test</text>
			</text-block>
			<control-panel visible="true"/>
		</display>
		<linked-edges>
			<edge-set id="Simple20">
				<edgeref id="e20" />
			</edge-set>
			<edge-set id="Simple21">
				<edgeref id="e21" />
			</edge-set>
			<edge-set id="Simple22">
				<edgeref id="e22" />
			</edge-set>
		</linked-edges>
		<boards>
			<board name="board 1-0">
				<display>
					<text-block x="200" y="20">
						<font size="40" color="0xffffff"/>
						<text>Some roads adjust when clicked on.</text>
					</text-block>
				</display>			
				<node kind="START_PIPE_DEPENDENT_BALL" id="n20">
					<input />
					<output>
						<port num="0" edge="e20" />
					</output>
					<layout>
						<x>4</x>
						<y>2</y>
					</layout>
				</node>
				<node kind="END" id="n21">
					<input>
						<port num="0" edge="e20" />
					</input>
					<output />
					<layout>
						<x>4</x>
						<y>6</y>
					</layout>
				</node>
				<edge description="foo" variableID="1" pinch="false" width="wide"
					editable="true" id="e20" buzzsaw="false">
					<from>
						<noderef id="n20" port="0" />
					</from>
					<to>
						<noderef id="n21" port="0" />
					</to>
					<edge-layout>
						<point>
							<x>4</x>
							<y>2</y>
						</point>
						<point>
							<x>4</x>
							<y>6</y>
						</point>
					</edge-layout>
				</edge>
				<node kind="START_SMALL_BALL" id="n22">
					<input />
					<output>
						<port num="0" edge="e21" />
					</output>
					<layout>
						<x>6</x>
						<y>2</y>
					</layout>
				</node>
				<node kind="END" id="n23">
					<input>
						<port num="0" edge="e21" />
					</input>
					<output />
					<layout>
						<x>6</x>
						<y>6</y>
					</layout>
				</node>
				<edge description="foo" variableID="1" pinch="false" width="wide"
					editable="true" id="e21" buzzsaw="false">
					<from>
						<noderef id="n22" port="0" />
					</from>
					<to>
						<noderef id="n23" port="0" />
					</to>
					<edge-layout>
						<point>
							<x>6</x>
							<y>2</y>
						</point>
						<point>
							<x>6</x>
							<y>6</y>
						</point>
					</edge-layout>
				</edge>
				<node kind="START_SMALL_BALL" id="n24">
					<input />
					<output>
						<port num="0" edge="e22" />
					</output>
					<layout>
						<x>8</x>
						<y>2</y>
					</layout>
				</node>
				<node kind="END" id="n25">
					<input>
						<port num="0" edge="e22" />
					</input>
					<output />
					<layout>
						<x>8</x>
						<y>6</y>
					</layout>
				</node>
				<edge description="foo" variableID="1" pinch="false" width="narrow"
					editable="false" id="e22" buzzsaw="false">
					<display>
					<onclick>
						<text-block x="600" y="200">
							<font size="40" color="0xffffff"/>
							<text>Some don't.</text>
						</text-block>
					</onclick>
					<onclick>
						<text-block x="620" y="240">
							<font size="40" color="0xffffff"/>
							<text>Nope.</text>
						</text-block>
					</onclick>
					<onclick>
						<text-block x="620" y="280">
							<font size="40" color="0xffffff"/>
							<text>Never.</text>
						</text-block>
					</onclick>
				</display>
					<from>
						<noderef id="n24" port="0" />
					</from>
					<to>
						<noderef id="n25" port="0" />
					</to>
					<edge-layout>
						<point>
							<x>8</x>
							<y>2</y>
						</point>
						<point>
							<x>8</x>
							<y>6</y>
						</point>
					</edge-layout>
				</edge>
			</board>
		</boards>
	</level>
	<level name="StraightConnection" index="2">
		<display>
			<text-block x="20" y="20">
				<font size="20"/>
				<text>This is a not really a test</text>
			</text-block>
			<control-panel visible="true"/>
		</display>
		<linked-edges>
			<edge-set id="Simple10">
				<edgeref id="e11" />
			</edge-set>
			<edge-set id="Simple11">
				<edgeref id="e12" />
			</edge-set>
		</linked-edges>
		<boards>
			<board name="board 2-0">
				<display>
					<text-block x="90" y="10">
						<font size="40" color="0xffffff"/>
						<text>Wide roads flowing into narrow roads cause backups.</text>
					</text-block>
					<text-block x="200" y="60">
						<font size="25" color="0xffffff"/>
						<text>Change the width of one of the roads to fix it.</text>
					</text-block>
					<control-panel visible="true"/>
				</display>
				<node kind="START_PIPE_DEPENDENT_BALL" id="n11">
					<input />
					<output>
						<port num="0" edge="e11" />
					</output>
					<layout>
						<x>6</x>
						<y>2</y>
					</layout>
				</node>

				<node kind="CONNECT" id="n12">
					<input>
						<port num="0" edge="e11" />
						</input>
					<output>
						<port num="0" edge="e12" />
					</output>
					<layout>
						<x>6</x>
						<y>4.5</y>
					</layout>
				</node>
				<node kind="END" id="n13">
					<input>
						<port num="0" edge="e12" />
					</input>
					<output />
					<layout>
						<x>6</x>
						<y>7</y>
					</layout>
				</node>
				<edge description="foo" variableID="1" pinch="false" width="wide"
					editable="true" id="e11" buzzsaw="false">
					<from>
						<noderef id="n11" port="0" />
					</from>
					<to>
						<noderef id="n12" port="0" />
					</to>
					<edge-layout>
						<point>
							<x>6</x>
							<y>1</y>
						</point>
						<point>
							<x>6</x>
							<y>4.5</y>
						</point>
					</edge-layout>
				</edge>
				<edge description="this" variableID="-1" pinch="false" width="narrow"
					editable="true" id="e12" buzzsaw="false">
					<from>
						<noderef id="n12" port="0" />
					</from>
					<to>
						<noderef id="n13" port="0" />
					</to>
					<edge-layout>
						<point>
							<x>6</x>
							<y>4.5</y>
						</point>
						<point>
							<x>5</x>
							<y>7</y>
						</point>
					</edge-layout>
				</edge>
			</board>
		</boards>
	</level>
		<level name="PinchedRoad" index="3">
		<display>
			<text-block x="20" y="20">
				<font size="20"/>
				<text>This is a not really a test</text>
			</text-block>
			<control-panel visible="true"/>
		</display>
		<linked-edges>
			<edge-set id="Simple40">
				<edgeref id="e41" />
			</edge-set>
		</linked-edges>
		<boards>
			<board name="board 3-0">
				<display>
					<text-block x="160" y="10">
						<font size="40" color="0xffffff"/>
						<text>Traffic cones can cause backups.</text>
					</text-block>
					<text-block x="220" y="60">
						<font size="25" color="0xffffff"/>
						<text>Change the width of the road to fix it.</text>
					</text-block>
					<control-panel visible="true"/>
				</display>
				<node kind="START_PIPE_DEPENDENT_BALL" id="n41">
					<input />
					<output>
						<port num="0" edge="e41" />
					</output>
					<layout>
						<x>6</x>
						<y>2</y>
					</layout>
				</node>
				<node kind="END" id="n42">
					<input>
						<port num="0" edge="e42" />
					</input>
					<output />
					<layout>
						<x>6</x>
						<y>7</y>
					</layout>
				</node>
				<edge description="foo" variableID="1" pinch="true" width="wide"
					editable="true" id="e41" buzzsaw="false">
					<from>
						<noderef id="n41" port="0" />
					</from>
					<to>
						<noderef id="n42" port="0" />
					</to>
					<edge-layout>
						<point>
							<x>6</x>
							<y>1</y>
						</point>
						<point>
							<x>6</x>
							<y>7</y>
						</point>
					</edge-layout>
				</edge>
			</board>
		</boards>
	</level>
		<level name="NeedABuzzsaw" index="4">
		<display>
			<text-block x="20" y="20">
				<font size="20"/>
				<text>This is a not really a test</text>
			</text-block>
			<control-panel visible="true"/>
		</display>
		<linked-edges>
			<edge-set id="Simple50">
				<edgeref id="e51" />
			</edge-set>
			<edge-set id="Simple51">
				<edgeref id="e52" />
			</edge-set>
			<edge-set id="Simple52">
				<edgeref id="e55" />
			</edge-set>
		</linked-edges>
		<boards>
			<board name="board 5-0">
				<display>
					<text-block x="100" y="10">
						<font size="40" color="0xffffff"/>
						<text>A backup or two, and the roads aren't adjustable.</text>
					</text-block>
					<text-block x="100" y="60">
						<font size="25" color="0xffffff"/>
						<text>Click on the merge sign, and then click on the road where you want it placed.</text>
					</text-block>
					<control-panel visible="true"/>
					<buzzsaw visible="true"/>
				</display>
				<node kind="START_LARGE_BALL" id="n51">
					<input />
					<output>
						<port num="0" edge="e51" />
					</output>
					<layout>
						<x>4</x>
						<y>2</y>
					</layout>
				</node>

				<node kind="CONNECT" id="n52">
					<input>
						<port num="0" edge="e51" />
						</input>
					<output>
						<port num="0" edge="e52" />
					</output>
					<layout>
						<x>4</x>
						<y>4.5</y>
					</layout>
				</node>
				<node kind="END" id="n53">
					<input>
						<port num="0" edge="e52" />
					</input>
					<output />
					<layout>
						<x>4</x>
						<y>7</y>
					</layout>
				</node>
				<edge description="foo" variableID="1" pinch="false" width="wide"
					editable="false" id="e51" buzzsaw="false">
					<from>
						<noderef id="n51" port="0" />
					</from>
					<to>
						<noderef id="n52" port="0" />
					</to>
					<edge-layout>
						<point>
							<x>4</x>
							<y>1</y>
						</point>
						<point>
							<x>4</x>
							<y>4.5</y>
						</point>
					</edge-layout>
				</edge>
				<edge description="this" variableID="-1" pinch="false" width="narrow"
					editable="false" id="e52" buzzsaw="false">
					<from>
						<noderef id="n52" port="0" />
					</from>
					<to>
						<noderef id="n53" port="0" />
					</to>
					<edge-layout>
						<point>
							<x>4</x>
							<y>4.5</y>
						</point>
						<point>
							<x>4</x>
							<y>7</y>
						</point>
					</edge-layout>
				</edge>
				<node kind="START_LARGE_BALL" id="n55">
					<input />
					<output>
						<port num="0" edge="e55" />
					</output>
					<layout>
						<x>8</x>
						<y>2</y>
					</layout>
				</node>
				<node kind="END" id="n56">
					<input>
						<port num="0" edge="e55" />
					</input>
					<output />
					<layout>
						<x>8</x>
						<y>7</y>
					</layout>
				</node>
				<edge description="foo" variableID="1" pinch="true" width="wide"
					editable="false" id="e55" buzzsaw="false">
					<from>
						<noderef id="n55" port="0" />
					</from>
					<to>
						<noderef id="n56" port="0" />
					</to>
					<edge-layout>
						<point>
							<x>8</x>
							<y>1</y>
						</point>
						<point>
							<x>8</x>
							<y>7</y>
						</point>
					</edge-layout>
				</edge>
			</board>
		</boards>
	</level>
		<level name="StarredRoad" index="5">
		<display>
			<text-block x="20" y="20">
				<font size="20"/>
				<text>This is a not really a test</text>
			</text-block>
			<control-panel visible="true"/>
		</display>
		<linked-edges>
			<edge-set id="Simple60">
			<stamp id="Simple63" active="true" />
				<edgeref id="e61" />
			</edge-set>
			<edge-set id="Simple61">
			<stamp id="Simple63" active="false" />
			<stamp id="Simple64" active="true" />
				<edgeref id="e62" />
			</edge-set>
		</linked-edges>
		<boards>
			<board name="board 6-0">
				<display>
					<text-block x="90" y="10">
						<font size="40" color="0xffffff"/>
						<text>Starred roads require starred cars</text>
					</text-block>
					<text-block x="120" y="50">
						<font size="40" color="0xffffff"/>
						<text>that are marked with those stars.</text>
					</text-block>
					<text-block x="150" y="90">
						<font size="25" color="0xffffff"/>
						<text>Click and hold on the road to change its stars.</text>
					</text-block>
					<text-block x="150" y="115">
						<font size="25" color="0xffffff"/>
						<text>Selecting a star either adds it, or removes it if it's already there.</text>
					</text-block>
					<control-panel visible="true"/>
				</display>
				<node kind="START_PIPE_DEPENDENT_BALL" id="n61">
					<input />
					<output>
						<port num="0" edge="e61" />
					</output>
					<layout>
						<x>6</x>
						<y>2.5</y>
					</layout>
				</node>

				<node kind="CONNECT" id="n62">
					<input>
						<port num="0" edge="e61" />
						</input>
					<output>
						<port num="0" edge="e62" />
					</output>
					<layout>
						<x>6</x>
						<y>5</y>
					</layout>
				</node>
				<node kind="END" id="n63">
					<input>
						<port num="0" edge="e62" />
					</input>
					<output />
					<layout>
						<x>6</x>
						<y>7.5</y>
					</layout>
				</node>
				<edge description="foo" variableID="1" pinch="false" width="wide"
					editable="true" id="e61" buzzsaw="false">
					<from>
						<noderef id="n61" port="0" />
					</from>
					<to>
						<noderef id="n62" port="0" />
					</to>
					<edge-layout>
						<point>
							<x>6</x>
							<y>2.5</y>
						</point>
						<point>
							<x>6</x>
							<y>5</y>
						</point>
					</edge-layout>
				</edge>
				<edge description="this" variableID="-1" pinch="false" width="wide"
					editable="true" id="e62" buzzsaw="false">
					<from>
						<noderef id="n62" port="0" />
					</from>
					<to>
						<noderef id="n63" port="0" />
					</to>
					<edge-layout>
						<point>
							<x>6</x>
							<y>5</y>
						</point>
						<point>
							<x>5</x>
							<y>7.5</y>
						</point>
					</edge-layout>
				</edge>
			</board>
		</boards>
	</level>
	<level name="firstTutorialBoard" index="6">
		<display>
			<text-block x="20" y="20">
				<font size="20"/>
				<text>This is a test</text>
			</text-block>
			<control-panel visible="true"/>
		</display>
		<linked-edges>
			<edge-set id="Simple0">
				<edgeref id="e210" />
				<edgeref id="e212" />
				<edgeref id="e215" />
			</edge-set>
			<edge-set id="Simple1">
				<edgeref id="e211" />
			</edge-set>
			<edge-set id="Simple3">
				<edgeref id="e213" />
			</edge-set>
			<edge-set id="Simple4">
				<edgeref id="e214" />
			</edge-set>
			<edge-set id="Simple6">
				<edgeref id="e216" />
			</edge-set>
		</linked-edges>
		<boards>
			<board name="firstTutorial">
				<display>
					<text-block x="100" y="10">
						<font size="40" color="0xffffff"/>
						<text>Click on the roads to let the cars through.</text>
					</text-block>
				</display>			
				<node kind="START_PIPE_DEPENDENT_BALL" id="n210">
					<input />
					<output>
						<port num="0" edge="e210" />
					</output>
					<layout>
						<x>2</x>
						<y>2</y>
					</layout>
				</node>
				<node kind="START_PIPE_DEPENDENT_BALL" id="n211">
					<input />
					<output>
						<port num="0" edge="e211" />
					</output>
					<layout>
						<x>11</x>
						<y>2</y>
					</layout>
				</node>
				<node kind="SPLIT" id="n212">
					<input>
						<port num="0" edge="e210" />
					</input>
					<output>
						<port num="0" edge="e212" />
						<port num="1" edge="e213" />
					</output>
					<layout>
						<x>2</x>
						<y>4</y>
					</layout>
				</node>
				<node kind="SPLIT" id="n213">
					<input>
						<port num="0" edge="e211" />
					</input>
					<output>
						<port num="0" edge="e214" />
						<port num="1" edge="e215" />
					</output>
					<layout>
						<x>11</x>
						<y>4</y>
					</layout>
				</node>
				<node kind="MERGE" id="n214">
					<input>
						<port num="0" edge="e213" />
						<port num="1" edge="e214" />
					</input>
					<output>
						<port num="0" edge="e216" />
					</output>
					<layout>
						<x>6.5</x>
						<y>6</y>
					</layout>
				</node>
				<node kind="END" id="n215">
					<input>
						<port num="0" edge="e212" />
					</input>
					<output />
					<layout>
						<x>2</x>
						<y>7</y>
					</layout>
				</node>
				<node kind="END" id="n216">
					<input>
						<port num="0" edge="e216" />
					</input>
					<output />
					<layout>
						<x>6.5</x>
						<y>7.5</y>
					</layout>
				</node>
				<node kind="END" id="n217">
					<input>
						<port num="0" edge="e215" />
					</input>
					<output />
					<layout>
						<x>11</x>
						<y>7</y>
					</layout>
				</node>
				<edge description="leftstart" variableID="1" pinch="false" width="wide"
					editable="true" id="e210" buzzsaw="false">
					<from>
						<noderef id="n210" port="0" />
					</from>
					<to>
						<noderef id="n212" port="0" />
					</to>
					<edge-layout>
						<point>
							<x>2</x>
							<y>2</y>
						</point>
						<point>
							<x>2</x>
							<y>4</y>
						</point>
					</edge-layout>
				</edge>
				<edge description="rightstart" variableID="1" pinch="false" width="wide"
					editable="true" id="e211" buzzsaw="false">
					<from>
						<noderef id="n211" port="0" />
					</from>
					<to>
						<noderef id="n213" port="0" />
					</to>
					<edge-layout>
						<point>
							<x>11</x>
							<y>2</y>
						</point>
						<point>
							<x>11</x>
							<y>4</y>
						</point>
					</edge-layout>
				</edge>
				<edge description="leftend" variableID="1" pinch="false" width="wide"
					editable="true" id="e212" buzzsaw="false">
					<from>
						<noderef id="n212" port="0" />
					</from>
					<to>
						<noderef id="n215" port="0" />
					</to>
					<edge-layout>
						<point>
							<x>2</x>
							<y>4</y>
						</point>
						<point>
							<x>2</x>
							<y>7</y>
						</point>
					</edge-layout>
				</edge>
				<edge description="leftmergein" variableID="1" pinch="false" width="narrow"
					editable="true" id="e213" buzzsaw="false">
					<from>
						<noderef id="n212" port="1" />
					</from>
					<to>
						<noderef id="n214" port="0" />
					</to>
					<edge-layout>
						<point>
							<x>2</x>
							<y>4</y>
						</point>
						<point>
							<x>6.5</x>
							<y>6</y>
						</point>
					</edge-layout>
				</edge>
				<edge description="rightmergein" variableID="1" pinch="false" width="wide"
					editable="true" id="e214" buzzsaw="false">
					<from>
						<noderef id="n213" port="0" />
					</from>
					<to>
						<noderef id="n214" port="1" />
					</to>
					<edge-layout>
						<point>
							<x>11</x>
							<y>4</y>
						</point>
						<point>
							<x>6.5</x>
							<y>6</y>
						</point>
					</edge-layout>
				</edge>
				<edge description="rightend" variableID="1" pinch="false" width="wide"
					editable="true" id="e215" buzzsaw="false">
					<from>
						<noderef id="n213" port="1" />
					</from>
					<to>
						<noderef id="n217" port="0" />
					</to>
					<edge-layout>
						<point>
							<x>11</x>
							<y>4</y>
						</point>
						<point>
							<x>11</x>
							<y>7</y>
						</point>
					</edge-layout>
				</edge>
				<edge description="mergeend" variableID="1" pinch="false" width="narrow"
					editable="true" id="e216" buzzsaw="false">
					<from>
						<noderef id="n214" port="0" />
					</from>
					<to>
						<noderef id="n216" port="0" />
					</to>
					<edge-layout>
						<point>
							<x>6.5</x>
							<y>6</y>
						</point>
						<point>
							<x>6.5</x>
							<y>7.5</y>
						</point>
					</edge-layout>
				</edge>
			</board>
		</boards>
	</level>
<level name="secondTutorialBoard" index="7">
		<display>
			<text-block x="20" y="20">
				<font size="20"/>
				<text>This is a test</text>
			</text-block>
			<control-panel visible="true"/>
		</display>
		<linked-edges>
			<edge-set id="Simple0">
				<edgeref id="e110" />
				<edgeref id="e112" />
			</edge-set>
			<edge-set id="Simple1">
				<edgeref id="e111" />
			</edge-set>
			<edge-set id="Simple3">
				<edgeref id="e113" />
			</edge-set>
			<edge-set id="Simple4">
				<edgeref id="e114" />
			</edge-set>
			<edge-set id="Simple5">
				<edgeref id="e115" />
			</edge-set>
			<edge-set id="Simple6">
				<edgeref id="e116" />
			</edge-set>
		</linked-edges>
		<boards>
			<board name="MergeTutorial">
				<display>
					<text-block x="100" y="10">
						<font size="40" color="0xffffff"/>
						<text>Add a merge sign where it's needed.</text>
					</text-block>
					<buzzsaw visible="true"/>
				</display>			
				<node kind="START_LARGE_BALL" id="n110">
					<input />
					<output>
						<port num="0" edge="e110" />
					</output>
					<layout>
						<x>2</x>
						<y>2</y>
					</layout>
				</node>
				<node kind="START_PIPE_DEPENDENT_BALL" id="n111">
					<input />
					<output>
						<port num="0" edge="e111" />
					</output>
					<layout>
						<x>11</x>
						<y>2</y>
					</layout>
				</node>
				<node kind="SPLIT" id="n112">
					<input>
						<port num="0" edge="e110" />
					</input>
					<output>
						<port num="0" edge="e112" />
						<port num="1" edge="e113" />
					</output>
					<layout>
						<x>2</x>
						<y>4</y>
					</layout>
				</node>
				<node kind="SPLIT" id="n113">
					<input>
						<port num="0" edge="e111" />
					</input>
					<output>
						<port num="0" edge="e114" />
						<port num="1" edge="e115" />
					</output>
					<layout>
						<x>11</x>
						<y>4</y>
					</layout>
				</node>
				<node kind="MERGE" id="n114">
					<input>
						<port num="0" edge="e113" />
						<port num="1" edge="e114" />
					</input>
					<output>
						<port num="0" edge="e116" />
					</output>
					<layout>
						<x>6.5</x>
						<y>6</y>
					</layout>
				</node>
				<node kind="END" id="n115">
					<input>
						<port num="0" edge="e112" />
					</input>
					<output />
					<layout>
						<x>2</x>
						<y>7</y>
					</layout>
				</node>
				<node kind="END" id="n116">
					<input>
						<port num="0" edge="e116" />
					</input>
					<output />
					<layout>
						<x>6.5</x>
						<y>7.5</y>
					</layout>
				</node>
				<node kind="END" id="n117">
					<input>
						<port num="0" edge="e115" />
					</input>
					<output />
					<layout>
						<x>11</x>
						<y>7</y>
					</layout>
				</node>
				<edge description="leftstart" variableID="1" pinch="false" width="wide"
					editable="false" id="e110" buzzsaw="false">
					<from>
						<noderef id="n110" port="0" />
					</from>
					<to>
						<noderef id="n112" port="0" />
					</to>
					<edge-layout>
						<point>
							<x>2</x>
							<y>2</y>
						</point>
						<point>
							<x>2</x>
							<y>4</y>
						</point>
					</edge-layout>
				</edge>
				<edge description="leftstart" variableID="1" pinch="false" width="wide"
					editable="false" id="e111" buzzsaw="false">
					<from>
						<noderef id="n111" port="0" />
					</from>
					<to>
						<noderef id="n113" port="0" />
					</to>
					<edge-layout>
						<point>
							<x>11</x>
							<y>2</y>
						</point>
						<point>
							<x>11</x>
							<y>4</y>
						</point>
					</edge-layout>
				</edge>
				
				<edge description="leftend" variableID="1" pinch="false" width="wide"
					editable="false" id="e112" buzzsaw="false">
					<from>
						<noderef id="n112" port="0" />
					</from>
					<to>
						<noderef id="n115" port="0" />
					</to>
					<edge-layout>
						<point>
							<x>2</x>
							<y>4</y>
						</point>
						<point>
							<x>2</x>
							<y>7</y>
						</point>
					</edge-layout>
				</edge>
				<edge description="leftmergein" variableID="1" pinch="false" width="wide"
					editable="true" id="e113" buzzsaw="false">
					<from>
						<noderef id="n112" port="1" />
					</from>
					<to>
						<noderef id="n114" port="0" />
					</to>
					<edge-layout>
						<point>
							<x>2</x>
							<y>4</y>
						</point>
						<point>
							<x>6.5</x>
							<y>6</y>
						</point>
					</edge-layout>
				</edge>
				<edge description="rightmergein" variableID="1" pinch="true" width="narrow"
					editable="true" id="e114" buzzsaw="false">
					<from>
						<noderef id="n113" port="0" />
					</from>
					<to>
						<noderef id="n114" port="1" />
					</to>
					<edge-layout>
						<point>
							<x>11</x>
							<y>4</y>
						</point>
						<point>
							<x>6.5</x>
							<y>6</y>
						</point>
					</edge-layout>
				</edge>
				<edge description="rightend" variableID="1" pinch="false" width="narrow"
					editable="true" id="e115" buzzsaw="false">
					<from>
						<noderef id="n113" port="1" />
					</from>
					<to>
						<noderef id="n117" port="0" />
					</to>
					<edge-layout>
						<point>
							<x>11</x>
							<y>4</y>
						</point>
						<point>
							<x>11</x>
							<y>7</y>
						</point>
					</edge-layout>
				</edge>
				<edge description="mergeend" variableID="1" pinch="false" width="narrow"
					editable="false" id="e116" buzzsaw="false">
					<from>
						<noderef id="n114" port="0" />
					</from>
					<to>
						<noderef id="n116" port="0" />
					</to>
					<edge-layout>
						<point>
							<x>6.5</x>
							<y>6</y>
						</point>
						<point>
							<x>6.5</x>
							<y>7.5</y>
						</point>
					</edge-layout>
				</edge>
			</board>
		</boards>
	</level>
	<level name="Getmap" index="8">
  <linked-edges>
   <edge-set id="e1s1">
    <edgeref id="e171"/>
   </edge-set>
   <edge-set id="e1s2">
    <stamp id="e1s1" active="true"/>
    <edgeref id="e172"/>
   </edge-set>
   <edge-set id="e1s3">
    <edgeref id="e173"/>
   </edge-set>
   <edge-set id="e1s4">
    <stamp id="e1s1" active="false"/>
	<stamp id="e1s2" active="false"/>
	<stamp id="e1s5" active="true"/>
    <edgeref id="e174"/>
   </edge-set>
   <edge-set id="e1s5">
    <edgeref id="e175"/>
   </edge-set>
  </linked-edges>
  <boards>
   <board name="Junction-Examples">
	<display>
		<text-block x="100" y="10">
			<font size="40" color="0xffffff"/>
			<text>Match the cars to the road.</text>
		</text-block>
	</display>
    <node kind="INCOMING" id="n170">
     <input/>
     <output>
      <port num="0" edge="e171"/>
      <port num="1" edge="e172"/>
      <port num="2" edge="e173"/>
	  <port num="3" edge="e174"/>
     </output>
     <layout>
      <x>4.0</x>
      <y>3.50</y>
     </layout>
    </node>
    <node kind="OUTGOING" id="n171">
     <input>
      <port num="0" edge="e175"/>
     </input>
     <output/>
     <layout>
      <x>6.0</x>
      <y>7</y>
     </layout>
    </node>
    <node kind="GET" id="n172">
     <input>
      <port num="0" edge="e171"/>
	  <port num="1" edge="e172"/>
	  <port num="2" edge="e173"/>
	  <port num="3" edge="e174"/>
     </input>
     <output>
      <port num="0" edge="e175"/>
     </output>
     <layout>
      <x>4.0</x>
      <y>3.5</y>
     </layout>
    </node>
    <edge description="chute1" variableID="-1" pinch="true" width="wide" editable="true" id="e171" buzzsaw="false">
     <from>
      <noderef id="n170" port="0"/>
     </from>
     <to>
      <noderef id="n172" port="0"/>
     </to>
     <edge-layout>
      <point>
       <x>4.5</x>
       <y>2.0</y>
      </point>
      <point>
       <x>4.5</x>
       <y>2.0</y>
      </point>
      <point>
       <x>4.5</x>
       <y>3.5</y>
      </point>
      <point>
       <x>4.5</x>
       <y>3.5</y>
      </point>
     </edge-layout>
    </edge>
    <edge description="chute2" variableID="-1" pinch="false" width="narrow" editable="true" id="e172" buzzsaw="false">
     <from>
      <noderef id="n170" port="1"/>
     </from>
     <to>
      <noderef id="n172" port="1"/>
     </to>
     <edge-layout>
      <point>
       <x>5.5</x>
       <y>2.0</y>
      </point>
      <point>
       <x>5.5</x>
       <y>2.0</y>
      </point>
      <point>
       <x>5.5</x>
       <y>3.5</y>
      </point>
      <point>
       <x>5.5</x>
       <y>3.5</y>
      </point>
     </edge-layout>
    </edge>
	<edge description="chute3" variableID="-1" pinch="false" width="narrow" editable="true" id="e173" buzzsaw="false">
     <from>
      <noderef id="n170" port="2"/>
     </from>
     <to>
      <noderef id="n172" port="2"/>
     </to>
     <edge-layout>
      <point>
       <x>6.5</x>
       <y>2.0</y>
      </point>
      <point>
       <x>6.5</x>
       <y>2.0</y>
      </point>
      <point>
       <x>6.5</x>
       <y>3.5</y>
      </point>
      <point>
       <x>6.5</x>
       <y>3.5</y>
      </point>
     </edge-layout>
    </edge>
	<edge description="chute4" variableID="-1" pinch="false" width="narrow" editable="true" id="e174" buzzsaw="false">
     <from>
      <noderef id="n170" port="3"/>
     </from>
     <to>
      <noderef id="n172" port="3"/>
     </to>
     <edge-layout>
      <point>
       <x>7.5</x>
       <y>2.0</y>
      </point>
      <point>
       <x>7.5</x>
       <y>2.0</y>
      </point>
      <point>
       <x>7.5</x>
       <y>3.5</y>
      </point>
      <point>
       <x>7.5</x>
       <y>3.5</y>
      </point>
     </edge-layout>
    </edge>
	<edge description="chute5" variableID="-1" pinch="false" width="wide" editable="true" id="e175" buzzsaw="false">
     <from>
      <noderef id="n172" port="0"/>
     </from>
     <to>
      <noderef id="n171" port="0"/>
     </to>
     <edge-layout>
      <point>
       <x>6.5</x>
       <y>4.96</y>
      </point>
      <point>
       <x>6.5</x>
       <y>4.96</y>
      </point>
      <point>
       <x>6.5</x>
       <y>7</y>
      </point>
      <point>
       <x>6.5</x>
       <y>7</y>
      </point>
     </edge-layout>
    </edge>
   </board>
  </boards>
 </level>
</world>
