<graph id="world">
  <level id="Vulture">
    <box height="1.01" id="Vulture0" lines="38" width="38.0" x="36.58" y="8.62"/>
    <box height="1.01" id="Vulture1" lines="4" width="4.0" x="82.38" y="2.54"/>
    <box height="1.01" id="Vulture2" lines="4" width="4.0" x="85.07" y="6.59"/>
    <box height="1.01" id="Vulture3" lines="2" width="2.0" x="90.22" y="2.54"/>
    <box height="1.01" id="Vulture4" lines="12" width="12.0" x="99.43" y="4.57"/>
    <box height="1.01" id="Vulture5" lines="3" width="3.0" x="113.32" y="4.57"/>
    <box height="1.01" id="Vulture6" lines="7" width="7.0" x="55.28" y="4.57"/>
    <box height="1.01" id="Vulture7" lines="2" width="2.0" x="118.25" y="4.57"/>
    <box height="1.01" id="Vulture8" lines="1" width="1.0" x="16.13" y="2.54"/>
    <box height="1.01" id="Vulture11" lines="1" width="1.0" x="16.1" y="6.59"/>
    <box height="1.01" id="Vulture12" lines="7" width="7.0" x="73.5" y="10.65"/>
    <box height="1.01" id="Vulture14" lines="7" width="7.0" x="83.75" y="14.7"/>
    <box height="1.01" id="Vulture15" lines="2" width="2.0" x="89.9" y="25.37"/>
    <box height="1.01" id="Vulture17" lines="2" width="2.0" x="89.88" y="28.93"/>
    <box height="1.01" id="Vulture18" lines="1" width="1.0" x="72.56" y="2.54"/>
    <box height="1.01" id="Vulture22" lines="1" width="1.0" x="72.53" y="6.59"/>
    <box height="1.01" id="Vulture23" lines="1" width="1.0" x="78.9" y="18.26"/>
    <box height="1.01" id="Vulture29" lines="1" width="1.0" x="78.58" y="21.82"/>
    <box height="1.01" id="Vulture30" lines="1" width="1.0" x="81.51" y="18.26"/>
    <box height="1.01" id="Vulture42" lines="1" width="1.0" x="80.71" y="21.82"/>
    <box height="1.01" id="Vulture43" lines="1" width="1.0" x="83.51" y="18.26"/>
    <box height="1.01" id="Vulture53" lines="1" width="1.0" x="82.76" y="21.82"/>
    <box height="1.01" id="Vulture54" lines="1" width="1.0" x="86.28" y="18.26"/>
    <box height="1.01" id="Vulture63" lines="1" width="1.0" x="84.79" y="21.82"/>
    <box height="1.01" id="Vulture64" lines="1" width="1.0" x="88.32" y="18.26"/>
    <box height="1.01" id="Vulture79" lines="1" width="1.0" x="87.07" y="21.82"/>
    <box height="1.01" id="Vulture80" lines="1" width="1.0" x="75.94" y="2.54"/>
    <box height="1.01" id="Vulture86" lines="1" width="1.0" x="75.92" y="6.59"/>
    <box height="1.01" id="Vulture87" lines="1" width="1.0" x="90.32" y="18.26"/>
    <box height="1.01" id="Vulture89" lines="1" width="1.0" x="90.81" y="21.82"/>
    <box height="1.01" id="Vulture92" lines="1" width="1.0" x="90.86" y="32.48"/>
    <box height="1.01" id="Vulture96" lines="1" width="1.0" x="90.83" y="36.04"/>
    <box height="1.01" id="EXT__Server-connections--GET__XIN__0" lines="4" width="4.0" x="28.99" y="12.68"/>
    <box height="1.01" id="EXT__Server-connections--GET__XOUT__0" lines="4" width="4.0" x="31.54" y="4.57"/>
    <box height="1.01" id="EXT__Server-connections--GET__XOUT__1" lines="4" width="4.0" x="97.21" y="0.51"/>
    <box height="1.01" id="EXT__Server-connection_list--GET__XIN__0" lines="1" width="1.0" x="56.49" y="12.68"/>
    <box height="1.01" id="EXT__Server-connection_list--GET__XOUT__0" lines="1" width="1.0" x="44.49" y="4.57"/>
    <box height="1.01" id="EXT__Server-connection_list--GET__XOUT__1" lines="1" width="1.0" x="112.71" y="0.51"/>
    <box height="1.01" id="EXT__Server-threadgroup--GET__XIN__0" lines="1" width="1.0" x="57.08" y="8.62"/>
    <box height="1.01" id="EXT__Server-threadgroup--GET__XOUT__0" lines="1" width="1.0" x="55.29" y="0.51"/>
    <box height="1.01" id="EXT__Server-threadgroup--GET__XOUT__1" lines="1" width="1.0" x="118.0" y="0.51"/>
    <joint height="0.51" id="n0__OUT__0" inputs="0" outputs="1" width="1.0" x="16.14" y="0.51"/>
    <joint height="0.51" id="n0__OUT__1" inputs="0" outputs="1" width="1.0" x="18.61" y="6.59"/>
    <joint height="0.51" id="n1__IN__0" inputs="1" outputs="0" width="1.0" x="16.08" y="8.62"/>
    <joint height="0.51" id="n2" inputs="1" outputs="1" width="1.0" x="16.11" y="4.57"/>
    <joint height="0.51" id="n3" inputs="1" outputs="1" width="1.0" x="2.5" y="10.65"/>
    <joint height="0.51" id="n884" inputs="1" outputs="0" width="1.0" x="0.5" y="10.65"/>
    <joint height="0.51" id="n4__OUT__0" inputs="0" outputs="1" width="1.0" x="70.51" y="8.62"/>
    <joint height="0.51" id="n5__IN__0" inputs="1" outputs="0" width="1.0" x="78.33" y="16.48"/>
    <joint height="0.51" id="n5__IN__1" inputs="1" outputs="0" width="1.0" x="4.5" y="10.65"/>
    <joint height="0.51" id="n6" inputs="1" outputs="1" width="1.0" x="79.54" y="12.68"/>
    <joint height="0.51" id="n7" inputs="0" outputs="1" width="1.0" x="20.61" y="6.59"/>
    <joint height="0.51" id="n8__OUT__0" inputs="0" outputs="1" width="1.0" x="88.92" y="23.59"/>
    <joint height="0.51" id="n8__OUT__1" inputs="0" outputs="1" width="1.0" x="22.61" y="6.59"/>
    <joint height="0.51" id="n9__IN__0" inputs="1" outputs="0" width="1.0" x="88.88" y="30.7"/>
    <joint height="0.51" id="n10" inputs="1" outputs="1" width="1.0" x="89.61" y="27.15"/>
    <joint height="0.51" id="n11" inputs="1" outputs="0" width="1.0" x="6.5" y="10.65"/>
    <joint height="0.51" id="n47__OUT__0" inputs="0" outputs="1" width="1.0" x="72.57" y="0.51"/>
    <joint height="0.51" id="n48__IN__0" inputs="1" outputs="0" width="1.0" x="86.92" y="23.59"/>
    <joint height="0.51" id="n49" inputs="1" outputs="1" width="1.0" x="72.54" y="4.57"/>
    <joint height="0.51" id="n50" inputs="0" outputs="1" width="1.0" x="81.35" y="0.51"/>
    <joint height="0.51" id="n51" inputs="1" outputs="1" width="1.0" x="77.93" y="4.57"/>
    <joint height="0.51" id="n81" inputs="0" outputs="1" width="1.0" x="79.93" y="4.57"/>
    <joint height="0.51" id="n82" inputs="1" outputs="1" width="1.0" x="83.99" y="8.62"/>
    <joint height="0.51" id="n316" inputs="0" outputs="1" width="1.0" x="89.96" y="0.51"/>
    <joint height="0.51" id="n317" inputs="1" outputs="1" width="1.0" x="89.93" y="4.57"/>
    <joint height="0.51" id="n607__IN__0" inputs="1" outputs="1" width="1.0" x="72.51" y="8.62"/>
    <joint height="0.51" id="n607__OUT__0" inputs="1" outputs="1" width="1.0" x="80.33" y="16.48"/>
    <joint height="0.51" id="n607__OUT__1" inputs="1" outputs="1" width="1.0" x="19.5" y="10.65"/>
    <joint height="0.51" id="n608" inputs="1" outputs="1" width="1.0" x="78.65" y="20.04"/>
    <joint height="0.51" id="n609" inputs="1" outputs="1" width="1.0" x="8.5" y="10.65"/>
    <joint height="0.51" id="n610" inputs="1" outputs="1" width="1.0" x="12.5" y="10.65"/>
    <joint height="0.51" id="n611__IN__0" inputs="1" outputs="1" width="1.0" x="10.5" y="10.65"/>
    <joint height="0.51" id="n611__OUT__0" inputs="1" outputs="1" width="1.0" x="25.75" y="6.59"/>
    <joint height="0.51" id="n611__OUT__1" inputs="1" outputs="1" width="1.0" x="94.21" y="2.54"/>
    <joint height="0.51" id="n612" inputs="1" outputs="1" width="1.0" x="14.5" y="10.65"/>
    <joint height="0.51" id="n613" inputs="1" outputs="1" width="1.0" x="90.96" y="6.59"/>
    <joint height="0.51" id="n614__IN__0" inputs="1" outputs="1" width="1.0" x="74.42" y="23.59"/>
    <joint height="0.51" id="n614__OUT__0" inputs="1" outputs="1" width="1.0" x="82.33" y="16.48"/>
    <joint height="0.51" id="n614__OUT__1" inputs="1" outputs="1" width="1.0" x="21.5" y="10.65"/>
    <joint height="0.51" id="n615" inputs="1" outputs="1" width="1.0" x="80.83" y="20.04"/>
    <joint height="0.51" id="n616" inputs="2" outputs="1" width="2.0" x="17.0" y="10.65"/>
    <joint height="0.51" id="n617" inputs="1" outputs="1" width="1.0" x="25.5" y="10.65"/>
    <joint height="0.51" id="n618__IN__0" inputs="1" outputs="1" width="1.0" x="23.5" y="10.65"/>
    <joint height="0.51" id="n618__OUT__0" inputs="1" outputs="1" width="1.0" x="30.54" y="6.59"/>
    <joint height="0.51" id="n618__OUT__1" inputs="1" outputs="1" width="1.0" x="96.21" y="2.54"/>
    <joint height="0.51" id="n619" inputs="1" outputs="1" width="1.0" x="27.5" y="10.65"/>
    <joint height="0.51" id="n620" inputs="2" outputs="1" width="2.0" x="93.46" y="6.59"/>
    <joint height="0.51" id="n621" inputs="1" outputs="1" width="1.0" x="95.96" y="6.59"/>
    <joint height="0.51" id="n622" inputs="2" outputs="1" width="2.0" x="85.43" y="4.57"/>
    <joint height="0.51" id="n623" inputs="1" outputs="2" width="2.0" x="82.43" y="4.57"/>
    <joint height="0.51" id="n624__IN__0" inputs="1" outputs="1" width="1.0" x="76.46" y="23.59"/>
    <joint height="0.51" id="n624__OUT__0" inputs="1" outputs="1" width="1.0" x="84.33" y="16.48"/>
    <joint height="0.51" id="n624__OUT__1" inputs="1" outputs="1" width="1.0" x="50.5" y="10.65"/>
    <joint height="0.51" id="n625" inputs="1" outputs="1" width="1.0" x="83.01" y="20.04"/>
    <joint height="0.51" id="n626" inputs="2" outputs="1" width="2.0" x="30.0" y="10.65"/>
    <joint height="0.51" id="n627" inputs="1" outputs="1" width="1.0" x="32.5" y="10.65"/>
    <joint height="0.51" id="n628__IN__0" inputs="1" outputs="1" width="1.0" x="34.5" y="10.65"/>
    <joint height="0.51" id="n628__OUT__0" inputs="1" outputs="1" width="1.0" x="33.93" y="6.59"/>
    <joint height="0.51" id="n628__OUT__1" inputs="1" outputs="1" width="1.0" x="98.21" y="2.54"/>
    <joint height="0.51" id="n629" inputs="1" outputs="1" width="1.0" x="36.5" y="10.65"/>
    <joint height="0.51" id="n630" inputs="2" outputs="1" width="2.0" x="98.46" y="6.59"/>
    <joint height="0.51" id="n631" inputs="1" outputs="1" width="1.0" x="100.96" y="6.59"/>
    <joint height="0.51" id="n632" inputs="1" outputs="1" width="1.0" x="85.99" y="8.62"/>
    <joint height="0.51" id="n633__IN__0" inputs="1" outputs="1" width="1.0" x="78.47" y="23.59"/>
    <joint height="0.51" id="n633__OUT__0" inputs="1" outputs="1" width="1.0" x="86.33" y="16.48"/>
    <joint height="0.51" id="n633__OUT__1" inputs="1" outputs="1" width="1.0" x="52.5" y="10.65"/>
    <joint height="0.51" id="n634" inputs="1" outputs="1" width="1.0" x="85.29" y="20.04"/>
    <joint height="0.51" id="n635" inputs="2" outputs="1" width="2.0" x="39.0" y="10.65"/>
    <joint height="0.51" id="n636" inputs="1" outputs="1" width="1.0" x="41.5" y="10.65"/>
    <joint height="0.51" id="n637__IN__0" inputs="1" outputs="1" width="1.0" x="43.5" y="10.65"/>
    <joint height="0.51" id="n637__OUT__0" inputs="1" outputs="1" width="1.0" x="38.1" y="6.59"/>
    <joint height="0.51" id="n637__OUT__1" inputs="1" outputs="1" width="1.0" x="100.49" y="2.54"/>
    <joint height="0.51" id="n638" inputs="1" outputs="1" width="1.0" x="45.5" y="10.65"/>
    <joint height="0.51" id="n639" inputs="2" outputs="1" width="2.0" x="103.46" y="6.59"/>
    <joint height="0.51" id="n640" inputs="1" outputs="1" width="1.0" x="105.96" y="6.59"/>
    <joint height="0.51" id="n641__IN__0" inputs="1" outputs="1" width="1.0" x="80.49" y="23.59"/>
    <joint height="0.51" id="n641__OUT__0" inputs="1" outputs="1" width="1.0" x="88.33" y="16.48"/>
    <joint height="0.51" id="n641__OUT__1" inputs="1" outputs="1" width="1.0" x="60.5" y="10.65"/>
    <joint height="0.51" id="n642" inputs="1" outputs="1" width="1.0" x="87.33" y="20.04"/>
    <joint height="0.51" id="n643" inputs="2" outputs="1" width="2.0" x="48.0" y="10.65"/>
    <joint height="0.51" id="n644" inputs="1" outputs="1" width="1.0" x="54.5" y="10.65"/>
    <joint height="0.51" id="n645__IN__0" inputs="1" outputs="1" width="1.0" x="56.5" y="10.65"/>
    <joint height="0.51" id="n645__OUT__0" inputs="1" outputs="1" width="1.0" x="44.47" y="6.59"/>
    <joint height="0.51" id="n645__OUT__1" inputs="1" outputs="1" width="1.0" x="112.69" y="2.54"/>
    <joint height="0.51" id="n646" inputs="1" outputs="1" width="1.0" x="58.5" y="10.65"/>
    <joint height="0.51" id="n647" inputs="1" outputs="1" width="1.0" x="111.96" y="6.59"/>
    <joint height="0.51" id="n648" inputs="1" outputs="1" width="1.0" x="113.96" y="6.59"/>
    <joint height="0.51" id="n649" inputs="1" outputs="1" width="1.0" x="107.96" y="6.59"/>
    <joint height="0.51" id="n813" inputs="1" outputs="0" width="1.0" x="115.96" y="6.59"/>
    <joint height="0.51" id="n823" inputs="1" outputs="0" width="1.0" x="87.93" y="4.57"/>
    <joint height="0.51" id="n829" inputs="1" outputs="0" width="1.0" x="109.96" y="6.59"/>
    <joint height="0.51" id="n834" inputs="1" outputs="0" width="1.0" x="62.5" y="10.65"/>
    <joint height="0.51" id="n836" inputs="1" outputs="0" width="1.0" x="91.93" y="4.57"/>
    <joint height="0.51" id="n838" inputs="1" outputs="0" width="1.0" x="87.99" y="8.62"/>
    <joint height="0.51" id="n190__OUT__0" inputs="0" outputs="1" width="1.0" x="75.96" y="0.51"/>
    <joint height="0.51" id="n190__OUT__1" inputs="0" outputs="1" width="1.0" x="52.89" y="2.54"/>
    <joint height="0.51" id="n191__IN__0" inputs="1" outputs="0" width="1.0" x="90.82" y="37.82"/>
    <joint height="0.51" id="n192" inputs="1" outputs="1" width="1.0" x="75.93" y="4.57"/>
    <joint height="0.51" id="n193" inputs="1" outputs="1" width="1.0" x="49.78" y="6.59"/>
    <joint height="0.51" id="n597" inputs="1" outputs="1" width="1.0" x="51.78" y="6.59"/>
    <joint height="0.51" id="n598__IN__0" inputs="1" outputs="1" width="1.0" x="53.78" y="6.59"/>
    <joint height="0.51" id="n598__OUT__0" inputs="1" outputs="1" width="1.0" x="55.28" y="2.54"/>
    <joint height="0.51" id="n598__OUT__1" inputs="1" outputs="1" width="1.0" x="117.99" y="2.54"/>
    <joint height="0.51" id="n599" inputs="1" outputs="1" width="1.0" x="55.78" y="6.59"/>
    <joint height="0.51" id="n600" inputs="1" outputs="1" width="1.0" x="117.96" y="6.59"/>
    <joint height="0.51" id="n601__IN__0" inputs="1" outputs="1" width="1.0" x="75.9" y="8.62"/>
    <joint height="0.51" id="n601__OUT__0" inputs="1" outputs="1" width="1.0" x="90.33" y="16.48"/>
    <joint height="0.51" id="n601__OUT__1" inputs="1" outputs="1" width="1.0" x="68.5" y="10.65"/>
    <joint height="0.51" id="n602" inputs="1" outputs="1" width="1.0" x="90.31" y="20.04"/>
    <joint height="0.51" id="n603" inputs="1" outputs="1" width="1.0" x="64.5" y="10.65"/>
    <joint height="0.51" id="n604__IN__0" inputs="1" outputs="1" width="1.0" x="90.92" y="23.59"/>
    <joint height="0.51" id="n604__IN__1" inputs="1" outputs="1" width="1.0" x="60.78" y="6.59"/>
    <joint height="0.51" id="n604__OUT__0" inputs="1" outputs="1" width="1.0" x="90.88" y="30.7"/>
    <joint height="0.51" id="n605" inputs="1" outputs="2" width="2.0" x="58.28" y="6.59"/>
    <joint height="0.51" id="n606" inputs="1" outputs="1" width="1.0" x="90.85" y="34.26"/>
    <joint height="0.51" id="n815" inputs="1" outputs="0" width="1.0" x="119.96" y="6.59"/>
    <joint height="0.51" id="n837" inputs="1" outputs="0" width="1.0" x="66.5" y="10.65"/>
    <joint height="0.51" id="n844" inputs="1" outputs="0" width="1.0" x="62.78" y="6.59"/>
    <line id="e1__IN__">
      <fromjoint id="n0__OUT__0" port="0"/>
      <tobox id="Vulture8" port="0"/>
    <point x="16.13" y="0.77"/><point x="16.13" y="2.02"/></line>
    <line id="e1__OUT__">
      <frombox id="Vulture8" port="0"/>
      <tojoint id="n2" port="0"/>
    <point x="16.13" y="3.05"/><point x="16.11" y="4.3"/></line>
    <line id="e2__IN__">
      <fromjoint id="n0__OUT__1" port="0"/>
      <tobox id="Vulture0" port="0"/>
    <point x="18.6" y="6.86"/><point x="18.82" y="8.11"/></line>
    <line id="e2__OUT__">
      <frombox id="Vulture0" port="0"/>
      <tojoint id="n3" port="0"/>
    <point x="18.82" y="9.14"/><point x="2.5" y="10.39"/></line>
    <line id="e794__IN__">
      <fromjoint id="n3" port="0"/>
      <tobox id="Vulture0" port="1"/>
    <point x="2.49" y="10.91"/><point x="19.71" y="8.11"/></line>
    <line id="e794__OUT__">
      <frombox id="Vulture0" port="1"/>
      <tojoint id="n884" port="0"/>
    <point x="19.71" y="9.14"/><point x="0.5" y="10.39"/></line>
    <line id="e839__IN__">
      <fromjoint id="n2" port="0"/>
      <tobox id="Vulture11" port="0"/>
    <point x="16.1" y="4.83"/><point x="16.1" y="6.08"/></line>
    <line id="e839__OUT__">
      <frombox id="Vulture11" port="0"/>
      <tojoint id="n1__IN__0" port="0"/>
    <point x="16.1" y="7.11"/><point x="16.08" y="8.36"/></line>
    <line id="e3__IN__">
      <fromjoint id="n4__OUT__0" port="0"/>
      <tobox id="Vulture12" port="0"/>
    <point x="70.5" y="8.89"/><point x="71.1" y="10.14"/></line>
    <line id="e3__OUT__">
      <frombox id="Vulture12" port="0"/>
      <tojoint id="n6" port="0"/>
    <point x="71.1" y="11.16"/><point x="79.54" y="12.41"/></line>
    <line id="e4__IN__">
      <fromjoint id="n7" port="0"/>
      <tobox id="Vulture0" port="2"/>
    <point x="20.6" y="6.86"/><point x="20.6" y="8.11"/></line>
    <line id="e4__OUT__">
      <frombox id="Vulture0" port="2"/>
      <tojoint id="n5__IN__1" port="0"/>
    <point x="20.6" y="9.14"/><point x="4.5" y="10.39"/></line>
    <line id="e840__IN__">
      <fromjoint id="n6" port="0"/>
      <tobox id="Vulture14" port="0"/>
    <point x="79.53" y="12.94"/><point x="81.35" y="14.19"/></line>
    <line id="e840__OUT__">
      <frombox id="Vulture14" port="0"/>
      <tojoint id="n5__IN__0" port="0"/>
    <point x="81.35" y="15.22"/><point x="78.33" y="16.22"/></line>
    <line id="e5__IN__">
      <fromjoint id="n8__OUT__0" port="0"/>
      <tobox id="Vulture15" port="0"/>
    <point x="88.9" y="23.86"/><point x="89.63" y="24.86"/></line>
    <line id="e5__OUT__">
      <frombox id="Vulture15" port="0"/>
      <tojoint id="n10" port="0"/>
    <point x="89.63" y="25.89"/><point x="89.61" y="26.89"/></line>
    <line id="e6__IN__">
      <fromjoint id="n8__OUT__1" port="0"/>
      <tobox id="Vulture0" port="3"/>
    <point x="22.6" y="6.86"/><point x="21.49" y="8.11"/></line>
    <line id="e6__OUT__">
      <frombox id="Vulture0" port="3"/>
      <tojoint id="n11" port="0"/>
    <point x="21.49" y="9.14"/><point x="6.5" y="10.39"/></line>
    <line id="e830__IN__">
      <fromjoint id="n10" port="0"/>
      <tobox id="Vulture17" port="0"/>
    <point x="89.6" y="27.41"/><point x="89.6" y="28.41"/></line>
    <line id="e830__OUT__">
      <frombox id="Vulture17" port="0"/>
      <tojoint id="n9__IN__0" port="0"/>
    <point x="89.6" y="29.44"/><point x="88.88" y="30.44"/></line>
    <line id="e23__IN__">
      <fromjoint id="n47__OUT__0" port="0"/>
      <tobox id="Vulture18" port="0"/>
    <point x="72.56" y="0.77"/><point x="72.56" y="2.02"/></line>
    <line id="e23__OUT__">
      <frombox id="Vulture18" port="0"/>
      <tojoint id="n49" port="0"/>
    <point x="72.56" y="3.05"/><point x="72.54" y="4.3"/></line>
    <line id="e24__IN__">
      <fromjoint id="n50" port="0"/>
      <tobox id="Vulture1" port="0"/>
    <point x="81.33" y="0.77"/><point x="81.33" y="2.02"/></line>
    <line id="e24__OUT__">
      <frombox id="Vulture1" port="0"/>
      <tojoint id="n51" port="0"/>
    <point x="81.33" y="3.05"/><point x="77.93" y="4.3"/></line>
    <line id="e39__IN__">
      <fromjoint id="n81" port="0"/>
      <tobox id="Vulture2" port="0"/>
    <point x="79.92" y="4.83"/><point x="84.03" y="6.08"/></line>
    <line id="e39__OUT__">
      <frombox id="Vulture2" port="0"/>
      <tojoint id="n82" port="0"/>
    <point x="84.03" y="7.11"/><point x="83.99" y="8.36"/></line>
    <line id="e161__IN__">
      <fromjoint id="n316" port="0"/>
      <tobox id="Vulture3" port="0"/>
    <point x="89.94" y="0.77"/><point x="89.94" y="2.02"/></line>
    <line id="e161__OUT__">
      <frombox id="Vulture3" port="0"/>
      <tojoint id="n317" port="0"/>
    <point x="89.94" y="3.05"/><point x="89.93" y="4.3"/></line>
    <line id="e490__IN__">
      <fromjoint id="n49" port="0"/>
      <tobox id="Vulture22" port="0"/>
    <point x="72.53" y="4.83"/><point x="72.53" y="6.08"/></line>
    <line id="e490__OUT__">
      <frombox id="Vulture22" port="0"/>
      <tojoint id="n607__IN__0" port="0"/>
    <point x="72.53" y="7.11"/><point x="72.51" y="8.36"/></line>
    <line id="e491__IN__">
      <fromjoint id="n607__OUT__0" port="0"/>
      <tobox id="Vulture23" port="0"/>
    <point x="80.32" y="16.75"/><point x="78.9" y="17.75"/></line>
    <line id="e491__OUT__">
      <frombox id="Vulture23" port="0"/>
      <tojoint id="n608" port="0"/>
    <point x="78.9" y="18.77"/><point x="78.65" y="19.77"/></line>
    <line id="e492__IN__">
      <fromjoint id="n607__OUT__1" port="0"/>
      <tobox id="Vulture0" port="4"/>
    <point x="19.49" y="10.91"/><point x="22.36" y="8.11"/></line>
    <line id="e492__OUT__">
      <frombox id="Vulture0" port="4"/>
      <tojoint id="n609" port="0"/>
    <point x="22.36" y="9.14"/><point x="8.5" y="10.39"/></line>
    <line id="e493__IN__">
      <fromjoint id="n609" port="0"/>
      <tobox id="Vulture0" port="5"/>
    <point x="8.49" y="10.91"/><point x="23.25" y="8.11"/></line>
    <line id="e493__OUT__">
      <frombox id="Vulture0" port="5"/>
      <tojoint id="n610" port="0"/>
    <point x="23.25" y="9.14"/><point x="12.5" y="10.39"/></line>
    <line id="e494__IN__">
      <fromjoint id="n610" port="0"/>
      <tobox id="Vulture0" port="6"/>
    <point x="12.49" y="10.91"/><point x="24.14" y="8.11"/></line>
    <line id="e494__OUT__">
      <frombox id="Vulture0" port="6"/>
      <tojoint id="n611__IN__0" port="0"/>
    <point x="24.14" y="9.14"/><point x="10.5" y="10.39"/></line>
    <line id="e495__IN__">
      <fromjoint id="n611__OUT__0" port="0"/>
      <tobox id="Vulture0" port="7"/>
    <point x="25.74" y="6.86"/><point x="25.03" y="8.11"/></line>
    <line id="e495__OUT__">
      <frombox id="Vulture0" port="7"/>
      <tojoint id="n612" port="0"/>
    <point x="25.03" y="9.14"/><point x="14.5" y="10.39"/></line>
    <line id="e496__IN__">
      <fromjoint id="n611__OUT__1" port="0"/>
      <tobox id="Vulture4" port="0"/>
    <point x="94.19" y="2.8"/><point x="94.63" y="4.05"/></line>
    <line id="e496__OUT__">
      <frombox id="Vulture4" port="0"/>
      <tojoint id="n613" port="0"/>
    <point x="94.63" y="5.08"/><point x="90.96" y="6.33"/></line>
    <line id="e497__IN__">
      <fromjoint id="n608" port="0"/>
      <tobox id="Vulture29" port="0"/>
    <point x="78.64" y="20.3"/><point x="78.58" y="21.3"/></line>
    <line id="e497__OUT__">
      <frombox id="Vulture29" port="0"/>
      <tojoint id="n614__IN__0" port="0"/>
    <point x="78.58" y="22.33"/><point x="74.42" y="23.33"/></line>
    <line id="e498__IN__">
      <fromjoint id="n614__OUT__0" port="0"/>
      <tobox id="Vulture30" port="0"/>
    <point x="82.32" y="16.75"/><point x="81.51" y="17.75"/></line>
    <line id="e498__OUT__">
      <frombox id="Vulture30" port="0"/>
      <tojoint id="n615" port="0"/>
    <point x="81.51" y="18.77"/><point x="80.83" y="19.77"/></line>
    <line id="e499__IN__">
      <fromjoint id="n614__OUT__1" port="0"/>
      <tobox id="Vulture0" port="8"/>
    <point x="21.49" y="10.91"/><point x="25.92" y="8.11"/></line>
    <line id="e499__OUT__">
      <frombox id="Vulture0" port="8"/>
      <tojoint id="n616" port="0"/>
    <point x="25.92" y="9.14"/><point x="16.72" y="10.39"/></line>
    <line id="e500__IN__">
      <fromjoint id="n612" port="0"/>
      <tobox id="Vulture0" port="9"/>
    <point x="14.49" y="10.91"/><point x="26.79" y="8.11"/></line>
    <line id="e500__OUT__">
      <frombox id="Vulture0" port="9"/>
      <tojoint id="n616" port="1"/>
    <point x="26.79" y="9.14"/><point x="17.28" y="10.39"/></line>
    <line id="e501__IN__">
      <fromjoint id="n616" port="0"/>
      <tobox id="Vulture0" port="10"/>
    <point x="16.99" y="10.91"/><point x="27.72" y="8.11"/></line>
    <line id="e501__OUT__">
      <frombox id="Vulture0" port="10"/>
      <tojoint id="n617" port="0"/>
    <point x="27.72" y="9.14"/><point x="25.5" y="10.39"/></line>
    <line id="e502__IN__">
      <fromjoint id="n617" port="0"/>
      <tobox id="Vulture0" port="11"/>
    <point x="25.49" y="10.91"/><point x="28.71" y="8.11"/></line>
    <line id="e502__OUT__">
      <frombox id="Vulture0" port="11"/>
      <tojoint id="n618__IN__0" port="0"/>
    <point x="28.71" y="9.14"/><point x="23.5" y="10.39"/></line>
    <line id="e503__IN__">
      <fromjoint id="n618__OUT__0" port="0"/>
      <tobox id="Vulture0" port="12"/>
    <point x="30.53" y="6.86"/><point x="29.69" y="8.11"/></line>
    <line id="e503__OUT__">
      <frombox id="Vulture0" port="12"/>
      <tojoint id="n619" port="0"/>
    <point x="29.69" y="9.14"/><point x="27.5" y="10.39"/></line>
    <line id="e504__IN__">
      <fromjoint id="n618__OUT__1" port="0"/>
      <tobox id="Vulture4" port="1"/>
    <point x="96.19" y="2.8"/><point x="95.47" y="4.05"/></line>
    <line id="e504__OUT__">
      <frombox id="Vulture4" port="1"/>
      <tojoint id="n620" port="0"/>
    <point x="95.47" y="5.08"/><point x="93.18" y="6.33"/></line>
    <line id="e505__IN__">
      <fromjoint id="n613" port="0"/>
      <tobox id="Vulture4" port="2"/>
    <point x="90.94" y="6.86"/><point x="96.33" y="4.05"/></line>
    <line id="e505__OUT__">
      <frombox id="Vulture4" port="2"/>
      <tojoint id="n620" port="1"/>
    <point x="96.33" y="5.08"/><point x="93.74" y="6.33"/></line>
    <line id="e506__IN__">
      <fromjoint id="n620" port="0"/>
      <tobox id="Vulture4" port="3"/>
    <point x="93.44" y="6.86"/><point x="97.18" y="4.05"/></line>
    <line id="e506__OUT__">
      <frombox id="Vulture4" port="3"/>
      <tojoint id="n621" port="0"/>
    <point x="97.18" y="5.08"/><point x="95.96" y="6.33"/></line>
    <line id="e507__IN__">
      <fromjoint id="n51" port="0"/>
      <tobox id="Vulture1" port="1"/>
    <point x="77.92" y="4.83"/><point x="82.03" y="2.02"/></line>
    <line id="e507__OUT__">
      <frombox id="Vulture1" port="1"/>
      <tojoint id="n623" port="0"/>
    <point x="82.03" y="3.05"/><point x="82.43" y="4.3"/></line>
    <line id="e508__IN__">
      <fromjoint id="n82" port="0"/>
      <tobox id="Vulture2" port="1"/>
    <point x="83.97" y="8.89"/><point x="84.72" y="6.08"/></line>
    <line id="e508__OUT__">
      <frombox id="Vulture2" port="1"/>
      <tojoint id="n622" port="0"/>
    <point x="84.72" y="7.11"/><point x="85.15" y="4.3"/></line>
    <line id="e509__IN__">
      <fromjoint id="n623" port="1"/>
      <tobox id="Vulture1" port="2"/>
    <point x="82.72" y="4.83"/><point x="82.72" y="2.02"/></line>
    <line id="e509__OUT__">
      <frombox id="Vulture1" port="2"/>
      <tojoint id="n622" port="1"/>
    <point x="82.72" y="3.05"/><point x="85.71" y="4.3"/></line>
    <line id="e510__IN__">
      <fromjoint id="n615" port="0"/>
      <tobox id="Vulture42" port="0"/>
    <point x="80.82" y="20.3"/><point x="80.71" y="21.3"/></line>
    <line id="e510__OUT__">
      <frombox id="Vulture42" port="0"/>
      <tojoint id="n624__IN__0" port="0"/>
    <point x="80.71" y="22.33"/><point x="76.46" y="23.33"/></line>
    <line id="e511__IN__">
      <fromjoint id="n624__OUT__0" port="0"/>
      <tobox id="Vulture43" port="0"/>
    <point x="84.32" y="16.75"/><point x="83.51" y="17.75"/></line>
    <line id="e511__OUT__">
      <frombox id="Vulture43" port="0"/>
      <tojoint id="n625" port="0"/>
    <point x="83.51" y="18.77"/><point x="83.01" y="19.77"/></line>
    <line id="e512__IN__">
      <fromjoint id="n624__OUT__1" port="0"/>
      <tobox id="Vulture0" port="13"/>
    <point x="50.49" y="10.91"/><point x="30.68" y="8.11"/></line>
    <line id="e512__OUT__">
      <frombox id="Vulture0" port="13"/>
      <tojoint id="n626" port="0"/>
    <point x="30.68" y="9.14"/><point x="29.72" y="10.39"/></line>
    <line id="e513__IN__">
      <fromjoint id="n619" port="0"/>
      <tobox id="Vulture0" port="14"/>
    <point x="27.49" y="10.91"/><point x="31.67" y="8.11"/></line>
    <line id="e513__OUT__">
      <frombox id="Vulture0" port="14"/>
      <tojoint id="n626" port="1"/>
    <point x="31.67" y="9.14"/><point x="30.28" y="10.39"/></line>
    <line id="e514__IN__">
      <fromjoint id="n626" port="0"/>
      <tobox id="Vulture0" port="15"/>
    <point x="29.99" y="10.91"/><point x="32.64" y="8.11"/></line>
    <line id="e514__OUT__">
      <frombox id="Vulture0" port="15"/>
      <tojoint id="n627" port="0"/>
    <point x="32.64" y="9.14"/><point x="32.5" y="10.39"/></line>
    <line id="e515__IN__">
      <fromjoint id="n627" port="0"/>
      <tobox id="Vulture0" port="16"/>
    <point x="32.49" y="10.91"/><point x="33.63" y="8.11"/></line>
    <line id="e515__OUT__">
      <frombox id="Vulture0" port="16"/>
      <tojoint id="n628__IN__0" port="0"/>
    <point x="33.63" y="9.14"/><point x="34.5" y="10.39"/></line>
    <line id="e516__IN__">
      <fromjoint id="n628__OUT__0" port="0"/>
      <tobox id="Vulture0" port="17"/>
    <point x="33.92" y="6.86"/><point x="34.61" y="8.11"/></line>
    <line id="e516__OUT__">
      <frombox id="Vulture0" port="17"/>
      <tojoint id="n629" port="0"/>
    <point x="34.61" y="9.14"/><point x="36.5" y="10.39"/></line>
    <line id="e517__IN__">
      <fromjoint id="n628__OUT__1" port="0"/>
      <tobox id="Vulture4" port="4"/>
    <point x="98.19" y="2.8"/><point x="98.04" y="4.05"/></line>
    <line id="e517__OUT__">
      <frombox id="Vulture4" port="4"/>
      <tojoint id="n630" port="0"/>
    <point x="98.04" y="5.08"/><point x="98.18" y="6.33"/></line>
    <line id="e518__IN__">
      <fromjoint id="n621" port="0"/>
      <tobox id="Vulture4" port="5"/>
    <point x="95.94" y="6.86"/><point x="98.9" y="4.05"/></line>
    <line id="e518__OUT__">
      <frombox id="Vulture4" port="5"/>
      <tojoint id="n630" port="1"/>
    <point x="98.9" y="5.08"/><point x="98.74" y="6.33"/></line>
    <line id="e519__IN__">
      <fromjoint id="n630" port="0"/>
      <tobox id="Vulture4" port="6"/>
    <point x="98.44" y="6.86"/><point x="99.76" y="4.05"/></line>
    <line id="e519__OUT__">
      <frombox id="Vulture4" port="6"/>
      <tojoint id="n631" port="0"/>
    <point x="99.76" y="5.08"/><point x="100.96" y="6.33"/></line>
    <line id="e520__IN__">
      <fromjoint id="n622" port="0"/>
      <tobox id="Vulture2" port="2"/>
    <point x="85.42" y="4.83"/><point x="85.42" y="6.08"/></line>
    <line id="e520__OUT__">
      <frombox id="Vulture2" port="2"/>
      <tojoint id="n632" port="0"/>
    <point x="85.42" y="7.11"/><point x="85.99" y="8.36"/></line>
    <line id="e521__IN__">
      <fromjoint id="n625" port="0"/>
      <tobox id="Vulture53" port="0"/>
    <point x="83.0" y="20.3"/><point x="82.76" y="21.3"/></line>
    <line id="e521__OUT__">
      <frombox id="Vulture53" port="0"/>
      <tojoint id="n633__IN__0" port="0"/>
    <point x="82.76" y="22.33"/><point x="78.47" y="23.33"/></line>
    <line id="e522__IN__">
      <fromjoint id="n633__OUT__0" port="0"/>
      <tobox id="Vulture54" port="0"/>
    <point x="86.32" y="16.75"/><point x="86.28" y="17.75"/></line>
    <line id="e522__OUT__">
      <frombox id="Vulture54" port="0"/>
      <tojoint id="n634" port="0"/>
    <point x="86.28" y="18.77"/><point x="85.29" y="19.77"/></line>
    <line id="e523__IN__">
      <fromjoint id="n633__OUT__1" port="0"/>
      <tobox id="Vulture0" port="18"/>
    <point x="52.49" y="10.91"/><point x="35.6" y="8.11"/></line>
    <line id="e523__OUT__">
      <frombox id="Vulture0" port="18"/>
      <tojoint id="n635" port="0"/>
    <point x="35.6" y="9.14"/><point x="38.72" y="10.39"/></line>
    <line id="e524__IN__">
      <fromjoint id="n629" port="0"/>
      <tobox id="Vulture0" port="19"/>
    <point x="36.49" y="10.91"/><point x="36.58" y="8.11"/></line>
    <line id="e524__OUT__">
      <frombox id="Vulture0" port="19"/>
      <tojoint id="n635" port="1"/>
    <point x="36.58" y="9.14"/><point x="39.28" y="10.39"/></line>
    <line id="e525__IN__">
      <fromjoint id="n635" port="0"/>
      <tobox id="Vulture0" port="20"/>
    <point x="38.99" y="10.91"/><point x="37.57" y="8.11"/></line>
    <line id="e525__OUT__">
      <frombox id="Vulture0" port="20"/>
      <tojoint id="n636" port="0"/>
    <point x="37.57" y="9.14"/><point x="41.5" y="10.39"/></line>
    <line id="e526__IN__">
      <fromjoint id="n636" port="0"/>
      <tobox id="Vulture0" port="21"/>
    <point x="41.49" y="10.91"/><point x="38.56" y="8.11"/></line>
    <line id="e526__OUT__">
      <frombox id="Vulture0" port="21"/>
      <tojoint id="n637__IN__0" port="0"/>
    <point x="38.56" y="9.14"/><point x="43.5" y="10.39"/></line>
    <line id="e527__IN__">
      <fromjoint id="n637__OUT__0" port="0"/>
      <tobox id="Vulture0" port="22"/>
    <point x="38.08" y="6.86"/><point x="39.54" y="8.11"/></line>
    <line id="e527__OUT__">
      <frombox id="Vulture0" port="22"/>
      <tojoint id="n638" port="0"/>
    <point x="39.54" y="9.14"/><point x="45.5" y="10.39"/></line>
    <line id="e528__IN__">
      <fromjoint id="n637__OUT__1" port="0"/>
      <tobox id="Vulture4" port="7"/>
    <point x="100.47" y="2.8"/><point x="100.61" y="4.05"/></line>
    <line id="e528__OUT__">
      <frombox id="Vulture4" port="7"/>
      <tojoint id="n639" port="0"/>
    <point x="100.61" y="5.08"/><point x="103.18" y="6.33"/></line>
    <line id="e529__IN__">
      <fromjoint id="n631" port="0"/>
      <tobox id="Vulture4" port="8"/>
    <point x="100.94" y="6.86"/><point x="101.47" y="4.05"/></line>
    <line id="e529__OUT__">
      <frombox id="Vulture4" port="8"/>
      <tojoint id="n639" port="1"/>
    <point x="101.47" y="5.08"/><point x="103.74" y="6.33"/></line>
    <line id="e530__IN__">
      <fromjoint id="n639" port="0"/>
      <tobox id="Vulture4" port="9"/>
    <point x="103.44" y="6.86"/><point x="102.32" y="4.05"/></line>
    <line id="e530__OUT__">
      <frombox id="Vulture4" port="9"/>
      <tojoint id="n640" port="0"/>
    <point x="102.32" y="5.08"/><point x="105.96" y="6.33"/></line>
    <line id="e531__IN__">
      <fromjoint id="n634" port="0"/>
      <tobox id="Vulture63" port="0"/>
    <point x="85.28" y="20.3"/><point x="84.79" y="21.3"/></line>
    <line id="e531__OUT__">
      <frombox id="Vulture63" port="0"/>
      <tojoint id="n641__IN__0" port="0"/>
    <point x="84.79" y="22.33"/><point x="80.49" y="23.33"/></line>
    <line id="e532__IN__">
      <fromjoint id="n641__OUT__0" port="0"/>
      <tobox id="Vulture64" port="0"/>
    <point x="88.32" y="16.75"/><point x="88.32" y="17.75"/></line>
    <line id="e532__OUT__">
      <frombox id="Vulture64" port="0"/>
      <tojoint id="n642" port="0"/>
    <point x="88.32" y="18.77"/><point x="87.33" y="19.77"/></line>
    <line id="e533__IN__">
      <fromjoint id="n641__OUT__1" port="0"/>
      <tobox id="Vulture0" port="23"/>
    <point x="60.49" y="10.91"/><point x="40.51" y="8.11"/></line>
    <line id="e533__OUT__">
      <frombox id="Vulture0" port="23"/>
      <tojoint id="n643" port="0"/>
    <point x="40.51" y="9.14"/><point x="47.72" y="10.39"/></line>
    <line id="e534__IN__">
      <fromjoint id="n638" port="0"/>
      <tobox id="Vulture0" port="24"/>
    <point x="45.49" y="10.91"/><point x="41.5" y="8.11"/></line>
    <line id="e534__OUT__">
      <frombox id="Vulture0" port="24"/>
      <tojoint id="n643" port="1"/>
    <point x="41.5" y="9.14"/><point x="48.28" y="10.39"/></line>
    <line id="e535__IN__">
      <fromjoint id="n643" port="0"/>
      <tobox id="Vulture0" port="25"/>
    <point x="47.99" y="10.91"/><point x="42.49" y="8.11"/></line>
    <line id="e535__OUT__">
      <frombox id="Vulture0" port="25"/>
      <tojoint id="n644" port="0"/>
    <point x="42.49" y="9.14"/><point x="54.5" y="10.39"/></line>
    <line id="e536__IN__">
      <fromjoint id="n644" port="0"/>
      <tobox id="Vulture0" port="26"/>
    <point x="54.49" y="10.91"/><point x="43.47" y="8.11"/></line>
    <line id="e536__OUT__">
      <frombox id="Vulture0" port="26"/>
      <tojoint id="n645__IN__0" port="0"/>
    <point x="43.47" y="9.14"/><point x="56.5" y="10.39"/></line>
    <line id="e537__IN__">
      <fromjoint id="n645__OUT__0" port="0"/>
      <tobox id="Vulture0" port="27"/>
    <point x="44.46" y="6.86"/><point x="44.46" y="8.11"/></line>
    <line id="e537__OUT__">
      <frombox id="Vulture0" port="27"/>
      <tojoint id="n646" port="0"/>
    <point x="44.46" y="9.14"/><point x="58.5" y="10.39"/></line>
    <line id="e538__IN__">
      <fromjoint id="n645__OUT__1" port="0"/>
      <tobox id="Vulture5" port="0"/>
    <point x="112.68" y="2.8"/><point x="112.68" y="4.05"/></line>
    <line id="e538__OUT__">
      <frombox id="Vulture5" port="0"/>
      <tojoint id="n647" port="0"/>
    <point x="112.68" y="5.08"/><point x="111.96" y="6.33"/></line>
    <line id="e539__IN__">
      <fromjoint id="n647" port="0"/>
      <tobox id="Vulture5" port="1"/>
    <point x="111.94" y="6.86"/><point x="113.31" y="4.05"/></line>
    <line id="e539__OUT__">
      <frombox id="Vulture5" port="1"/>
      <tojoint id="n648" port="0"/>
    <point x="113.31" y="5.08"/><point x="113.96" y="6.33"/></line>
    <line id="e540__IN__">
      <fromjoint id="n640" port="0"/>
      <tobox id="Vulture4" port="10"/>
    <point x="105.94" y="6.86"/><point x="103.22" y="4.05"/></line>
    <line id="e540__OUT__">
      <frombox id="Vulture4" port="10"/>
      <tojoint id="n649" port="0"/>
    <point x="103.22" y="5.08"/><point x="107.96" y="6.33"/></line>
    <line id="e723__IN__">
      <fromjoint id="n648" port="0"/>
      <tobox id="Vulture5" port="2"/>
    <point x="113.94" y="6.86"/><point x="113.94" y="4.05"/></line>
    <line id="e723__OUT__">
      <frombox id="Vulture5" port="2"/>
      <tojoint id="n813" port="0"/>
    <point x="113.94" y="5.08"/><point x="115.96" y="6.33"/></line>
    <line id="e733__IN__">
      <fromjoint id="n623" port="0"/>
      <tobox id="Vulture1" port="3"/>
    <point x="82.14" y="4.83"/><point x="83.42" y="2.02"/></line>
    <line id="e733__OUT__">
      <frombox id="Vulture1" port="3"/>
      <tojoint id="n823" port="0"/>
    <point x="83.42" y="3.05"/><point x="87.93" y="4.3"/></line>
    <line id="e739__IN__">
      <fromjoint id="n649" port="0"/>
      <tobox id="Vulture4" port="11"/>
    <point x="107.94" y="6.86"/><point x="104.18" y="4.05"/></line>
    <line id="e739__OUT__">
      <frombox id="Vulture4" port="11"/>
      <tojoint id="n829" port="0"/>
    <point x="104.18" y="5.08"/><point x="109.96" y="6.33"/></line>
    <line id="e744__IN__">
      <fromjoint id="n646" port="0"/>
      <tobox id="Vulture0" port="28"/>
    <point x="58.49" y="10.91"/><point x="45.44" y="8.11"/></line>
    <line id="e744__OUT__">
      <frombox id="Vulture0" port="28"/>
      <tojoint id="n834" port="0"/>
    <point x="45.44" y="9.14"/><point x="62.5" y="10.39"/></line>
    <line id="e746__IN__">
      <fromjoint id="n317" port="0"/>
      <tobox id="Vulture3" port="1"/>
    <point x="89.92" y="4.83"/><point x="90.5" y="2.02"/></line>
    <line id="e746__OUT__">
      <frombox id="Vulture3" port="1"/>
      <tojoint id="n836" port="0"/>
    <point x="90.5" y="3.05"/><point x="91.93" y="4.3"/></line>
    <line id="e748__IN__">
      <fromjoint id="n632" port="0"/>
      <tobox id="Vulture2" port="3"/>
    <point x="85.97" y="8.89"/><point x="86.11" y="6.08"/></line>
    <line id="e748__OUT__">
      <frombox id="Vulture2" port="3"/>
      <tojoint id="n838" port="0"/>
    <point x="86.11" y="7.11"/><point x="87.99" y="8.36"/></line>
    <line id="e833__IN__">
      <fromjoint id="n642" port="0"/>
      <tobox id="Vulture79" port="0"/>
    <point x="87.32" y="20.3"/><point x="87.07" y="21.3"/></line>
    <line id="e833__OUT__">
      <frombox id="Vulture79" port="0"/>
      <tojoint id="n48__IN__0" port="0"/>
    <point x="87.07" y="22.33"/><point x="86.92" y="23.33"/></line>
    <line id="e94__IN__">
      <fromjoint id="n190__OUT__0" port="0"/>
      <tobox id="Vulture80" port="0"/>
    <point x="75.94" y="0.77"/><point x="75.94" y="2.02"/></line>
    <line id="e94__OUT__">
      <frombox id="Vulture80" port="0"/>
      <tojoint id="n192" port="0"/>
    <point x="75.94" y="3.05"/><point x="75.93" y="4.3"/></line>
    <line id="e95__IN__">
      <fromjoint id="n190__OUT__1" port="0"/>
      <tobox id="Vulture6" port="0"/>
    <point x="52.88" y="2.8"/><point x="52.88" y="4.05"/></line>
    <line id="e95__OUT__">
      <frombox id="Vulture6" port="0"/>
      <tojoint id="n193" port="0"/>
    <point x="52.88" y="5.08"/><point x="49.78" y="6.33"/></line>
    <line id="e479__IN__">
      <fromjoint id="n193" port="0"/>
      <tobox id="Vulture6" port="1"/>
    <point x="49.76" y="6.86"/><point x="53.68" y="4.05"/></line>
    <line id="e479__OUT__">
      <frombox id="Vulture6" port="1"/>
      <tojoint id="n597" port="0"/>
    <point x="53.68" y="5.08"/><point x="51.78" y="6.33"/></line>
    <line id="e480__IN__">
      <fromjoint id="n597" port="0"/>
      <tobox id="Vulture6" port="2"/>
    <point x="51.76" y="6.86"/><point x="54.47" y="4.05"/></line>
    <line id="e480__OUT__">
      <frombox id="Vulture6" port="2"/>
      <tojoint id="n598__IN__0" port="0"/>
    <point x="54.47" y="5.08"/><point x="53.78" y="6.33"/></line>
    <line id="e481__IN__">
      <fromjoint id="n598__OUT__0" port="0"/>
      <tobox id="Vulture6" port="3"/>
    <point x="55.26" y="2.8"/><point x="55.26" y="4.05"/></line>
    <line id="e481__OUT__">
      <frombox id="Vulture6" port="3"/>
      <tojoint id="n599" port="0"/>
    <point x="55.26" y="5.08"/><point x="55.78" y="6.33"/></line>
    <line id="e482__IN__">
      <fromjoint id="n598__OUT__1" port="0"/>
      <tobox id="Vulture7" port="0"/>
    <point x="117.97" y="2.8"/><point x="117.97" y="4.05"/></line>
    <line id="e482__OUT__">
      <frombox id="Vulture7" port="0"/>
      <tojoint id="n600" port="0"/>
    <point x="117.97" y="5.08"/><point x="117.96" y="6.33"/></line>
    <line id="e483__IN__">
      <fromjoint id="n192" port="0"/>
      <tobox id="Vulture86" port="0"/>
    <point x="75.92" y="4.83"/><point x="75.92" y="6.08"/></line>
    <line id="e483__OUT__">
      <frombox id="Vulture86" port="0"/>
      <tojoint id="n601__IN__0" port="0"/>
    <point x="75.92" y="7.11"/><point x="75.9" y="8.36"/></line>
    <line id="e484__IN__">
      <fromjoint id="n601__OUT__0" port="0"/>
      <tobox id="Vulture87" port="0"/>
    <point x="90.32" y="16.75"/><point x="90.32" y="17.75"/></line>
    <line id="e484__OUT__">
      <frombox id="Vulture87" port="0"/>
      <tojoint id="n602" port="0"/>
    <point x="90.32" y="18.77"/><point x="90.31" y="19.77"/></line>
    <line id="e485__IN__">
      <fromjoint id="n601__OUT__1" port="0"/>
      <tobox id="Vulture0" port="29"/>
    <point x="68.49" y="10.91"/><point x="46.42" y="8.11"/></line>
    <line id="e485__OUT__">
      <frombox id="Vulture0" port="29"/>
      <tojoint id="n603" port="0"/>
    <point x="46.42" y="9.14"/><point x="64.5" y="10.39"/></line>
    <line id="e486__IN__">
      <fromjoint id="n602" port="0"/>
      <tobox id="Vulture89" port="0"/>
    <point x="90.29" y="20.3"/><point x="90.81" y="21.3"/></line>
    <line id="e486__OUT__">
      <frombox id="Vulture89" port="0"/>
      <tojoint id="n604__IN__0" port="0"/>
    <point x="90.81" y="22.33"/><point x="90.92" y="23.33"/></line>
    <line id="e487__IN__">
      <fromjoint id="n599" port="0"/>
      <tobox id="Vulture6" port="4"/>
    <point x="55.76" y="6.86"/><point x="56.07" y="4.05"/></line>
    <line id="e487__OUT__">
      <frombox id="Vulture6" port="4"/>
      <tojoint id="n605" port="0"/>
    <point x="56.07" y="5.08"/><point x="58.28" y="6.33"/></line>
    <line id="e488__IN__">
      <fromjoint id="n605" port="1"/>
      <tobox id="Vulture6" port="5"/>
    <point x="58.57" y="6.86"/><point x="56.88" y="4.05"/></line>
    <line id="e488__OUT__">
      <frombox id="Vulture6" port="5"/>
      <tojoint id="n604__IN__1" port="0"/>
    <point x="56.88" y="5.08"/><point x="60.78" y="6.33"/></line>
    <line id="e489__IN__">
      <fromjoint id="n604__OUT__0" port="0"/>
      <tobox id="Vulture92" port="0"/>
    <point x="90.86" y="30.97"/><point x="90.86" y="31.97"/></line>
    <line id="e489__OUT__">
      <frombox id="Vulture92" port="0"/>
      <tojoint id="n606" port="0"/>
    <point x="90.86" y="33.0"/><point x="90.85" y="34.0"/></line>
    <line id="e725__IN__">
      <fromjoint id="n600" port="0"/>
      <tobox id="Vulture7" port="1"/>
    <point x="117.94" y="6.86"/><point x="118.53" y="4.05"/></line>
    <line id="e725__OUT__">
      <frombox id="Vulture7" port="1"/>
      <tojoint id="n815" port="0"/>
    <point x="118.53" y="5.08"/><point x="119.96" y="6.33"/></line>
    <line id="e747__IN__">
      <fromjoint id="n603" port="0"/>
      <tobox id="Vulture0" port="30"/>
    <point x="64.49" y="10.91"/><point x="47.4" y="8.11"/></line>
    <line id="e747__OUT__">
      <frombox id="Vulture0" port="30"/>
      <tojoint id="n837" port="0"/>
    <point x="47.4" y="9.14"/><point x="66.5" y="10.39"/></line>
    <line id="e754__IN__">
      <fromjoint id="n605" port="0"/>
      <tobox id="Vulture6" port="6"/>
    <point x="57.99" y="6.86"/><point x="57.67" y="4.05"/></line>
    <line id="e754__OUT__">
      <frombox id="Vulture6" port="6"/>
      <tojoint id="n844" port="0"/>
    <point x="57.67" y="5.08"/><point x="62.78" y="6.33"/></line>
    <line id="e804__IN__">
      <fromjoint id="n606" port="0"/>
      <tobox id="Vulture96" port="0"/>
    <point x="90.83" y="34.52"/><point x="90.83" y="35.52"/></line>
    <line id="e804__OUT__">
      <frombox id="Vulture96" port="0"/>
      <tojoint id="n191__IN__0" port="0"/>
    <point x="90.83" y="36.55"/><point x="90.82" y="37.55"/></line>
    <line id="e490__OUT__CPY">
      <fromjoint id="n607__IN__0" port="0"/>
      <tobox id="Vulture12" port="1"/>
    <point x="72.5" y="8.89"/><point x="71.9" y="10.14"/></line>
    <line id="e491__IN__CPY">
      <frombox id="Vulture14" port="1"/>
      <tojoint id="n607__OUT__0" port="0"/>
    <point x="82.11" y="15.22"/><point x="80.33" y="16.22"/></line>
    <line id="e492__IN__CPY">
      <frombox id="Vulture0" port="31"/>
      <tojoint id="n607__OUT__1" port="0"/>
    <point x="48.43" y="9.14"/><point x="19.5" y="10.39"/></line>
    <line id="e494__OUT__CPY">
      <fromjoint id="n611__IN__0" port="0"/>
      <tobox id="EXT__Server-connections--GET__XIN__0" port="0"/>
    <point x="10.49" y="10.91"/><point x="27.94" y="12.16"/></line>
    <line id="e495__IN__CPY">
      <frombox id="EXT__Server-connections--GET__XOUT__0" port="0"/>
      <tojoint id="n611__OUT__0" port="0"/>
    <point x="30.46" y="5.08"/><point x="25.75" y="6.33"/></line>
    <line id="e496__IN__CPY">
      <frombox id="EXT__Server-connections--GET__XOUT__1" port="0"/>
      <tojoint id="n611__OUT__1" port="0"/>
    <point x="96.13" y="1.02"/><point x="94.21" y="2.27"/></line>
    <line id="e497__OUT__CPY">
      <fromjoint id="n614__IN__0" port="0"/>
      <tobox id="Vulture12" port="2"/>
    <point x="74.4" y="23.86"/><point x="72.69" y="10.14"/></line>
    <line id="e498__IN__CPY">
      <frombox id="Vulture14" port="2"/>
      <tojoint id="n614__OUT__0" port="0"/>
    <point x="82.93" y="15.22"/><point x="82.33" y="16.22"/></line>
    <line id="e499__IN__CPY">
      <frombox id="Vulture0" port="32"/>
      <tojoint id="n614__OUT__1" port="0"/>
    <point x="49.42" y="9.14"/><point x="21.5" y="10.39"/></line>
    <line id="e502__OUT__CPY">
      <fromjoint id="n618__IN__0" port="0"/>
      <tobox id="EXT__Server-connections--GET__XIN__0" port="1"/>
    <point x="23.49" y="10.91"/><point x="28.64" y="12.16"/></line>
    <line id="e503__IN__CPY">
      <frombox id="EXT__Server-connections--GET__XOUT__0" port="1"/>
      <tojoint id="n618__OUT__0" port="0"/>
    <point x="31.18" y="5.08"/><point x="30.54" y="6.33"/></line>
    <line id="e504__IN__CPY">
      <frombox id="EXT__Server-connections--GET__XOUT__1" port="1"/>
      <tojoint id="n618__OUT__1" port="0"/>
    <point x="96.85" y="1.02"/><point x="96.21" y="2.27"/></line>
    <line id="e510__OUT__CPY">
      <fromjoint id="n624__IN__0" port="0"/>
      <tobox id="Vulture12" port="3"/>
    <point x="76.44" y="23.86"/><point x="73.49" y="10.14"/></line>
    <line id="e511__IN__CPY">
      <frombox id="Vulture14" port="3"/>
      <tojoint id="n624__OUT__0" port="0"/>
    <point x="83.74" y="15.22"/><point x="84.33" y="16.22"/></line>
    <line id="e512__IN__CPY">
      <frombox id="Vulture0" port="33"/>
      <tojoint id="n624__OUT__1" port="0"/>
    <point x="50.4" y="9.14"/><point x="50.5" y="10.39"/></line>
    <line id="e515__OUT__CPY">
      <fromjoint id="n628__IN__0" port="0"/>
      <tobox id="EXT__Server-connections--GET__XIN__0" port="2"/>
    <point x="34.49" y="10.91"/><point x="29.33" y="12.16"/></line>
    <line id="e516__IN__CPY">
      <frombox id="EXT__Server-connections--GET__XOUT__0" port="2"/>
      <tojoint id="n628__OUT__0" port="0"/>
    <point x="31.9" y="5.08"/><point x="33.93" y="6.33"/></line>
    <line id="e517__IN__CPY">
      <frombox id="EXT__Server-connections--GET__XOUT__1" port="2"/>
      <tojoint id="n628__OUT__1" port="0"/>
    <point x="97.57" y="1.02"/><point x="98.21" y="2.27"/></line>
    <line id="e521__OUT__CPY">
      <fromjoint id="n633__IN__0" port="0"/>
      <tobox id="Vulture12" port="4"/>
    <point x="78.46" y="23.86"/><point x="74.29" y="10.14"/></line>
    <line id="e522__IN__CPY">
      <frombox id="Vulture14" port="4"/>
      <tojoint id="n633__OUT__0" port="0"/>
    <point x="84.56" y="15.22"/><point x="86.33" y="16.22"/></line>
    <line id="e523__IN__CPY">
      <frombox id="Vulture0" port="34"/>
      <tojoint id="n633__OUT__1" port="0"/>
    <point x="51.39" y="9.14"/><point x="52.5" y="10.39"/></line>
    <line id="e526__OUT__CPY">
      <fromjoint id="n637__IN__0" port="0"/>
      <tobox id="EXT__Server-connections--GET__XIN__0" port="3"/>
    <point x="43.49" y="10.91"/><point x="30.03" y="12.16"/></line>
    <line id="e527__IN__CPY">
      <frombox id="EXT__Server-connections--GET__XOUT__0" port="3"/>
      <tojoint id="n637__OUT__0" port="0"/>
    <point x="32.61" y="5.08"/><point x="38.1" y="6.33"/></line>
    <line id="e528__IN__CPY">
      <frombox id="EXT__Server-connections--GET__XOUT__1" port="3"/>
      <tojoint id="n637__OUT__1" port="0"/>
    <point x="98.28" y="1.02"/><point x="100.49" y="2.27"/></line>
    <line id="e531__OUT__CPY">
      <fromjoint id="n641__IN__0" port="0"/>
      <tobox id="Vulture12" port="5"/>
    <point x="80.47" y="23.86"/><point x="75.1" y="10.14"/></line>
    <line id="e532__IN__CPY">
      <frombox id="Vulture14" port="5"/>
      <tojoint id="n641__OUT__0" port="0"/>
    <point x="85.38" y="15.22"/><point x="88.33" y="16.22"/></line>
    <line id="e533__IN__CPY">
      <frombox id="Vulture0" port="35"/>
      <tojoint id="n641__OUT__1" port="0"/>
    <point x="52.38" y="9.14"/><point x="60.5" y="10.39"/></line>
    <line id="e536__OUT__CPY">
      <fromjoint id="n645__IN__0" port="0"/>
      <tobox id="EXT__Server-connection_list--GET__XIN__0" port="0"/>
    <point x="56.49" y="10.91"/><point x="56.49" y="12.16"/></line>
    <line id="e537__IN__CPY">
      <frombox id="EXT__Server-connection_list--GET__XOUT__0" port="0"/>
      <tojoint id="n645__OUT__0" port="0"/>
    <point x="44.47" y="5.08"/><point x="44.47" y="6.33"/></line>
    <line id="e538__IN__CPY">
      <frombox id="EXT__Server-connection_list--GET__XOUT__1" port="0"/>
      <tojoint id="n645__OUT__1" port="0"/>
    <point x="112.69" y="1.02"/><point x="112.69" y="2.27"/></line>
    <line id="e480__OUT__CPY">
      <fromjoint id="n598__IN__0" port="0"/>
      <tobox id="EXT__Server-threadgroup--GET__XIN__0" port="0"/>
    <point x="53.76" y="6.86"/><point x="57.08" y="8.11"/></line>
    <line id="e481__IN__CPY">
      <frombox id="EXT__Server-threadgroup--GET__XOUT__0" port="0"/>
      <tojoint id="n598__OUT__0" port="0"/>
    <point x="55.28" y="1.02"/><point x="55.28" y="2.27"/></line>
    <line id="e482__IN__CPY">
      <frombox id="EXT__Server-threadgroup--GET__XOUT__1" port="0"/>
      <tojoint id="n598__OUT__1" port="0"/>
    <point x="117.99" y="1.02"/><point x="117.99" y="2.27"/></line>
    <line id="e483__OUT__CPY">
      <fromjoint id="n601__IN__0" port="0"/>
      <tobox id="Vulture12" port="6"/>
    <point x="75.89" y="8.89"/><point x="75.89" y="10.14"/></line>
    <line id="e484__IN__CPY">
      <frombox id="Vulture14" port="6"/>
      <tojoint id="n601__OUT__0" port="0"/>
    <point x="86.18" y="15.22"/><point x="90.33" y="16.22"/></line>
    <line id="e485__IN__CPY">
      <frombox id="Vulture0" port="36"/>
      <tojoint id="n601__OUT__1" port="0"/>
    <point x="53.36" y="9.14"/><point x="68.5" y="10.39"/></line>
    <line id="e486__OUT__CPY">
      <fromjoint id="n604__IN__0" port="0"/>
      <tobox id="Vulture15" port="1"/>
    <point x="90.9" y="23.86"/><point x="90.18" y="24.86"/></line>
    <line id="e488__OUT__CPY">
      <fromjoint id="n604__IN__1" port="0"/>
      <tobox id="Vulture0" port="37"/>
    <point x="60.76" y="6.86"/><point x="54.29" y="8.11"/></line>
    <line id="e489__IN__CPY">
      <frombox id="Vulture17" port="1"/>
      <tojoint id="n604__OUT__0" port="0"/>
    <point x="90.17" y="29.44"/><point x="90.88" y="30.44"/></line>
  </level>
</graph>