<graph id="world">
  <level id="Vulture">
    <box height="1.01" id="Vulture0" lines="32" width="32.0" x="33.68" y="8.62"/>
    <box height="1.01" id="Vulture1" lines="4" width="4.0" x="86.25" y="2.54"/>
    <box height="1.01" id="Vulture2" lines="4" width="4.0" x="88.94" y="6.59"/>
    <box height="1.01" id="Vulture3" lines="2" width="2.0" x="114.69" y="2.54"/>
    <box height="1.01" id="Vulture4" lines="12" width="12.0" x="74.3" y="4.57"/>
    <box height="1.01" id="Vulture5" lines="3" width="3.0" x="111.4" y="4.57"/>
    <box height="1.01" id="Vulture6" lines="7" width="7.0" x="52.33" y="4.57"/>
    <box height="1.01" id="Vulture7" lines="2" width="2.0" x="62.12" y="4.57"/>
    <box height="1.01" id="Vulture8" lines="1" width="1.0" x="118.41" y="2.54"/>
    <box height="1.01" id="Vulture11" lines="1" width="1.0" x="118.38" y="6.59"/>
    <box height="1.01" id="Vulture12" lines="7" width="7.0" x="96.84" y="10.65"/>
    <box height="1.01" id="Vulture14" lines="1" width="1.0" x="94.4" y="14.7"/>
    <box height="1.01" id="Vulture15" lines="2" width="2.0" x="107.66" y="25.37"/>
    <box height="1.01" id="Vulture17" lines="1" width="1.0" x="107.36" y="28.93"/>
    <box height="1.01" id="Vulture18" lines="1" width="1.0" x="95.9" y="2.54"/>
    <box height="1.01" id="Vulture22" lines="1" width="1.0" x="95.87" y="6.59"/>
    <box height="1.01" id="Vulture23" lines="1" width="1.0" x="94.4" y="18.26"/>
    <box height="1.01" id="Vulture29" lines="1" width="1.0" x="94.4" y="21.82"/>
    <box height="1.01" id="Vulture30" lines="1" width="1.0" x="98.43" y="18.26"/>
    <box height="1.01" id="Vulture42" lines="1" width="1.0" x="98.43" y="21.82"/>
    <box height="1.01" id="Vulture43" lines="1" width="1.0" x="102.47" y="18.26"/>
    <box height="1.01" id="Vulture53" lines="1" width="1.0" x="102.45" y="21.82"/>
    <box height="1.01" id="Vulture54" lines="1" width="1.0" x="104.47" y="18.26"/>
    <box height="1.01" id="Vulture63" lines="1" width="1.0" x="103.63" y="6.59"/>
    <box height="1.01" id="Vulture64" lines="1" width="1.0" x="106.47" y="18.26"/>
    <box height="1.01" id="Vulture79" lines="1" width="1.0" x="104.95" y="21.82"/>
    <box height="1.01" id="Vulture80" lines="1" width="1.0" x="99.29" y="2.54"/>
    <box height="1.01" id="Vulture86" lines="1" width="1.0" x="99.26" y="6.59"/>
    <box height="1.01" id="Vulture87" lines="1" width="1.0" x="108.47" y="18.26"/>
    <box height="1.01" id="Vulture89" lines="1" width="1.0" x="108.44" y="21.82"/>
    <box height="1.01" id="Vulture92" lines="1" width="1.0" x="107.33" y="32.48"/>
    <box height="1.01" id="Vulture96" lines="1" width="1.0" x="107.3" y="36.04"/>
    <box height="1.01" id="EXT__Server-connections--GET__XIN__0" lines="4" width="4.0" x="27.8" y="12.68"/>
    <box height="1.01" id="EXT__Server-connections--GET__XOUT__0" lines="4" width="4.0" x="31.86" y="4.57"/>
    <box height="1.01" id="EXT__Server-connections--GET__XOUT__1" lines="4" width="4.0" x="72.08" y="0.51"/>
    <box height="1.01" id="EXT__Server-connection_list--GET__XIN__0" lines="1" width="1.0" x="53.8" y="12.68"/>
    <box height="1.01" id="EXT__Server-connection_list--GET__XOUT__0" lines="1" width="1.0" x="44.5" y="4.57"/>
    <box height="1.01" id="EXT__Server-connection_list--GET__XOUT__1" lines="1" width="1.0" x="110.79" y="0.51"/>
    <box height="1.01" id="EXT__Server-threadgroup--GET__XIN__0" lines="1" width="1.0" x="51.18" y="8.62"/>
    <box height="1.01" id="EXT__Server-threadgroup--GET__XOUT__0" lines="1" width="1.0" x="52.34" y="0.51"/>
    <box height="1.01" id="EXT__Server-threadgroup--GET__XOUT__1" lines="1" width="1.0" x="61.87" y="0.51"/>
    <joint height="0.51" id="n598__IN__0" inputs="1" outputs="1" width="1.0" x="50.83" y="6.59"/>
    <joint height="0.51" id="n598__OUT__0" inputs="1" outputs="1" width="1.0" x="52.33" y="2.54"/>
    <joint height="0.51" id="n598__OUT__1" inputs="1" outputs="1" width="1.0" x="61.86" y="2.54"/>
    <joint height="0.51" id="n829" inputs="1" outputs="0" width="1.0" x="84.83" y="6.59"/>
    <joint height="0.51" id="n823" inputs="1" outputs="0" width="1.0" x="91.8" y="4.57"/>
    <joint height="0.51" id="n631" inputs="1" outputs="1" width="1.0" x="75.83" y="6.59"/>
    <joint height="0.51" id="n630" inputs="2" outputs="1" width="2.0" x="73.33" y="6.59"/>
    <joint height="0.51" id="n632" inputs="1" outputs="1" width="1.0" x="89.86" y="8.62"/>
    <joint height="0.51" id="n635" inputs="2" outputs="1" width="2.0" x="40.32" y="10.65"/>
    <joint height="0.51" id="n634" inputs="1" outputs="1" width="1.0" x="105.84" y="4.57"/>
    <joint height="0.51" id="n636" inputs="1" outputs="1" width="1.0" x="42.82" y="10.65"/>
    <joint height="0.51" id="n639" inputs="2" outputs="1" width="2.0" x="78.33" y="6.59"/>
    <joint height="0.51" id="n638" inputs="1" outputs="1" width="1.0" x="46.82" y="10.65"/>
    <joint height="0.51" id="n611__IN__0" inputs="1" outputs="1" width="1.0" x="8.82" y="10.65"/>
    <joint height="0.51" id="n611__OUT__1" inputs="1" outputs="1" width="1.0" x="69.08" y="2.54"/>
    <joint height="0.51" id="n645__OUT__1" inputs="1" outputs="1" width="1.0" x="110.77" y="2.54"/>
    <joint height="0.51" id="n645__OUT__0" inputs="1" outputs="1" width="1.0" x="44.48" y="6.59"/>
    <joint height="0.51" id="n637__OUT__0" inputs="1" outputs="1" width="1.0" x="37.4" y="6.59"/>
    <joint height="0.51" id="n637__OUT__1" inputs="1" outputs="1" width="1.0" x="75.36" y="2.54"/>
    <joint height="0.51" id="n618__OUT__1" inputs="1" outputs="1" width="1.0" x="71.08" y="2.54"/>
    <joint height="0.51" id="n618__OUT__0" inputs="1" outputs="1" width="1.0" x="30.5" y="6.59"/>
    <joint height="0.51" id="n838" inputs="1" outputs="0" width="1.0" x="91.86" y="8.62"/>
    <joint height="0.51" id="n190__OUT__0" inputs="0" outputs="1" width="1.0" x="99.3" y="0.51"/>
    <joint height="0.51" id="n190__OUT__1" inputs="0" outputs="1" width="1.0" x="49.94" y="2.54"/>
    <joint height="0.51" id="n837" inputs="1" outputs="0" width="1.0" x="61.82" y="10.65"/>
    <joint height="0.51" id="n836" inputs="1" outputs="0" width="1.0" x="116.4" y="4.57"/>
    <joint height="0.51" id="n834" inputs="1" outputs="0" width="1.0" x="57.82" y="10.65"/>
    <joint height="0.51" id="n81" inputs="0" outputs="1" width="1.0" x="83.8" y="4.57"/>
    <joint height="0.51" id="n82" inputs="1" outputs="1" width="1.0" x="87.86" y="8.62"/>
    <joint height="0.51" id="n644" inputs="1" outputs="1" width="1.0" x="51.82" y="10.65"/>
    <joint height="0.51" id="n646" inputs="1" outputs="1" width="1.0" x="55.82" y="10.65"/>
    <joint height="0.51" id="n647" inputs="1" outputs="1" width="1.0" x="110.04" y="6.59"/>
    <joint height="0.51" id="n640" inputs="1" outputs="1" width="1.0" x="80.83" y="6.59"/>
    <joint height="0.51" id="n642" inputs="1" outputs="1" width="1.0" x="105.95" y="20.04"/>
    <joint height="0.51" id="n645__IN__0" inputs="1" outputs="1" width="1.0" x="53.82" y="10.65"/>
    <joint height="0.51" id="n648" inputs="1" outputs="1" width="1.0" x="112.04" y="6.59"/>
    <joint height="0.51" id="n649" inputs="1" outputs="1" width="1.0" x="82.83" y="6.59"/>
    <joint height="0.51" id="n10" inputs="1" outputs="1" width="1.0" x="107.37" y="27.15"/>
    <joint height="0.51" id="n11" inputs="1" outputs="0" width="1.0" x="4.82" y="10.65"/>
    <joint height="0.51" id="n614__IN__0" inputs="1" outputs="1" width="1.0" x="93.4" y="23.59"/>
    <joint height="0.51" id="n628__IN__0" inputs="1" outputs="1" width="1.0" x="35.82" y="10.65"/>
    <joint height="0.51" id="n813" inputs="1" outputs="0" width="1.0" x="114.04" y="6.59"/>
    <joint height="0.51" id="n815" inputs="1" outputs="0" width="1.0" x="63.83" y="6.59"/>
    <joint height="0.51" id="n47__OUT__0" inputs="0" outputs="1" width="1.0" x="95.91" y="0.51"/>
    <joint height="0.51" id="n637__IN__0" inputs="1" outputs="1" width="1.0" x="44.82" y="10.65"/>
    <joint height="0.51" id="n643" inputs="2" outputs="1" width="2.0" x="49.32" y="10.65"/>
    <joint height="0.51" id="n607__IN__0" inputs="1" outputs="1" width="1.0" x="95.86" y="8.62"/>
    <joint height="0.51" id="n605" inputs="1" outputs="2" width="2.0" x="55.33" y="6.59"/>
    <joint height="0.51" id="n8__OUT__0" inputs="0" outputs="1" width="1.0" x="106.68" y="23.59"/>
    <joint height="0.51" id="n8__OUT__1" inputs="0" outputs="1" width="1.0" x="22.69" y="6.59"/>
    <joint height="0.51" id="n4__OUT__0" inputs="0" outputs="1" width="1.0" x="93.86" y="8.62"/>
    <joint height="0.51" id="n884" inputs="1" outputs="0" width="1.0" x="2.82" y="10.65"/>
    <joint height="0.51" id="n316" inputs="0" outputs="1" width="1.0" x="114.43" y="0.51"/>
    <joint height="0.51" id="n317" inputs="1" outputs="1" width="1.0" x="114.4" y="4.57"/>
    <joint height="0.51" id="n604__IN__0" inputs="1" outputs="1" width="1.0" x="108.68" y="23.59"/>
    <joint height="0.51" id="n604__IN__1" inputs="1" outputs="1" width="1.0" x="57.83" y="6.59"/>
    <joint height="0.51" id="n191__IN__0" inputs="1" outputs="0" width="1.0" x="107.29" y="37.82"/>
    <joint height="0.51" id="n49" inputs="1" outputs="1" width="1.0" x="95.88" y="4.57"/>
    <joint height="0.51" id="n611__OUT__0" inputs="1" outputs="1" width="1.0" x="26.8" y="6.59"/>
    <joint height="0.51" id="n5__IN__1" inputs="1" outputs="6" width="6.0" x="24.32" y="10.65"/>
    <joint height="0.51" id="n5__IN__0" inputs="1" outputs="6" width="6.0" x="103.51" y="16.48"/>
    <joint height="0.51" id="n608" inputs="1" outputs="1" width="1.0" x="94.4" y="20.04"/>
    <joint height="0.51" id="n609" inputs="1" outputs="1" width="1.0" x="6.82" y="10.65"/>
    <joint height="0.51" id="n600" inputs="1" outputs="1" width="1.0" x="61.83" y="6.59"/>
    <joint height="0.51" id="n602" inputs="1" outputs="1" width="1.0" x="108.45" y="20.04"/>
    <joint height="0.51" id="n603" inputs="1" outputs="1" width="1.0" x="59.82" y="10.65"/>
    <joint height="0.51" id="n618__IN__0" inputs="1" outputs="1" width="1.0" x="19.82" y="10.65"/>
    <joint height="0.51" id="n606" inputs="1" outputs="1" width="1.0" x="107.32" y="34.26"/>
    <joint height="0.51" id="n0__OUT__0" inputs="0" outputs="1" width="1.0" x="118.43" y="0.51"/>
    <joint height="0.51" id="n0__OUT__1" inputs="0" outputs="1" width="1.0" x="18.69" y="6.59"/>
    <joint height="0.51" id="n50" inputs="0" outputs="1" width="1.0" x="85.22" y="0.51"/>
    <joint height="0.51" id="n51" inputs="1" outputs="1" width="1.0" x="81.8" y="4.57"/>
    <joint height="0.51" id="n628__OUT__0" inputs="1" outputs="1" width="1.0" x="33.22" y="6.59"/>
    <joint height="0.51" id="n628__OUT__1" inputs="1" outputs="1" width="1.0" x="73.08" y="2.54"/>
    <joint height="0.51" id="n844" inputs="1" outputs="0" width="1.0" x="59.83" y="6.59"/>
    <joint height="0.51" id="n633__IN__0" inputs="1" outputs="1" width="1.0" x="101.44" y="23.59"/>
    <joint height="0.51" id="n601__IN__0" inputs="1" outputs="1" width="1.0" x="99.25" y="8.62"/>
    <joint height="0.51" id="n192" inputs="1" outputs="1" width="1.0" x="99.27" y="4.57"/>
    <joint height="0.51" id="n193" inputs="1" outputs="1" width="1.0" x="46.83" y="6.59"/>
    <joint height="0.51" id="n599" inputs="1" outputs="1" width="1.0" x="52.83" y="6.59"/>
    <joint height="0.51" id="n619" inputs="1" outputs="1" width="1.0" x="28.82" y="10.65"/>
    <joint height="0.51" id="n641__IN__0" inputs="1" outputs="1" width="1.0" x="102.44" y="8.62"/>
    <joint height="0.51" id="n613" inputs="1" outputs="1" width="1.0" x="65.83" y="6.59"/>
    <joint height="0.51" id="n612" inputs="1" outputs="1" width="1.0" x="12.82" y="10.65"/>
    <joint height="0.51" id="n610" inputs="1" outputs="1" width="1.0" x="10.82" y="10.65"/>
    <joint height="0.51" id="n617" inputs="1" outputs="1" width="1.0" x="17.82" y="10.65"/>
    <joint height="0.51" id="n616" inputs="2" outputs="1" width="2.0" x="15.32" y="10.65"/>
    <joint height="0.51" id="n615" inputs="1" outputs="1" width="1.0" x="98.43" y="20.04"/>
    <joint height="0.51" id="n597" inputs="1" outputs="1" width="1.0" x="48.83" y="6.59"/>
    <joint height="0.51" id="n9__IN__0" inputs="1" outputs="1" width="1.0" x="107.34" y="30.7"/>
    <joint height="0.51" id="n624__IN__0" inputs="1" outputs="1" width="1.0" x="97.43" y="23.59"/>
    <joint height="0.51" id="n626" inputs="2" outputs="1" width="2.0" x="31.32" y="10.65"/>
    <joint height="0.51" id="n627" inputs="1" outputs="1" width="1.0" x="33.82" y="10.65"/>
    <joint height="0.51" id="n625" inputs="1" outputs="1" width="1.0" x="102.47" y="20.04"/>
    <joint height="0.51" id="n622" inputs="2" outputs="1" width="2.0" x="89.3" y="4.57"/>
    <joint height="0.51" id="n623" inputs="1" outputs="2" width="2.0" x="86.3" y="4.57"/>
    <joint height="0.51" id="n620" inputs="2" outputs="1" width="2.0" x="68.33" y="6.59"/>
    <joint height="0.51" id="n621" inputs="1" outputs="1" width="1.0" x="70.83" y="6.59"/>
    <joint height="0.51" id="n48__IN__0" inputs="1" outputs="0" width="1.0" x="104.68" y="23.59"/>
    <joint height="0.51" id="n629" inputs="1" outputs="1" width="1.0" x="37.82" y="10.65"/>
    <joint height="0.51" id="n1__IN__0" inputs="1" outputs="0" width="1.0" x="118.37" y="8.62"/>
    <joint height="0.51" id="n2" inputs="1" outputs="1" width="1.0" x="118.4" y="4.57"/>
    <joint height="0.51" id="n3" inputs="1" outputs="1" width="1.0" x="0.82" y="10.65"/>
    <joint height="0.51" id="n6" inputs="1" outputs="1" width="1.0" x="94.4" y="12.68"/>
    <joint height="0.51" id="n7" inputs="0" outputs="1" width="1.0" x="20.69" y="6.59"/>
    <line id="e1__IN__">
      <fromjoint id="n0__OUT__0" port="0"/>
      <tobox id="Vulture8" port="0"/>
    <point x="118.41" y="0.77"/><point x="118.41" y="2.02"/></line>
    <line id="e1__OUT__">
      <frombox id="Vulture8" port="0"/>
      <tojoint id="n2" port="0"/>
    <point x="118.41" y="3.05"/><point x="118.4" y="4.3"/></line>
    <line id="e2__IN__">
      <fromjoint id="n0__OUT__1" port="0"/>
      <tobox id="Vulture0" port="0"/>
    <point x="18.68" y="6.86"/><point x="18.91" y="8.11"/></line>
    <line id="e2__OUT__">
      <frombox id="Vulture0" port="0"/>
      <tojoint id="n3" port="0"/>
    <point x="18.91" y="9.14"/><point x="0.82" y="10.39"/></line>
    <line id="e794__IN__">
      <fromjoint id="n3" port="0"/>
      <tobox id="Vulture0" port="1"/>
    <point x="0.8" y="10.91"/><point x="19.79" y="8.11"/></line>
    <line id="e794__OUT__">
      <frombox id="Vulture0" port="1"/>
      <tojoint id="n884" port="0"/>
    <point x="19.79" y="9.14"/><point x="2.82" y="10.39"/></line>
    <line id="e839__IN__">
      <fromjoint id="n2" port="0"/>
      <tobox id="Vulture11" port="0"/>
    <point x="118.38" y="4.83"/><point x="118.38" y="6.08"/></line>
    <line id="e839__OUT__">
      <frombox id="Vulture11" port="0"/>
      <tojoint id="n1__IN__0" port="0"/>
    <point x="118.38" y="7.11"/><point x="118.37" y="8.36"/></line>
    <line id="e3__IN__">
      <fromjoint id="n4__OUT__0" port="0"/>
      <tobox id="Vulture12" port="0"/>
    <point x="93.84" y="8.89"/><point x="94.44" y="10.14"/></line>
    <line id="e3__OUT__">
      <frombox id="Vulture12" port="0"/>
      <tojoint id="n6" port="0"/>
    <point x="94.44" y="11.16"/><point x="94.4" y="12.41"/></line>
    <line id="e4__IN__">
      <fromjoint id="n7" port="0"/>
      <tobox id="Vulture0" port="2"/>
    <point x="20.68" y="6.86"/><point x="20.68" y="8.11"/></line>
    <line id="e4__OUT__">
      <frombox id="Vulture0" port="2"/>
      <tojoint id="n5__IN__1" port="0"/>
    <point x="20.68" y="9.14"/><point x="24.32" y="10.39"/></line>
    <line id="e840__IN__">
      <fromjoint id="n6" port="0"/>
      <tobox id="Vulture14" port="0"/>
    <point x="94.38" y="12.94"/><point x="94.4" y="14.19"/></line>
    <line id="e840__OUT__">
      <frombox id="Vulture14" port="0"/>
      <tojoint id="n5__IN__0" port="0"/>
    <point x="94.4" y="15.22"/><point x="103.51" y="16.22"/></line>
    <line id="e5__IN__">
      <fromjoint id="n8__OUT__0" port="0"/>
      <tobox id="Vulture15" port="0"/>
    <point x="106.66" y="23.86"/><point x="107.38" y="24.86"/></line>
    <line id="e5__OUT__">
      <frombox id="Vulture15" port="0"/>
      <tojoint id="n10" port="0"/>
    <point x="107.38" y="25.89"/><point x="107.37" y="26.89"/></line>
    <line id="e6__IN__">
      <fromjoint id="n8__OUT__1" port="0"/>
      <tobox id="Vulture0" port="3"/>
    <point x="22.68" y="6.86"/><point x="21.55" y="8.11"/></line>
    <line id="e6__OUT__">
      <frombox id="Vulture0" port="3"/>
      <tojoint id="n11" port="0"/>
    <point x="21.55" y="9.14"/><point x="4.82" y="10.39"/></line>
    <line id="e830__IN__">
      <fromjoint id="n10" port="0"/>
      <tobox id="Vulture17" port="0"/>
    <point x="107.36" y="27.41"/><point x="107.36" y="28.41"/></line>
    <line id="e830__OUT__">
      <frombox id="Vulture17" port="0"/>
      <tojoint id="n9__IN__0" port="0"/>
    <point x="107.36" y="29.44"/><point x="107.34" y="30.44"/></line>
    <line id="e23__IN__">
      <fromjoint id="n47__OUT__0" port="0"/>
      <tobox id="Vulture18" port="0"/>
    <point x="95.9" y="0.77"/><point x="95.9" y="2.02"/></line>
    <line id="e23__OUT__">
      <frombox id="Vulture18" port="0"/>
      <tojoint id="n49" port="0"/>
    <point x="95.9" y="3.05"/><point x="95.88" y="4.3"/></line>
    <line id="e24__IN__">
      <fromjoint id="n50" port="0"/>
      <tobox id="Vulture1" port="0"/>
    <point x="85.2" y="0.77"/><point x="85.2" y="2.02"/></line>
    <line id="e24__OUT__">
      <frombox id="Vulture1" port="0"/>
      <tojoint id="n51" port="0"/>
    <point x="85.2" y="3.05"/><point x="81.8" y="4.3"/></line>
    <line id="e39__IN__">
      <fromjoint id="n81" port="0"/>
      <tobox id="Vulture2" port="0"/>
    <point x="83.79" y="4.83"/><point x="87.9" y="6.08"/></line>
    <line id="e39__OUT__">
      <frombox id="Vulture2" port="0"/>
      <tojoint id="n82" port="0"/>
    <point x="87.9" y="7.11"/><point x="87.86" y="8.36"/></line>
    <line id="e161__IN__">
      <fromjoint id="n316" port="0"/>
      <tobox id="Vulture3" port="0"/>
    <point x="114.41" y="0.77"/><point x="114.41" y="2.02"/></line>
    <line id="e161__OUT__">
      <frombox id="Vulture3" port="0"/>
      <tojoint id="n317" port="0"/>
    <point x="114.41" y="3.05"/><point x="114.4" y="4.3"/></line>
    <line id="e490__IN__">
      <fromjoint id="n49" port="0"/>
      <tobox id="Vulture22" port="0"/>
    <point x="95.87" y="4.83"/><point x="95.87" y="6.08"/></line>
    <line id="e490__OUT__">
      <frombox id="Vulture22" port="0"/>
      <tojoint id="n607__IN__0" port="0"/>
    <point x="95.87" y="7.11"/><point x="95.86" y="8.36"/></line>
    <line id="e491__IN__">
      <fromjoint id="n5__IN__0" port="0"/>
      <tobox id="Vulture23" port="0"/>
    <point x="101.52" y="16.75"/><point x="94.4" y="17.75"/></line>
    <line id="e491__OUT__">
      <frombox id="Vulture23" port="0"/>
      <tojoint id="n608" port="0"/>
    <point x="94.4" y="18.77"/><point x="94.4" y="19.77"/></line>
    <line id="e492__IN__">
      <fromjoint id="n5__IN__1" port="0"/>
      <tobox id="Vulture0" port="4"/>
    <point x="22.33" y="10.91"/><point x="22.44" y="8.11"/></line>
    <line id="e492__OUT__">
      <frombox id="Vulture0" port="4"/>
      <tojoint id="n609" port="0"/>
    <point x="22.44" y="9.14"/><point x="6.82" y="10.39"/></line>
    <line id="e493__IN__">
      <fromjoint id="n609" port="0"/>
      <tobox id="Vulture0" port="5"/>
    <point x="6.8" y="10.91"/><point x="23.33" y="8.11"/></line>
    <line id="e493__OUT__">
      <frombox id="Vulture0" port="5"/>
      <tojoint id="n610" port="0"/>
    <point x="23.33" y="9.14"/><point x="10.82" y="10.39"/></line>
    <line id="e494__IN__">
      <fromjoint id="n610" port="0"/>
      <tobox id="Vulture0" port="6"/>
    <point x="10.8" y="10.91"/><point x="24.2" y="8.11"/></line>
    <line id="e494__OUT__">
      <frombox id="Vulture0" port="6"/>
      <tojoint id="n611__IN__0" port="0"/>
    <point x="24.2" y="9.14"/><point x="8.82" y="10.39"/></line>
    <line id="e495__IN__">
      <fromjoint id="n611__OUT__0" port="0"/>
      <tobox id="Vulture0" port="7"/>
    <point x="26.79" y="6.86"/><point x="25.09" y="8.11"/></line>
    <line id="e495__OUT__">
      <frombox id="Vulture0" port="7"/>
      <tojoint id="n612" port="0"/>
    <point x="25.09" y="9.14"/><point x="12.82" y="10.39"/></line>
    <line id="e496__IN__">
      <fromjoint id="n611__OUT__1" port="0"/>
      <tobox id="Vulture4" port="0"/>
    <point x="69.07" y="2.8"/><point x="69.5" y="4.05"/></line>
    <line id="e496__OUT__">
      <frombox id="Vulture4" port="0"/>
      <tojoint id="n613" port="0"/>
    <point x="69.5" y="5.08"/><point x="65.83" y="6.33"/></line>
    <line id="e497__IN__">
      <fromjoint id="n608" port="0"/>
      <tobox id="Vulture29" port="0"/>
    <point x="94.38" y="20.3"/><point x="94.4" y="21.3"/></line>
    <line id="e497__OUT__">
      <frombox id="Vulture29" port="0"/>
      <tojoint id="n614__IN__0" port="0"/>
    <point x="94.4" y="22.33"/><point x="93.4" y="23.33"/></line>
    <line id="e498__IN__">
      <fromjoint id="n5__IN__0" port="1"/>
      <tobox id="Vulture30" port="0"/>
    <point x="102.32" y="16.75"/><point x="98.43" y="17.75"/></line>
    <line id="e498__OUT__">
      <frombox id="Vulture30" port="0"/>
      <tojoint id="n615" port="0"/>
    <point x="98.43" y="18.77"/><point x="98.43" y="19.77"/></line>
    <line id="e499__IN__">
      <fromjoint id="n5__IN__1" port="1"/>
      <tobox id="Vulture0" port="8"/>
    <point x="23.12" y="10.91"/><point x="25.97" y="8.11"/></line>
    <line id="e499__OUT__">
      <frombox id="Vulture0" port="8"/>
      <tojoint id="n616" port="0"/>
    <point x="25.97" y="9.14"/><point x="15.04" y="10.39"/></line>
    <line id="e500__IN__">
      <fromjoint id="n612" port="0"/>
      <tobox id="Vulture0" port="9"/>
    <point x="12.8" y="10.91"/><point x="26.86" y="8.11"/></line>
    <line id="e500__OUT__">
      <frombox id="Vulture0" port="9"/>
      <tojoint id="n616" port="1"/>
    <point x="26.86" y="9.14"/><point x="15.59" y="10.39"/></line>
    <line id="e501__IN__">
      <fromjoint id="n616" port="0"/>
      <tobox id="Vulture0" port="10"/>
    <point x="15.3" y="10.91"/><point x="27.79" y="8.11"/></line>
    <line id="e501__OUT__">
      <frombox id="Vulture0" port="10"/>
      <tojoint id="n617" port="0"/>
    <point x="27.79" y="9.14"/><point x="17.82" y="10.39"/></line>
    <line id="e502__IN__">
      <fromjoint id="n617" port="0"/>
      <tobox id="Vulture0" port="11"/>
    <point x="17.8" y="10.91"/><point x="28.77" y="8.11"/></line>
    <line id="e502__OUT__">
      <frombox id="Vulture0" port="11"/>
      <tojoint id="n618__IN__0" port="0"/>
    <point x="28.77" y="9.14"/><point x="19.82" y="10.39"/></line>
    <line id="e503__IN__">
      <fromjoint id="n618__OUT__0" port="0"/>
      <tobox id="Vulture0" port="12"/>
    <point x="30.48" y="6.86"/><point x="29.75" y="8.11"/></line>
    <line id="e503__OUT__">
      <frombox id="Vulture0" port="12"/>
      <tojoint id="n619" port="0"/>
    <point x="29.75" y="9.14"/><point x="28.82" y="10.39"/></line>
    <line id="e504__IN__">
      <fromjoint id="n618__OUT__1" port="0"/>
      <tobox id="Vulture4" port="1"/>
    <point x="71.07" y="2.8"/><point x="70.34" y="4.05"/></line>
    <line id="e504__OUT__">
      <frombox id="Vulture4" port="1"/>
      <tojoint id="n620" port="0"/>
    <point x="70.34" y="5.08"/><point x="68.05" y="6.33"/></line>
    <line id="e505__IN__">
      <fromjoint id="n613" port="0"/>
      <tobox id="Vulture4" port="2"/>
    <point x="65.82" y="6.86"/><point x="71.2" y="4.05"/></line>
    <line id="e505__OUT__">
      <frombox id="Vulture4" port="2"/>
      <tojoint id="n620" port="1"/>
    <point x="71.2" y="5.08"/><point x="68.61" y="6.33"/></line>
    <line id="e506__IN__">
      <fromjoint id="n620" port="0"/>
      <tobox id="Vulture4" port="3"/>
    <point x="68.32" y="6.86"/><point x="72.05" y="4.05"/></line>
    <line id="e506__OUT__">
      <frombox id="Vulture4" port="3"/>
      <tojoint id="n621" port="0"/>
    <point x="72.05" y="5.08"/><point x="70.83" y="6.33"/></line>
    <line id="e507__IN__">
      <fromjoint id="n51" port="0"/>
      <tobox id="Vulture1" port="1"/>
    <point x="81.79" y="4.83"/><point x="85.9" y="2.02"/></line>
    <line id="e507__OUT__">
      <frombox id="Vulture1" port="1"/>
      <tojoint id="n623" port="0"/>
    <point x="85.9" y="3.05"/><point x="86.3" y="4.3"/></line>
    <line id="e508__IN__">
      <fromjoint id="n82" port="0"/>
      <tobox id="Vulture2" port="1"/>
    <point x="87.84" y="8.89"/><point x="88.59" y="6.08"/></line>
    <line id="e508__OUT__">
      <frombox id="Vulture2" port="1"/>
      <tojoint id="n622" port="0"/>
    <point x="88.59" y="7.11"/><point x="89.02" y="4.3"/></line>
    <line id="e509__IN__">
      <fromjoint id="n623" port="1"/>
      <tobox id="Vulture1" port="2"/>
    <point x="86.59" y="4.83"/><point x="86.59" y="2.02"/></line>
    <line id="e509__OUT__">
      <frombox id="Vulture1" port="2"/>
      <tojoint id="n622" port="1"/>
    <point x="86.59" y="3.05"/><point x="89.58" y="4.3"/></line>
    <line id="e510__IN__">
      <fromjoint id="n615" port="0"/>
      <tobox id="Vulture42" port="0"/>
    <point x="98.41" y="20.3"/><point x="98.43" y="21.3"/></line>
    <line id="e510__OUT__">
      <frombox id="Vulture42" port="0"/>
      <tojoint id="n624__IN__0" port="0"/>
    <point x="98.43" y="22.33"/><point x="97.43" y="23.33"/></line>
    <line id="e511__IN__">
      <fromjoint id="n5__IN__0" port="2"/>
      <tobox id="Vulture43" port="0"/>
    <point x="103.11" y="16.75"/><point x="102.47" y="17.75"/></line>
    <line id="e511__OUT__">
      <frombox id="Vulture43" port="0"/>
      <tojoint id="n625" port="0"/>
    <point x="102.47" y="18.77"/><point x="102.47" y="19.77"/></line>
    <line id="e512__IN__">
      <fromjoint id="n5__IN__1" port="2"/>
      <tobox id="Vulture0" port="13"/>
    <point x="23.91" y="10.91"/><point x="30.73" y="8.11"/></line>
    <line id="e512__OUT__">
      <frombox id="Vulture0" port="13"/>
      <tojoint id="n626" port="0"/>
    <point x="30.73" y="9.14"/><point x="31.04" y="10.39"/></line>
    <line id="e513__IN__">
      <fromjoint id="n619" port="0"/>
      <tobox id="Vulture0" port="14"/>
    <point x="28.8" y="10.91"/><point x="31.7" y="8.11"/></line>
    <line id="e513__OUT__">
      <frombox id="Vulture0" port="14"/>
      <tojoint id="n626" port="1"/>
    <point x="31.7" y="9.14"/><point x="31.59" y="10.39"/></line>
    <line id="e514__IN__">
      <fromjoint id="n626" port="0"/>
      <tobox id="Vulture0" port="15"/>
    <point x="31.3" y="10.91"/><point x="32.69" y="8.11"/></line>
    <line id="e514__OUT__">
      <frombox id="Vulture0" port="15"/>
      <tojoint id="n627" port="0"/>
    <point x="32.69" y="9.14"/><point x="33.82" y="10.39"/></line>
    <line id="e515__IN__">
      <fromjoint id="n627" port="0"/>
      <tobox id="Vulture0" port="16"/>
    <point x="33.8" y="10.91"/><point x="33.68" y="8.11"/></line>
    <line id="e515__OUT__">
      <frombox id="Vulture0" port="16"/>
      <tojoint id="n628__IN__0" port="0"/>
    <point x="33.68" y="9.14"/><point x="35.82" y="10.39"/></line>
    <line id="e516__IN__">
      <fromjoint id="n628__OUT__0" port="0"/>
      <tobox id="Vulture0" port="17"/>
    <point x="33.2" y="6.86"/><point x="34.66" y="8.11"/></line>
    <line id="e516__OUT__">
      <frombox id="Vulture0" port="17"/>
      <tojoint id="n629" port="0"/>
    <point x="34.66" y="9.14"/><point x="37.82" y="10.39"/></line>
    <line id="e517__IN__">
      <fromjoint id="n628__OUT__1" port="0"/>
      <tobox id="Vulture4" port="4"/>
    <point x="73.07" y="2.8"/><point x="72.91" y="4.05"/></line>
    <line id="e517__OUT__">
      <frombox id="Vulture4" port="4"/>
      <tojoint id="n630" port="0"/>
    <point x="72.91" y="5.08"/><point x="73.05" y="6.33"/></line>
    <line id="e518__IN__">
      <fromjoint id="n621" port="0"/>
      <tobox id="Vulture4" port="5"/>
    <point x="70.82" y="6.86"/><point x="73.77" y="4.05"/></line>
    <line id="e518__OUT__">
      <frombox id="Vulture4" port="5"/>
      <tojoint id="n630" port="1"/>
    <point x="73.77" y="5.08"/><point x="73.61" y="6.33"/></line>
    <line id="e519__IN__">
      <fromjoint id="n630" port="0"/>
      <tobox id="Vulture4" port="6"/>
    <point x="73.32" y="6.86"/><point x="74.63" y="4.05"/></line>
    <line id="e519__OUT__">
      <frombox id="Vulture4" port="6"/>
      <tojoint id="n631" port="0"/>
    <point x="74.63" y="5.08"/><point x="75.83" y="6.33"/></line>
    <line id="e520__IN__">
      <fromjoint id="n622" port="0"/>
      <tobox id="Vulture2" port="2"/>
    <point x="89.29" y="4.83"/><point x="89.29" y="6.08"/></line>
    <line id="e520__OUT__">
      <frombox id="Vulture2" port="2"/>
      <tojoint id="n632" port="0"/>
    <point x="89.29" y="7.11"/><point x="89.86" y="8.36"/></line>
    <line id="e521__IN__">
      <fromjoint id="n625" port="0"/>
      <tobox id="Vulture53" port="0"/>
    <point x="102.45" y="20.3"/><point x="102.45" y="21.3"/></line>
    <line id="e521__OUT__">
      <frombox id="Vulture53" port="0"/>
      <tojoint id="n633__IN__0" port="0"/>
    <point x="102.45" y="22.33"/><point x="101.44" y="23.33"/></line>
    <line id="e522__IN__">
      <fromjoint id="n5__IN__0" port="3"/>
      <tobox id="Vulture54" port="0"/>
    <point x="103.9" y="16.75"/><point x="104.47" y="17.75"/></line>
    <line id="e522__OUT__">
      <frombox id="Vulture54" port="0"/>
      <tojoint id="n634" port="0"/>
    <point x="104.47" y="18.77"/><point x="105.84" y="4.3"/></line>
    <line id="e523__IN__">
      <fromjoint id="n5__IN__1" port="3"/>
      <tobox id="Vulture0" port="18"/>
    <point x="24.7" y="10.91"/><point x="35.63" y="8.11"/></line>
    <line id="e523__OUT__">
      <frombox id="Vulture0" port="18"/>
      <tojoint id="n635" port="0"/>
    <point x="35.63" y="9.14"/><point x="40.04" y="10.39"/></line>
    <line id="e524__IN__">
      <fromjoint id="n629" port="0"/>
      <tobox id="Vulture0" port="19"/>
    <point x="37.8" y="10.91"/><point x="36.62" y="8.11"/></line>
    <line id="e524__OUT__">
      <frombox id="Vulture0" port="19"/>
      <tojoint id="n635" port="1"/>
    <point x="36.62" y="9.14"/><point x="40.59" y="10.39"/></line>
    <line id="e525__IN__">
      <fromjoint id="n635" port="0"/>
      <tobox id="Vulture0" port="20"/>
    <point x="40.3" y="10.91"/><point x="37.59" y="8.11"/></line>
    <line id="e525__OUT__">
      <frombox id="Vulture0" port="20"/>
      <tojoint id="n636" port="0"/>
    <point x="37.59" y="9.14"/><point x="42.82" y="10.39"/></line>
    <line id="e526__IN__">
      <fromjoint id="n636" port="0"/>
      <tobox id="Vulture0" port="21"/>
    <point x="42.8" y="10.91"/><point x="38.58" y="8.11"/></line>
    <line id="e526__OUT__">
      <frombox id="Vulture0" port="21"/>
      <tojoint id="n637__IN__0" port="0"/>
    <point x="38.58" y="9.14"/><point x="44.82" y="10.39"/></line>
    <line id="e527__IN__">
      <fromjoint id="n637__OUT__0" port="0"/>
      <tobox id="Vulture0" port="22"/>
    <point x="37.38" y="6.86"/><point x="39.57" y="8.11"/></line>
    <line id="e527__OUT__">
      <frombox id="Vulture0" port="22"/>
      <tojoint id="n638" port="0"/>
    <point x="39.57" y="9.14"/><point x="46.82" y="10.39"/></line>
    <line id="e528__IN__">
      <fromjoint id="n637__OUT__1" port="0"/>
      <tobox id="Vulture4" port="7"/>
    <point x="75.34" y="2.8"/><point x="75.48" y="4.05"/></line>
    <line id="e528__OUT__">
      <frombox id="Vulture4" port="7"/>
      <tojoint id="n639" port="0"/>
    <point x="75.48" y="5.08"/><point x="78.05" y="6.33"/></line>
    <line id="e529__IN__">
      <fromjoint id="n631" port="0"/>
      <tobox id="Vulture4" port="8"/>
    <point x="75.82" y="6.86"/><point x="76.34" y="4.05"/></line>
    <line id="e529__OUT__">
      <frombox id="Vulture4" port="8"/>
      <tojoint id="n639" port="1"/>
    <point x="76.34" y="5.08"/><point x="78.61" y="6.33"/></line>
    <line id="e530__IN__">
      <fromjoint id="n639" port="0"/>
      <tobox id="Vulture4" port="9"/>
    <point x="78.32" y="6.86"/><point x="77.19" y="4.05"/></line>
    <line id="e530__OUT__">
      <frombox id="Vulture4" port="9"/>
      <tojoint id="n640" port="0"/>
    <point x="77.19" y="5.08"/><point x="80.83" y="6.33"/></line>
    <line id="e531__IN__">
      <fromjoint id="n634" port="0"/>
      <tobox id="Vulture63" port="0"/>
    <point x="105.83" y="4.83"/><point x="103.63" y="6.08"/></line>
    <line id="e531__OUT__">
      <frombox id="Vulture63" port="0"/>
      <tojoint id="n641__IN__0" port="0"/>
    <point x="103.63" y="7.11"/><point x="102.44" y="8.36"/></line>
    <line id="e532__IN__">
      <fromjoint id="n5__IN__0" port="4"/>
      <tobox id="Vulture64" port="0"/>
    <point x="104.69" y="16.75"/><point x="106.47" y="17.75"/></line>
    <line id="e532__OUT__">
      <frombox id="Vulture64" port="0"/>
      <tojoint id="n642" port="0"/>
    <point x="106.47" y="18.77"/><point x="105.95" y="19.77"/></line>
    <line id="e533__IN__">
      <fromjoint id="n5__IN__1" port="4"/>
      <tobox id="Vulture0" port="23"/>
    <point x="25.5" y="10.91"/><point x="40.54" y="8.11"/></line>
    <line id="e533__OUT__">
      <frombox id="Vulture0" port="23"/>
      <tojoint id="n643" port="0"/>
    <point x="40.54" y="9.14"/><point x="49.04" y="10.39"/></line>
    <line id="e534__IN__">
      <fromjoint id="n638" port="0"/>
      <tobox id="Vulture0" port="24"/>
    <point x="46.8" y="10.91"/><point x="41.52" y="8.11"/></line>
    <line id="e534__OUT__">
      <frombox id="Vulture0" port="24"/>
      <tojoint id="n643" port="1"/>
    <point x="41.52" y="9.14"/><point x="49.59" y="10.39"/></line>
    <line id="e535__IN__">
      <fromjoint id="n643" port="0"/>
      <tobox id="Vulture0" port="25"/>
    <point x="49.3" y="10.91"/><point x="42.5" y="8.11"/></line>
    <line id="e535__OUT__">
      <frombox id="Vulture0" port="25"/>
      <tojoint id="n644" port="0"/>
    <point x="42.5" y="9.14"/><point x="51.82" y="10.39"/></line>
    <line id="e536__IN__">
      <fromjoint id="n644" port="0"/>
      <tobox id="Vulture0" port="26"/>
    <point x="51.8" y="10.91"/><point x="43.48" y="8.11"/></line>
    <line id="e536__OUT__">
      <frombox id="Vulture0" port="26"/>
      <tojoint id="n645__IN__0" port="0"/>
    <point x="43.48" y="9.14"/><point x="53.82" y="10.39"/></line>
    <line id="e537__IN__">
      <fromjoint id="n645__OUT__0" port="0"/>
      <tobox id="Vulture0" port="27"/>
    <point x="44.47" y="6.86"/><point x="44.47" y="8.11"/></line>
    <line id="e537__OUT__">
      <frombox id="Vulture0" port="27"/>
      <tojoint id="n646" port="0"/>
    <point x="44.47" y="9.14"/><point x="55.82" y="10.39"/></line>
    <line id="e538__IN__">
      <fromjoint id="n645__OUT__1" port="0"/>
      <tobox id="Vulture5" port="0"/>
    <point x="110.76" y="2.8"/><point x="110.76" y="4.05"/></line>
    <line id="e538__OUT__">
      <frombox id="Vulture5" port="0"/>
      <tojoint id="n647" port="0"/>
    <point x="110.76" y="5.08"/><point x="110.04" y="6.33"/></line>
    <line id="e539__IN__">
      <fromjoint id="n647" port="0"/>
      <tobox id="Vulture5" port="1"/>
    <point x="110.02" y="6.86"/><point x="111.38" y="4.05"/></line>
    <line id="e539__OUT__">
      <frombox id="Vulture5" port="1"/>
      <tojoint id="n648" port="0"/>
    <point x="111.38" y="5.08"/><point x="112.04" y="6.33"/></line>
    <line id="e540__IN__">
      <fromjoint id="n640" port="0"/>
      <tobox id="Vulture4" port="10"/>
    <point x="80.82" y="6.86"/><point x="78.09" y="4.05"/></line>
    <line id="e540__OUT__">
      <frombox id="Vulture4" port="10"/>
      <tojoint id="n649" port="0"/>
    <point x="78.09" y="5.08"/><point x="82.83" y="6.33"/></line>
    <line id="e723__IN__">
      <fromjoint id="n648" port="0"/>
      <tobox id="Vulture5" port="2"/>
    <point x="112.02" y="6.86"/><point x="112.02" y="4.05"/></line>
    <line id="e723__OUT__">
      <frombox id="Vulture5" port="2"/>
      <tojoint id="n813" port="0"/>
    <point x="112.02" y="5.08"/><point x="114.04" y="6.33"/></line>
    <line id="e733__IN__">
      <fromjoint id="n623" port="0"/>
      <tobox id="Vulture1" port="3"/>
    <point x="86.01" y="4.83"/><point x="87.29" y="2.02"/></line>
    <line id="e733__OUT__">
      <frombox id="Vulture1" port="3"/>
      <tojoint id="n823" port="0"/>
    <point x="87.29" y="3.05"/><point x="91.8" y="4.3"/></line>
    <line id="e739__IN__">
      <fromjoint id="n649" port="0"/>
      <tobox id="Vulture4" port="11"/>
    <point x="82.82" y="6.86"/><point x="79.05" y="4.05"/></line>
    <line id="e739__OUT__">
      <frombox id="Vulture4" port="11"/>
      <tojoint id="n829" port="0"/>
    <point x="79.05" y="5.08"/><point x="84.83" y="6.33"/></line>
    <line id="e744__IN__">
      <fromjoint id="n646" port="0"/>
      <tobox id="Vulture0" port="28"/>
    <point x="55.8" y="10.91"/><point x="45.44" y="8.11"/></line>
    <line id="e744__OUT__">
      <frombox id="Vulture0" port="28"/>
      <tojoint id="n834" port="0"/>
    <point x="45.44" y="9.14"/><point x="57.82" y="10.39"/></line>
    <line id="e746__IN__">
      <fromjoint id="n317" port="0"/>
      <tobox id="Vulture3" port="1"/>
    <point x="114.38" y="4.83"/><point x="114.97" y="2.02"/></line>
    <line id="e746__OUT__">
      <frombox id="Vulture3" port="1"/>
      <tojoint id="n836" port="0"/>
    <point x="114.97" y="3.05"/><point x="116.4" y="4.3"/></line>
    <line id="e748__IN__">
      <fromjoint id="n632" port="0"/>
      <tobox id="Vulture2" port="3"/>
    <point x="89.84" y="8.89"/><point x="89.98" y="6.08"/></line>
    <line id="e748__OUT__">
      <frombox id="Vulture2" port="3"/>
      <tojoint id="n838" port="0"/>
    <point x="89.98" y="7.11"/><point x="91.86" y="8.36"/></line>
    <line id="e833__IN__">
      <fromjoint id="n642" port="0"/>
      <tobox id="Vulture79" port="0"/>
    <point x="105.94" y="20.3"/><point x="104.95" y="21.3"/></line>
    <line id="e833__OUT__">
      <frombox id="Vulture79" port="0"/>
      <tojoint id="n48__IN__0" port="0"/>
    <point x="104.95" y="22.33"/><point x="104.68" y="23.33"/></line>
    <line id="e94__IN__">
      <fromjoint id="n190__OUT__0" port="0"/>
      <tobox id="Vulture80" port="0"/>
    <point x="99.29" y="0.77"/><point x="99.29" y="2.02"/></line>
    <line id="e94__OUT__">
      <frombox id="Vulture80" port="0"/>
      <tojoint id="n192" port="0"/>
    <point x="99.29" y="3.05"/><point x="99.27" y="4.3"/></line>
    <line id="e95__IN__">
      <fromjoint id="n190__OUT__1" port="0"/>
      <tobox id="Vulture6" port="0"/>
    <point x="49.93" y="2.8"/><point x="49.93" y="4.05"/></line>
    <line id="e95__OUT__">
      <frombox id="Vulture6" port="0"/>
      <tojoint id="n193" port="0"/>
    <point x="49.93" y="5.08"/><point x="46.83" y="6.33"/></line>
    <line id="e479__IN__">
      <fromjoint id="n193" port="0"/>
      <tobox id="Vulture6" port="1"/>
    <point x="46.82" y="6.86"/><point x="50.73" y="4.05"/></line>
    <line id="e479__OUT__">
      <frombox id="Vulture6" port="1"/>
      <tojoint id="n597" port="0"/>
    <point x="50.73" y="5.08"/><point x="48.83" y="6.33"/></line>
    <line id="e480__IN__">
      <fromjoint id="n597" port="0"/>
      <tobox id="Vulture6" port="2"/>
    <point x="48.82" y="6.86"/><point x="51.52" y="4.05"/></line>
    <line id="e480__OUT__">
      <frombox id="Vulture6" port="2"/>
      <tojoint id="n598__IN__0" port="0"/>
    <point x="51.52" y="5.08"/><point x="50.83" y="6.33"/></line>
    <line id="e481__IN__">
      <fromjoint id="n598__OUT__0" port="0"/>
      <tobox id="Vulture6" port="3"/>
    <point x="52.32" y="2.8"/><point x="52.32" y="4.05"/></line>
    <line id="e481__OUT__">
      <frombox id="Vulture6" port="3"/>
      <tojoint id="n599" port="0"/>
    <point x="52.32" y="5.08"/><point x="52.83" y="6.33"/></line>
    <line id="e482__IN__">
      <fromjoint id="n598__OUT__1" port="0"/>
      <tobox id="Vulture7" port="0"/>
    <point x="61.84" y="2.8"/><point x="61.84" y="4.05"/></line>
    <line id="e482__OUT__">
      <frombox id="Vulture7" port="0"/>
      <tojoint id="n600" port="0"/>
    <point x="61.84" y="5.08"/><point x="61.83" y="6.33"/></line>
    <line id="e483__IN__">
      <fromjoint id="n192" port="0"/>
      <tobox id="Vulture86" port="0"/>
    <point x="99.26" y="4.83"/><point x="99.26" y="6.08"/></line>
    <line id="e483__OUT__">
      <frombox id="Vulture86" port="0"/>
      <tojoint id="n601__IN__0" port="0"/>
    <point x="99.26" y="7.11"/><point x="99.25" y="8.36"/></line>
    <line id="e484__IN__">
      <fromjoint id="n5__IN__0" port="5"/>
      <tobox id="Vulture87" port="0"/>
    <point x="105.48" y="16.75"/><point x="108.47" y="17.75"/></line>
    <line id="e484__OUT__">
      <frombox id="Vulture87" port="0"/>
      <tojoint id="n602" port="0"/>
    <point x="108.47" y="18.77"/><point x="108.45" y="19.77"/></line>
    <line id="e485__IN__">
      <fromjoint id="n5__IN__1" port="5"/>
      <tobox id="Vulture0" port="29"/>
    <point x="26.29" y="10.91"/><point x="46.43" y="8.11"/></line>
    <line id="e485__OUT__">
      <frombox id="Vulture0" port="29"/>
      <tojoint id="n603" port="0"/>
    <point x="46.43" y="9.14"/><point x="59.82" y="10.39"/></line>
    <line id="e486__IN__">
      <fromjoint id="n602" port="0"/>
      <tobox id="Vulture89" port="0"/>
    <point x="108.44" y="20.3"/><point x="108.44" y="21.3"/></line>
    <line id="e486__OUT__">
      <frombox id="Vulture89" port="0"/>
      <tojoint id="n604__IN__0" port="0"/>
    <point x="108.44" y="22.33"/><point x="108.68" y="23.33"/></line>
    <line id="e487__IN__">
      <fromjoint id="n599" port="0"/>
      <tobox id="Vulture6" port="4"/>
    <point x="52.82" y="6.86"/><point x="53.12" y="4.05"/></line>
    <line id="e487__OUT__">
      <frombox id="Vulture6" port="4"/>
      <tojoint id="n605" port="0"/>
    <point x="53.12" y="5.08"/><point x="55.33" y="6.33"/></line>
    <line id="e488__IN__">
      <fromjoint id="n605" port="1"/>
      <tobox id="Vulture6" port="5"/>
    <point x="55.62" y="6.86"/><point x="53.93" y="4.05"/></line>
    <line id="e488__OUT__">
      <frombox id="Vulture6" port="5"/>
      <tojoint id="n604__IN__1" port="0"/>
    <point x="53.93" y="5.08"/><point x="57.83" y="6.33"/></line>
    <line id="e489__IN__">
      <fromjoint id="n9__IN__0" port="0"/>
      <tobox id="Vulture92" port="0"/>
    <point x="107.33" y="30.97"/><point x="107.33" y="31.97"/></line>
    <line id="e489__OUT__">
      <frombox id="Vulture92" port="0"/>
      <tojoint id="n606" port="0"/>
    <point x="107.33" y="33.0"/><point x="107.32" y="34.0"/></line>
    <line id="e725__IN__">
      <fromjoint id="n600" port="0"/>
      <tobox id="Vulture7" port="1"/>
    <point x="61.82" y="6.86"/><point x="62.4" y="4.05"/></line>
    <line id="e725__OUT__">
      <frombox id="Vulture7" port="1"/>
      <tojoint id="n815" port="0"/>
    <point x="62.4" y="5.08"/><point x="63.83" y="6.33"/></line>
    <line id="e747__IN__">
      <fromjoint id="n603" port="0"/>
      <tobox id="Vulture0" port="30"/>
    <point x="59.8" y="10.91"/><point x="47.4" y="8.11"/></line>
    <line id="e747__OUT__">
      <frombox id="Vulture0" port="30"/>
      <tojoint id="n837" port="0"/>
    <point x="47.4" y="9.14"/><point x="61.82" y="10.39"/></line>
    <line id="e754__IN__">
      <fromjoint id="n605" port="0"/>
      <tobox id="Vulture6" port="6"/>
    <point x="55.04" y="6.86"/><point x="54.72" y="4.05"/></line>
    <line id="e754__OUT__">
      <frombox id="Vulture6" port="6"/>
      <tojoint id="n844" port="0"/>
    <point x="54.72" y="5.08"/><point x="59.83" y="6.33"/></line>
    <line id="e804__IN__">
      <fromjoint id="n606" port="0"/>
      <tobox id="Vulture96" port="0"/>
    <point x="107.3" y="34.52"/><point x="107.3" y="35.52"/></line>
    <line id="e804__OUT__">
      <frombox id="Vulture96" port="0"/>
      <tojoint id="n191__IN__0" port="0"/>
    <point x="107.3" y="36.55"/><point x="107.29" y="37.55"/></line>
    <line id="e490__OUT__CPY">
      <fromjoint id="n607__IN__0" port="0"/>
      <tobox id="Vulture12" port="1"/>
    <point x="95.84" y="8.89"/><point x="95.25" y="10.14"/></line>
    <line id="e494__OUT__CPY">
      <fromjoint id="n611__IN__0" port="0"/>
      <tobox id="EXT__Server-connections--GET__XIN__0" port="0"/>
    <point x="8.8" y="10.91"/><point x="26.76" y="12.16"/></line>
    <line id="e495__IN__CPY">
      <frombox id="EXT__Server-connections--GET__XOUT__0" port="0"/>
      <tojoint id="n611__OUT__0" port="0"/>
    <point x="30.77" y="5.08"/><point x="26.8" y="6.33"/></line>
    <line id="e496__IN__CPY">
      <frombox id="EXT__Server-connections--GET__XOUT__1" port="0"/>
      <tojoint id="n611__OUT__1" port="0"/>
    <point x="71.0" y="1.02"/><point x="69.08" y="2.27"/></line>
    <line id="e497__OUT__CPY">
      <fromjoint id="n614__IN__0" port="0"/>
      <tobox id="Vulture12" port="2"/>
    <point x="93.38" y="23.86"/><point x="96.04" y="10.14"/></line>
    <line id="e502__OUT__CPY">
      <fromjoint id="n618__IN__0" port="0"/>
      <tobox id="EXT__Server-connections--GET__XIN__0" port="1"/>
    <point x="19.8" y="10.91"/><point x="27.45" y="12.16"/></line>
    <line id="e503__IN__CPY">
      <frombox id="EXT__Server-connections--GET__XOUT__0" port="1"/>
      <tojoint id="n618__OUT__0" port="0"/>
    <point x="31.5" y="5.08"/><point x="30.5" y="6.33"/></line>
    <line id="e504__IN__CPY">
      <frombox id="EXT__Server-connections--GET__XOUT__1" port="1"/>
      <tojoint id="n618__OUT__1" port="0"/>
    <point x="71.72" y="1.02"/><point x="71.08" y="2.27"/></line>
    <line id="e510__OUT__CPY">
      <fromjoint id="n624__IN__0" port="0"/>
      <tobox id="Vulture12" port="3"/>
    <point x="97.41" y="23.86"/><point x="96.83" y="10.14"/></line>
    <line id="e515__OUT__CPY">
      <fromjoint id="n628__IN__0" port="0"/>
      <tobox id="EXT__Server-connections--GET__XIN__0" port="2"/>
    <point x="35.8" y="10.91"/><point x="28.15" y="12.16"/></line>
    <line id="e516__IN__CPY">
      <frombox id="EXT__Server-connections--GET__XOUT__0" port="2"/>
      <tojoint id="n628__OUT__0" port="0"/>
    <point x="32.22" y="5.08"/><point x="33.22" y="6.33"/></line>
    <line id="e517__IN__CPY">
      <frombox id="EXT__Server-connections--GET__XOUT__1" port="2"/>
      <tojoint id="n628__OUT__1" port="0"/>
    <point x="72.44" y="1.02"/><point x="73.08" y="2.27"/></line>
    <line id="e521__OUT__CPY">
      <fromjoint id="n633__IN__0" port="0"/>
      <tobox id="Vulture12" port="4"/>
    <point x="101.43" y="23.86"/><point x="97.63" y="10.14"/></line>
    <line id="e526__OUT__CPY">
      <fromjoint id="n637__IN__0" port="0"/>
      <tobox id="EXT__Server-connections--GET__XIN__0" port="3"/>
    <point x="44.8" y="10.91"/><point x="28.84" y="12.16"/></line>
    <line id="e527__IN__CPY">
      <frombox id="EXT__Server-connections--GET__XOUT__0" port="3"/>
      <tojoint id="n637__OUT__0" port="0"/>
    <point x="32.93" y="5.08"/><point x="37.4" y="6.33"/></line>
    <line id="e528__IN__CPY">
      <frombox id="EXT__Server-connections--GET__XOUT__1" port="3"/>
      <tojoint id="n637__OUT__1" port="0"/>
    <point x="73.15" y="1.02"/><point x="75.36" y="2.27"/></line>
    <line id="e531__OUT__CPY">
      <fromjoint id="n641__IN__0" port="0"/>
      <tobox id="Vulture12" port="5"/>
    <point x="102.43" y="8.89"/><point x="98.44" y="10.14"/></line>
    <line id="e536__OUT__CPY">
      <fromjoint id="n645__IN__0" port="0"/>
      <tobox id="EXT__Server-connection_list--GET__XIN__0" port="0"/>
    <point x="53.8" y="10.91"/><point x="53.8" y="12.16"/></line>
    <line id="e537__IN__CPY">
      <frombox id="EXT__Server-connection_list--GET__XOUT__0" port="0"/>
      <tojoint id="n645__OUT__0" port="0"/>
    <point x="44.48" y="5.08"/><point x="44.48" y="6.33"/></line>
    <line id="e538__IN__CPY">
      <frombox id="EXT__Server-connection_list--GET__XOUT__1" port="0"/>
      <tojoint id="n645__OUT__1" port="0"/>
    <point x="110.77" y="1.02"/><point x="110.77" y="2.27"/></line>
    <line id="e480__OUT__CPY">
      <fromjoint id="n598__IN__0" port="0"/>
      <tobox id="EXT__Server-threadgroup--GET__XIN__0" port="0"/>
    <point x="50.82" y="6.86"/><point x="51.18" y="8.11"/></line>
    <line id="e481__IN__CPY">
      <frombox id="EXT__Server-threadgroup--GET__XOUT__0" port="0"/>
      <tojoint id="n598__OUT__0" port="0"/>
    <point x="52.33" y="1.02"/><point x="52.33" y="2.27"/></line>
    <line id="e482__IN__CPY">
      <frombox id="EXT__Server-threadgroup--GET__XOUT__1" port="0"/>
      <tojoint id="n598__OUT__1" port="0"/>
    <point x="61.86" y="1.02"/><point x="61.86" y="2.27"/></line>
    <line id="e483__OUT__CPY">
      <fromjoint id="n601__IN__0" port="0"/>
      <tobox id="Vulture12" port="6"/>
    <point x="99.23" y="8.89"/><point x="99.23" y="10.14"/></line>
    <line id="e486__OUT__CPY">
      <fromjoint id="n604__IN__0" port="0"/>
      <tobox id="Vulture15" port="1"/>
    <point x="108.66" y="23.86"/><point x="107.94" y="24.86"/></line>
    <line id="e488__OUT__CPY">
      <fromjoint id="n604__IN__1" port="0"/>
      <tobox id="Vulture0" port="31"/>
    <point x="57.82" y="6.86"/><point x="48.38" y="8.11"/></line>
  </level>
</graph>