<graph id="world">
  <level id="UserData">
    <joint height="0.65278" id="n12__OUT__0" inputs="0" outputs="1" width="1.0" x="2.5" y="0.333333333333"/>
    <joint height="0.65278" id="n13__IN__0" inputs="1" outputs="0" width="1.0" x="1.0" y="22.5"/>
    <joint height="0.65278" id="n13__IN__1" inputs="1" outputs="0" width="1.0" x="11.5" y="7.72222222222"/>
    <joint height="0.65278" id="n14" inputs="1" outputs="1" width="1.0" x="2.5" y="4.02777777778"/>
    <joint height="0.65278" id="n15" inputs="0" outputs="1" width="1.0" x="7.79166666667" y="4.02777777778"/>
    <joint height="0.65278" id="n16" inputs="1" outputs="1" width="1.0" x="6.5" y="7.72222222222"/>
    <joint height="0.65278" id="n468__IN__0" inputs="1" outputs="1" width="1.0" x="2.5" y="7.72222222222"/>
    <joint height="0.65278" id="n468__OUT__0" inputs="1" outputs="1" width="1.0" x="2.5" y="15.1111111111"/>
    <joint height="0.65278" id="n468__OUT__1" inputs="1" outputs="1" width="1.0" x="32.5" y="7.72222222222"/>
    <joint height="0.65278" id="n469" inputs="1" outputs="1" width="1.0" x="2.5" y="18.8055555556"/>
    <joint height="0.65278" id="n470" inputs="1" outputs="1" width="1.0" x="13.5" y="7.72222222222"/>
    <joint height="0.65278" id="n471" inputs="2" outputs="1" width="2.0" x="9.0" y="7.72222222222"/>
    <joint height="0.65278" id="n472" inputs="1" outputs="2" width="2.0" x="16.0" y="7.72222222222"/>
    <joint height="0.65278" id="n775" inputs="1" outputs="0" width="1.0" x="18.5" y="7.72222222222"/>
    <joint height="0.65278" id="n57__OUT__0" inputs="0" outputs="1" width="1.0" x="36.5" y="0.333333333333"/>
    <joint height="0.65278" id="n57__OUT__1" inputs="0" outputs="1" width="1.0" x="20.9722222222" y="4.02777777778"/>
    <joint height="0.65278" id="n58__IN__0" inputs="1" outputs="0" width="1.0" x="36.5" y="7.72222222222"/>
    <joint height="0.65278" id="n59" inputs="1" outputs="1" width="1.0" x="36.5" y="4.02777777778"/>
    <joint height="0.65278" id="n60" inputs="1" outputs="1" width="1.0" x="20.5" y="7.72222222222"/>
    <joint height="0.65278" id="n833" inputs="1" outputs="0" width="1.0" x="22.5" y="7.72222222222"/>
    <joint height="0.65278" id="n61__OUT__0" inputs="0" outputs="1" width="1.0" x="0.5" y="7.72222222222"/>
    <joint height="0.65278" id="n62__IN__0" inputs="1" outputs="0" width="1.0" x="0.5" y="15.1111111111"/>
    <joint height="0.65278" id="n62__IN__1" inputs="1" outputs="0" width="1.0" x="24.5" y="7.72222222222"/>
    <joint height="0.65278" id="n63" inputs="1" outputs="1" width="1.0" x="1.90277777778" y="11.4166666667"/>
    <joint height="0.65278" id="n64" inputs="0" outputs="1" width="1.0" x="22.9722222222" y="4.02777777778"/>
    <joint height="0.65278" id="n65__OUT__0" inputs="0" outputs="1" width="1.0" x="3.0" y="22.5"/>
    <joint height="0.65278" id="n65__OUT__1" inputs="0" outputs="1" width="1.0" x="26.9722222222" y="4.02777777778"/>
    <joint height="0.65278" id="n66__IN__0" inputs="1" outputs="0" width="1.0" x="3.0" y="29.8888888889"/>
    <joint height="0.65278" id="n67" inputs="1" outputs="1" width="1.0" x="3.75" y="26.1944444444"/>
    <joint height="0.65278" id="n68" inputs="1" outputs="0" width="1.0" x="26.5" y="7.72222222222"/>
    <joint height="0.65278" id="n253__OUT__0" inputs="0" outputs="1" width="1.0" x="4.5" y="0.333333333333"/>
    <joint height="0.65278" id="n253__OUT__1" inputs="0" outputs="1" width="1.0" x="29.2222222222" y="0.333333333333"/>
    <joint height="0.65278" id="n254__IN__0" inputs="1" outputs="0" width="1.0" x="5.0" y="37.2777777778"/>
    <joint height="0.65278" id="n255" inputs="1" outputs="1" width="1.0" x="4.5" y="4.02777777778"/>
    <joint height="0.65278" id="n256" inputs="1" outputs="1" width="1.0" x="24.9722222222" y="4.02777777778"/>
    <joint height="0.65278" id="n462__IN__0" inputs="1" outputs="1" width="1.0" x="4.5" y="7.72222222222"/>
    <joint height="0.65278" id="n462__OUT__0" inputs="1" outputs="1" width="1.0" x="4.5" y="15.1111111111"/>
    <joint height="0.65278" id="n462__OUT__1" inputs="1" outputs="1" width="1.0" x="34.5" y="7.72222222222"/>
    <joint height="0.65278" id="n463" inputs="1" outputs="1" width="1.0" x="4.5" y="18.8055555556"/>
    <joint height="0.65278" id="n464" inputs="1" outputs="1" width="1.0" x="28.5" y="7.72222222222"/>
    <joint height="0.65278" id="n465__IN__0" inputs="1" outputs="1" width="1.0" x="5.0" y="22.5"/>
    <joint height="0.65278" id="n465__IN__1" inputs="1" outputs="1" width="1.0" x="28.9722222222" y="4.02777777778"/>
    <joint height="0.65278" id="n465__OUT__0" inputs="1" outputs="1" width="1.0" x="5.0" y="29.8888888889"/>
    <joint height="0.65278" id="n466" inputs="1" outputs="2" width="2.0" x="31.4722222222" y="4.02777777778"/>
    <joint height="0.65278" id="n467" inputs="1" outputs="1" width="1.0" x="5.0" y="33.5833333333"/>
    <joint height="0.65278" id="n863" inputs="1" outputs="0" width="1.0" x="30.5" y="7.72222222222"/>
    <joint height="0.65278" id="n865" inputs="1" outputs="0" width="1.0" x="33.9722222222" y="4.02777777778"/>
    <box height="1.0139" id="UserData0" lines="3" width="3.0" x="8.40277777778" y="5.875"/>
    <box height="1.0139" id="UserData1" lines="13" width="13.0" x="23.375" y="5.875"/>
    <box height="1.0139" id="UserData2" lines="4" width="4.0" x="30.2222222222" y="2.18055555556"/>
    <box height="1.0139" id="UserData3" lines="1" width="1.0" x="2.5" y="2.18055555556"/>
    <box height="1.0139" id="UserData5" lines="1" width="1.0" x="2.5" y="5.875"/>
    <box height="1.0139" id="UserData6" lines="1" width="1.0" x="2.5" y="16.9583333333"/>
    <box height="1.0139" id="UserData13" lines="1" width="1.0" x="1.5" y="20.6527777778"/>
    <box height="1.0139" id="UserData14" lines="1" width="1.0" x="36.5" y="2.18055555556"/>
    <box height="1.0139" id="UserData17" lines="1" width="1.0" x="36.5" y="5.875"/>
    <box height="1.0139" id="UserData18" lines="3" width="3.0" x="2.51388888889" y="9.56944444444"/>
    <box height="1.0139" id="UserData20" lines="3" width="3.0" x="2.51388888889" y="13.2638888889"/>
    <box height="1.0139" id="UserData21" lines="2" width="2.0" x="4.0" y="24.3472222222"/>
    <box height="1.0139" id="UserData23" lines="2" width="2.0" x="4.0" y="28.0416666667"/>
    <box height="1.0139" id="UserData24" lines="1" width="1.0" x="4.5" y="2.18055555556"/>
    <box height="1.0139" id="UserData26" lines="1" width="1.0" x="4.5" y="5.875"/>
    <box height="1.0139" id="UserData27" lines="1" width="1.0" x="4.5" y="16.9583333333"/>
    <box height="1.0139" id="UserData29" lines="1" width="1.0" x="4.5" y="20.6527777778"/>
    <box height="1.0139" id="UserData32" lines="1" width="1.0" x="5.0" y="31.7361111111"/>
    <box height="1.0139" id="UserData35" lines="1" width="1.0" x="5.0" y="35.4305555556"/>
    <line id="e7__IN__">
      <fromjoint id="n12__OUT__0" port="0"/>
      <tobox id="UserData3" port="0"/>
    <point x="2.5" y="0.666666666667"/><point x="2.5" y="1.11111111111"/><point x="2.5" y="1.22222222222"/><point x="2.5" y="1.66666666667"/></line>
    <line id="e7__OUT__">
      <frombox id="UserData3" port="0"/>
      <tojoint id="n14" port="0"/>
    <point x="2.5" y="2.69444444444"/><point x="2.5" y="3.13888888889"/><point x="2.5" y="3.25"/><point x="2.5" y="3.69444444444"/></line>
    <line id="e8__IN__">
      <fromjoint id="n15" port="0"/>
      <tobox id="UserData0" port="0"/>
    <point x="7.79166666667" y="4.36111111111"/><point x="7.79166666667" y="4.80555555556"/><point x="7.79166666667" y="4.91666666667"/><point x="7.79166666667" y="5.36111111111"/></line>
    <line id="e8__OUT__">
      <frombox id="UserData0" port="0"/>
      <tojoint id="n16" port="0"/>
    <point x="7.79166666667" y="6.38888888889"/><point x="7.79166666667" y="7.11527777778"/><point x="6.5" y="6.6625"/><point x="6.5" y="7.38888888889"/></line>
    <line id="e330__IN__">
      <fromjoint id="n14" port="0"/>
      <tobox id="UserData5" port="0"/>
    <point x="2.5" y="4.36111111111"/><point x="2.5" y="4.80555555556"/><point x="2.5" y="4.91666666667"/><point x="2.5" y="5.36111111111"/></line>
    <line id="e330__OUT__">
      <frombox id="UserData5" port="0"/>
      <tojoint id="n468__IN__0" port="0"/>
    <point x="2.5" y="6.38888888889"/><point x="2.5" y="6.83333333333"/><point x="2.5" y="6.94444444444"/><point x="2.5" y="7.38888888889"/></line>
    <line id="e331__IN__">
      <fromjoint id="n468__OUT__0" port="0"/>
      <tobox id="UserData6" port="0"/>
    <point x="2.5" y="15.4444444444"/><point x="2.5" y="15.8888888889"/><point x="2.5" y="16.0"/><point x="2.5" y="16.4444444444"/></line>
    <line id="e331__OUT__">
      <frombox id="UserData6" port="0"/>
      <tojoint id="n469" port="0"/>
    <point x="2.5" y="17.4722222222"/><point x="2.5" y="17.9166666667"/><point x="2.5" y="18.0277777778"/><point x="2.5" y="18.4722222222"/></line>
    <line id="e332__IN__">
      <fromjoint id="n468__OUT__1" port="0"/>
      <tobox id="UserData1" port="0"/>
    <point x="32.5" y="8.05555555556"/><point x="32.5" y="8.2625"/><point x="34.2486111111" y="8.71666666667"/><point x="33.0" y="7.38888888889"/><point x="30.5416666667" y="4.77222222222"/><point x="19.3333333333" y="9.00555555556"/><point x="16.875" y="6.38888888889"/><point x="16.5666666667" y="6.06111111111"/><point x="16.5583333333" y="5.69583333333"/><point x="16.875" y="5.375"/><point x="17.2791666667" y="4.96666666667"/><point x="18.1666666667" y="4.7875"/><point x="18.1666666667" y="5.36111111111"/></line>
    <line id="e332__OUT__">
      <frombox id="UserData1" port="0"/>
      <tojoint id="n470" port="0"/>
    <point x="18.1666666667" y="6.38888888889"/><point x="18.1666666667" y="8.50972222222"/><point x="13.5" y="5.26805555556"/><point x="13.5" y="7.38888888889"/></line>
    <line id="e333__IN__">
      <fromjoint id="n470" port="0"/>
      <tobox id="UserData1" port="1"/>
    <point x="13.5" y="8.05555555556"/><point x="13.5" y="8.27777777778"/><point x="13.8013888889" y="8.14166666667"/><point x="14.0" y="8.04166666667"/><point x="14.3305555556" y="7.87638888889"/><point x="14.2583333333" y="7.65555555556"/><point x="14.5138888889" y="7.38888888889"/><point x="15.4694444444" y="6.39444444444"/><point x="15.5819444444" y="5.85555555556"/><point x="16.875" y="5.375"/><point x="17.3236111111" y="5.20833333333"/><point x="19.0277777778" y="4.88333333333"/><point x="19.0277777778" y="5.36111111111"/></line>
    <line id="e333__OUT__">
      <frombox id="UserData1" port="1"/>
      <tojoint id="n472" port="0"/>
    <point x="19.0277777778" y="6.38888888889"/><point x="19.0277777778" y="7.80555555556"/><point x="16.0" y="5.97222222222"/><point x="16.0" y="7.38888888889"/></line>
    <line id="e334__IN__">
      <fromjoint id="n16" port="0"/>
      <tobox id="UserData0" port="1"/>
    <point x="6.5" y="8.05555555556"/><point x="6.5" y="8.27777777778"/><point x="6.845" y="8.20138888889"/><point x="7.0" y="8.04166666667"/><point x="7.82694444444" y="7.19166666667"/><point x="6.06805555556" y="6.21805555556"/><point x="6.90277777778" y="5.375"/><point x="7.36763888889" y="4.90555555556"/><point x="8.38888888889" y="4.7"/><point x="8.38888888889" y="5.36111111111"/></line>
    <line id="e334__OUT__">
      <frombox id="UserData0" port="1"/>
      <tojoint id="n471" port="0"/>
    <point x="8.38888888889" y="6.38888888889"/><point x="8.38888888889" y="6.86111111111"/><point x="8.75" y="6.91666666667"/><point x="8.75" y="7.38888888889"/></line>
    <line id="e335__IN__">
      <fromjoint id="n472" port="1"/>
      <tobox id="UserData1" port="2"/>
    <point x="16.25" y="8.05555555556"/><point x="16.25" y="8.38888888889"/><point x="16.7666666667" y="8.27916666667"/><point x="17.0" y="8.04166666667"/><point x="17.8305555556" y="7.19444444444"/><point x="16.0375" y="6.21527777778"/><point x="16.875" y="5.375"/><point x="17.35" y="4.89861111111"/><point x="19.9027777778" y="4.68888888889"/><point x="19.9027777778" y="5.36111111111"/></line>
    <line id="e335__OUT__">
      <frombox id="UserData1" port="2"/>
      <tojoint id="n471" port="1"/>
    <point x="19.9027777778" y="6.38888888889"/><point x="19.9027777778" y="8.76666666667"/><point x="9.25" y="5.01111111111"/><point x="9.25" y="7.38888888889"/></line>
    <line id="e336__IN__">
      <fromjoint id="n471" port="0"/>
      <tobox id="UserData0" port="2"/>
    <point x="9.0" y="8.05555555556"/><point x="9.0" y="8.5"/><point x="9.68791666667" y="8.35833333333"/><point x="10.0" y="8.04166666667"/><point x="10.8327777778" y="7.19722222222"/><point x="10.755" y="6.2"/><point x="9.90277777778" y="5.375"/><point x="9.61444444444" y="5.09583333333"/><point x="9.0" y="4.95972222222"/><point x="9.0" y="5.36111111111"/></line>
    <line id="e336__OUT__">
      <frombox id="UserData0" port="2"/>
      <tojoint id="n13__IN__1" port="0"/>
    <point x="9.0" y="6.38888888889"/><point x="9.0" y="7.58611111111"/><point x="11.5" y="6.19166666667"/><point x="11.5" y="7.38888888889"/></line>
    <line id="e685__IN__">
      <fromjoint id="n472" port="0"/>
      <tobox id="UserData1" port="3"/>
    <point x="15.75" y="8.05555555556"/><point x="15.75" y="8.38888888889"/><point x="15.2333333333" y="8.27916666667"/><point x="15.0" y="8.04166666667"/><point x="13.9847222222" y="7.00833333333"/><point x="15.5472222222" y="5.95555555556"/><point x="16.875" y="5.375"/><point x="17.6666666667" y="5.02916666667"/><point x="20.7638888889" y="4.49722222222"/><point x="20.7638888889" y="5.36111111111"/></line>
    <line id="e685__OUT__">
      <frombox id="UserData1" port="3"/>
      <tojoint id="n775" port="0"/>
    <point x="20.7638888889" y="6.38888888889"/><point x="20.7638888889" y="7.48888888889"/><point x="18.5" y="6.28888888889"/><point x="18.5" y="7.38888888889"/></line>
    <line id="e822__IN__">
      <fromjoint id="n469" port="0"/>
      <tobox id="UserData13" port="0"/>
    <point x="2.5" y="19.1388888889"/><point x="2.5" y="19.7680555556"/><point x="1.5" y="19.5097222222"/><point x="1.5" y="20.1388888889"/></line>
    <line id="e822__OUT__">
      <frombox id="UserData13" port="0"/>
      <tojoint id="n13__IN__0" port="0"/>
    <point x="1.5" y="21.1666666667"/><point x="1.5" y="21.6638888889"/><point x="1.0" y="21.6694444444"/><point x="1.0" y="22.1666666667"/></line>
    <line id="e27__IN__">
      <fromjoint id="n57__OUT__0" port="0"/>
      <tobox id="UserData14" port="0"/>
    <point x="36.5" y="0.666666666667"/><point x="36.5" y="1.11111111111"/><point x="36.5" y="1.22222222222"/><point x="36.5" y="1.66666666667"/></line>
    <line id="e27__OUT__">
      <frombox id="UserData14" port="0"/>
      <tojoint id="n59" port="0"/>
    <point x="36.5" y="2.69444444444"/><point x="36.5" y="3.13888888889"/><point x="36.5" y="3.25"/><point x="36.5" y="3.69444444444"/></line>
    <line id="e28__IN__">
      <fromjoint id="n57__OUT__1" port="0"/>
      <tobox id="UserData1" port="4"/>
    <point x="20.9722222222" y="4.36111111111"/><point x="20.9722222222" y="4.89583333333"/><point x="21.6388888889" y="4.82638888889"/><point x="21.6388888889" y="5.36111111111"/></line>
    <line id="e28__OUT__">
      <frombox id="UserData1" port="4"/>
      <tojoint id="n60" port="0"/>
    <point x="21.6388888889" y="6.38888888889"/><point x="21.6388888889" y="7.0625"/><point x="20.5" y="6.71527777778"/><point x="20.5" y="7.38888888889"/></line>
    <line id="e743__IN__">
      <fromjoint id="n60" port="0"/>
      <tobox id="UserData1" port="5"/>
    <point x="20.5" y="8.05555555556"/><point x="20.5" y="8.46111111111"/><point x="22.2486111111" y="8.97638888889"/><point x="21.0" y="7.38888888889"/><point x="19.8333333333" y="5.90555555556"/><point x="18.0416666667" y="7.87222222222"/><point x="16.875" y="6.38888888889"/><point x="16.5958333333" y="6.03472222222"/><point x="16.5569444444" y="5.69444444444"/><point x="16.875" y="5.375"/><point x="17.3166666667" y="4.93194444444"/><point x="22.5" y="4.73611111111"/><point x="22.5" y="5.36111111111"/></line>
    <line id="e743__OUT__">
      <frombox id="UserData1" port="5"/>
      <tojoint id="n833" port="0"/>
    <point x="22.5" y="6.38888888889"/><point x="22.5" y="6.83333333333"/><point x="22.5" y="6.94444444444"/><point x="22.5" y="7.38888888889"/></line>
    <line id="e823__IN__">
      <fromjoint id="n59" port="0"/>
      <tobox id="UserData17" port="0"/>
    <point x="36.5" y="4.36111111111"/><point x="36.5" y="4.80555555556"/><point x="36.5" y="4.91666666667"/><point x="36.5" y="5.36111111111"/></line>
    <line id="e823__OUT__">
      <frombox id="UserData17" port="0"/>
      <tojoint id="n58__IN__0" port="0"/>
    <point x="36.5" y="6.38888888889"/><point x="36.5" y="6.83333333333"/><point x="36.5" y="6.94444444444"/><point x="36.5" y="7.38888888889"/></line>
    <line id="e29__IN__">
      <fromjoint id="n61__OUT__0" port="0"/>
      <tobox id="UserData18" port="0"/>
    <point x="0.5" y="8.05555555556"/><point x="0.5" y="8.82083333333"/><point x="1.90277777778" y="8.29027777778"/><point x="1.90277777778" y="9.05555555556"/></line>
    <line id="e29__OUT__">
      <frombox id="UserData18" port="0"/>
      <tojoint id="n63" port="0"/>
    <point x="1.90277777778" y="10.0833333333"/><point x="1.90277777778" y="10.5277777778"/><point x="1.90277777778" y="10.6388888889"/><point x="1.90277777778" y="11.0833333333"/></line>
    <line id="e30__IN__">
      <fromjoint id="n64" port="0"/>
      <tobox id="UserData1" port="6"/>
    <point x="22.9722222222" y="4.36111111111"/><point x="22.9722222222" y="4.8375"/><point x="23.3611111111" y="4.88472222222"/><point x="23.3611111111" y="5.36111111111"/></line>
    <line id="e30__OUT__">
      <frombox id="UserData1" port="6"/>
      <tojoint id="n62__IN__1" port="0"/>
    <point x="23.3611111111" y="6.38888888889"/><point x="23.3611111111" y="7.0625"/><point x="24.5" y="6.71527777778"/><point x="24.5" y="7.38888888889"/></line>
    <line id="e831__IN__">
      <fromjoint id="n63" port="0"/>
      <tobox id="UserData20" port="0"/>
    <point x="1.90277777778" y="11.75"/><point x="1.90277777778" y="12.1944444444"/><point x="1.90277777778" y="12.3055555556"/><point x="1.90277777778" y="12.75"/></line>
    <line id="e831__OUT__">
      <frombox id="UserData20" port="0"/>
      <tojoint id="n62__IN__0" port="0"/>
    <point x="1.90277777778" y="13.7777777778"/><point x="1.90277777778" y="14.5430555556"/><point x="0.5" y="14.0125"/><point x="0.5" y="14.7777777778"/></line>
    <line id="e31__IN__">
      <fromjoint id="n65__OUT__0" port="0"/>
      <tobox id="UserData21" port="0"/>
    <point x="3.0" y="22.8333333333"/><point x="3.0" y="23.3888888889"/><point x="3.75" y="23.2777777778"/><point x="3.75" y="23.8333333333"/></line>
    <line id="e31__OUT__">
      <frombox id="UserData21" port="0"/>
      <tojoint id="n67" port="0"/>
    <point x="3.75" y="24.8611111111"/><point x="3.75" y="25.3055555556"/><point x="3.75" y="25.4166666667"/><point x="3.75" y="25.8611111111"/></line>
    <line id="e32__IN__">
      <fromjoint id="n65__OUT__1" port="0"/>
      <tobox id="UserData1" port="7"/>
    <point x="26.9722222222" y="4.36111111111"/><point x="26.9722222222" y="5.65555555556"/><point x="24.2361111111" y="4.06666666667"/><point x="24.2361111111" y="5.36111111111"/></line>
    <line id="e32__OUT__">
      <frombox id="UserData1" port="7"/>
      <tojoint id="n68" port="0"/>
    <point x="24.2361111111" y="6.38888888889"/><point x="24.2361111111" y="7.48888888889"/><point x="26.5" y="6.28888888889"/><point x="26.5" y="7.38888888889"/></line>
    <line id="e798__IN__">
      <fromjoint id="n67" port="0"/>
      <tobox id="UserData23" port="0"/>
    <point x="3.75" y="26.5277777778"/><point x="3.75" y="26.9722222222"/><point x="3.75" y="27.0833333333"/><point x="3.75" y="27.5277777778"/></line>
    <line id="e798__OUT__">
      <frombox id="UserData23" port="0"/>
      <tojoint id="n66__IN__0" port="0"/>
    <point x="3.75" y="28.5555555556"/><point x="3.75" y="29.1111111111"/><point x="3.0" y="29.0"/><point x="3.0" y="29.5555555556"/></line>
    <line id="e127__IN__">
      <fromjoint id="n253__OUT__0" port="0"/>
      <tobox id="UserData24" port="0"/>
    <point x="4.5" y="0.666666666667"/><point x="4.5" y="1.11111111111"/><point x="4.5" y="1.22222222222"/><point x="4.5" y="1.66666666667"/></line>
    <line id="e127__OUT__">
      <frombox id="UserData24" port="0"/>
      <tojoint id="n255" port="0"/>
    <point x="4.5" y="2.69444444444"/><point x="4.5" y="3.13888888889"/><point x="4.5" y="3.25"/><point x="4.5" y="3.69444444444"/></line>
    <line id="e128__IN__">
      <fromjoint id="n253__OUT__1" port="0"/>
      <tobox id="UserData2" port="0"/>
    <point x="29.2222222222" y="0.666666666667"/><point x="29.2222222222" y="1.11111111111"/><point x="29.2222222222" y="1.22222222222"/><point x="29.2222222222" y="1.66666666667"/></line>
    <line id="e128__OUT__">
      <frombox id="UserData2" port="0"/>
      <tojoint id="n256" port="0"/>
    <point x="29.2222222222" y="2.69444444444"/><point x="29.2222222222" y="4.63472222222"/><point x="24.9722222222" y="1.75416666667"/><point x="24.9722222222" y="3.69444444444"/></line>
    <line id="e323__IN__">
      <fromjoint id="n255" port="0"/>
      <tobox id="UserData26" port="0"/>
    <point x="4.5" y="4.36111111111"/><point x="4.5" y="4.80555555556"/><point x="4.5" y="4.91666666667"/><point x="4.5" y="5.36111111111"/></line>
    <line id="e323__OUT__">
      <frombox id="UserData26" port="0"/>
      <tojoint id="n462__IN__0" port="0"/>
    <point x="4.5" y="6.38888888889"/><point x="4.5" y="6.83333333333"/><point x="4.5" y="6.94444444444"/><point x="4.5" y="7.38888888889"/></line>
    <line id="e324__IN__">
      <fromjoint id="n462__OUT__0" port="0"/>
      <tobox id="UserData27" port="0"/>
    <point x="4.5" y="15.4444444444"/><point x="4.5" y="15.8888888889"/><point x="4.5" y="16.0"/><point x="4.5" y="16.4444444444"/></line>
    <line id="e324__OUT__">
      <frombox id="UserData27" port="0"/>
      <tojoint id="n463" port="0"/>
    <point x="4.5" y="17.4722222222"/><point x="4.5" y="17.9166666667"/><point x="4.5" y="18.0277777778"/><point x="4.5" y="18.4722222222"/></line>
    <line id="e325__IN__">
      <fromjoint id="n462__OUT__1" port="0"/>
      <tobox id="UserData1" port="8"/>
    <point x="34.5" y="8.05555555556"/><point x="34.5" y="8.97777777778"/><point x="38.2236111111" y="6.96944444444"/><point x="29.875" y="5.375"/><point x="29.3555555556" y="5.27638888889"/><point x="25.1111111111" y="4.83194444444"/><point x="25.1111111111" y="5.36111111111"/></line>
    <line id="e325__OUT__">
      <frombox id="UserData1" port="8"/>
      <tojoint id="n464" port="0"/>
    <point x="25.1111111111" y="6.38888888889"/><point x="25.1111111111" y="7.95972222222"/><point x="28.5" y="5.81805555556"/><point x="28.5" y="7.38888888889"/></line>
    <line id="e326__IN__">
      <fromjoint id="n463" port="0"/>
      <tobox id="UserData29" port="0"/>
    <point x="4.5" y="19.1388888889"/><point x="4.5" y="19.5833333333"/><point x="4.5" y="19.6944444444"/><point x="4.5" y="20.1388888889"/></line>
    <line id="e326__OUT__">
      <frombox id="UserData29" port="0"/>
      <tojoint id="n465__IN__0" port="0"/>
    <point x="4.5" y="21.1666666667"/><point x="4.5" y="21.6638888889"/><point x="5.0" y="21.6694444444"/><point x="5.0" y="22.1666666667"/></line>
    <line id="e327__IN__">
      <fromjoint id="n256" port="0"/>
      <tobox id="UserData2" port="1"/>
    <point x="24.9722222222" y="4.36111111111"/><point x="24.9722222222" y="4.58333333333"/><point x="25.2736111111" y="4.44722222222"/><point x="25.4722222222" y="4.34722222222"/><point x="25.8027777778" y="4.18194444444"/><point x="25.7333333333" y="3.96388888889"/><point x="25.9861111111" y="3.69444444444"/><point x="26.9" y="2.71805555556"/><point x="26.975" y="2.16527777778"/><point x="28.2222222222" y="1.68055555556"/><point x="28.9125" y="1.4125"/><point x="29.8888888889" y="0.926388888889"/><point x="29.8888888889" y="1.66666666667"/></line>
    <line id="e327__OUT__">
      <frombox id="UserData2" port="1"/>
      <tojoint id="n466" port="0"/>
    <point x="29.8888888889" y="2.69444444444"/><point x="29.8888888889" y="3.52638888889"/><point x="31.4722222222" y="2.8625"/><point x="31.4722222222" y="3.69444444444"/></line>
    <line id="e328__IN__">
      <fromjoint id="n466" port="1"/>
      <tobox id="UserData2" port="2"/>
    <point x="31.7222222222" y="4.36111111111"/><point x="31.7222222222" y="4.69444444444"/><point x="32.2388888889" y="4.58472222222"/><point x="32.4722222222" y="4.34722222222"/><point x="33.3055555556" y="3.49722222222"/><point x="33.1111111111" y="2.47222222222"/><point x="32.2222222222" y="1.68055555556"/><point x="31.6694444444" y="1.1875"/><point x="30.5555555556" y="0.926388888889"/><point x="30.5555555556" y="1.66666666667"/></line>
    <line id="e328__OUT__">
      <frombox id="UserData2" port="2"/>
      <tojoint id="n465__IN__1" port="0"/>
    <point x="30.5555555556" y="2.69444444444"/><point x="30.5555555556" y="3.52638888889"/><point x="28.9722222222" y="2.8625"/><point x="28.9722222222" y="3.69444444444"/></line>
    <line id="e329__IN__">
      <fromjoint id="n465__OUT__0" port="0"/>
      <tobox id="UserData32" port="0"/>
    <point x="5.0" y="30.2222222222"/><point x="5.0" y="30.6666666667"/><point x="5.0" y="30.7777777778"/><point x="5.0" y="31.2222222222"/></line>
    <line id="e329__OUT__">
      <frombox id="UserData32" port="0"/>
      <tojoint id="n467" port="0"/>
    <point x="5.0" y="32.25"/><point x="5.0" y="32.6944444444"/><point x="5.0" y="32.8055555556"/><point x="5.0" y="33.25"/></line>
    <line id="e773__IN__">
      <fromjoint id="n464" port="0"/>
      <tobox id="UserData1" port="9"/>
    <point x="28.5" y="8.05555555556"/><point x="28.5" y="8.27777777778"/><point x="28.8111111111" y="8.15833333333"/><point x="29.0" y="8.04166666667"/><point x="29.0263888889" y="8.025"/><point x="30.6361111111" y="6.13888888889"/><point x="29.875" y="5.375"/><point x="29.5694444444" y="5.06805555556"/><point x="25.9722222222" y="4.92777777778"/><point x="25.9722222222" y="5.36111111111"/></line>
    <line id="e773__OUT__">
      <frombox id="UserData1" port="9"/>
      <tojoint id="n863" port="0"/>
    <point x="25.9722222222" y="6.38888888889"/><point x="25.9722222222" y="8.45"/><point x="30.5" y="5.32777777778"/><point x="30.5" y="7.38888888889"/></line>
    <line id="e775__IN__">
      <fromjoint id="n466" port="0"/>
      <tobox id="UserData2" port="3"/>
    <point x="31.2222222222" y="4.36111111111"/><point x="31.2222222222" y="4.79305555556"/><point x="29.9111111111" y="4.66111111111"/><point x="30.4722222222" y="3.69444444444"/><point x="30.5263888889" y="3.60138888889"/><point x="33.6194444444" y="3.09861111111"/><point x="32.2222222222" y="1.68055555556"/><point x="31.9097222222" y="1.36388888889"/><point x="31.2222222222" y="1.22222222222"/><point x="31.2222222222" y="1.66666666667"/></line>
    <line id="e775__OUT__">
      <frombox id="UserData2" port="3"/>
      <tojoint id="n865" port="0"/>
    <point x="31.2222222222" y="2.69444444444"/><point x="31.2222222222" y="3.99444444444"/><point x="33.9722222222" y="2.39444444444"/><point x="33.9722222222" y="3.69444444444"/></line>
    <line id="e846__IN__">
      <fromjoint id="n467" port="0"/>
      <tobox id="UserData35" port="0"/>
    <point x="5.0" y="33.9166666667"/><point x="5.0" y="34.3611111111"/><point x="5.0" y="34.4722222222"/><point x="5.0" y="34.9166666667"/></line>
    <line id="e846__OUT__">
      <frombox id="UserData35" port="0"/>
      <tojoint id="n254__IN__0" port="0"/>
    <point x="5.0" y="35.9444444444"/><point x="5.0" y="36.3888888889"/><point x="5.0" y="36.5"/><point x="5.0" y="36.9444444444"/></line>
    <line id="n468__IN__0___UserData18">
      <fromjoint id="n468__IN__0" port="0"/>
      <tobox id="UserData18" port="1"/>
    <point x="2.5" y="8.05555555556"/><point x="2.5" y="8.5"/><point x="2.5" y="8.61111111111"/><point x="2.5" y="9.05555555556"/></line>
    <line id="UserData20___n468__OUT__0">
      <frombox id="UserData20" port="1"/>
      <tojoint id="n468__OUT__0" port="0"/>
    <point x="2.5" y="13.7777777778"/><point x="2.5" y="14.2222222222"/><point x="2.5" y="14.3333333333"/><point x="2.5" y="14.7777777778"/></line>
    <line id="UserData1___n468__OUT__1">
      <frombox id="UserData1" port="10"/>
      <tojoint id="n468__OUT__1" port="0"/>
    <point x="26.8333333333" y="6.38888888889"/><point x="26.8333333333" y="8.94583333333"/><point x="32.5" y="4.83194444444"/><point x="32.5" y="7.38888888889"/></line>
    <line id="n462__IN__0___UserData18">
      <fromjoint id="n462__IN__0" port="0"/>
      <tobox id="UserData18" port="2"/>
    <point x="4.5" y="8.05555555556"/><point x="4.5" y="8.81666666667"/><point x="3.11111111111" y="8.29444444444"/><point x="3.11111111111" y="9.05555555556"/></line>
    <line id="UserData20___n462__OUT__0">
      <frombox id="UserData20" port="2"/>
      <tojoint id="n462__OUT__0" port="0"/>
    <point x="3.11111111111" y="13.7777777778"/><point x="3.11111111111" y="14.5388888889"/><point x="4.5" y="14.0166666667"/><point x="4.5" y="14.7777777778"/></line>
    <line id="UserData1___n462__OUT__1">
      <frombox id="UserData1" port="11"/>
      <tojoint id="n462__OUT__1" port="0"/>
    <point x="27.7083333333" y="6.38888888889"/><point x="27.7083333333" y="7.91388888889"/><point x="34.5" y="5.86388888889"/><point x="34.5" y="7.38888888889"/></line>
    <line id="n465__IN__0___UserData21">
      <fromjoint id="n465__IN__0" port="0"/>
      <tobox id="UserData21" port="1"/>
    <point x="5.0" y="22.8333333333"/><point x="5.0" y="23.3888888889"/><point x="4.25" y="23.2777777778"/><point x="4.25" y="23.8333333333"/></line>
    <line id="n465__IN__1___UserData1">
      <fromjoint id="n465__IN__1" port="0"/>
      <tobox id="UserData1" port="12"/>
    <point x="28.9722222222" y="4.36111111111"/><point x="28.9722222222" y="4.84027777778"/><point x="28.5694444444" y="4.88194444444"/><point x="28.5694444444" y="5.36111111111"/></line>
    <line id="UserData23___n465__OUT__0">
      <frombox id="UserData23" port="1"/>
      <tojoint id="n465__OUT__0" port="0"/>
    <point x="4.25" y="28.5555555556"/><point x="4.25" y="29.1111111111"/><point x="5.0" y="29.0"/><point x="5.0" y="29.5555555556"/></line>
  </level>
</graph>