<?xml version="1.0" encoding="UTF-8"?>
<!DOCTYPE world SYSTEM "world.dtd">
<world version="1">
 <level name="Storage">
  <linked-edges>
   <edge-set id="Storage0">
    <edgeref id="e101"/>
    <edgeref id="e313"/>
    <edgeref id="e315"/>
   </edge-set>
   <edge-set id="Storage1">
    <edgeref id="e311"/>
    <edgeref id="e312"/>
    <edgeref id="e314"/>
    <edgeref id="e792"/>
    <edgeref id="e132"/>
    <edgeref id="e734"/>
    <edgeref id="e134"/>
    <edgeref id="e136"/>
    <edgeref id="e318"/>
    <edgeref id="e758"/>
   </edge-set>
   <edge-set id="Storage2">
    <edgeref id="e166"/>
    <edgeref id="e307"/>
    <edgeref id="e320"/>
    <edgeref id="e321"/>
    <edgeref id="e781"/>
   </edge-set>
   <edge-set id="Storage3">
    <edgeref id="e100"/>
   </edge-set>
   <edge-set id="Storage5">
    <edgeref id="e309"/>
   </edge-set>
   <edge-set id="Storage6">
    <edgeref id="e310"/>
   </edge-set>
   <edge-set id="Storage13">
    <edgeref id="e837"/>
   </edge-set>
   <edge-set id="Storage14">
    <edgeref id="e131"/>
   </edge-set>
   <edge-set id="Storage17">
    <edgeref id="e852"/>
   </edge-set>
   <edge-set id="Storage18">
    <edgeref id="e133"/>
   </edge-set>
   <edge-set id="Storage20">
    <edgeref id="e841"/>
   </edge-set>
   <edge-set id="Storage21">
    <edgeref id="e135"/>
   </edge-set>
   <edge-set id="Storage23">
    <edgeref id="e819"/>
   </edge-set>
   <edge-set id="Storage24">
    <edgeref id="e165"/>
   </edge-set>
   <edge-set id="Storage27">
    <edgeref id="e306"/>
   </edge-set>
   <edge-set id="Storage28">
    <edgeref id="e316"/>
   </edge-set>
   <edge-set id="Storage29">
    <edgeref id="e317"/>
   </edge-set>
   <edge-set id="Storage31">
    <edgeref id="e319"/>
   </edge-set>
   <edge-set id="Storage34">
    <edgeref id="e322"/>
   </edge-set>
   <edge-set id="Storage37">
    <edgeref id="e803"/>
   </edge-set>
  </linked-edges>
  <boards>
   <board name="Storage-get---Ljava-lang-Object-">
    <node kind="INCOMING" id="n202">
     <input/>
     <output>
      <port num="0" edge="e100"/>
     </output>
     <layout>
      <x>0.00000</x>
      <y>0.00000</y>
     </layout>
    </node>
    <node kind="OUTGOING" id="n203">
     <input>
      <port num="0" edge="e837"/>
      <port num="1" edge="e315"/>
     </input>
     <output/>
     <layout>
      <x>0.37500</x>
      <y>12.94444</y>
     </layout>
    </node>
    <node kind="CONNECT" id="n204">
     <input>
      <port num="0" edge="e100"/>
     </input>
     <output>
      <port num="0" edge="e309"/>
     </output>
     <layout>
      <x>0.00000</x>
      <y>0.75000</y>
     </layout>
    </node>
    <node kind="START_NO_BALL" id="n205">
     <input/>
     <output>
      <port num="0" edge="e101"/>
     </output>
     <layout>
      <x>2.00000</x>
      <y>2.00000</y>
     </layout>
    </node>
    <node kind="CONNECT" id="n206">
     <input>
      <port num="0" edge="e101"/>
     </input>
     <output>
      <port num="0" edge="e313"/>
     </output>
     <layout>
      <x>1.97222</x>
      <y>4.97222</y>
     </layout>
    </node>
    <node kind="SUBBOARD" name="Storage-data--GET" id="n451">
     <input>
      <port num="0" edge="e309"/>
     </input>
     <output>
      <port num="0" edge="e310"/>
      <port num="1" edge="e311"/>
     </output>
     <layout>
      <x>0.00000</x>
      <y>3.25000</y>
     </layout>
    </node>
    <node kind="CONNECT" id="n452">
     <input>
      <port num="0" edge="e310"/>
     </input>
     <output>
      <port num="0" edge="e837"/>
     </output>
     <layout>
      <x>0.09722</x>
      <y>7.47222</y>
     </layout>
    </node>
    <node kind="CONNECT" id="n453">
     <input>
      <port num="0" edge="e311"/>
     </input>
     <output>
      <port num="0" edge="e312"/>
     </output>
     <layout>
      <x>1.00000</x>
      <y>6.22222</y>
     </layout>
    </node>
    <node kind="MERGE" id="n454">
     <input>
      <port num="0" edge="e313"/>
      <port num="1" edge="e314"/>
     </input>
     <output>
      <port num="0" edge="e315"/>
     </output>
     <layout>
      <x>1.69444</x>
      <y>10.44444</y>
     </layout>
    </node>
    <node kind="SPLIT" id="n455">
     <input>
      <port num="0" edge="e312"/>
     </input>
     <output>
      <port num="0" edge="e792"/>
      <port num="1" edge="e314"/>
     </output>
     <layout>
      <x>1.00000</x>
      <y>8.72222</y>
     </layout>
    </node>
    <node kind="END" id="n882">
     <input>
      <port num="0" edge="e792"/>
     </input>
     <output/>
     <layout>
      <x>0.80556</x>
      <y>11.69444</y>
     </layout>
    </node>
    <edge description="this" variableID="-1" pinch="false" width="narrow" editable="false" id="e100" buzzsaw="false">
     <from>
      <noderef id="n202" port="0"/>
     </from>
     <to>
      <noderef id="n204" port="0"/>
     </to>
     <edge-layout>
      <point>
       <x>0.50000</x>
       <y>0.00000</y>
      </point>
      <point>
       <x>0.50000</x>
       <y>0.56486</y>
      </point>
      <point>
       <x>0.50000</x>
       <y>1.23611</y>
      </point>
      <point>
       <x>0.50000</x>
       <y>1.23611</y>
      </point>
     </edge-layout>
    </edge>
    <edge description="Variable 20 at method Storage#get():Ljava/lang/Object; return type; tree Object" variableID="20" pinch="false" width="narrow" editable="true" id="e101" buzzsaw="false">
     <from>
      <noderef id="n205" port="0"/>
     </from>
     <to>
      <noderef id="n206" port="0"/>
     </to>
     <edge-layout>
      <point>
       <x>2.50000</x>
       <y>2.51389</y>
      </point>
      <point>
       <x>2.50000</x>
       <y>2.51389</y>
      </point>
      <point>
       <x>2.47222</x>
       <y>5.45833</y>
      </point>
      <point>
       <x>2.47222</x>
       <y>5.45833</y>
      </point>
     </edge-layout>
    </edge>
    <edge description="this" variableID="-1" pinch="false" width="narrow" editable="false" id="e309" buzzsaw="false">
     <from>
      <noderef id="n204" port="0"/>
     </from>
     <to>
      <noderef id="n451" port="0"/>
     </to>
     <edge-layout>
      <point>
       <x>0.50000</x>
       <y>1.26389</y>
      </point>
      <point>
       <x>0.50000</x>
       <y>1.26389</y>
      </point>
      <point>
       <x>0.50000</x>
       <y>2.36722</y>
      </point>
      <point>
       <x>0.50000</x>
       <y>3.25000</y>
      </point>
     </edge-layout>
    </edge>
    <edge description="this" variableID="-1" pinch="false" width="narrow" editable="false" id="e310" buzzsaw="false">
     <from>
      <noderef id="n451" port="0"/>
     </from>
     <to>
      <noderef id="n452" port="0"/>
     </to>
     <edge-layout>
      <point>
       <x>0.50000</x>
       <y>4.72222</y>
      </point>
      <point>
       <x>0.50000</x>
       <y>6.16111</y>
      </point>
      <point>
       <x>0.59722</x>
       <y>7.95833</y>
      </point>
      <point>
       <x>0.59722</x>
       <y>7.95833</y>
      </point>
     </edge-layout>
    </edge>
    <edge description="Variable 19 at class Storage field data; tree Object" variableID="19" pinch="false" width="narrow" editable="true" id="e311" buzzsaw="false">
     <from>
      <noderef id="n451" port="1"/>
     </from>
     <to>
      <noderef id="n453" port="0"/>
     </to>
     <edge-layout>
      <point>
       <x>1.50000</x>
       <y>4.72222</y>
      </point>
      <point>
       <x>1.50000</x>
       <y>5.60500</y>
      </point>
      <point>
       <x>1.50000</x>
       <y>6.70833</y>
      </point>
      <point>
       <x>1.50000</x>
       <y>6.70833</y>
      </point>
     </edge-layout>
    </edge>
    <edge description="Variable 19 at class Storage field data; tree Object" variableID="19" pinch="false" width="narrow" editable="true" id="e312" buzzsaw="false">
     <from>
      <noderef id="n453" port="0"/>
     </from>
     <to>
      <noderef id="n455" port="0"/>
     </to>
     <edge-layout>
      <point>
       <x>1.50000</x>
       <y>6.73611</y>
      </point>
      <point>
       <x>1.50000</x>
       <y>6.73611</y>
      </point>
      <point>
       <x>1.50000</x>
       <y>9.20833</y>
      </point>
      <point>
       <x>1.50000</x>
       <y>9.20833</y>
      </point>
     </edge-layout>
    </edge>
    <edge description="Variable 20 at method Storage#get():Ljava/lang/Object; return type; tree Object" variableID="20" pinch="false" width="narrow" editable="true" id="e313" buzzsaw="false">
     <from>
      <noderef id="n206" port="0"/>
     </from>
     <to>
      <noderef id="n454" port="0"/>
     </to>
     <edge-layout>
      <point>
       <x>2.47222</x>
       <y>5.48611</y>
      </point>
      <point>
       <x>2.47222</x>
       <y>5.48611</y>
      </point>
      <point>
       <x>2.19444</x>
       <y>10.93056</y>
      </point>
      <point>
       <x>2.19444</x>
       <y>10.93056</y>
      </point>
     </edge-layout>
    </edge>
    <edge description="Variable 19 at class Storage field data; tree Object" variableID="19" pinch="false" width="narrow" editable="true" id="e314" buzzsaw="false">
     <from>
      <noderef id="n455" port="1"/>
     </from>
     <to>
      <noderef id="n454" port="1"/>
     </to>
     <edge-layout>
      <point>
       <x>1.50000</x>
       <y>9.23611</y>
      </point>
      <point>
       <x>1.50000</x>
       <y>9.23611</y>
      </point>
      <point>
       <x>2.19444</x>
       <y>10.93056</y>
      </point>
      <point>
       <x>2.19444</x>
       <y>10.93056</y>
      </point>
     </edge-layout>
    </edge>
    <edge description="Variable 20 at method Storage#get():Ljava/lang/Object; return type; tree Object" variableID="20" pinch="false" width="narrow" editable="true" id="e315" buzzsaw="false">
     <from>
      <noderef id="n454" port="0"/>
     </from>
     <to>
      <noderef id="n203" port="1"/>
     </to>
     <edge-layout>
      <point>
       <x>2.19444</x>
       <y>10.95833</y>
      </point>
      <point>
       <x>2.19444</x>
       <y>10.95833</y>
      </point>
      <point>
       <x>1.87500</x>
       <y>12.05042</y>
      </point>
      <point>
       <x>1.87500</x>
       <y>12.94444</y>
      </point>
     </edge-layout>
    </edge>
    <edge description="Variable 19 at class Storage field data; tree Object" variableID="19" pinch="false" width="narrow" editable="true" id="e792" buzzsaw="false">
     <from>
      <noderef id="n455" port="0"/>
     </from>
     <to>
      <noderef id="n882" port="0"/>
     </to>
     <edge-layout>
      <point>
       <x>1.50000</x>
       <y>9.23611</y>
      </point>
      <point>
       <x>1.50000</x>
       <y>9.23611</y>
      </point>
      <point>
       <x>1.30556</x>
       <y>12.18056</y>
      </point>
      <point>
       <x>1.30556</x>
       <y>12.18056</y>
      </point>
     </edge-layout>
    </edge>
    <edge description="this" variableID="-1" pinch="false" width="narrow" editable="false" id="e837" buzzsaw="false">
     <from>
      <noderef id="n452" port="0"/>
     </from>
     <to>
      <noderef id="n203" port="0"/>
     </to>
     <edge-layout>
      <point>
       <x>0.59722</x>
       <y>7.98611</y>
      </point>
      <point>
       <x>0.59722</x>
       <y>7.98611</y>
      </point>
      <point>
       <x>0.41361</x>
       <y>10.63444</y>
      </point>
      <point>
       <x>0.79167</x>
       <y>12.69444</y>
      </point>
      <point>
       <x>0.81278</x>
       <y>12.80958</y>
      </point>
      <point>
       <x>0.87500</x>
       <y>12.82736</y>
      </point>
      <point>
       <x>0.87500</x>
       <y>12.94444</y>
      </point>
     </edge-layout>
    </edge>
   </board>
   <board name="Storage">
    <node kind="INCOMING" id="n261">
     <input/>
     <output>
      <port num="0" edge="e131"/>
      <port num="1" edge="e132"/>
     </output>
     <layout>
      <x>0.01389</x>
      <y>0.00000</y>
     </layout>
    </node>
    <node kind="OUTGOING" id="n262">
     <input>
      <port num="0" edge="e852"/>
     </input>
     <output/>
     <layout>
      <x>0.00000</x>
      <y>7.68000</y>
     </layout>
    </node>
    <node kind="CONNECT" id="n263">
     <input>
      <port num="0" edge="e131"/>
     </input>
     <output>
      <port num="0" edge="e852"/>
     </output>
     <layout>
      <x>0.00000</x>
      <y>3.41333</y>
     </layout>
    </node>
    <node kind="CONNECT" id="n264">
     <input>
      <port num="0" edge="e132"/>
     </input>
     <output>
      <port num="0" edge="e734"/>
     </output>
     <layout>
      <x>1.04167</x>
      <y>1.28000</y>
     </layout>
    </node>
    <node kind="END" id="n824">
     <input>
      <port num="0" edge="e734"/>
     </input>
     <output/>
     <layout>
      <x>1.04167</x>
      <y>5.54667</y>
     </layout>
    </node>
    <edge description="this" variableID="-1" pinch="false" width="narrow" editable="false" id="e131" buzzsaw="false">
     <from>
      <noderef id="n261" port="0"/>
     </from>
     <to>
      <noderef id="n263" port="0"/>
     </to>
     <edge-layout>
      <point>
       <x>0.51389</x>
       <y>0.00000</y>
      </point>
      <point>
       <x>0.51389</x>
       <y>1.53829</y>
      </point>
      <point>
       <x>0.50000</x>
       <y>3.41333</y>
      </point>
      <point>
       <x>0.50000</x>
       <y>3.41333</y>
      </point>
     </edge-layout>
    </edge>
    <edge description="Variable 19 at class Storage field data; tree Object" variableID="19" pinch="false" width="narrow" editable="true" id="e132" buzzsaw="false">
     <from>
      <noderef id="n261" port="1"/>
     </from>
     <to>
      <noderef id="n264" port="0"/>
     </to>
     <edge-layout>
      <point>
       <x>1.51389</x>
       <y>0.00000</y>
      </point>
      <point>
       <x>1.51389</x>
       <y>0.58506</y>
      </point>
      <point>
       <x>1.54167</x>
       <y>1.28000</y>
      </point>
      <point>
       <x>1.54167</x>
       <y>1.28000</y>
      </point>
     </edge-layout>
    </edge>
    <edge description="Variable 19 at class Storage field data; tree Object" variableID="19" pinch="false" width="narrow" editable="true" id="e734" buzzsaw="false">
     <from>
      <noderef id="n264" port="0"/>
     </from>
     <to>
      <noderef id="n824" port="0"/>
     </to>
     <edge-layout>
      <point>
       <x>1.54167</x>
       <y>1.28000</y>
      </point>
      <point>
       <x>1.54167</x>
       <y>1.28000</y>
      </point>
      <point>
       <x>1.54167</x>
       <y>5.54667</y>
      </point>
      <point>
       <x>1.54167</x>
       <y>5.54667</y>
      </point>
     </edge-layout>
    </edge>
    <edge description="this" variableID="-1" pinch="false" width="narrow" editable="false" id="e852" buzzsaw="false">
     <from>
      <noderef id="n263" port="0"/>
     </from>
     <to>
      <noderef id="n262" port="0"/>
     </to>
     <edge-layout>
      <point>
       <x>0.50000</x>
       <y>3.41333</y>
      </point>
      <point>
       <x>0.50000</x>
       <y>3.41333</y>
      </point>
      <point>
       <x>0.50000</x>
       <y>5.78357</y>
      </point>
      <point>
       <x>0.50000</x>
       <y>7.68000</y>
      </point>
     </edge-layout>
    </edge>
   </board>
   <board name="Storage-data--GET">
    <node kind="INCOMING" id="n265">
     <input/>
     <output>
      <port num="0" edge="e133"/>
     </output>
     <layout>
      <x>0.00000</x>
      <y>0.00000</y>
     </layout>
    </node>
    <node kind="OUTGOING" id="n266">
     <input>
      <port num="0" edge="e841"/>
      <port num="1" edge="e134"/>
     </input>
     <output/>
     <layout>
      <x>0.00000</x>
      <y>7.68000</y>
     </layout>
    </node>
    <node kind="CONNECT" id="n267">
     <input>
      <port num="0" edge="e133"/>
     </input>
     <output>
      <port num="0" edge="e841"/>
     </output>
     <layout>
      <x>0.00000</x>
      <y>3.61026</y>
     </layout>
    </node>
    <node kind="START_PIPE_DEPENDENT_BALL" id="n268">
     <input/>
     <output>
      <port num="0" edge="e134"/>
     </output>
     <layout>
      <x>1.00000</x>
      <y>0.65641</y>
     </layout>
    </node>
    <edge description="this" variableID="-1" pinch="false" width="narrow" editable="false" id="e133" buzzsaw="false">
     <from>
      <noderef id="n265" port="0"/>
     </from>
     <to>
      <noderef id="n267" port="0"/>
     </to>
     <edge-layout>
      <point>
       <x>0.50000</x>
       <y>0.00000</y>
      </point>
      <point>
       <x>0.50000</x>
       <y>1.63233</y>
      </point>
      <point>
       <x>0.50000</x>
       <y>3.61026</y>
      </point>
      <point>
       <x>0.50000</x>
       <y>3.61026</y>
      </point>
     </edge-layout>
    </edge>
    <edge description="Variable 19 at class Storage field data; tree Object" variableID="19" pinch="false" width="narrow" editable="true" id="e134" buzzsaw="false">
     <from>
      <noderef id="n268" port="0"/>
     </from>
     <to>
      <noderef id="n266" port="1"/>
     </to>
     <edge-layout>
      <point>
       <x>1.50000</x>
       <y>0.65641</y>
      </point>
      <point>
       <x>1.50000</x>
       <y>0.65641</y>
      </point>
      <point>
       <x>1.50000</x>
       <y>4.55827</y>
      </point>
      <point>
       <x>1.50000</x>
       <y>7.68000</y>
      </point>
     </edge-layout>
    </edge>
    <edge description="this" variableID="-1" pinch="false" width="narrow" editable="false" id="e841" buzzsaw="false">
     <from>
      <noderef id="n267" port="0"/>
     </from>
     <to>
      <noderef id="n266" port="0"/>
     </to>
     <edge-layout>
      <point>
       <x>0.50000</x>
       <y>3.61026</y>
      </point>
      <point>
       <x>0.50000</x>
       <y>3.61026</y>
      </point>
      <point>
       <x>0.50000</x>
       <y>5.87107</y>
      </point>
      <point>
       <x>0.50000</x>
       <y>7.68000</y>
      </point>
     </edge-layout>
    </edge>
   </board>
   <board name="Storage-data--SET">
    <node kind="INCOMING" id="n269">
     <input/>
     <output>
      <port num="0" edge="e135"/>
      <port num="1" edge="e136"/>
     </output>
     <layout>
      <x>0.00000</x>
      <y>0.00000</y>
     </layout>
    </node>
    <node kind="OUTGOING" id="n270">
     <input>
      <port num="0" edge="e819"/>
     </input>
     <output/>
     <layout>
      <x>0.00000</x>
      <y>7.68000</y>
     </layout>
    </node>
    <node kind="CONNECT" id="n271">
     <input>
      <port num="0" edge="e135"/>
     </input>
     <output>
      <port num="0" edge="e819"/>
     </output>
     <layout>
      <x>0.00000</x>
      <y>1.77231</y>
     </layout>
    </node>
    <node kind="END" id="n272">
     <input>
      <port num="0" edge="e136"/>
     </input>
     <output/>
     <layout>
      <x>1.00000</x>
      <y>4.72615</y>
     </layout>
    </node>
    <edge description="this" variableID="-1" pinch="false" width="narrow" editable="false" id="e135" buzzsaw="false">
     <from>
      <noderef id="n269" port="0"/>
     </from>
     <to>
      <noderef id="n271" port="0"/>
     </to>
     <edge-layout>
      <point>
       <x>0.50000</x>
       <y>0.00000</y>
      </point>
      <point>
       <x>0.50000</x>
       <y>0.80988</y>
      </point>
      <point>
       <x>0.50000</x>
       <y>1.77231</y>
      </point>
      <point>
       <x>0.50000</x>
       <y>1.77231</y>
      </point>
     </edge-layout>
    </edge>
    <edge description="Variable 19 at class Storage field data; tree Object" variableID="19" pinch="false" width="narrow" editable="true" id="e136" buzzsaw="false">
     <from>
      <noderef id="n269" port="1"/>
     </from>
     <to>
      <noderef id="n272" port="0"/>
     </to>
     <edge-layout>
      <point>
       <x>1.50000</x>
       <y>0.00000</y>
      </point>
      <point>
       <x>1.50000</x>
       <y>2.12994</y>
      </point>
      <point>
       <x>1.50000</x>
       <y>4.72615</y>
      </point>
      <point>
       <x>1.50000</x>
       <y>4.72615</y>
      </point>
     </edge-layout>
    </edge>
    <edge description="this" variableID="-1" pinch="false" width="narrow" editable="false" id="e819" buzzsaw="false">
     <from>
      <noderef id="n271" port="0"/>
     </from>
     <to>
      <noderef id="n270" port="0"/>
     </to>
     <edge-layout>
      <point>
       <x>0.50000</x>
       <y>1.77231</y>
      </point>
      <point>
       <x>0.50000</x>
       <y>1.77231</y>
      </point>
      <point>
       <x>0.50000</x>
       <y>5.05418</y>
      </point>
      <point>
       <x>0.50000</x>
       <y>7.68000</y>
      </point>
     </edge-layout>
    </edge>
   </board>
   <board name="Storage-set-Ljava-lang-Object---V">
    <node kind="INCOMING" id="n324">
     <input/>
     <output>
      <port num="0" edge="e165"/>
      <port num="1" edge="e166"/>
     </output>
     <layout>
      <x>0.80556</x>
      <y>0.00000</y>
     </layout>
    </node>
    <node kind="OUTGOING" id="n325">
     <input>
      <port num="0" edge="e803"/>
     </input>
     <output/>
     <layout>
      <x>0.00000</x>
      <y>13.41667</y>
     </layout>
    </node>
    <node kind="CONNECT" id="n326">
     <input>
      <port num="0" edge="e165"/>
     </input>
     <output>
      <port num="0" edge="e316"/>
     </output>
     <layout>
      <x>0.26389</x>
      <y>1.52778</y>
     </layout>
    </node>
    <node kind="CONNECT" id="n327">
     <input>
      <port num="0" edge="e166"/>
     </input>
     <output>
      <port num="0" edge="e307"/>
     </output>
     <layout>
      <x>2.36111</x>
      <y>1.52778</y>
     </layout>
    </node>
    <node kind="START_LARGE_BALL" id="n448">
     <input/>
     <output>
      <port num="0" edge="e306"/>
     </output>
     <layout>
      <x>1.31944</x>
      <y>0.27778</y>
     </layout>
    </node>
    <node kind="MERGE" id="n449">
     <input>
      <port num="0" edge="e307"/>
      <port num="1" edge="e306"/>
     </input>
     <output>
      <port num="0" edge="e320"/>
     </output>
     <layout>
      <x>2.36111</x>
      <y>3.48611</y>
     </layout>
    </node>
    <node kind="SUBBOARD" name="Storage-data--GET" id="n456">
     <input>
      <port num="0" edge="e316"/>
     </input>
     <output>
      <port num="0" edge="e317"/>
      <port num="1" edge="e318"/>
     </output>
     <layout>
      <x>0.11111</x>
      <y>3.25000</y>
     </layout>
    </node>
    <node kind="CONNECT" id="n457">
     <input>
      <port num="0" edge="e317"/>
     </input>
     <output>
      <port num="0" edge="e319"/>
     </output>
     <layout>
      <x>0.06944</x>
      <y>5.44444</y>
     </layout>
    </node>
    <node kind="CONNECT" id="n458">
     <input>
      <port num="0" edge="e318"/>
     </input>
     <output>
      <port num="0" edge="e758"/>
     </output>
     <layout>
      <x>1.12500</x>
      <y>6.69444</y>
     </layout>
    </node>
    <node kind="SUBBOARD" name="Storage-data--SET" id="n459">
     <input>
      <port num="0" edge="e319"/>
      <port num="1" edge="e321"/>
     </input>
     <output>
      <port num="0" edge="e322"/>
     </output>
     <layout>
      <x>0.00000</x>
      <y>7.94444</y>
     </layout>
    </node>
    <node kind="SPLIT" id="n460">
     <input>
      <port num="0" edge="e320"/>
     </input>
     <output>
      <port num="0" edge="e781"/>
      <port num="1" edge="e321"/>
     </output>
     <layout>
      <x>2.36111</x>
      <y>5.44444</y>
     </layout>
    </node>
    <node kind="CONNECT" id="n461">
     <input>
      <port num="0" edge="e322"/>
     </input>
     <output>
      <port num="0" edge="e803"/>
     </output>
     <layout>
      <x>0.00000</x>
      <y>10.91667</y>
     </layout>
    </node>
    <node kind="END" id="n848">
     <input>
      <port num="0" edge="e758"/>
     </input>
     <output/>
     <layout>
      <x>2.00000</x>
      <y>9.66667</y>
     </layout>
    </node>
    <node kind="END" id="n871">
     <input>
      <port num="0" edge="e781"/>
     </input>
     <output/>
     <layout>
      <x>2.79167</x>
      <y>12.16667</y>
     </layout>
    </node>
    <edge description="this" variableID="-1" pinch="false" width="narrow" editable="false" id="e165" buzzsaw="false">
     <from>
      <noderef id="n324" port="0"/>
     </from>
     <to>
      <noderef id="n326" port="0"/>
     </to>
     <edge-layout>
      <point>
       <x>1.30556</x>
       <y>0.00000</y>
      </point>
      <point>
       <x>1.30556</x>
       <y>0.23847</y>
      </point>
      <point>
       <x>1.01250</x>
       <y>0.09792</y>
      </point>
      <point>
       <x>0.90278</x>
       <y>0.27778</y>
      </point>
      <point>
       <x>0.49986</x>
       <y>0.93861</y>
      </point>
      <point>
       <x>0.76389</x>
       <y>2.01389</y>
      </point>
      <point>
       <x>0.76389</x>
       <y>2.01389</y>
      </point>
     </edge-layout>
    </edge>
    <edge description="Variable 18 at method Storage#set(Ljava/lang/Object;):V parameter 0; tree Object" variableID="18" pinch="false" width="narrow" editable="true" id="e166" buzzsaw="false">
     <from>
      <noderef id="n324" port="1"/>
     </from>
     <to>
      <noderef id="n327" port="0"/>
     </to>
     <edge-layout>
      <point>
       <x>2.30556</x>
       <y>0.00000</y>
      </point>
      <point>
       <x>2.30556</x>
       <y>0.15486</y>
      </point>
      <point>
       <x>2.39833</x>
       <y>0.15931</y>
      </point>
      <point>
       <x>2.44444</x>
       <y>0.27778</y>
      </point>
      <point>
       <x>2.73236</x>
       <y>1.01722</y>
      </point>
      <point>
       <x>2.86111</x>
       <y>2.01389</y>
      </point>
      <point>
       <x>2.86111</x>
       <y>2.01389</y>
      </point>
     </edge-layout>
    </edge>
    <edge description="Variable 18 at method Storage#set(Ljava/lang/Object;):V parameter 0; tree Object" variableID="18" pinch="false" width="narrow" editable="true" id="e307" buzzsaw="false">
     <from>
      <noderef id="n327" port="0"/>
     </from>
     <to>
      <noderef id="n449" port="0"/>
     </to>
     <edge-layout>
      <point>
       <x>2.86111</x>
       <y>2.04167</y>
      </point>
      <point>
       <x>2.86111</x>
       <y>2.04167</y>
      </point>
      <point>
       <x>2.86111</x>
       <y>3.97222</y>
      </point>
      <point>
       <x>2.86111</x>
       <y>3.97222</y>
      </point>
     </edge-layout>
    </edge>
    <edge description="null literal" variableID="-1" pinch="false" width="narrow" editable="false" id="e306" buzzsaw="false">
     <from>
      <noderef id="n448" port="0"/>
     </from>
     <to>
      <noderef id="n449" port="1"/>
     </to>
     <edge-layout>
      <point>
       <x>1.81944</x>
       <y>0.79167</y>
      </point>
      <point>
       <x>1.81944</x>
       <y>0.79167</y>
      </point>
      <point>
       <x>1.70208</x>
       <y>1.79319</y>
      </point>
      <point>
       <x>1.94444</x>
       <y>2.52778</y>
      </point>
      <point>
       <x>2.18264</x>
       <y>3.24986</y>
      </point>
      <point>
       <x>2.86111</x>
       <y>3.97222</y>
      </point>
      <point>
       <x>2.86111</x>
       <y>3.97222</y>
      </point>
     </edge-layout>
    </edge>
    <edge description="this" variableID="-1" pinch="false" width="narrow" editable="false" id="e316" buzzsaw="false">
     <from>
      <noderef id="n326" port="0"/>
     </from>
     <to>
      <noderef id="n456" port="0"/>
     </to>
     <edge-layout>
      <point>
       <x>0.76389</x>
       <y>2.04167</y>
      </point>
      <point>
       <x>0.76389</x>
       <y>2.04167</y>
      </point>
      <point>
       <x>0.61111</x>
       <y>2.70875</y>
      </point>
      <point>
       <x>0.61111</x>
       <y>3.25000</y>
      </point>
     </edge-layout>
    </edge>
    <edge description="this" variableID="-1" pinch="false" width="narrow" editable="false" id="e317" buzzsaw="false">
     <from>
      <noderef id="n456" port="0"/>
     </from>
     <to>
      <noderef id="n457" port="0"/>
     </to>
     <edge-layout>
      <point>
       <x>0.61111</x>
       <y>4.72222</y>
      </point>
      <point>
       <x>0.61111</x>
       <y>5.25958</y>
      </point>
      <point>
       <x>0.56944</x>
       <y>5.93056</y>
      </point>
      <point>
       <x>0.56944</x>
       <y>5.93056</y>
      </point>
     </edge-layout>
    </edge>
    <edge description="Variable 19 at class Storage field data; tree Object" variableID="19" pinch="false" width="narrow" editable="true" id="e318" buzzsaw="false">
     <from>
      <noderef id="n456" port="1"/>
     </from>
     <to>
      <noderef id="n458" port="0"/>
     </to>
     <edge-layout>
      <point>
       <x>1.61111</x>
       <y>4.72222</y>
      </point>
      <point>
       <x>1.61111</x>
       <y>5.81486</y>
      </point>
      <point>
       <x>1.62500</x>
       <y>7.18056</y>
      </point>
      <point>
       <x>1.62500</x>
       <y>7.18056</y>
      </point>
     </edge-layout>
    </edge>
    <edge description="this" variableID="-1" pinch="false" width="narrow" editable="false" id="e319" buzzsaw="false">
     <from>
      <noderef id="n457" port="0"/>
     </from>
     <to>
      <noderef id="n459" port="0"/>
     </to>
     <edge-layout>
      <point>
       <x>0.56944</x>
       <y>5.95833</y>
      </point>
      <point>
       <x>0.56944</x>
       <y>5.95833</y>
      </point>
      <point>
       <x>0.50000</x>
       <y>7.06125</y>
      </point>
      <point>
       <x>0.50000</x>
       <y>7.94444</y>
      </point>
     </edge-layout>
    </edge>
    <edge description="Variable 18 at method Storage#set(Ljava/lang/Object;):V parameter 0; tree Object" variableID="18" pinch="false" width="narrow" editable="true" id="e320" buzzsaw="false">
     <from>
      <noderef id="n449" port="0"/>
     </from>
     <to>
      <noderef id="n460" port="0"/>
     </to>
     <edge-layout>
      <point>
       <x>2.86111</x>
       <y>4.00000</y>
      </point>
      <point>
       <x>2.86111</x>
       <y>4.00000</y>
      </point>
      <point>
       <x>2.86111</x>
       <y>5.93056</y>
      </point>
      <point>
       <x>2.86111</x>
       <y>5.93056</y>
      </point>
     </edge-layout>
    </edge>
    <edge description="Variable 18 at method Storage#set(Ljava/lang/Object;):V parameter 0; tree Object" variableID="18" pinch="false" width="narrow" editable="true" id="e321" buzzsaw="false">
     <from>
      <noderef id="n460" port="1"/>
     </from>
     <to>
      <noderef id="n459" port="1"/>
     </to>
     <edge-layout>
      <point>
       <x>2.86111</x>
       <y>5.95833</y>
      </point>
      <point>
       <x>2.86111</x>
       <y>5.95833</y>
      </point>
      <point>
       <x>2.83319</x>
       <y>7.12083</y>
      </point>
      <point>
       <x>2.25000</x>
       <y>7.69444</y>
      </point>
      <point>
       <x>1.99944</x>
       <y>7.94083</y>
      </point>
      <point>
       <x>1.50000</x>
       <y>7.59306</y>
      </point>
      <point>
       <x>1.50000</x>
       <y>7.94444</y>
      </point>
     </edge-layout>
    </edge>
    <edge description="this" variableID="-1" pinch="false" width="narrow" editable="false" id="e322" buzzsaw="false">
     <from>
      <noderef id="n459" port="0"/>
     </from>
     <to>
      <noderef id="n461" port="0"/>
     </to>
     <edge-layout>
      <point>
       <x>0.50000</x>
       <y>9.41667</y>
      </point>
      <point>
       <x>0.50000</x>
       <y>10.29944</y>
      </point>
      <point>
       <x>0.50000</x>
       <y>11.40278</y>
      </point>
      <point>
       <x>0.50000</x>
       <y>11.40278</y>
      </point>
     </edge-layout>
    </edge>
    <edge description="Variable 19 at class Storage field data; tree Object" variableID="19" pinch="false" width="narrow" editable="true" id="e758" buzzsaw="false">
     <from>
      <noderef id="n458" port="0"/>
     </from>
     <to>
      <noderef id="n848" port="0"/>
     </to>
     <edge-layout>
      <point>
       <x>1.62500</x>
       <y>7.20833</y>
      </point>
      <point>
       <x>1.62500</x>
       <y>7.20833</y>
      </point>
      <point>
       <x>1.97736</x>
       <y>7.57750</y>
      </point>
      <point>
       <x>2.12500</x>
       <y>7.94444</y>
      </point>
      <point>
       <x>2.49653</x>
       <y>8.86806</y>
      </point>
      <point>
       <x>2.50000</x>
       <y>10.15278</y>
      </point>
      <point>
       <x>2.50000</x>
       <y>10.15278</y>
      </point>
     </edge-layout>
    </edge>
    <edge description="Variable 18 at method Storage#set(Ljava/lang/Object;):V parameter 0; tree Object" variableID="18" pinch="false" width="narrow" editable="true" id="e781" buzzsaw="false">
     <from>
      <noderef id="n460" port="0"/>
     </from>
     <to>
      <noderef id="n871" port="0"/>
     </to>
     <edge-layout>
      <point>
       <x>2.86111</x>
       <y>5.95833</y>
      </point>
      <point>
       <x>2.86111</x>
       <y>5.95833</y>
      </point>
      <point>
       <x>3.03861</x>
       <y>6.35597</y>
      </point>
      <point>
       <x>3.09722</x>
       <y>6.69444</y>
      </point>
      <point>
       <x>3.54944</x>
       <y>9.30514</y>
      </point>
      <point>
       <x>3.29167</x>
       <y>12.65278</y>
      </point>
      <point>
       <x>3.29167</x>
       <y>12.65278</y>
      </point>
     </edge-layout>
    </edge>
    <edge description="this" variableID="-1" pinch="false" width="narrow" editable="false" id="e803" buzzsaw="false">
     <from>
      <noderef id="n461" port="0"/>
     </from>
     <to>
      <noderef id="n325" port="0"/>
     </to>
     <edge-layout>
      <point>
       <x>0.50000</x>
       <y>11.43056</y>
      </point>
      <point>
       <x>0.50000</x>
       <y>11.43056</y>
      </point>
      <point>
       <x>0.50000</x>
       <y>12.53389</y>
      </point>
      <point>
       <x>0.50000</x>
       <y>13.41667</y>
      </point>
     </edge-layout>
    </edge>
   </board>
  </boards>
 </level>
 </world>
