<?xml version="1.0" encoding="UTF-8" standalone="no"?><world><level name="net_sf_picard_analysis_directed_InsertSizeCollectorArgs">
  <linked-edges>
   <edge-set id="net_sf_picard_analysis_directed_InsertSizeCollectorArgs0">
    <edgeref id="e767"/>
    <edgeref id="e32744"/>
    <edgeref id="e32745"/>
    <edgeref id="e54594"/>
   </edge-set>
   <edge-set id="net_sf_picard_analysis_directed_InsertSizeCollectorArgs1">
    <edgeref id="e32742"/>
    <edgeref id="e63454"/>
    <edgeref id="e32736"/>
    <edgeref id="e32737"/>
    <edgeref id="e32739"/>
    <edgeref id="e63453"/>
    <edgeref id="e12502"/>
    <edgeref id="e61231"/>
    <edgeref id="e12504"/>
    <edgeref id="e12506"/>
   </edge-set>
   <edge-set id="net_sf_picard_analysis_directed_InsertSizeCollectorArgs2">
    <edgeref id="e3805"/>
    <edgeref id="e32738"/>
    <edgeref id="e56121"/>
   </edge-set>
   <edge-set id="net_sf_picard_analysis_directed_InsertSizeCollectorArgs3">
    <edgeref id="e766"/>
   </edge-set>
   <edge-set id="net_sf_picard_analysis_directed_InsertSizeCollectorArgs5">
    <edgeref id="e32740"/>
   </edge-set>
   <edge-set id="net_sf_picard_analysis_directed_InsertSizeCollectorArgs6">
    <edgeref id="e32741"/>
   </edge-set>
   <edge-set id="net_sf_picard_analysis_directed_InsertSizeCollectorArgs8">
    <edgeref id="e32743"/>
   </edge-set>
   <edge-set id="net_sf_picard_analysis_directed_InsertSizeCollectorArgs11">
    <edgeref id="e32746"/>
   </edge-set>
   <edge-set id="net_sf_picard_analysis_directed_InsertSizeCollectorArgs14">
    <edgeref id="e65431"/>
   </edge-set>
   <edge-set id="net_sf_picard_analysis_directed_InsertSizeCollectorArgs15">
    <edgeref id="e3804"/>
   </edge-set>
   <edge-set id="net_sf_picard_analysis_directed_InsertSizeCollectorArgs17">
    <edgeref id="e32734"/>
   </edge-set>
   <edge-set id="net_sf_picard_analysis_directed_InsertSizeCollectorArgs18">
    <edgeref id="e32735"/>
   </edge-set>
   <edge-set id="net_sf_picard_analysis_directed_InsertSizeCollectorArgs25">
    <edgeref id="e66522"/>
   </edge-set>
   <edge-set id="net_sf_picard_analysis_directed_InsertSizeCollectorArgs26">
    <edgeref id="e12501"/>
   </edge-set>
   <edge-set id="net_sf_picard_analysis_directed_InsertSizeCollectorArgs29">
    <edgeref id="e68597"/>
   </edge-set>
   <edge-set id="net_sf_picard_analysis_directed_InsertSizeCollectorArgs30">
    <edgeref id="e12503"/>
   </edge-set>
   <edge-set id="net_sf_picard_analysis_directed_InsertSizeCollectorArgs32">
    <edgeref id="e68598"/>
   </edge-set>
   <edge-set id="net_sf_picard_analysis_directed_InsertSizeCollectorArgs33">
    <edgeref id="e12505"/>
   </edge-set>
   <edge-set id="net_sf_picard_analysis_directed_InsertSizeCollectorArgs35">
    <edgeref id="e68599"/>
   </edge-set>
   <edge-set id="net_sf_picard_analysis_directed_InsertSizeCollectorArgs36">
    <edgeref id="e32188"/>
   </edge-set>
   <edge-set id="net_sf_picard_analysis_directed_InsertSizeCollectorArgs37">
    <edgeref id="e68979"/>
   </edge-set>
  </linked-edges>
  <boards>
   <board name="net_sf_picard_analysis_directed_InsertSizeCollectorArgs--init--ILamPairUtil-PairOrientation---V">
    <node id="n1666" kind="INCOMING">
     <input/>
     <output>
      <port edge="e767" num="inParam1"/>
      <port edge="e766" num="inReceiver"/>
     </output>
     <layout>
      <x>0_63889</x>
      <y>0_0000000000</y>
     </layout>
    </node>
    <node id="n1667" kind="OUTGOING">
     <input>
      <port edge="e65431" num="outReceiver"/>
     </input>
     <output/>
     <layout>
      <x>0_88889</x>
      <y>13_47222</y>
     </layout>
    </node>
    <node id="n1668" kind="CONNECT">
     <input>
      <port edge="e766" num="input"/>
     </input>
     <output>
      <port edge="e32740" num="output"/>
     </output>
     <layout>
      <x>1_65278</x>
      <y>0_77778</y>
     </layout>
    </node>
    <node id="n1669" kind="CONNECT">
     <input>
      <port edge="e767" num="input"/>
     </input>
     <output>
      <port edge="e32744" num="output"/>
     </output>
     <layout>
      <x>0_61111</x>
      <y>2_02778</y>
     </layout>
    </node>
    <node id="n43627" kind="SUBBOARD" name="net_sf_picard_analysis_directed_InsertSizeCollectorArgs-po--GET">
     <input>
      <port edge="e32740" num="inReceiver"/>
     </input>
     <output>
      <port edge="e32741" num="outReceiver"/>
      <port edge="e32742" num="outputReturn1"/>
     </output>
     <layout>
      <x>1_72222</x>
      <y>3_27778</y>
     </layout>
    </node>
    <node id="n43628" kind="CONNECT">
     <input>
      <port edge="e32741" num="input"/>
     </input>
     <output>
      <port edge="e32743" num="output"/>
     </output>
     <layout>
      <x>1_72222</x>
      <y>5_50000</y>
     </layout>
    </node>
    <node id="n43629" kind="CONNECT">
     <input>
      <port edge="e32742" num="input"/>
     </input>
     <output>
      <port edge="e63454" num="output"/>
     </output>
     <layout>
      <x>2_76389</x>
      <y>6_75000</y>
     </layout>
    </node>
    <node id="n43630" kind="SUBBOARD" name="net_sf_picard_analysis_directed_InsertSizeCollectorArgs-po--SET">
     <input>
      <port edge="e32743" num="inReceiver"/>
      <port edge="e32745" num="output_1"/>
     </input>
     <output>
      <port edge="e32746" num="outReceiver"/>
     </output>
     <layout>
      <x>0_88889</x>
      <y>8_00000</y>
     </layout>
    </node>
    <node id="n43631" kind="SPLIT">
     <input>
      <port edge="e32744" num="input"/>
     </input>
     <output>
      <port edge="e54594" num="output"/>
      <port edge="e32745" num="split"/>
     </output>
     <layout>
      <x>0_47222</x>
      <y>5_50000</y>
     </layout>
    </node>
    <node id="n43632" kind="CONNECT">
     <input>
      <port edge="e32746" num="input"/>
     </input>
     <output>
      <port edge="e65431" num="output"/>
     </output>
     <layout>
      <x>0_88889</x>
      <y>10_97222</y>
     </layout>
    </node>
    <node id="n64063" kind="END">
     <input>
      <port edge="e54594" num="input"/>
     </input>
     <output/>
     <layout>
      <x>0_0000000000</x>
      <y>9_72222</y>
     </layout>
    </node>
    <node id="n72258" kind="END">
     <input>
      <port edge="e63454" num="input"/>
     </input>
     <output/>
     <layout>
      <x>2_77778</x>
      <y>12_22222</y>
     </layout>
    </node>
    <edge buzzsaw="false" description="this" editable="true" id="e766" pinch="false" variableID="-1" width="narrow">
     <from>
      <noderef id="n1666" port="inReceiver"/>
     </from>
     <to>
      <noderef id="n1668" port="input"/>
     </to>
     <edge-layout>
      <point>
       <x>2_12500</x>
       <y>0_0000000000</y>
      </point>
      <point>
       <x>2_12500</x>
       <y>0_57736</y>
      </point>
      <point>
       <x>2_15278</x>
       <y>1_26389</y>
      </point>
      <point>
       <x>2_15278</x>
       <y>1_26389</y>
      </point>
     </edge-layout>
    </edge>
    <edge buzzsaw="false" description="Variable 4889 at method net_sf_picard_analysis_directed_InsertSizeCollectorArgs#&lt;init&gt;(ILamPairUtil/PairOrientation;):V parameter 1; tree SamPairUtil_PairOrientation" editable="true" id="e767" pinch="false" variableID="4889" width="narrow">
     <from>
      <noderef id="n1666" port="inParam1"/>
     </from>
     <to>
      <noderef id="n1669" port="input"/>
     </to>
     <edge-layout>
      <point>
       <x>1_13889</x>
       <y>0_0000000000</y>
      </point>
      <point>
       <x>1_13889</x>
       <y>1_13278</y>
      </point>
      <point>
       <x>1_11111</x>
       <y>2_51389</y>
      </point>
      <point>
       <x>1_11111</x>
       <y>2_51389</y>
      </point>
     </edge-layout>
    </edge>
    <edge buzzsaw="false" description="this" editable="true" id="e32740" pinch="false" variableID="-1" width="narrow">
     <from>
      <noderef id="n1668" port="output"/>
     </from>
     <to>
      <noderef id="n43627" port="inReceiver"/>
     </to>
     <edge-layout>
      <point>
       <x>2_15278</x>
       <y>1_29167</y>
      </point>
      <point>
       <x>2_15278</x>
       <y>1_29167</y>
      </point>
      <point>
       <x>2_22222</x>
       <y>2_39458</y>
      </point>
      <point>
       <x>2_22222</x>
       <y>3_27778</y>
      </point>
     </edge-layout>
    </edge>
    <edge buzzsaw="false" description="this" editable="true" id="e32741" pinch="false" variableID="-1" width="narrow">
     <from>
      <noderef id="n43627" port="outReceiver"/>
     </from>
     <to>
      <noderef id="n43628" port="input"/>
     </to>
     <edge-layout>
      <point>
       <x>2_22222</x>
       <y>4_75000</y>
      </point>
      <point>
       <x>2_22222</x>
       <y>5_29944</y>
      </point>
      <point>
       <x>2_22222</x>
       <y>5_98611</y>
      </point>
      <point>
       <x>2_22222</x>
       <y>5_98611</y>
      </point>
     </edge-layout>
    </edge>
    <edge buzzsaw="false" description="Variable 5037 at class net_sf_picard_analysis_directed_InsertSizeCollectorArgs field po; tree SamPairUtil_PairOrientation" editable="true" id="e32742" pinch="false" variableID="5037" width="narrow">
     <from>
      <noderef id="n43627" port="outputReturn1"/>
     </from>
     <to>
      <noderef id="n43629" port="input"/>
     </to>
     <edge-layout>
      <point>
       <x>3_22222</x>
       <y>4_75000</y>
      </point>
      <point>
       <x>3_22222</x>
       <y>5_85514</y>
      </point>
      <point>
       <x>3_26389</x>
       <y>7_23611</y>
      </point>
      <point>
       <x>3_26389</x>
       <y>7_23611</y>
      </point>
     </edge-layout>
    </edge>
    <edge buzzsaw="false" description="this" editable="true" id="e32743" pinch="false" variableID="-1" width="narrow">
     <from>
      <noderef id="n43628" port="output"/>
     </from>
     <to>
      <noderef id="n43630" port="inReceiver"/>
     </to>
     <edge-layout>
      <point>
       <x>2_22222</x>
       <y>6_01389</y>
      </point>
      <point>
       <x>2_22222</x>
       <y>6_01389</y>
      </point>
      <point>
       <x>2_12611</x>
       <y>7_43694</y>
      </point>
      <point>
       <x>1_88889</x>
       <y>7_75000</y>
      </point>
      <point>
       <x>1_73889</x>
       <y>7_94806</y>
      </point>
      <point>
       <x>1_38889</x>
       <y>7_75153</y>
      </point>
      <point>
       <x>1_38889</x>
       <y>8_00000</y>
      </point>
     </edge-layout>
    </edge>
    <edge buzzsaw="false" description="Variable 4889 at method net_sf_picard_analysis_directed_InsertSizeCollectorArgs#&lt;init&gt;(ILamPairUtil/PairOrientation;):V parameter 1; tree SamPairUtil_PairOrientation" editable="true" id="e32744" pinch="false" variableID="4889" width="narrow">
     <from>
      <noderef id="n1669" port="output"/>
     </from>
     <to>
      <noderef id="n43631" port="input"/>
     </to>
     <edge-layout>
      <point>
       <x>1_11111</x>
       <y>2_54167</y>
      </point>
      <point>
       <x>1_11111</x>
       <y>2_54167</y>
      </point>
      <point>
       <x>0_97222</x>
       <y>5_98611</y>
      </point>
      <point>
       <x>0_97222</x>
       <y>5_98611</y>
      </point>
     </edge-layout>
    </edge>
    <edge buzzsaw="false" description="Variable 4889 at method net_sf_picard_analysis_directed_InsertSizeCollectorArgs#&lt;init&gt;(ILamPairUtil/PairOrientation;):V parameter 1; tree SamPairUtil_PairOrientation" editable="true" id="e32745" pinch="false" variableID="4889" width="narrow">
     <from>
      <noderef id="n43631" port="split"/>
     </from>
     <to>
      <noderef id="n43630" port="output_1"/>
     </to>
     <edge-layout>
      <point>
       <x>0_97222</x>
       <y>6_01389</y>
      </point>
      <point>
       <x>0_97222</x>
       <y>6_01389</y>
      </point>
      <point>
       <x>1_07139</x>
       <y>7_46778</y>
      </point>
      <point>
       <x>1_34722</x>
       <y>7_75000</y>
      </point>
      <point>
       <x>1_68000</x>
       <y>8_09042</y>
      </point>
      <point>
       <x>2_38889</x>
       <y>7_52389</y>
      </point>
      <point>
       <x>2_38889</x>
       <y>8_00000</y>
      </point>
     </edge-layout>
    </edge>
    <edge buzzsaw="false" description="this" editable="true" id="e32746" pinch="false" variableID="-1" width="narrow">
     <from>
      <noderef id="n43630" port="outReceiver"/>
     </from>
     <to>
      <noderef id="n43632" port="input"/>
     </to>
     <edge-layout>
      <point>
       <x>1_38889</x>
       <y>9_47222</y>
      </point>
      <point>
       <x>1_38889</x>
       <y>10_35500</y>
      </point>
      <point>
       <x>1_38889</x>
       <y>11_45833</y>
      </point>
      <point>
       <x>1_38889</x>
       <y>11_45833</y>
      </point>
     </edge-layout>
    </edge>
    <edge buzzsaw="false" description="Variable 4889 at method net_sf_picard_analysis_directed_InsertSizeCollectorArgs#&lt;init&gt;(ILamPairUtil/PairOrientation;):V parameter 1; tree SamPairUtil_PairOrientation" editable="true" id="e54594" pinch="false" variableID="4889" width="narrow">
     <from>
      <noderef id="n43631" port="output"/>
     </from>
     <to>
      <noderef id="n64063" port="input"/>
     </to>
     <edge-layout>
      <point>
       <x>0_97222</x>
       <y>6_01389</y>
      </point>
      <point>
       <x>0_97222</x>
       <y>6_01389</y>
      </point>
      <point>
       <x>0_63181</x>
       <y>6_38222</y>
      </point>
      <point>
       <x>0_52778</x>
       <y>6_75000</y>
      </point>
      <point>
       <x>0_10944</x>
       <y>8_22903</y>
      </point>
      <point>
       <x>0_50000</x>
       <y>10_20833</y>
      </point>
      <point>
       <x>0_50000</x>
       <y>10_20833</y>
      </point>
     </edge-layout>
    </edge>
    <edge buzzsaw="false" description="Variable 5037 at class net_sf_picard_analysis_directed_InsertSizeCollectorArgs field po; tree SamPairUtil_PairOrientation" editable="true" id="e63454" pinch="false" variableID="5037" width="narrow">
     <from>
      <noderef id="n43629" port="output"/>
     </from>
     <to>
      <noderef id="n72258" port="input"/>
     </to>
     <edge-layout>
      <point>
       <x>3_26389</x>
       <y>7_26389</y>
      </point>
      <point>
       <x>3_26389</x>
       <y>7_26389</y>
      </point>
      <point>
       <x>3_27778</x>
       <y>12_70833</y>
      </point>
      <point>
       <x>3_27778</x>
       <y>12_70833</y>
      </point>
     </edge-layout>
    </edge>
    <edge buzzsaw="false" description="this" editable="false" id="e65431" pinch="false" variableID="-1" width="wide">
     <from>
      <noderef id="n43632" port="output"/>
     </from>
     <to>
      <noderef id="n1667" port="outReceiver"/>
     </to>
     <edge-layout>
      <point>
       <x>1_38889</x>
       <y>11_48611</y>
      </point>
      <point>
       <x>1_38889</x>
       <y>11_48611</y>
      </point>
      <point>
       <x>1_38889</x>
       <y>12_58944</y>
      </point>
      <point>
       <x>1_38889</x>
       <y>13_47222</y>
      </point>
     </edge-layout>
    </edge>
   </board>
   <board name="net_sf_picard_analysis_directed_InsertSizeCollectorArgs-getPairOrientation---LamPairUtil-PairOrientation-">
    <node id="n7896" kind="INCOMING">
     <input/>
     <output>
      <port edge="e3804" num="inReceiver"/>
     </output>
     <layout>
      <x>0_0000000000</x>
      <y>0_0000000000</y>
     </layout>
    </node>
    <node id="n7897" kind="OUTGOING">
     <input>
      <port edge="e66522" num="outReceiver"/>
      <port edge="e56121" num="outputReturn1"/>
     </input>
     <output/>
     <layout>
      <x>0_33333</x>
      <y>13_00000</y>
     </layout>
    </node>
    <node id="n7898" kind="CONNECT">
     <input>
      <port edge="e3804" num="input"/>
     </input>
     <output>
      <port edge="e32734" num="output"/>
     </output>
     <layout>
      <x>0_0000000000</x>
      <y>0_77778</y>
     </layout>
    </node>
    <node id="n7899" kind="START_NO_BALL">
     <input/>
     <output>
      <port edge="e3805" num="output"/>
     </output>
     <layout>
      <x>2_30556</x>
      <y>2_02778</y>
     </layout>
    </node>
    <node id="n7900" kind="CONNECT">
     <input>
      <port edge="e3805" num="input"/>
     </input>
     <output>
      <port edge="e32738" num="output"/>
     </output>
     <layout>
      <x>2_30556</x>
      <y>5_00000</y>
     </layout>
    </node>
    <node id="n43622" kind="SUBBOARD" name="net_sf_picard_analysis_directed_InsertSizeCollectorArgs-po--GET">
     <input>
      <port edge="e32734" num="inReceiver"/>
     </input>
     <output>
      <port edge="e32735" num="outReceiver"/>
      <port edge="e32736" num="outputReturn1"/>
     </output>
     <layout>
      <x>0_0000000000</x>
      <y>3_27778</y>
     </layout>
    </node>
    <node id="n43623" kind="CONNECT">
     <input>
      <port edge="e32735" num="input"/>
     </input>
     <output>
      <port edge="e66522" num="output"/>
     </output>
     <layout>
      <x>0_0000000000</x>
      <y>7_50000</y>
     </layout>
    </node>
    <node id="n43624" kind="CONNECT">
     <input>
      <port edge="e32736" num="input"/>
     </input>
     <output>
      <port edge="e32737" num="output"/>
     </output>
     <layout>
      <x>1_00000</x>
      <y>6_25000</y>
     </layout>
    </node>
    <node id="n43625" kind="MERGE">
     <input>
      <port edge="e32738" num="left"/>
      <port edge="e32739" num="right"/>
     </input>
     <output>
      <port edge="e56121" num="output"/>
     </output>
     <layout>
      <x>1_69444</x>
      <y>10_50000</y>
     </layout>
    </node>
    <node id="n43626" kind="SPLIT">
     <input>
      <port edge="e32737" num="input"/>
     </input>
     <output>
      <port edge="e63453" num="output"/>
      <port edge="e32739" num="split"/>
     </output>
     <layout>
      <x>1_00000</x>
      <y>8_75000</y>
     </layout>
    </node>
    <node id="n72257" kind="END">
     <input>
      <port edge="e63453" num="input"/>
     </input>
     <output/>
     <layout>
      <x>0_80556</x>
      <y>11_75000</y>
     </layout>
    </node>
    <edge buzzsaw="false" description="this" editable="true" id="e3804" pinch="false" variableID="-1" width="narrow">
     <from>
      <noderef id="n7896" port="inReceiver"/>
     </from>
     <to>
      <noderef id="n7898" port="input"/>
     </to>
     <edge-layout>
      <point>
       <x>0_50000</x>
       <y>0_0000000000</y>
      </point>
      <point>
       <x>0_50000</x>
       <y>0_57722</y>
      </point>
      <point>
       <x>0_50000</x>
       <y>1_26389</y>
      </point>
      <point>
       <x>0_50000</x>
       <y>1_26389</y>
      </point>
     </edge-layout>
    </edge>
    <edge buzzsaw="false" description="Variable 4923 at method net_sf_picard_analysis_directed_InsertSizeCollectorArgs#getPairOrientation():LamPairUtil/PairOrientation; return type; tree SamPairUtil_PairOrientation" editable="true" id="e3805" pinch="false" variableID="4923" width="narrow">
     <from>
      <noderef id="n7899" port="output"/>
     </from>
     <to>
      <noderef id="n7900" port="input"/>
     </to>
     <edge-layout>
      <point>
       <x>2_80556</x>
       <y>2_54167</y>
      </point>
      <point>
       <x>2_80556</x>
       <y>2_54167</y>
      </point>
      <point>
       <x>2_80556</x>
       <y>5_48611</y>
      </point>
      <point>
       <x>2_80556</x>
       <y>5_48611</y>
      </point>
     </edge-layout>
    </edge>
    <edge buzzsaw="false" description="this" editable="true" id="e32734" pinch="false" variableID="-1" width="narrow">
     <from>
      <noderef id="n7898" port="output"/>
     </from>
     <to>
      <noderef id="n43622" port="inReceiver"/>
     </to>
     <edge-layout>
      <point>
       <x>0_50000</x>
       <y>1_29167</y>
      </point>
      <point>
       <x>0_50000</x>
       <y>1_29167</y>
      </point>
      <point>
       <x>0_50000</x>
       <y>2_39500</y>
      </point>
      <point>
       <x>0_50000</x>
       <y>3_27778</y>
      </point>
     </edge-layout>
    </edge>
    <edge buzzsaw="false" description="this" editable="true" id="e32735" pinch="false" variableID="-1" width="narrow">
     <from>
      <noderef id="n43622" port="outReceiver"/>
     </from>
     <to>
      <noderef id="n43623" port="input"/>
     </to>
     <edge-layout>
      <point>
       <x>0_50000</x>
       <y>4_75000</y>
      </point>
      <point>
       <x>0_50000</x>
       <y>6_18833</y>
      </point>
      <point>
       <x>0_50000</x>
       <y>7_98611</y>
      </point>
      <point>
       <x>0_50000</x>
       <y>7_98611</y>
      </point>
     </edge-layout>
    </edge>
    <edge buzzsaw="false" description="Variable 5037 at class net_sf_picard_analysis_directed_InsertSizeCollectorArgs field po; tree SamPairUtil_PairOrientation" editable="true" id="e32736" pinch="false" variableID="5037" width="narrow">
     <from>
      <noderef id="n43622" port="outputReturn1"/>
     </from>
     <to>
      <noderef id="n43624" port="input"/>
     </to>
     <edge-layout>
      <point>
       <x>1_50000</x>
       <y>4_75000</y>
      </point>
      <point>
       <x>1_50000</x>
       <y>5_63278</y>
      </point>
      <point>
       <x>1_50000</x>
       <y>6_73611</y>
      </point>
      <point>
       <x>1_50000</x>
       <y>6_73611</y>
      </point>
     </edge-layout>
    </edge>
    <edge buzzsaw="false" description="Variable 5037 at class net_sf_picard_analysis_directed_InsertSizeCollectorArgs field po; tree SamPairUtil_PairOrientation" editable="true" id="e32737" pinch="false" variableID="5037" width="narrow">
     <from>
      <noderef id="n43624" port="output"/>
     </from>
     <to>
      <noderef id="n43626" port="input"/>
     </to>
     <edge-layout>
      <point>
       <x>1_50000</x>
       <y>6_76389</y>
      </point>
      <point>
       <x>1_50000</x>
       <y>6_76389</y>
      </point>
      <point>
       <x>1_50000</x>
       <y>9_23611</y>
      </point>
      <point>
       <x>1_50000</x>
       <y>9_23611</y>
      </point>
     </edge-layout>
    </edge>
    <edge buzzsaw="false" description="Variable 4923 at method net_sf_picard_analysis_directed_InsertSizeCollectorArgs#getPairOrientation():LamPairUtil/PairOrientation; return type; tree SamPairUtil_PairOrientation" editable="true" id="e32738" pinch="false" variableID="4923" width="narrow">
     <from>
      <noderef id="n7900" port="output"/>
     </from>
     <to>
      <noderef id="n43625" port="left"/>
     </to>
     <edge-layout>
      <point>
       <x>2_80556</x>
       <y>5_51389</y>
      </point>
      <point>
       <x>2_80556</x>
       <y>5_51389</y>
      </point>
      <point>
       <x>2_86750</x>
       <y>8_18181</y>
      </point>
      <point>
       <x>2_44444</x>
       <y>10_25000</y>
      </point>
      <point>
       <x>2_37528</x>
       <y>10_58847</y>
      </point>
      <point>
       <x>2_19444</x>
       <y>10_98611</y>
      </point>
      <point>
       <x>2_19444</x>
       <y>10_98611</y>
      </point>
     </edge-layout>
    </edge>
    <edge buzzsaw="false" description="Variable 5037 at class net_sf_picard_analysis_directed_InsertSizeCollectorArgs field po; tree SamPairUtil_PairOrientation" editable="true" id="e32739" pinch="false" variableID="5037" width="narrow">
     <from>
      <noderef id="n43626" port="split"/>
     </from>
     <to>
      <noderef id="n43625" port="right"/>
     </to>
     <edge-layout>
      <point>
       <x>1_50000</x>
       <y>9_26389</y>
      </point>
      <point>
       <x>1_50000</x>
       <y>9_26389</y>
      </point>
      <point>
       <x>1_67264</x>
       <y>9_67167</y>
      </point>
      <point>
       <x>1_80556</x>
       <y>10_00000</y>
      </point>
      <point>
       <x>1_98222</x>
       <y>10_43667</y>
      </point>
      <point>
       <x>2_19444</x>
       <y>10_98611</y>
      </point>
      <point>
       <x>2_19444</x>
       <y>10_98611</y>
      </point>
     </edge-layout>
    </edge>
    <edge buzzsaw="false" description="Variable 4923 at method net_sf_picard_analysis_directed_InsertSizeCollectorArgs#getPairOrientation():LamPairUtil/PairOrientation; return type; tree SamPairUtil_PairOrientation" editable="true" id="e56121" pinch="false" variableID="4923" width="narrow">
     <from>
      <noderef id="n43625" port="output"/>
     </from>
     <to>
      <noderef id="n7897" port="outputReturn1"/>
     </to>
     <edge-layout>
      <point>
       <x>2_19444</x>
       <y>11_01389</y>
      </point>
      <point>
       <x>2_19444</x>
       <y>11_01389</y>
      </point>
      <point>
       <x>1_81944</x>
       <y>12_77542</y>
      </point>
      <point>
       <x>1_81944</x>
       <y>13_00000</y>
      </point>
     </edge-layout>
    </edge>
    <edge buzzsaw="false" description="Variable 5037 at class net_sf_picard_analysis_directed_InsertSizeCollectorArgs field po; tree SamPairUtil_PairOrientation" editable="true" id="e63453" pinch="false" variableID="5037" width="narrow">
     <from>
      <noderef id="n43626" port="output"/>
     </from>
     <to>
      <noderef id="n72257" port="input"/>
     </to>
     <edge-layout>
      <point>
       <x>1_50000</x>
       <y>9_26389</y>
      </point>
      <point>
       <x>1_50000</x>
       <y>9_26389</y>
      </point>
      <point>
       <x>1_31694</x>
       <y>9_66056</y>
      </point>
      <point>
       <x>1_26389</x>
       <y>10_00000</y>
      </point>
      <point>
       <x>1_11028</x>
       <y>10_98208</y>
      </point>
      <point>
       <x>1_30556</x>
       <y>12_23611</y>
      </point>
      <point>
       <x>1_30556</x>
       <y>12_23611</y>
      </point>
     </edge-layout>
    </edge>
    <edge buzzsaw="false" description="this" editable="false" id="e66522" pinch="false" variableID="-1" width="wide">
     <from>
      <noderef id="n43623" port="output"/>
     </from>
     <to>
      <noderef id="n7897" port="outReceiver"/>
     </to>
     <edge-layout>
      <point>
       <x>0_50000</x>
       <y>8_01389</y>
      </point>
      <point>
       <x>0_50000</x>
       <y>8_01389</y>
      </point>
      <point>
       <x>0_12431</x>
       <y>10_72194</y>
      </point>
      <point>
       <x>0_69444</x>
       <y>12_75000</y>
      </point>
      <point>
       <x>0_72889</x>
       <y>12_87236</y>
      </point>
      <point>
       <x>0_83333</x>
       <y>12_87292</y>
      </point>
      <point>
       <x>0_83333</x>
       <y>13_00000</y>
      </point>
     </edge-layout>
    </edge>
   </board>
   <board name="net_sf_picard_analysis_directed_InsertSizeCollectorArgs">
    <node id="n23995" kind="INCOMING">
     <input/>
     <output>
      <port edge="e12501" num="inReceiver"/>
      <port edge="e12502" num="output_1"/>
     </output>
     <layout>
      <x>0_05556</x>
      <y>0_0000000000</y>
     </layout>
    </node>
    <node id="n23996" kind="OUTGOING">
     <input>
      <port edge="e68597" num="outReceiver"/>
     </input>
     <output/>
     <layout>
      <x>0_0000000000</x>
      <y>7_68000</y>
     </layout>
    </node>
    <node id="n23997" kind="CONNECT">
     <input>
      <port edge="e12501" num="input"/>
     </input>
     <output>
      <port edge="e68597" num="output"/>
     </output>
     <layout>
      <x>0_01389</x>
      <y>3_43951</y>
     </layout>
    </node>
    <node id="n23998" kind="CONNECT">
     <input>
      <port edge="e12502" num="input"/>
     </input>
     <output>
      <port edge="e61231" num="output"/>
     </output>
     <layout>
      <x>1_22222</x>
      <y>1_31926</y>
     </layout>
    </node>
    <node id="n70062" kind="END">
     <input>
      <port edge="e61231" num="input"/>
     </input>
     <output/>
     <layout>
      <x>1_23611</x>
      <y>5_55975</y>
     </layout>
    </node>
    <edge buzzsaw="false" description="this" editable="true" id="e12501" pinch="false" variableID="-1" width="narrow">
     <from>
      <noderef id="n23995" port="inReceiver"/>
     </from>
     <to>
      <noderef id="n23997" port="input"/>
     </to>
     <edge-layout>
      <point>
       <x>0_55556</x>
       <y>0_0000000000</y>
      </point>
      <point>
       <x>0_55556</x>
       <y>1_55006</y>
      </point>
      <point>
       <x>0_51389</x>
       <y>3_43951</y>
      </point>
      <point>
       <x>0_51389</x>
       <y>3_43951</y>
      </point>
     </edge-layout>
    </edge>
    <edge buzzsaw="false" description="Variable 5037 at class net_sf_picard_analysis_directed_InsertSizeCollectorArgs field po; tree SamPairUtil_PairOrientation" editable="true" id="e12502" pinch="false" variableID="5037" width="narrow">
     <from>
      <noderef id="n23995" port="output_1"/>
     </from>
     <to>
      <noderef id="n23998" port="input"/>
     </to>
     <edge-layout>
      <point>
       <x>1_54167</x>
       <y>0_0000000000</y>
      </point>
      <point>
       <x>1_54167</x>
       <y>0_60860</y>
      </point>
      <point>
       <x>1_72222</x>
       <y>1_31926</y>
      </point>
      <point>
       <x>1_72222</x>
       <y>1_31926</y>
      </point>
     </edge-layout>
    </edge>
    <edge buzzsaw="false" description="Variable 5037 at class net_sf_picard_analysis_directed_InsertSizeCollectorArgs field po; tree SamPairUtil_PairOrientation" editable="true" id="e61231" pinch="false" variableID="5037" width="narrow">
     <from>
      <noderef id="n23998" port="output"/>
     </from>
     <to>
      <noderef id="n70062" port="input"/>
     </to>
     <edge-layout>
      <point>
       <x>1_72222</x>
       <y>1_31926</y>
      </point>
      <point>
       <x>1_72222</x>
       <y>1_31926</y>
      </point>
      <point>
       <x>1_73611</x>
       <y>5_55975</y>
      </point>
      <point>
       <x>1_73611</x>
       <y>5_55975</y>
      </point>
     </edge-layout>
    </edge>
    <edge buzzsaw="false" description="this" editable="false" id="e68597" pinch="false" variableID="-1" width="wide">
     <from>
      <noderef id="n23997" port="output"/>
     </from>
     <to>
      <noderef id="n23996" port="outReceiver"/>
     </to>
     <edge-layout>
      <point>
       <x>0_51389</x>
       <y>3_43951</y>
      </point>
      <point>
       <x>0_51389</x>
       <y>3_43951</y>
      </point>
      <point>
       <x>0_50000</x>
       <y>5_79521</y>
      </point>
      <point>
       <x>0_50000</x>
       <y>7_68000</y>
      </point>
     </edge-layout>
    </edge>
   </board>
   <board name="net_sf_picard_analysis_directed_InsertSizeCollectorArgs-po--GET">
    <node id="n23999" kind="INCOMING">
     <input/>
     <output>
      <port edge="e12503" num="inReceiver"/>
     </output>
     <layout>
      <x>0_0000000000</x>
      <y>0_0000000000</y>
     </layout>
    </node>
    <node id="n24000" kind="OUTGOING">
     <input>
      <port edge="e68598" num="outReceiver"/>
      <port edge="e12504" num="outputReturn1"/>
     </input>
     <output/>
     <layout>
      <x>0_05556</x>
      <y>7_68000</y>
     </layout>
    </node>
    <node id="n24001" kind="CONNECT">
     <input>
      <port edge="e12503" num="input"/>
     </input>
     <output>
      <port edge="e68598" num="output"/>
     </output>
     <layout>
      <x>0_02778</x>
      <y>3_57966</y>
     </layout>
    </node>
    <node id="n24002" kind="START_PIPE_DEPENDENT_BALL">
     <input/>
     <output>
      <port edge="e12504" num="output"/>
     </output>
     <layout>
      <x>1_05556</x>
      <y>0_65085</y>
     </layout>
    </node>
    <edge buzzsaw="false" description="this" editable="true" id="e12503" pinch="false" variableID="-1" width="narrow">
     <from>
      <noderef id="n23999" port="inReceiver"/>
     </from>
     <to>
      <noderef id="n24001" port="input"/>
     </to>
     <edge-layout>
      <point>
       <x>0_50000</x>
       <y>0_0000000000</y>
      </point>
      <point>
       <x>0_50000</x>
       <y>0_25181</y>
      </point>
      <point>
       <x>0_45681</x>
       <y>0_29254</y>
      </point>
      <point>
       <x>0_44444</x>
       <y>0_49375</y>
      </point>
      <point>
       <x>0_39597</x>
       <y>1_27905</y>
      </point>
      <point>
       <x>0_41944</x>
       <y>1_48247</y>
      </point>
      <point>
       <x>0_44444</x>
       <y>2_27123</y>
      </point>
      <point>
       <x>0_46306</x>
       <y>2_85558</y>
      </point>
      <point>
       <x>0_52778</x>
       <y>3_57966</y>
      </point>
      <point>
       <x>0_52778</x>
       <y>3_57966</y>
      </point>
     </edge-layout>
    </edge>
    <edge buzzsaw="false" description="Variable 5037 at class net_sf_picard_analysis_directed_InsertSizeCollectorArgs field po; tree SamPairUtil_PairOrientation" editable="true" id="e12504" pinch="false" variableID="5037" width="narrow">
     <from>
      <noderef id="n24002" port="output"/>
     </from>
     <to>
      <noderef id="n24000" port="outputReturn1"/>
     </to>
     <edge-layout>
      <point>
       <x>1_55556</x>
       <y>0_65085</y>
      </point>
      <point>
       <x>1_55556</x>
       <y>0_65085</y>
      </point>
      <point>
       <x>1_54167</x>
       <y>4_55576</y>
      </point>
      <point>
       <x>1_54167</x>
       <y>7_68000</y>
      </point>
     </edge-layout>
    </edge>
    <edge buzzsaw="false" description="this" editable="true" id="e68598" pinch="false" variableID="-1" width="narrow">
     <from>
      <noderef id="n24001" port="output"/>
     </from>
     <to>
      <noderef id="n24000" port="outReceiver"/>
     </to>
     <edge-layout>
      <point>
       <x>0_52778</x>
       <y>3_57966</y>
      </point>
      <point>
       <x>0_52778</x>
       <y>3_57966</y>
      </point>
      <point>
       <x>0_55556</x>
       <y>5_85696</y>
      </point>
      <point>
       <x>0_55556</x>
       <y>7_68000</y>
      </point>
     </edge-layout>
    </edge>
   </board>
   <board name="net_sf_picard_analysis_directed_InsertSizeCollectorArgs-po--SET">
    <node id="n24003" kind="INCOMING">
     <input/>
     <output>
      <port edge="e12505" num="inReceiver"/>
      <port edge="e12506" num="output_1"/>
     </output>
     <layout>
      <x>0_04167</x>
      <y>0_0000000000</y>
     </layout>
    </node>
    <node id="n24004" kind="OUTGOING">
     <input>
      <port edge="e68599" num="outReceiver"/>
     </input>
     <output/>
     <layout>
      <x>0_0000000000</x>
      <y>7_68000</y>
     </layout>
    </node>
    <node id="n24005" kind="CONNECT">
     <input>
      <port edge="e12505" num="input"/>
     </input>
     <output>
      <port edge="e68599" num="output"/>
     </output>
     <layout>
      <x>0_01389</x>
      <y>1_82237</y>
     </layout>
    </node>
    <node id="n24006" kind="END">
     <input>
      <port edge="e12506" num="input"/>
     </input>
     <output/>
     <layout>
      <x>1_05556</x>
      <y>4_75119</y>
     </layout>
    </node>
    <edge buzzsaw="false" description="this" editable="true" id="e12505" pinch="false" variableID="-1" width="narrow">
     <from>
      <noderef id="n24003" port="inReceiver"/>
     </from>
     <to>
      <noderef id="n24005" port="input"/>
     </to>
     <edge-layout>
      <point>
       <x>0_54167</x>
       <y>0_0000000000</y>
      </point>
      <point>
       <x>0_54167</x>
       <y>0_83248</y>
      </point>
      <point>
       <x>0_51389</x>
       <y>1_82237</y>
      </point>
      <point>
       <x>0_51389</x>
       <y>1_82237</y>
      </point>
     </edge-layout>
    </edge>
    <edge buzzsaw="false" description="Variable 5037 at class net_sf_picard_analysis_directed_InsertSizeCollectorArgs field po; tree SamPairUtil_PairOrientation" editable="true" id="e12506" pinch="false" variableID="5037" width="narrow">
     <from>
      <noderef id="n24003" port="output_1"/>
     </from>
     <to>
      <noderef id="n24006" port="input"/>
     </to>
     <edge-layout>
      <point>
       <x>1_52778</x>
       <y>0_0000000000</y>
      </point>
      <point>
       <x>1_52778</x>
       <y>2_14092</y>
      </point>
      <point>
       <x>1_55556</x>
       <y>4_75119</y>
      </point>
      <point>
       <x>1_55556</x>
       <y>4_75119</y>
      </point>
     </edge-layout>
    </edge>
    <edge buzzsaw="false" description="this" editable="true" id="e68599" pinch="false" variableID="-1" width="narrow">
     <from>
      <noderef id="n24005" port="output"/>
     </from>
     <to>
      <noderef id="n24004" port="outReceiver"/>
     </to>
     <edge-layout>
      <point>
       <x>0_51389</x>
       <y>1_82237</y>
      </point>
      <point>
       <x>0_51389</x>
       <y>1_82237</y>
      </point>
      <point>
       <x>0_45986</x>
       <y>3_02544</y>
      </point>
      <point>
       <x>0_44444</x>
       <y>3_99338</y>
      </point>
      <point>
       <x>0_42361</x>
       <y>5_30254</y>
      </point>
      <point>
       <x>0_39597</x>
       <y>5_63966</y>
      </point>
      <point>
       <x>0_44444</x>
       <y>6_94268</y>
      </point>
      <point>
       <x>0_45681</x>
       <y>7_27652</y>
      </point>
      <point>
       <x>0_50000</x>
       <y>7_34411</y>
      </point>
      <point>
       <x>0_50000</x>
       <y>7_68000</y>
      </point>
     </edge-layout>
    </edge>
   </board>
   <board name="net_sf_picard_analysis_directed_InsertSizeCollectorArgs-getInsertSize---I">
    <node id="n43116" kind="INCOMING">
     <input/>
     <output>
      <port edge="e32188" num="inReceiver"/>
     </output>
     <layout>
      <x>0_0000000000</x>
      <y>0_0000000000</y>
     </layout>
    </node>
    <node id="n43117" kind="OUTGOING">
     <input>
      <port edge="e68979" num="outReceiver"/>
     </input>
     <output/>
     <layout>
      <x>0_0000000000</x>
      <y>7_68000</y>
     </layout>
    </node>
    <node id="n43118" kind="CONNECT">
     <input>
      <port edge="e32188" num="input"/>
     </input>
     <output>
      <port edge="e68979" num="output"/>
     </output>
     <layout>
      <x>0_0000000000</x>
      <y>2_36308</y>
     </layout>
    </node>
    <edge buzzsaw="false" description="this" editable="true" id="e32188" pinch="false" variableID="-1" width="narrow">
     <from>
      <noderef id="n43116" port="inReceiver"/>
     </from>
     <to>
      <noderef id="n43118" port="input"/>
     </to>
     <edge-layout>
      <point>
       <x>0_50000</x>
       <y>0_0000000000</y>
      </point>
      <point>
       <x>0_50000</x>
       <y>1_07923</y>
      </point>
      <point>
       <x>0_50000</x>
       <y>2_36308</y>
      </point>
      <point>
       <x>0_50000</x>
       <y>2_36308</y>
      </point>
     </edge-layout>
    </edge>
    <edge buzzsaw="false" description="this" editable="false" id="e68979" pinch="false" variableID="-1" width="wide">
     <from>
      <noderef id="n43118" port="output"/>
     </from>
     <to>
      <noderef id="n43117" port="outReceiver"/>
     </to>
     <edge-layout>
      <point>
       <x>0_50000</x>
       <y>2_36308</y>
      </point>
      <point>
       <x>0_50000</x>
       <y>2_36308</y>
      </point>
      <point>
       <x>0_50000</x>
       <y>5_31666</y>
      </point>
      <point>
       <x>0_50000</x>
       <y>7_68000</y>
      </point>
     </edge-layout>
    </edge>
   </board>
  </boards>
 </level></world>