<graph id="world">
  <level id="net_sf_picard_analysis_directed_HsMetrics">
    <box height="1.01" id="net_sf_picard_analysis_directed_HsMetrics0" lines="4" width="4.0" x="9.57" y="2.61" visible="true"/>
    <box height="1.01" id="net_sf_picard_analysis_directed_HsMetrics1" lines="4" width="4.0" x="21.94" y="2.61" visible="true"/>
    <box height="1.01" id="net_sf_picard_analysis_directed_HsMetrics2" lines="1" width="1.0" x="4.50" y="2.61" visible="true"/>
    <box height="1.01" id="net_sf_picard_analysis_directed_HsMetrics7" lines="1" width="1.0" x="4.50" y="6.66" visible="true"/>
    <box height="1.01" id="net_sf_picard_analysis_directed_HsMetrics8" lines="1" width="1.0" x="27.60" y="2.61" visible="true"/>
    <box height="1.01" id="net_sf_picard_analysis_directed_HsMetrics10" lines="1" width="1.0" x="27.60" y="6.66" visible="true"/>
    <box height="1.01" id="net_sf_picard_analysis_directed_HsMetrics11" lines="1" width="1.0" x="29.60" y="2.61" visible="true"/>
    <box height="1.01" id="net_sf_picard_analysis_directed_HsMetrics13" lines="1" width="1.0" x="29.60" y="6.66" visible="true"/>
    <box height="1.01" id="net_sf_picard_analysis_directed_HsMetrics14" lines="1" width="1.0" x="0.50" y="2.61" visible="true"/>
    <box height="1.01" id="net_sf_picard_analysis_directed_HsMetrics16" lines="1" width="1.0" x="0.50" y="6.66" visible="true"/>
    <box height="1.01" id="net_sf_picard_analysis_directed_HsMetrics17" lines="1" width="1.0" x="2.50" y="2.61" visible="true"/>
    <box height="1.01" id="net_sf_picard_analysis_directed_HsMetrics19" lines="1" width="1.0" x="2.50" y="6.66" visible="true"/>
    <box height="1.01" id="net_sf_picard_analysis_directed_HsMetrics20" lines="1" width="1.0" x="17.60" y="2.61" visible="true"/>
    <box height="1.01" id="net_sf_picard_analysis_directed_HsMetrics21" lines="1" width="1.0" x="17.60" y="6.66" visible="true"/>
    <box height="1.01" id="net_sf_picard_analysis_directed_HsMetrics22" lines="1" width="1.0" x="16.50" y="10.72" visible="true"/>
    <box height="1.01" id="net_sf_picard_analysis_directed_HsMetrics23" lines="1" width="1.0" x="14.50" y="4.64" visible="true"/>
    <box height="1.01" id="net_sf_picard_analysis_directed_HsMetrics24" lines="1" width="1.0" x="18.50" y="10.72" visible="true"/>
    <box height="1.01" id="net_sf_picard_analysis_directed_HsMetrics25" lines="1" width="1.0" x="14.50" y="8.69" visible="true"/>
    <box height="1.01" id="EXT__net_sf_picard_metrics_MultilevelMetrics--init----V__XIN__inReceiver" lines="1" width="1.0" x="16.50" y="14.28" visible="true"/>
    <box height="1.01" id="EXT__net_sf_picard_metrics_MultilevelMetrics--init----V__XOUT__outReceiver" lines="1" width="1.0" x="14.50" y="0.58" visible="true"/>
    <joint height="0.51" id="n17817__OUT__inReceiver" inputs="0" outputs="1" width="1.0" x="0.5" y="0.58"/>
    <joint height="0.51" id="n17822__IN__outReceiver" inputs="1" outputs="0" width="1.0" x="2.5" y="8.69"/>
    <joint height="0.51" id="n10368" inputs="1" outputs="1" width="1.0" x="4.50" y="4.64" visible="true"/>
    <joint height="0.51" id="n10369" inputs="1" outputs="1" width="1.0" x="8.50" y="0.58" visible="true"/>
    <joint height="0.51" id="n45375__IN__outReceiver" inputs="1" outputs="0" width="1.0" x="14.5" y="10.72"/>
    <joint height="0.51" id="n45380" inputs="1" outputs="0" width="1.0" x="18.5" y="12.5"/>
    <joint height="0.51" id="n17819" inputs="1" outputs="1" width="1.0" x="0.50" y="4.64" visible="true"/>
    <joint height="0.51" id="n45377__OUT__outReceiver" inputs="1" outputs="1" width="1.0" x="14.50" y="2.61" visible="true"/>
    <joint height="0.51" id="n17821__OUT__inReceiver" inputs="0" outputs="1" width="1.0" x="2.5" y="0.58"/>
    <joint height="0.51" id="n68116" inputs="1" outputs="0" width="1.0" x="21.6" y="4.64"/>
    <joint height="0.51" id="n17816" inputs="1" outputs="1" width="1.0" x="19.60" y="4.64" visible="true"/>
    <joint height="0.51" id="n45374__OUT__inReceiver" inputs="0" outputs="1" width="1.0" x="17.6" y="0.58"/>
    <joint height="0.51" id="n45377__IN__inReceiver" inputs="1" outputs="1" width="1.0" x="16.50" y="12.50" visible="true"/>
    <joint height="0.51" id="n45376" inputs="1" outputs="1" width="1.0" x="17.60" y="4.64" visible="true"/>
    <joint height="0.51" id="n10371__IN__outputReturn1" inputs="1" outputs="0" width="1.0" x="9.94" y="4.64"/>
    <joint height="0.51" id="n10374__OUT__output_1" inputs="0" outputs="1" width="1.0" x="12.5" y="0.58"/>
    <joint height="0.51" id="n10370__OUT__inReceiver" inputs="0" outputs="1" width="1.0" x="27.6" y="0.58"/>
    <joint height="0.51" id="n10373" inputs="0" outputs="1" width="1.0" x="10.5" y="0.58"/>
    <joint height="0.51" id="n10372" inputs="1" outputs="1" width="1.0" x="27.60" y="4.64" visible="true"/>
    <joint height="0.51" id="n17818__IN__outputReturn1" inputs="1" outputs="0" width="1.0" x="23.6" y="4.64"/>
    <joint height="0.51" id="n10377" inputs="1" outputs="0" width="1.0" x="11.94" y="4.64"/>
    <joint height="0.51" id="n10376" inputs="1" outputs="1" width="1.0" x="29.60" y="4.64" visible="true"/>
    <joint height="0.51" id="n17818__IN__outReceiver" inputs="1" outputs="0" width="1.0" x="0.5" y="8.69"/>
    <joint height="0.51" id="n17823" inputs="1" outputs="1" width="1.0" x="2.50" y="4.64" visible="true"/>
    <joint height="0.51" id="n17820" inputs="0" outputs="1" width="1.0" x="22.31" y="0.58"/>
    <joint height="0.51" id="n17824" inputs="1" outputs="0" width="1.0" x="25.6" y="4.64"/>
    <joint height="0.51" id="n45378" inputs="1" outputs="2" width="2.0" x="17.60" y="8.69" visible="true"/>
    <joint height="0.51" id="n10367__IN__outReceiver" inputs="1" outputs="0" width="1.0" x="4.5" y="8.69"/>
    <joint height="0.51" id="n10374__OUT__inReceiver" inputs="0" outputs="1" width="1.0" x="29.6" y="0.58"/>
    <joint height="0.51" id="n45379" inputs="1" outputs="1" width="1.0" x="14.50" y="6.66" visible="true"/>
    <joint height="0.51" id="n10371__IN__outReceiver" inputs="1" outputs="0" width="1.0" x="27.6" y="8.69"/>
    <joint height="0.51" id="n66094" inputs="1" outputs="0" width="1.0" x="7.94" y="4.64"/>
    <joint height="0.51" id="n10375__IN__outReceiver" inputs="1" outputs="0" width="1.0" x="29.6" y="8.69"/>
    <joint height="0.51" id="n10366__OUT__output_2" inputs="0" outputs="1" width="1.0" x="20.31" y="0.58"/>
    <joint height="0.51" id="n10366__OUT__output_1" inputs="0" outputs="1" width="1.0" x="6.5" y="0.58"/>
    <joint height="0.51" id="n10366__OUT__inReceiver" inputs="0" outputs="1" width="1.0" x="4.5" y="0.58"/>
    <joint height="0.51" id="n17821__OUT__output_1" inputs="0" outputs="1" width="1.0" x="24.31" y="0.58"/>
    <line id="e5080__IN__">
      <fromjoint id="n10366__OUT__inReceiver" port="0"/>
      <tobox id="net_sf_picard_analysis_directed_HsMetrics2" port="0"/>
      <point x="4.49" y="0.85"/>
      <point x="4.49" y="2.1"/>
    </line>
    <line id="e5080__OUT__" visible="true">
      <frombox id="net_sf_picard_analysis_directed_HsMetrics2" port="0"/>
      <tojoint id="n10368" port="input"/>
      <point x="4.49" y="3.11"/>
      <point x="4.49" y="3.54"/>
      <point x="4.49" y="3.54"/>
      <point x="4.49" y="3.96"/>
      <point x="4.49" y="3.96"/>
      <point x="4.49" y="4.38"/>
    </line>
    <line id="e5081__IN__">
      <fromjoint id="n10366__OUT__output_1" port="0"/>
      <tobox id="net_sf_picard_analysis_directed_HsMetrics0" port="0"/>
      <point x="6.49" y="0.85"/>
      <point x="8.51" y="2.1"/>
    </line>
    <line id="e5081__OUT__" visible="true">
      <frombox id="net_sf_picard_analysis_directed_HsMetrics0" port="0"/>
      <tojoint id="n10369" port="input"/>
      <point x="8.51" y="3.11"/>
      <point x="8.51" y="3.53"/>
      <point x="8.50" y="3.53"/>
      <point x="8.50" y="-0.10"/>
      <point x="8.49" y="-0.10"/>
      <point x="8.49" y="0.33"/>
    </line>
    <line id="e9062__IN__">
      <fromjoint id="n10366__OUT__output_2" port="0"/>
      <tobox id="net_sf_picard_analysis_directed_HsMetrics1" port="0"/>
      <point x="20.29" y="0.85"/>
      <point x="20.89" y="2.1"/>
    </line>
    <line id="e9062__OUT__" visible="true">
      <frombox id="net_sf_picard_analysis_directed_HsMetrics1" port="0"/>
      <tojoint id="n17816" port="input"/>
      <point x="20.89" y="3.11"/>
      <point x="20.89" y="3.54"/>
      <point x="20.23" y="3.54"/>
      <point x="20.23" y="3.96"/>
      <point x="19.58" y="3.96"/>
      <point x="19.58" y="4.38"/>
    </line>
    <line id="e56834__IN__" visible="true">
      <fromjoint id="n10369" port="output"/>
      <tobox id="net_sf_picard_analysis_directed_HsMetrics0" port="1"/>
      <point x="8.49" y="0.83"/>
      <point x="8.49" y="1.26"/>
      <point x="8.85" y="1.26"/>
      <point x="8.85" y="1.68"/>
      <point x="9.21" y="1.68"/>
      <point x="9.21" y="2.10"/>
    </line>
    <line id="e56834__OUT__">
      <frombox id="net_sf_picard_analysis_directed_HsMetrics0" port="1"/>
      <tojoint id="n66094" port="input"/>
      <point x="9.21" y="3.12"/>
      <point x="7.93" y="4.37"/>
    </line>
    <line id="e59085__IN__" visible="true">
      <fromjoint id="n17816" port="output"/>
      <tobox id="net_sf_picard_analysis_directed_HsMetrics1" port="1"/>
      <point x="19.58" y="4.90"/>
      <point x="19.58" y="5.31"/>
      <point x="20.58" y="5.31"/>
      <point x="20.58" y="1.68"/>
      <point x="21.58" y="1.68"/>
      <point x="21.58" y="2.10"/>
    </line>
    <line id="e59085__OUT__">
      <frombox id="net_sf_picard_analysis_directed_HsMetrics1" port="1"/>
      <tojoint id="n68116" port="input"/>
      <point x="21.58" y="3.12"/>
      <point x="21.58" y="4.37"/>
    </line>
    <line id="e66889__IN__" visible="true">
      <fromjoint id="n10368" port="output"/>
      <tobox id="net_sf_picard_analysis_directed_HsMetrics7" port="0"/>
      <point x="4.49" y="4.90"/>
      <point x="4.49" y="5.32"/>
      <point x="4.49" y="5.32"/>
      <point x="4.49" y="5.73"/>
      <point x="4.49" y="5.73"/>
      <point x="4.49" y="6.15"/>
    </line>
    <line id="e66889__OUT__">
      <frombox id="net_sf_picard_analysis_directed_HsMetrics7" port="0"/>
      <tojoint id="n10367__IN__outReceiver" port="0"/>
      <point x="4.49" y="7.18"/>
      <point x="4.49" y="8.43"/>
    </line>
    <line id="e5082__IN__">
      <fromjoint id="n10370__OUT__inReceiver" port="0"/>
      <tobox id="net_sf_picard_analysis_directed_HsMetrics8" port="0"/>
      <point x="27.58" y="0.85"/>
      <point x="27.58" y="2.1"/>
    </line>
    <line id="e5082__OUT__" visible="true">
      <frombox id="net_sf_picard_analysis_directed_HsMetrics8" port="0"/>
      <tojoint id="n10372" port="input"/>
      <point x="27.58" y="3.11"/>
      <point x="27.58" y="3.54"/>
      <point x="27.58" y="3.54"/>
      <point x="27.58" y="3.96"/>
      <point x="27.58" y="3.96"/>
      <point x="27.58" y="4.38"/>
    </line>
    <line id="e5083__IN__">
      <fromjoint id="n10373" port="output"/>
      <tobox id="net_sf_picard_analysis_directed_HsMetrics0" port="2"/>
      <point x="10.49" y="0.85"/>
      <point x="9.92" y="2.1"/>
    </line>
    <line id="e5083__OUT__">
      <frombox id="net_sf_picard_analysis_directed_HsMetrics0" port="2"/>
      <tojoint id="n10371__IN__outputReturn1" port="0"/>
      <point x="9.92" y="3.12"/>
      <point x="9.93" y="4.37"/>
    </line>
    <line id="e66890__IN__" visible="true">
      <fromjoint id="n10372" port="output"/>
      <tobox id="net_sf_picard_analysis_directed_HsMetrics10" port="0"/>
      <point x="27.58" y="4.90"/>
      <point x="27.58" y="5.32"/>
      <point x="27.58" y="5.32"/>
      <point x="27.58" y="5.73"/>
      <point x="27.58" y="5.73"/>
      <point x="27.58" y="6.15"/>
    </line>
    <line id="e66890__OUT__">
      <frombox id="net_sf_picard_analysis_directed_HsMetrics10" port="0"/>
      <tojoint id="n10371__IN__outReceiver" port="0"/>
      <point x="27.58" y="7.18"/>
      <point x="27.58" y="8.43"/>
    </line>
    <line id="e5084__IN__">
      <fromjoint id="n10374__OUT__inReceiver" port="0"/>
      <tobox id="net_sf_picard_analysis_directed_HsMetrics11" port="0"/>
      <point x="29.58" y="0.85"/>
      <point x="29.58" y="2.1"/>
    </line>
    <line id="e5084__OUT__" visible="true">
      <frombox id="net_sf_picard_analysis_directed_HsMetrics11" port="0"/>
      <tojoint id="n10376" port="input"/>
      <point x="29.58" y="3.11"/>
      <point x="29.58" y="3.54"/>
      <point x="29.58" y="3.54"/>
      <point x="29.58" y="3.96"/>
      <point x="29.58" y="3.96"/>
      <point x="29.58" y="4.38"/>
    </line>
    <line id="e5085__IN__">
      <fromjoint id="n10374__OUT__output_1" port="0"/>
      <tobox id="net_sf_picard_analysis_directed_HsMetrics0" port="3"/>
      <point x="12.49" y="0.85"/>
      <point x="10.61" y="2.1"/>
    </line>
    <line id="e5085__OUT__">
      <frombox id="net_sf_picard_analysis_directed_HsMetrics0" port="3"/>
      <tojoint id="n10377" port="input"/>
      <point x="10.61" y="3.12"/>
      <point x="11.93" y="4.37"/>
    </line>
    <line id="e66891__IN__" visible="true">
      <fromjoint id="n10376" port="output"/>
      <tobox id="net_sf_picard_analysis_directed_HsMetrics13" port="0"/>
      <point x="29.58" y="4.90"/>
      <point x="29.58" y="5.32"/>
      <point x="29.58" y="5.32"/>
      <point x="29.58" y="5.73"/>
      <point x="29.58" y="5.73"/>
      <point x="29.58" y="6.15"/>
    </line>
    <line id="e66891__OUT__">
      <frombox id="net_sf_picard_analysis_directed_HsMetrics13" port="0"/>
      <tojoint id="n10375__IN__outReceiver" port="0"/>
      <point x="29.58" y="7.18"/>
      <point x="29.58" y="8.43"/>
    </line>
    <line id="e9063__IN__">
      <fromjoint id="n17817__OUT__inReceiver" port="0"/>
      <tobox id="net_sf_picard_analysis_directed_HsMetrics14" port="0"/>
      <point x="0.49" y="0.85"/>
      <point x="0.49" y="2.1"/>
    </line>
    <line id="e9063__OUT__" visible="true">
      <frombox id="net_sf_picard_analysis_directed_HsMetrics14" port="0"/>
      <tojoint id="n17819" port="input"/>
      <point x="0.49" y="3.11"/>
      <point x="0.49" y="3.54"/>
      <point x="0.49" y="3.54"/>
      <point x="0.49" y="3.96"/>
      <point x="0.49" y="3.96"/>
      <point x="0.49" y="4.38"/>
    </line>
    <line id="e9064__IN__">
      <fromjoint id="n17820" port="output"/>
      <tobox id="net_sf_picard_analysis_directed_HsMetrics1" port="2"/>
      <point x="22.29" y="0.85"/>
      <point x="22.29" y="2.1"/>
    </line>
    <line id="e9064__OUT__">
      <frombox id="net_sf_picard_analysis_directed_HsMetrics1" port="2"/>
      <tojoint id="n17818__IN__outputReturn1" port="0"/>
      <point x="22.29" y="3.12"/>
      <point x="23.58" y="4.37"/>
    </line>
    <line id="e67910__IN__" visible="true">
      <fromjoint id="n17819" port="output"/>
      <tobox id="net_sf_picard_analysis_directed_HsMetrics16" port="0"/>
      <point x="0.49" y="4.90"/>
      <point x="0.49" y="5.32"/>
      <point x="0.49" y="5.32"/>
      <point x="0.49" y="5.73"/>
      <point x="0.49" y="5.73"/>
      <point x="0.49" y="6.15"/>
    </line>
    <line id="e67910__OUT__">
      <frombox id="net_sf_picard_analysis_directed_HsMetrics16" port="0"/>
      <tojoint id="n17818__IN__outReceiver" port="0"/>
      <point x="0.49" y="7.18"/>
      <point x="0.49" y="8.43"/>
    </line>
    <line id="e9065__IN__">
      <fromjoint id="n17821__OUT__inReceiver" port="0"/>
      <tobox id="net_sf_picard_analysis_directed_HsMetrics17" port="0"/>
      <point x="2.49" y="0.85"/>
      <point x="2.49" y="2.1"/>
    </line>
    <line id="e9065__OUT__" visible="true">
      <frombox id="net_sf_picard_analysis_directed_HsMetrics17" port="0"/>
      <tojoint id="n17823" port="input"/>
      <point x="2.49" y="3.11"/>
      <point x="2.49" y="3.54"/>
      <point x="2.49" y="3.54"/>
      <point x="2.49" y="3.96"/>
      <point x="2.49" y="3.96"/>
      <point x="2.49" y="4.38"/>
    </line>
    <line id="e9066__IN__">
      <fromjoint id="n17821__OUT__output_1" port="0"/>
      <tobox id="net_sf_picard_analysis_directed_HsMetrics1" port="3"/>
      <point x="24.29" y="0.85"/>
      <point x="22.99" y="2.1"/>
    </line>
    <line id="e9066__OUT__">
      <frombox id="net_sf_picard_analysis_directed_HsMetrics1" port="3"/>
      <tojoint id="n17824" port="input"/>
      <point x="22.99" y="3.12"/>
      <point x="25.58" y="4.37"/>
    </line>
    <line id="e67911__IN__" visible="true">
      <fromjoint id="n17823" port="output"/>
      <tobox id="net_sf_picard_analysis_directed_HsMetrics19" port="0"/>
      <point x="2.49" y="4.90"/>
      <point x="2.49" y="5.32"/>
      <point x="2.49" y="5.32"/>
      <point x="2.49" y="5.73"/>
      <point x="2.49" y="5.73"/>
      <point x="2.49" y="6.15"/>
    </line>
    <line id="e67911__OUT__">
      <frombox id="net_sf_picard_analysis_directed_HsMetrics19" port="0"/>
      <tojoint id="n17822__IN__outReceiver" port="0"/>
      <point x="2.49" y="7.18"/>
      <point x="2.49" y="8.43"/>
    </line>
    <line id="e34601__IN__">
      <fromjoint id="n45374__OUT__inReceiver" port="0"/>
      <tobox id="net_sf_picard_analysis_directed_HsMetrics20" port="0"/>
      <point x="17.58" y="0.85"/>
      <point x="17.58" y="2.1"/>
    </line>
    <line id="e34601__OUT__" visible="true">
      <frombox id="net_sf_picard_analysis_directed_HsMetrics20" port="0"/>
      <tojoint id="n45376" port="input"/>
      <point x="17.58" y="3.11"/>
      <point x="17.58" y="3.54"/>
      <point x="17.58" y="3.54"/>
      <point x="17.58" y="3.96"/>
      <point x="17.58" y="3.96"/>
      <point x="17.58" y="4.38"/>
    </line>
    <line id="e34602__IN__" visible="true">
      <fromjoint id="n45376" port="toSplit"/>
      <tobox id="net_sf_picard_analysis_directed_HsMetrics21" port="0"/>
      <point x="17.58" y="4.90"/>
      <point x="17.58" y="5.32"/>
      <point x="17.58" y="5.32"/>
      <point x="17.58" y="5.73"/>
      <point x="17.58" y="5.73"/>
      <point x="17.58" y="6.15"/>
    </line>
    <line id="e34602__OUT__" visible="true">
      <frombox id="net_sf_picard_analysis_directed_HsMetrics21" port="0"/>
      <tojoint id="n45378" port="input"/>
      <point x="17.58" y="7.16"/>
      <point x="17.58" y="7.58"/>
      <point x="17.58" y="7.58"/>
      <point x="17.58" y="8.01"/>
      <point x="17.58" y="8.01"/>
      <point x="17.58" y="8.43"/>
    </line>
    <line id="e34603__IN__" visible="true">
      <fromjoint id="n45378" port="toSubboard"/>
      <tobox id="net_sf_picard_analysis_directed_HsMetrics22" port="0"/>
      <point x="17.31" y="8.94"/>
      <point x="17.31" y="9.36"/>
      <point x="16.90" y="9.36"/>
      <point x="16.90" y="9.79"/>
      <point x="16.49" y="9.79"/>
      <point x="16.49" y="10.21"/>
    </line>
    <line id="e34603__OUT__" visible="true">
      <frombox id="net_sf_picard_analysis_directed_HsMetrics22" port="0"/>
      <tojoint id="n45377__IN__inReceiver" port="0"/>
      <point x="16.49" y="11.22"/>
      <point x="16.49" y="11.64"/>
      <point x="16.49" y="11.64"/>
      <point x="16.49" y="11.82"/>
      <point x="16.49" y="11.82"/>
      <point x="16.49" y="12.25"/>
    </line>
    <line id="e34604__IN__" visible="true">
      <fromjoint id="n45377__OUT__outReceiver" port="0"/>
      <tobox id="net_sf_picard_analysis_directed_HsMetrics23" port="0"/>
      <point x="14.49" y="2.86"/>
      <point x="14.49" y="3.29"/>
      <point x="14.49" y="3.29"/>
      <point x="14.49" y="3.71"/>
      <point x="14.49" y="3.71"/>
      <point x="14.49" y="4.13"/>
    </line>
    <line id="e34604__OUT__" visible="true">
      <frombox id="net_sf_picard_analysis_directed_HsMetrics23" port="0"/>
      <tojoint id="n45379" port="input"/>
      <point x="14.49" y="5.15"/>
      <point x="14.49" y="5.57"/>
      <point x="14.49" y="5.57"/>
      <point x="14.49" y="5.98"/>
      <point x="14.49" y="5.98"/>
      <point x="14.49" y="6.40"/>
    </line>
    <line id="e34605__IN__" visible="true">
      <fromjoint id="n45378" port="toEnd"/>
      <tobox id="net_sf_picard_analysis_directed_HsMetrics24" port="0"/>
      <point x="17.89" y="8.94"/>
      <point x="17.89" y="9.36"/>
      <point x="18.19" y="9.36"/>
      <point x="18.19" y="9.79"/>
      <point x="18.49" y="9.79"/>
      <point x="18.49" y="10.21"/>
    </line>
    <line id="e34605__OUT__">
      <frombox id="net_sf_picard_analysis_directed_HsMetrics24" port="0"/>
      <tojoint id="n45380" port="input"/>
      <point x="18.49" y="11.23"/>
      <point x="18.49" y="12.23"/>
    </line>
    <line id="e68997__IN__" visible="true">
      <fromjoint id="n45379" port="output"/>
      <tobox id="net_sf_picard_analysis_directed_HsMetrics25" port="0"/>
      <point x="14.49" y="6.91"/>
      <point x="14.49" y="7.33"/>
      <point x="14.49" y="7.33"/>
      <point x="14.49" y="7.76"/>
      <point x="14.49" y="7.76"/>
      <point x="14.49" y="8.18"/>
    </line>
    <line id="e68997__OUT__">
      <frombox id="net_sf_picard_analysis_directed_HsMetrics25" port="0"/>
      <tojoint id="n45375__IN__outReceiver" port="0"/>
      <point x="14.49" y="9.21"/>
      <point x="14.49" y="10.46"/>
    </line>
    <line id="e34603__OUT__CPY" visible="true">
      <fromjoint id="n45377__IN__inReceiver" port="0"/>
      <tobox id="EXT__net_sf_picard_metrics_MultilevelMetrics--init----V__XIN__inReceiver" port="0"/>
      <point x="16.49" y="12.75"/>
      <point x="16.49" y="13.18"/>
      <point x="16.49" y="13.18"/>
      <point x="16.49" y="13.35"/>
      <point x="16.49" y="13.35"/>
      <point x="16.49" y="13.77"/>
    </line>
    <line id="e34604__IN__CPY" visible="true">
      <frombox id="EXT__net_sf_picard_metrics_MultilevelMetrics--init----V__XOUT__outReceiver" port="0"/>
      <tojoint id="n45377__OUT__outReceiver" port="0"/>
      <point x="14.49" y="1.08"/>
      <point x="14.49" y="1.51"/>
      <point x="14.49" y="1.51"/>
      <point x="14.49" y="1.93"/>
      <point x="14.49" y="1.93"/>
      <point x="14.49" y="2.35"/>
    </line>
  </level>
</graph>