<graph id="world">
  <level id="Application1">
    <box height="1.01" id="Application10" lines="6" width="6.0" x="56.0" y="4.6"/>
    <box height="1.01" id="Application11" lines="4" width="4.0" x="40.73" y="8.66"/>
    <box height="1.01" id="Application12" lines="5" width="5.0" x="104.29" y="2.57"/>
    <box height="1.01" id="Application13" lines="12" width="12.0" x="23.71" y="4.6"/>
    <box height="1.01" id="Application14" lines="6" width="6.0" x="80.0" y="4.6"/>
    <box height="1.01" id="Application15" lines="6" width="6.0" x="5.0" y="4.6"/>
    <box height="1.01" id="Application16" lines="6" width="6.0" x="68.21" y="4.6"/>
    <box height="1.01" id="Application17" lines="6" width="6.0" x="92.21" y="4.6"/>
    <box height="1.01" id="Application18" lines="6" width="6.0" x="44.97" y="4.6"/>
    <box height="1.01" id="Application19" lines="1" width="1.0" x="99.62" y="2.57"/>
    <box height="1.01" id="Application167" lines="1" width="1.0" x="99.59" y="6.63"/>
    <box height="1.01" id="EXT__Scribble-init---V__XIN__0" lines="1" width="1.0" x="91.58" y="8.66"/>
    <box height="1.01" id="EXT__Scribble-init---V__XOUT__0" lines="1" width="1.0" x="92.62" y="0.54"/>
    <box height="1.01" id="EXT__Storage-set-Ljava-lang-Object---V__XIN__0" lines="1" width="1.0" x="16.58" y="8.66"/>
    <box height="1.01" id="EXT__Storage-set-Ljava-lang-Object---V__XIN__1" lines="1" width="1.0" x="104.01" y="6.63"/>
    <box height="1.01" id="EXT__Storage-set-Ljava-lang-Object---V__XOUT__0" lines="1" width="1.0" x="21.48" y="0.54"/>
    <box height="1.01" id="EXT__Server-run---V__XIN__0" lines="1" width="1.0" x="67.58" y="8.66"/>
    <box height="1.01" id="EXT__Server-run---V__XOUT__0" lines="1" width="1.0" x="68.62" y="0.54"/>
    <box height="1.01" id="EXT__Storage-get---Ljava-lang-Object-__XIN__0" lines="2" width="2.0" x="24.58" y="8.66"/>
    <box height="1.01" id="EXT__Storage-get---Ljava-lang-Object-__XOUT__0" lines="2" width="2.0" x="25.19" y="0.54"/>
    <box height="1.01" id="EXT__Storage-get---Ljava-lang-Object-__XOUT__1" lines="2" width="2.0" x="44.22" y="0.54"/>
    <joint height="0.51" id="n769__OUT__0" inputs="1" outputs="1" width="1.0" x="26.47" y="2.57"/>
    <joint height="0.51" id="n769__OUT__1" inputs="1" outputs="1" width="1.0" x="45.29" y="2.57"/>
    <joint height="0.51" id="n772" inputs="1" outputs="1" width="1.0" x="32.59" y="6.63"/>
    <joint height="0.51" id="n881" inputs="1" outputs="0" width="1.0" x="73.59" y="6.63"/>
    <joint height="0.51" id="n769__IN__0" inputs="1" outputs="1" width="1.0" x="28.59" y="6.63"/>
    <joint height="0.51" id="n763__OUT__0" inputs="1" outputs="1" width="1.0" x="24.19" y="2.57"/>
    <joint height="0.51" id="n744__OUT__0" inputs="1" outputs="1" width="1.0" x="92.61" y="2.57"/>
    <joint height="0.51" id="n29__IN__0" inputs="1" outputs="0" width="1.0" x="99.58" y="8.66"/>
    <joint height="0.51" id="n768" inputs="1" outputs="2" width="2.0" x="44.09" y="6.63"/>
    <joint height="0.51" id="n30" inputs="1" outputs="1" width="1.0" x="99.61" y="4.6"/>
    <joint height="0.51" id="n31" inputs="0" outputs="1" width="1.0" x="54.08" y="2.57"/>
    <joint height="0.51" id="n32" inputs="1" outputs="1" width="1.0" x="51.59" y="6.63"/>
    <joint height="0.51" id="n28__OUT__0" inputs="0" outputs="1" width="1.0" x="99.64" y="0.54"/>
    <joint height="0.51" id="n868" inputs="1" outputs="0" width="1.0" x="60.59" y="6.63"/>
    <joint height="0.51" id="n744__IN__0" inputs="1" outputs="1" width="1.0" x="91.59" y="6.63"/>
    <joint height="0.51" id="n763__OUT__1" inputs="1" outputs="1" width="1.0" x="43.14" y="2.57"/>
    <joint height="0.51" id="n194" inputs="0" outputs="1" width="1.0" x="78.08" y="2.57"/>
    <joint height="0.51" id="n195" inputs="1" outputs="1" width="1.0" x="75.59" y="6.63"/>
    <joint height="0.51" id="n750" inputs="1" outputs="1" width="1.0" x="7.59" y="6.63"/>
    <joint height="0.51" id="n752" inputs="1" outputs="1" width="1.0" x="18.59" y="6.63"/>
    <joint height="0.51" id="n753" inputs="1" outputs="2" width="2.0" x="104.14" y="0.54"/>
    <joint height="0.51" id="n130" inputs="1" outputs="1" width="1.0" x="102.03" y="4.6"/>
    <joint height="0.51" id="n756" inputs="1" outputs="1" width="1.0" x="53.59" y="6.63"/>
    <joint height="0.51" id="n757" inputs="2" outputs="1" width="2.0" x="63.09" y="6.63"/>
    <joint height="0.51" id="n754" inputs="1" outputs="1" width="1.0" x="22.59" y="6.63"/>
    <joint height="0.51" id="n755" inputs="1" outputs="1" width="1.0" x="106.03" y="4.6"/>
    <joint height="0.51" id="n749" inputs="1" outputs="2" width="2.0" x="5.09" y="6.63"/>
    <joint height="0.51" id="n758" inputs="1" outputs="2" width="2.0" x="56.09" y="6.63"/>
    <joint height="0.51" id="n759" inputs="1" outputs="1" width="1.0" x="58.59" y="6.63"/>
    <joint height="0.51" id="n762" inputs="1" outputs="1" width="1.0" x="71.59" y="6.63"/>
    <joint height="0.51" id="n748" inputs="2" outputs="1" width="2.0" x="14.09" y="6.63"/>
    <joint height="0.51" id="n760__OUT__0" inputs="1" outputs="1" width="1.0" x="68.61" y="2.57"/>
    <joint height="0.51" id="n812" inputs="1" outputs="0" width="1.0" x="34.59" y="6.63"/>
    <joint height="0.51" id="n763__IN__0" inputs="1" outputs="1" width="1.0" x="20.59" y="6.63"/>
    <joint height="0.51" id="n867" inputs="1" outputs="0" width="1.0" x="9.59" y="6.63"/>
    <joint height="0.51" id="n760__IN__0" inputs="1" outputs="1" width="1.0" x="67.59" y="6.63"/>
    <joint height="0.51" id="n773" inputs="1" outputs="1" width="1.0" x="41.65" y="10.43"/>
    <joint height="0.51" id="n751__OUT__0" inputs="1" outputs="1" width="1.0" x="21.47" y="2.57"/>
    <joint height="0.51" id="n789" inputs="1" outputs="0" width="1.0" x="49.59" y="6.63"/>
    <joint height="0.51" id="n886" inputs="1" outputs="0" width="1.0" x="84.59" y="6.63"/>
    <joint height="0.51" id="n874" inputs="1" outputs="0" width="1.0" x="97.59" y="6.63"/>
    <joint height="0.51" id="n873" inputs="1" outputs="0" width="1.0" x="108.03" y="4.6"/>
    <joint height="0.51" id="n771" inputs="2" outputs="1" width="2.0" x="47.09" y="6.63"/>
    <joint height="0.51" id="n770" inputs="1" outputs="1" width="1.0" x="30.59" y="6.63"/>
    <joint height="0.51" id="n231" inputs="0" outputs="1" width="1.0" x="3.08" y="2.57"/>
    <joint height="0.51" id="n747" inputs="1" outputs="1" width="1.0" x="2.59" y="6.63"/>
    <joint height="0.51" id="n787" inputs="1" outputs="0" width="1.0" x="43.65" y="10.43"/>
    <joint height="0.51" id="n235" inputs="0" outputs="1" width="1.0" x="66.29" y="2.57"/>
    <joint height="0.51" id="n237" inputs="0" outputs="1" width="1.0" x="90.29" y="2.57"/>
    <joint height="0.51" id="n236" inputs="1" outputs="1" width="1.0" x="65.59" y="6.63"/>
    <joint height="0.51" id="n165" inputs="1" outputs="1" width="1.0" x="11.59" y="6.63"/>
    <joint height="0.51" id="n164" inputs="0" outputs="1" width="1.0" x="18.91" y="2.57"/>
    <joint height="0.51" id="n232" inputs="1" outputs="1" width="1.0" x="0.59" y="6.63"/>
    <joint height="0.51" id="n751__IN__1" inputs="1" outputs="1" width="1.0" x="104.03" y="4.6"/>
    <joint height="0.51" id="n238" inputs="1" outputs="1" width="1.0" x="89.59" y="6.63"/>
    <joint height="0.51" id="n751__IN__0" inputs="1" outputs="1" width="1.0" x="16.59" y="6.63"/>
    <joint height="0.51" id="n767" inputs="2" outputs="1" width="2.0" x="41.09" y="6.63"/>
    <joint height="0.51" id="n766" inputs="1" outputs="1" width="1.0" x="26.59" y="6.63"/>
    <joint height="0.51" id="n765" inputs="1" outputs="1" width="1.0" x="36.59" y="6.63"/>
    <joint height="0.51" id="n764" inputs="1" outputs="1" width="1.0" x="24.59" y="6.63"/>
    <joint height="0.51" id="n129" inputs="0" outputs="1" width="1.0" x="101.64" y="0.54"/>
    <joint height="0.51" id="n128" inputs="1" outputs="1" width="1.0" x="39.65" y="10.43"/>
    <joint height="0.51" id="n761" inputs="1" outputs="1" width="1.0" x="69.59" y="6.63"/>
    <joint height="0.51" id="n745" inputs="1" outputs="1" width="1.0" x="93.59" y="6.63"/>
    <joint height="0.51" id="n127" inputs="0" outputs="1" width="1.0" x="38.59" y="6.63"/>
    <joint height="0.51" id="n746" inputs="1" outputs="1" width="1.0" x="95.59" y="6.63"/>
    <joint height="0.51" id="n741" inputs="2" outputs="1" width="2.0" x="87.09" y="6.63"/>
    <joint height="0.51" id="n740" inputs="1" outputs="1" width="1.0" x="77.59" y="6.63"/>
    <joint height="0.51" id="n743" inputs="1" outputs="1" width="1.0" x="82.59" y="6.63"/>
    <joint height="0.51" id="n742" inputs="1" outputs="2" width="2.0" x="80.09" y="6.63"/>
    <line id="e14__IN__">
      <fromjoint id="n28__OUT__0" port="0"/>
      <tobox id="Application19" port="0"/>
    <point x="99.62" y="0.81"/><point x="99.62" y="2.06"/></line>
    <line id="e14__OUT__">
      <frombox id="Application19" port="0"/>
      <tojoint id="n30" port="0"/>
    <point x="99.62" y="3.09"/><point x="99.61" y="4.34"/></line>
    <line id="e15__IN__">
      <fromjoint id="n31" port="0"/>
      <tobox id="Application10" port="0"/>
    <point x="54.07" y="2.84"/><point x="54.07" y="4.09"/></line>
    <line id="e15__OUT__">
      <frombox id="Application10" port="0"/>
      <tojoint id="n32" port="0"/>
    <point x="54.07" y="5.11"/><point x="51.59" y="6.36"/></line>
    <line id="e62__IN__">
      <fromjoint id="n127" port="0"/>
      <tobox id="Application11" port="0"/>
    <point x="38.58" y="6.89"/><point x="39.69" y="8.14"/></line>
    <line id="e62__OUT__">
      <frombox id="Application11" port="0"/>
      <tojoint id="n128" port="0"/>
    <point x="39.69" y="9.17"/><point x="39.65" y="10.17"/></line>
    <line id="e63__IN__">
      <fromjoint id="n129" port="0"/>
      <tobox id="Application12" port="0"/>
    <point x="101.62" y="0.81"/><point x="102.8" y="2.06"/></line>
    <line id="e63__OUT__">
      <frombox id="Application12" port="0"/>
      <tojoint id="n130" port="0"/>
    <point x="102.8" y="3.09"/><point x="102.03" y="4.34"/></line>
    <line id="e80__IN__">
      <fromjoint id="n164" port="0"/>
      <tobox id="Application13" port="0"/>
    <point x="18.9" y="2.84"/><point x="18.9" y="4.09"/></line>
    <line id="e80__OUT__">
      <frombox id="Application13" port="0"/>
      <tojoint id="n165" port="0"/>
    <point x="18.9" y="5.11"/><point x="11.59" y="6.36"/></line>
    <line id="e96__IN__">
      <fromjoint id="n194" port="0"/>
      <tobox id="Application14" port="0"/>
    <point x="78.07" y="2.84"/><point x="78.07" y="4.09"/></line>
    <line id="e96__OUT__">
      <frombox id="Application14" port="0"/>
      <tojoint id="n195" port="0"/>
    <point x="78.07" y="5.11"/><point x="75.59" y="6.36"/></line>
    <line id="e115__IN__">
      <fromjoint id="n231" port="0"/>
      <tobox id="Application15" port="0"/>
    <point x="3.07" y="2.84"/><point x="3.07" y="4.09"/></line>
    <line id="e115__OUT__">
      <frombox id="Application15" port="0"/>
      <tojoint id="n232" port="0"/>
    <point x="3.07" y="5.11"/><point x="0.59" y="6.36"/></line>
    <line id="e117__IN__">
      <fromjoint id="n235" port="0"/>
      <tobox id="Application16" port="0"/>
    <point x="66.28" y="2.84"/><point x="66.28" y="4.09"/></line>
    <line id="e117__OUT__">
      <frombox id="Application16" port="0"/>
      <tojoint id="n236" port="0"/>
    <point x="66.28" y="5.11"/><point x="65.59" y="6.36"/></line>
    <line id="e118__IN__">
      <fromjoint id="n237" port="0"/>
      <tobox id="Application17" port="0"/>
    <point x="90.28" y="2.84"/><point x="90.28" y="4.09"/></line>
    <line id="e118__OUT__">
      <frombox id="Application17" port="0"/>
      <tojoint id="n238" port="0"/>
    <point x="90.28" y="5.11"/><point x="89.59" y="6.36"/></line>
    <line id="e644__IN__">
      <fromjoint id="n195" port="0"/>
      <tobox id="Application14" port="1"/>
    <point x="75.58" y="6.89"/><point x="78.83" y="4.09"/></line>
    <line id="e644__OUT__">
      <frombox id="Application14" port="1"/>
      <tojoint id="n740" port="0"/>
    <point x="78.83" y="5.11"/><point x="77.59" y="6.36"/></line>
    <line id="e645__IN__">
      <fromjoint id="n740" port="0"/>
      <tobox id="Application14" port="2"/>
    <point x="77.58" y="6.89"/><point x="79.61" y="4.09"/></line>
    <line id="e645__OUT__">
      <frombox id="Application14" port="2"/>
      <tojoint id="n742" port="0"/>
    <point x="79.61" y="5.11"/><point x="80.09" y="6.36"/></line>
    <line id="e646__IN__">
      <fromjoint id="n238" port="0"/>
      <tobox id="Application17" port="1"/>
    <point x="89.58" y="6.89"/><point x="91.04" y="4.09"/></line>
    <line id="e646__OUT__">
      <frombox id="Application17" port="1"/>
      <tojoint id="n741" port="0"/>
    <point x="91.04" y="5.11"/><point x="86.82" y="6.36"/></line>
    <line id="e647__IN__">
      <fromjoint id="n742" port="1"/>
      <tobox id="Application14" port="3"/>
    <point x="80.39" y="6.89"/><point x="80.39" y="4.09"/></line>
    <line id="e647__OUT__">
      <frombox id="Application14" port="3"/>
      <tojoint id="n741" port="1"/>
    <point x="80.39" y="5.11"/><point x="87.37" y="6.36"/></line>
    <line id="e648__IN__">
      <fromjoint id="n742" port="0"/>
      <tobox id="Application14" port="4"/>
    <point x="79.8" y="6.89"/><point x="81.15" y="4.09"/></line>
    <line id="e648__OUT__">
      <frombox id="Application14" port="4"/>
      <tojoint id="n743" port="0"/>
    <point x="81.15" y="5.11"/><point x="82.59" y="6.36"/></line>
    <line id="e649__IN__">
      <fromjoint id="n741" port="0"/>
      <tobox id="Application17" port="2"/>
    <point x="87.08" y="6.89"/><point x="91.82" y="4.09"/></line>
    <line id="e649__OUT__">
      <frombox id="Application17" port="2"/>
      <tojoint id="n744__IN__0" port="0"/>
    <point x="91.82" y="5.11"/><point x="91.59" y="6.36"/></line>
    <line id="e650__IN__">
      <fromjoint id="n744__OUT__0" port="0"/>
      <tobox id="Application17" port="3"/>
    <point x="92.59" y="2.84"/><point x="92.59" y="4.09"/></line>
    <line id="e650__OUT__">
      <frombox id="Application17" port="3"/>
      <tojoint id="n745" port="0"/>
    <point x="92.59" y="5.11"/><point x="93.59" y="6.36"/></line>
    <line id="e651__IN__">
      <fromjoint id="n745" port="0"/>
      <tobox id="Application17" port="4"/>
    <point x="93.58" y="6.89"/><point x="93.36" y="4.09"/></line>
    <line id="e651__OUT__">
      <frombox id="Application17" port="4"/>
      <tojoint id="n746" port="0"/>
    <point x="93.36" y="5.11"/><point x="95.59" y="6.36"/></line>
    <line id="e652__IN__">
      <fromjoint id="n232" port="0"/>
      <tobox id="Application15" port="1"/>
    <point x="0.58" y="6.89"/><point x="3.83" y="4.09"/></line>
    <line id="e652__OUT__">
      <frombox id="Application15" port="1"/>
      <tojoint id="n747" port="0"/>
    <point x="3.83" y="5.11"/><point x="2.59" y="6.36"/></line>
    <line id="e653__IN__">
      <fromjoint id="n747" port="0"/>
      <tobox id="Application15" port="2"/>
    <point x="2.58" y="6.89"/><point x="4.61" y="4.09"/></line>
    <line id="e653__OUT__">
      <frombox id="Application15" port="2"/>
      <tojoint id="n749" port="0"/>
    <point x="4.61" y="5.11"/><point x="5.09" y="6.36"/></line>
    <line id="e654__IN__">
      <fromjoint id="n165" port="0"/>
      <tobox id="Application13" port="1"/>
    <point x="11.58" y="6.89"/><point x="19.75" y="4.09"/></line>
    <line id="e654__OUT__">
      <frombox id="Application13" port="1"/>
      <tojoint id="n748" port="0"/>
    <point x="19.75" y="5.11"/><point x="13.82" y="6.36"/></line>
    <line id="e655__IN__">
      <fromjoint id="n749" port="1"/>
      <tobox id="Application15" port="3"/>
    <point x="5.39" y="6.89"/><point x="5.39" y="4.09"/></line>
    <line id="e655__OUT__">
      <frombox id="Application15" port="3"/>
      <tojoint id="n748" port="1"/>
    <point x="5.39" y="5.11"/><point x="14.37" y="6.36"/></line>
    <line id="e656__IN__">
      <fromjoint id="n749" port="0"/>
      <tobox id="Application15" port="4"/>
    <point x="4.8" y="6.89"/><point x="6.15" y="4.09"/></line>
    <line id="e656__OUT__">
      <frombox id="Application15" port="4"/>
      <tojoint id="n750" port="0"/>
    <point x="6.15" y="5.11"/><point x="7.59" y="6.36"/></line>
    <line id="e657__IN__">
      <fromjoint id="n748" port="0"/>
      <tobox id="Application13" port="2"/>
    <point x="14.08" y="6.89"/><point x="20.61" y="4.09"/></line>
    <line id="e657__OUT__">
      <frombox id="Application13" port="2"/>
      <tojoint id="n751__IN__0" port="0"/>
    <point x="20.61" y="5.11"/><point x="16.59" y="6.36"/></line>
    <line id="e658__IN__">
      <fromjoint id="n751__OUT__0" port="0"/>
      <tobox id="Application13" port="3"/>
    <point x="21.46" y="2.84"/><point x="21.46" y="4.09"/></line>
    <line id="e658__OUT__">
      <frombox id="Application13" port="3"/>
      <tojoint id="n752" port="0"/>
    <point x="21.46" y="5.11"/><point x="18.59" y="6.36"/></line>
    <line id="e659__IN__">
      <fromjoint id="n130" port="0"/>
      <tobox id="Application12" port="1"/>
    <point x="102.01" y="4.86"/><point x="103.54" y="2.06"/></line>
    <line id="e659__OUT__">
      <frombox id="Application12" port="1"/>
      <tojoint id="n753" port="0"/>
    <point x="103.54" y="3.09"/><point x="104.14" y="0.28"/></line>
    <line id="e660__IN__">
      <fromjoint id="n753" port="1"/>
      <tobox id="Application12" port="2"/>
    <point x="104.43" y="0.81"/><point x="104.28" y="2.06"/></line>
    <line id="e660__OUT__">
      <frombox id="Application12" port="2"/>
      <tojoint id="n751__IN__1" port="0"/>
    <point x="104.28" y="3.09"/><point x="104.03" y="4.34"/></line>
    <line id="e661__IN__">
      <fromjoint id="n752" port="0"/>
      <tobox id="Application13" port="4"/>
    <point x="18.58" y="6.89"/><point x="22.32" y="4.09"/></line>
    <line id="e661__OUT__">
      <frombox id="Application13" port="4"/>
      <tojoint id="n754" port="0"/>
    <point x="22.32" y="5.11"/><point x="22.59" y="6.36"/></line>
    <line id="e662__IN__">
      <fromjoint id="n753" port="0"/>
      <tobox id="Application12" port="3"/>
    <point x="103.84" y="0.81"/><point x="105.03" y="2.06"/></line>
    <line id="e662__OUT__">
      <frombox id="Application12" port="3"/>
      <tojoint id="n755" port="0"/>
    <point x="105.03" y="3.09"/><point x="106.03" y="4.34"/></line>
    <line id="e663__IN__">
      <fromjoint id="n32" port="0"/>
      <tobox id="Application10" port="1"/>
    <point x="51.58" y="6.89"/><point x="54.83" y="4.09"/></line>
    <line id="e663__OUT__">
      <frombox id="Application10" port="1"/>
      <tojoint id="n756" port="0"/>
    <point x="54.83" y="5.11"/><point x="53.59" y="6.36"/></line>
    <line id="e664__IN__">
      <fromjoint id="n756" port="0"/>
      <tobox id="Application10" port="2"/>
    <point x="53.58" y="6.89"/><point x="55.61" y="4.09"/></line>
    <line id="e664__OUT__">
      <frombox id="Application10" port="2"/>
      <tojoint id="n758" port="0"/>
    <point x="55.61" y="5.11"/><point x="56.09" y="6.36"/></line>
    <line id="e665__IN__">
      <fromjoint id="n236" port="0"/>
      <tobox id="Application16" port="1"/>
    <point x="65.58" y="6.89"/><point x="67.04" y="4.09"/></line>
    <line id="e665__OUT__">
      <frombox id="Application16" port="1"/>
      <tojoint id="n757" port="0"/>
    <point x="67.04" y="5.11"/><point x="62.82" y="6.36"/></line>
    <line id="e666__IN__">
      <fromjoint id="n758" port="1"/>
      <tobox id="Application10" port="3"/>
    <point x="56.39" y="6.89"/><point x="56.39" y="4.09"/></line>
    <line id="e666__OUT__">
      <frombox id="Application10" port="3"/>
      <tojoint id="n757" port="1"/>
    <point x="56.39" y="5.11"/><point x="63.37" y="6.36"/></line>
    <line id="e667__IN__">
      <fromjoint id="n758" port="0"/>
      <tobox id="Application10" port="4"/>
    <point x="55.8" y="6.89"/><point x="57.15" y="4.09"/></line>
    <line id="e667__OUT__">
      <frombox id="Application10" port="4"/>
      <tojoint id="n759" port="0"/>
    <point x="57.15" y="5.11"/><point x="58.59" y="6.36"/></line>
    <line id="e668__IN__">
      <fromjoint id="n757" port="0"/>
      <tobox id="Application16" port="2"/>
    <point x="63.08" y="6.89"/><point x="67.82" y="4.09"/></line>
    <line id="e668__OUT__">
      <frombox id="Application16" port="2"/>
      <tojoint id="n760__IN__0" port="0"/>
    <point x="67.82" y="5.11"/><point x="67.59" y="6.36"/></line>
    <line id="e669__IN__">
      <fromjoint id="n760__OUT__0" port="0"/>
      <tobox id="Application16" port="3"/>
    <point x="68.59" y="2.84"/><point x="68.59" y="4.09"/></line>
    <line id="e669__OUT__">
      <frombox id="Application16" port="3"/>
      <tojoint id="n761" port="0"/>
    <point x="68.59" y="5.11"/><point x="69.59" y="6.36"/></line>
    <line id="e670__IN__">
      <fromjoint id="n761" port="0"/>
      <tobox id="Application16" port="4"/>
    <point x="69.58" y="6.89"/><point x="69.36" y="4.09"/></line>
    <line id="e670__OUT__">
      <frombox id="Application16" port="4"/>
      <tojoint id="n762" port="0"/>
    <point x="69.36" y="5.11"/><point x="71.59" y="6.36"/></line>
    <line id="e671__IN__">
      <fromjoint id="n754" port="0"/>
      <tobox id="Application13" port="5"/>
    <point x="22.58" y="6.89"/><point x="23.18" y="4.09"/></line>
    <line id="e671__OUT__">
      <frombox id="Application13" port="5"/>
      <tojoint id="n763__IN__0" port="0"/>
    <point x="23.18" y="5.11"/><point x="20.59" y="6.36"/></line>
    <line id="e672__IN__">
      <fromjoint id="n763__OUT__0" port="0"/>
      <tobox id="Application13" port="6"/>
    <point x="24.18" y="2.84"/><point x="24.04" y="4.09"/></line>
    <line id="e672__OUT__">
      <frombox id="Application13" port="6"/>
      <tojoint id="n764" port="0"/>
    <point x="24.04" y="5.11"/><point x="24.59" y="6.36"/></line>
    <line id="e673__IN__">
      <fromjoint id="n763__OUT__1" port="0"/>
      <tobox id="Application18" port="0"/>
    <point x="43.12" y="2.84"/><point x="43.04" y="4.09"/></line>
    <line id="e673__OUT__">
      <frombox id="Application18" port="0"/>
      <tojoint id="n765" port="0"/>
    <point x="43.04" y="5.11"/><point x="36.59" y="6.36"/></line>
    <line id="e674__IN__">
      <fromjoint id="n764" port="0"/>
      <tobox id="Application13" port="7"/>
    <point x="24.58" y="6.89"/><point x="24.89" y="4.09"/></line>
    <line id="e674__OUT__">
      <frombox id="Application13" port="7"/>
      <tojoint id="n766" port="0"/>
    <point x="24.89" y="5.11"/><point x="26.59" y="6.36"/></line>
    <line id="e675__IN__">
      <fromjoint id="n765" port="0"/>
      <tobox id="Application18" port="1"/>
    <point x="36.58" y="6.89"/><point x="43.8" y="4.09"/></line>
    <line id="e675__OUT__">
      <frombox id="Application18" port="1"/>
      <tojoint id="n768" port="0"/>
    <point x="43.8" y="5.11"/><point x="44.09" y="6.36"/></line>
    <line id="e676__IN__">
      <fromjoint id="n128" port="0"/>
      <tobox id="Application11" port="1"/>
    <point x="39.64" y="10.7"/><point x="40.39" y="8.14"/></line>
    <line id="e676__OUT__">
      <frombox id="Application11" port="1"/>
      <tojoint id="n767" port="0"/>
    <point x="40.39" y="9.17"/><point x="40.82" y="6.36"/></line>
    <line id="e677__IN__">
      <fromjoint id="n768" port="1"/>
      <tobox id="Application18" port="2"/>
    <point x="44.39" y="6.89"/><point x="44.58" y="4.09"/></line>
    <line id="e677__OUT__">
      <frombox id="Application18" port="2"/>
      <tojoint id="n767" port="1"/>
    <point x="44.58" y="5.11"/><point x="41.37" y="6.36"/></line>
    <line id="e678__IN__">
      <fromjoint id="n766" port="0"/>
      <tobox id="Application13" port="8"/>
    <point x="26.58" y="6.89"/><point x="25.75" y="4.09"/></line>
    <line id="e678__OUT__">
      <frombox id="Application13" port="8"/>
      <tojoint id="n769__IN__0" port="0"/>
    <point x="25.75" y="5.11"/><point x="28.59" y="6.36"/></line>
    <line id="e679__IN__">
      <fromjoint id="n769__OUT__0" port="0"/>
      <tobox id="Application13" port="9"/>
    <point x="26.46" y="2.84"/><point x="26.59" y="4.09"/></line>
    <line id="e679__OUT__">
      <frombox id="Application13" port="9"/>
      <tojoint id="n770" port="0"/>
    <point x="26.59" y="5.11"/><point x="30.59" y="6.36"/></line>
    <line id="e680__IN__">
      <fromjoint id="n769__OUT__1" port="0"/>
      <tobox id="Application18" port="3"/>
    <point x="45.28" y="2.84"/><point x="45.36" y="4.09"/></line>
    <line id="e680__OUT__">
      <frombox id="Application18" port="3"/>
      <tojoint id="n771" port="0"/>
    <point x="45.36" y="5.11"/><point x="46.82" y="6.36"/></line>
    <line id="e681__IN__">
      <fromjoint id="n768" port="0"/>
      <tobox id="Application18" port="4"/>
    <point x="43.8" y="6.89"/><point x="46.12" y="4.09"/></line>
    <line id="e681__OUT__">
      <frombox id="Application18" port="4"/>
      <tojoint id="n771" port="1"/>
    <point x="46.12" y="5.11"/><point x="47.37" y="6.36"/></line>
    <line id="e682__IN__">
      <fromjoint id="n770" port="0"/>
      <tobox id="Application13" port="10"/>
    <point x="30.58" y="6.89"/><point x="27.5" y="4.09"/></line>
    <line id="e682__OUT__">
      <frombox id="Application13" port="10"/>
      <tojoint id="n772" port="0"/>
    <point x="27.5" y="5.11"/><point x="32.59" y="6.36"/></line>
    <line id="e683__IN__">
      <fromjoint id="n767" port="0"/>
      <tobox id="Application11" port="2"/>
    <point x="41.08" y="6.89"/><point x="41.08" y="8.14"/></line>
    <line id="e683__OUT__">
      <frombox id="Application11" port="2"/>
      <tojoint id="n773" port="0"/>
    <point x="41.08" y="9.17"/><point x="41.65" y="10.17"/></line>
    <line id="e697__IN__">
      <fromjoint id="n773" port="0"/>
      <tobox id="Application11" port="3"/>
    <point x="41.64" y="10.7"/><point x="41.78" y="8.14"/></line>
    <line id="e697__OUT__">
      <frombox id="Application11" port="3"/>
      <tojoint id="n787" port="0"/>
    <point x="41.78" y="9.17"/><point x="43.65" y="10.17"/></line>
    <line id="e699__IN__">
      <fromjoint id="n771" port="0"/>
      <tobox id="Application18" port="5"/>
    <point x="47.08" y="6.89"/><point x="46.9" y="4.09"/></line>
    <line id="e699__OUT__">
      <frombox id="Application18" port="5"/>
      <tojoint id="n789" port="0"/>
    <point x="46.9" y="5.11"/><point x="49.59" y="6.36"/></line>
    <line id="e722__IN__">
      <fromjoint id="n772" port="0"/>
      <tobox id="Application13" port="11"/>
    <point x="32.58" y="6.89"/><point x="28.46" y="4.09"/></line>
    <line id="e722__OUT__">
      <frombox id="Application13" port="11"/>
      <tojoint id="n812" port="0"/>
    <point x="28.46" y="5.11"/><point x="34.59" y="6.36"/></line>
    <line id="e777__IN__">
      <fromjoint id="n750" port="0"/>
      <tobox id="Application15" port="5"/>
    <point x="7.58" y="6.89"/><point x="6.93" y="4.09"/></line>
    <line id="e777__OUT__">
      <frombox id="Application15" port="5"/>
      <tojoint id="n867" port="0"/>
    <point x="6.93" y="5.11"/><point x="9.59" y="6.36"/></line>
    <line id="e778__IN__">
      <fromjoint id="n759" port="0"/>
      <tobox id="Application10" port="5"/>
    <point x="58.58" y="6.89"/><point x="57.93" y="4.09"/></line>
    <line id="e778__OUT__">
      <frombox id="Application10" port="5"/>
      <tojoint id="n868" port="0"/>
    <point x="57.93" y="5.11"/><point x="60.59" y="6.36"/></line>
    <line id="e783__IN__">
      <fromjoint id="n755" port="0"/>
      <tobox id="Application12" port="4"/>
    <point x="106.01" y="4.86"/><point x="105.76" y="2.06"/></line>
    <line id="e783__OUT__">
      <frombox id="Application12" port="4"/>
      <tojoint id="n873" port="0"/>
    <point x="105.76" y="3.09"/><point x="108.03" y="4.34"/></line>
    <line id="e784__IN__">
      <fromjoint id="n746" port="0"/>
      <tobox id="Application17" port="5"/>
    <point x="95.58" y="6.89"/><point x="94.14" y="4.09"/></line>
    <line id="e784__OUT__">
      <frombox id="Application17" port="5"/>
      <tojoint id="n874" port="0"/>
    <point x="94.14" y="5.11"/><point x="97.59" y="6.36"/></line>
    <line id="e791__IN__">
      <fromjoint id="n762" port="0"/>
      <tobox id="Application16" port="5"/>
    <point x="71.58" y="6.89"/><point x="70.14" y="4.09"/></line>
    <line id="e791__OUT__">
      <frombox id="Application16" port="5"/>
      <tojoint id="n881" port="0"/>
    <point x="70.14" y="5.11"/><point x="73.59" y="6.36"/></line>
    <line id="e796__IN__">
      <fromjoint id="n743" port="0"/>
      <tobox id="Application14" port="5"/>
    <point x="82.58" y="6.89"/><point x="81.93" y="4.09"/></line>
    <line id="e796__OUT__">
      <frombox id="Application14" port="5"/>
      <tojoint id="n886" port="0"/>
    <point x="81.93" y="5.11"/><point x="84.59" y="6.36"/></line>
    <line id="e824__IN__">
      <fromjoint id="n30" port="0"/>
      <tobox id="Application167" port="0"/>
    <point x="99.59" y="4.86"/><point x="99.59" y="6.11"/></line>
    <line id="e824__OUT__">
      <frombox id="Application167" port="0"/>
      <tojoint id="n29__IN__0" port="0"/>
    <point x="99.59" y="7.14"/><point x="99.58" y="8.39"/></line>
    <line id="e649__OUT__CPY">
      <fromjoint id="n744__IN__0" port="0"/>
      <tobox id="EXT__Scribble-init---V__XIN__0" port="0"/>
    <point x="91.58" y="6.89"/><point x="91.58" y="8.14"/></line>
    <line id="e650__IN__CPY">
      <frombox id="EXT__Scribble-init---V__XOUT__0" port="0"/>
      <tojoint id="n744__OUT__0" port="0"/>
    <point x="92.61" y="1.06"/><point x="92.61" y="2.31"/></line>
    <line id="e657__OUT__CPY">
      <fromjoint id="n751__IN__0" port="0"/>
      <tobox id="EXT__Storage-set-Ljava-lang-Object---V__XIN__0" port="0"/>
    <point x="16.58" y="6.89"/><point x="16.58" y="8.14"/></line>
    <line id="e660__OUT__CPY">
      <fromjoint id="n751__IN__1" port="0"/>
      <tobox id="EXT__Storage-set-Ljava-lang-Object---V__XIN__1" port="0"/>
    <point x="104.01" y="4.86"/><point x="104.01" y="6.11"/></line>
    <line id="e658__IN__CPY">
      <frombox id="EXT__Storage-set-Ljava-lang-Object---V__XOUT__0" port="0"/>
      <tojoint id="n751__OUT__0" port="0"/>
    <point x="21.47" y="1.06"/><point x="21.47" y="2.31"/></line>
    <line id="e668__OUT__CPY">
      <fromjoint id="n760__IN__0" port="0"/>
      <tobox id="EXT__Server-run---V__XIN__0" port="0"/>
    <point x="67.58" y="6.89"/><point x="67.58" y="8.14"/></line>
    <line id="e669__IN__CPY">
      <frombox id="EXT__Server-run---V__XOUT__0" port="0"/>
      <tojoint id="n760__OUT__0" port="0"/>
    <point x="68.61" y="1.06"/><point x="68.61" y="2.31"/></line>
    <line id="e671__OUT__CPY">
      <fromjoint id="n763__IN__0" port="0"/>
      <tobox id="EXT__Storage-get---Ljava-lang-Object-__XIN__0" port="0"/>
    <point x="20.58" y="6.89"/><point x="24.3" y="8.14"/></line>
    <line id="e672__IN__CPY">
      <frombox id="EXT__Storage-get---Ljava-lang-Object-__XOUT__0" port="0"/>
      <tojoint id="n763__OUT__0" port="0"/>
    <point x="24.9" y="1.06"/><point x="24.19" y="2.31"/></line>
    <line id="e673__IN__CPY">
      <frombox id="EXT__Storage-get---Ljava-lang-Object-__XOUT__1" port="0"/>
      <tojoint id="n763__OUT__1" port="0"/>
    <point x="43.93" y="1.06"/><point x="43.14" y="2.31"/></line>
    <line id="e678__OUT__CPY">
      <fromjoint id="n769__IN__0" port="0"/>
      <tobox id="EXT__Storage-get---Ljava-lang-Object-__XIN__0" port="1"/>
    <point x="28.58" y="6.89"/><point x="24.86" y="8.14"/></line>
    <line id="e679__IN__CPY">
      <frombox id="EXT__Storage-get---Ljava-lang-Object-__XOUT__0" port="1"/>
      <tojoint id="n769__OUT__0" port="0"/>
    <point x="25.48" y="1.06"/><point x="26.47" y="2.31"/></line>
    <line id="e680__IN__CPY">
      <frombox id="EXT__Storage-get---Ljava-lang-Object-__XOUT__1" port="1"/>
      <tojoint id="n769__OUT__1" port="0"/>
    <point x="44.51" y="1.06"/><point x="45.29" y="2.31"/></line>
  </level>
</graph>