<graph id="world">
  <level id="Application1">
    <box height="1.01" id="Application10" lines="6" width="6.0" x="6.93" y="2.54"/>
    <box height="1.01" id="Application11" lines="4" width="4.0" x="22.03" y="4.57"/>
    <box height="1.01" id="Application12" lines="5" width="5.0" x="41.26" y="2.54"/>
    <box height="1.01" id="Application13" lines="12" width="12.0" x="68.65" y="4.57"/>
    <box height="1.01" id="Application14" lines="6" width="6.0" x="80.56" y="2.54"/>
    <box height="1.01" id="Application15" lines="6" width="6.0" x="49.96" y="4.57"/>
    <box height="1.01" id="Application16" lines="6" width="6.0" x="14.67" y="6.6"/>
    <box height="1.01" id="Application17" lines="6" width="6.0" x="88.29" y="6.6"/>
    <box height="1.01" id="Application18" lines="6" width="6.0" x="31.79" y="4.57"/>
    <box height="1.01" id="Application19" lines="1" width="1.0" x="0.54" y="2.54"/>
    <box height="1.01" id="Application167" lines="1" width="1.0" x="0.51" y="6.6"/>
    <box height="1.01" id="EXT__Scribble-init---V__XIN__0" lines="1" width="1.0" x="87.06" y="10.66"/>
    <box height="1.01" id="EXT__Scribble-init---V__XOUT__0" lines="1" width="1.0" x="92.17" y="2.54"/>
    <box height="1.01" id="EXT__Storage-set-Ljava-lang-Object---V__XIN__0" lines="1" width="1.0" x="61.54" y="8.63"/>
    <box height="1.01" id="EXT__Storage-set-Ljava-lang-Object---V__XIN__1" lines="1" width="1.0" x="38.44" y="6.6"/>
    <box height="1.01" id="EXT__Storage-set-Ljava-lang-Object---V__XOUT__0" lines="1" width="1.0" x="66.43" y="0.52"/>
    <box height="1.01" id="EXT__Server-run---V__XIN__0" lines="1" width="1.0" x="13.43" y="10.66"/>
    <box height="1.01" id="EXT__Server-run---V__XOUT__0" lines="1" width="1.0" x="18.54" y="2.54"/>
    <box height="1.01" id="EXT__Storage-get---Ljava-lang-Object-__XIN__0" lines="2" width="2.0" x="69.54" y="8.63"/>
    <box height="1.01" id="EXT__Storage-get---Ljava-lang-Object-__XOUT__0" lines="2" width="2.0" x="70.28" y="0.52"/>
    <box height="1.01" id="EXT__Storage-get---Ljava-lang-Object-__XOUT__1" lines="2" width="2.0" x="31.03" y="0.52"/>
    <joint height="0.51" id="n28__OUT__0" inputs="0" outputs="1" width="1.0" x="0.56" y="0.52"/>
    <joint height="0.51" id="n29__IN__0" inputs="1" outputs="0" width="1.0" x="0.5" y="8.63"/>
    <joint height="0.51" id="n30" inputs="1" outputs="1" width="1.0" x="0.53" y="4.57"/>
    <joint height="0.51" id="n31" inputs="0" outputs="1" width="1.0" x="5.01" y="0.52"/>
    <joint height="0.51" id="n32" inputs="1" outputs="1" width="1.0" x="2.53" y="4.57"/>
    <joint height="0.51" id="n127" inputs="0" outputs="1" width="1.0" x="21.0" y="2.54"/>
    <joint height="0.51" id="n128" inputs="1" outputs="1" width="1.0" x="19.44" y="6.6"/>
    <joint height="0.51" id="n129" inputs="0" outputs="1" width="1.0" x="39.79" y="0.52"/>
    <joint height="0.51" id="n130" inputs="1" outputs="1" width="1.0" x="36.46" y="4.57"/>
    <joint height="0.51" id="n164" inputs="0" outputs="1" width="1.0" x="63.86" y="2.54"/>
    <joint height="0.51" id="n165" inputs="1" outputs="1" width="1.0" x="56.56" y="6.6"/>
    <joint height="0.51" id="n194" inputs="0" outputs="1" width="1.0" x="78.64" y="0.52"/>
    <joint height="0.51" id="n195" inputs="1" outputs="1" width="1.0" x="76.15" y="4.57"/>
    <joint height="0.51" id="n231" inputs="0" outputs="1" width="1.0" x="48.04" y="2.54"/>
    <joint height="0.51" id="n232" inputs="1" outputs="1" width="1.0" x="45.56" y="6.6"/>
    <joint height="0.51" id="n235" inputs="0" outputs="1" width="1.0" x="11.53" y="4.57"/>
    <joint height="0.51" id="n236" inputs="1" outputs="1" width="1.0" x="11.44" y="8.63"/>
    <joint height="0.51" id="n237" inputs="0" outputs="1" width="1.0" x="85.15" y="4.57"/>
    <joint height="0.51" id="n238" inputs="1" outputs="1" width="1.0" x="85.07" y="8.63"/>
    <joint height="0.51" id="n740" inputs="1" outputs="1" width="1.0" x="78.15" y="4.57"/>
    <joint height="0.51" id="n741" inputs="2" outputs="1" width="2.0" x="87.65" y="4.57"/>
    <joint height="0.51" id="n742" inputs="1" outputs="2" width="2.0" x="80.65" y="4.57"/>
    <joint height="0.51" id="n743" inputs="1" outputs="1" width="1.0" x="83.15" y="4.57"/>
    <joint height="0.51" id="n744__IN__0" inputs="1" outputs="1" width="1.0" x="87.07" y="8.63"/>
    <joint height="0.51" id="n744__OUT__0" inputs="1" outputs="1" width="1.0" x="92.15" y="4.57"/>
    <joint height="0.51" id="n745" inputs="1" outputs="1" width="1.0" x="89.07" y="8.63"/>
    <joint height="0.51" id="n746" inputs="1" outputs="1" width="1.0" x="91.07" y="8.63"/>
    <joint height="0.51" id="n747" inputs="1" outputs="1" width="1.0" x="47.56" y="6.6"/>
    <joint height="0.51" id="n748" inputs="2" outputs="1" width="2.0" x="59.06" y="6.6"/>
    <joint height="0.51" id="n749" inputs="1" outputs="2" width="2.0" x="50.06" y="6.6"/>
    <joint height="0.51" id="n750" inputs="1" outputs="1" width="1.0" x="52.56" y="6.6"/>
    <joint height="0.51" id="n751__IN__0" inputs="1" outputs="1" width="1.0" x="61.56" y="6.6"/>
    <joint height="0.51" id="n751__IN__1" inputs="1" outputs="1" width="1.0" x="38.46" y="4.57"/>
    <joint height="0.51" id="n751__OUT__0" inputs="1" outputs="1" width="1.0" x="66.42" y="2.54"/>
    <joint height="0.51" id="n752" inputs="1" outputs="1" width="1.0" x="63.56" y="6.6"/>
    <joint height="0.51" id="n753" inputs="1" outputs="2" width="2.0" x="40.96" y="4.57"/>
    <joint height="0.51" id="n754" inputs="1" outputs="1" width="1.0" x="67.56" y="6.6"/>
    <joint height="0.51" id="n755" inputs="1" outputs="1" width="1.0" x="43.46" y="4.57"/>
    <joint height="0.51" id="n756" inputs="1" outputs="1" width="1.0" x="4.53" y="4.57"/>
    <joint height="0.51" id="n757" inputs="2" outputs="1" width="2.0" x="14.03" y="4.57"/>
    <joint height="0.51" id="n758" inputs="1" outputs="2" width="2.0" x="7.03" y="4.57"/>
    <joint height="0.51" id="n759" inputs="1" outputs="1" width="1.0" x="9.53" y="4.57"/>
    <joint height="0.51" id="n760__IN__0" inputs="1" outputs="1" width="1.0" x="13.44" y="8.63"/>
    <joint height="0.51" id="n760__OUT__0" inputs="1" outputs="1" width="1.0" x="18.53" y="4.57"/>
    <joint height="0.51" id="n761" inputs="1" outputs="1" width="1.0" x="15.44" y="8.63"/>
    <joint height="0.51" id="n762" inputs="1" outputs="1" width="1.0" x="17.44" y="8.63"/>
    <joint height="0.51" id="n763__IN__0" inputs="1" outputs="1" width="1.0" x="65.56" y="6.6"/>
    <joint height="0.51" id="n763__OUT__0" inputs="1" outputs="1" width="1.0" x="69.14" y="2.54"/>
    <joint height="0.51" id="n763__OUT__1" inputs="1" outputs="1" width="1.0" x="29.96" y="2.54"/>
    <joint height="0.51" id="n764" inputs="1" outputs="1" width="1.0" x="69.56" y="6.6"/>
    <joint height="0.51" id="n765" inputs="1" outputs="1" width="1.0" x="28.44" y="6.6"/>
    <joint height="0.51" id="n766" inputs="1" outputs="1" width="1.0" x="71.56" y="6.6"/>
    <joint height="0.51" id="n767" inputs="2" outputs="1" width="2.0" x="21.94" y="6.6"/>
    <joint height="0.51" id="n768" inputs="1" outputs="2" width="2.0" x="30.94" y="6.6"/>
    <joint height="0.51" id="n769__IN__0" inputs="1" outputs="1" width="1.0" x="73.56" y="6.6"/>
    <joint height="0.51" id="n769__OUT__0" inputs="1" outputs="1" width="1.0" x="71.42" y="2.54"/>
    <joint height="0.51" id="n769__OUT__1" inputs="1" outputs="1" width="1.0" x="32.11" y="2.54"/>
    <joint height="0.51" id="n770" inputs="1" outputs="1" width="1.0" x="75.56" y="6.6"/>
    <joint height="0.51" id="n771" inputs="2" outputs="1" width="2.0" x="33.94" y="6.6"/>
    <joint height="0.51" id="n772" inputs="1" outputs="1" width="1.0" x="77.56" y="6.6"/>
    <joint height="0.51" id="n773" inputs="1" outputs="1" width="1.0" x="24.44" y="6.6"/>
    <joint height="0.51" id="n787" inputs="1" outputs="0" width="1.0" x="26.44" y="6.6"/>
    <joint height="0.51" id="n789" inputs="1" outputs="0" width="1.0" x="36.44" y="6.6"/>
    <joint height="0.51" id="n812" inputs="1" outputs="0" width="1.0" x="79.56" y="6.6"/>
    <joint height="0.51" id="n867" inputs="1" outputs="0" width="1.0" x="54.56" y="6.6"/>
    <joint height="0.51" id="n868" inputs="1" outputs="0" width="1.0" x="16.53" y="4.57"/>
    <joint height="0.51" id="n873" inputs="1" outputs="0" width="1.0" x="45.46" y="4.57"/>
    <joint height="0.51" id="n874" inputs="1" outputs="0" width="1.0" x="93.07" y="8.63"/>
    <joint height="0.51" id="n881" inputs="1" outputs="0" width="1.0" x="19.44" y="8.63"/>
    <joint height="0.51" id="n886" inputs="1" outputs="0" width="1.0" x="90.15" y="4.57"/>
    <line id="e14__IN__">
      <fromjoint id="n28__OUT__0" port="0"/>
      <tobox id="Application19" port="0"/>
    <point x="0.54" y="0.78"/><point x="0.54" y="2.03"/></line>
    <line id="e14__OUT__">
      <frombox id="Application19" port="0"/>
      <tojoint id="n30" port="0"/>
    <point x="0.54" y="3.06"/><point x="0.53" y="4.31"/></line>
    <line id="e15__IN__">
      <fromjoint id="n31" port="0"/>
      <tobox id="Application10" port="0"/>
    <point x="5.0" y="0.78"/><point x="5.0" y="2.03"/></line>
    <line id="e15__OUT__">
      <frombox id="Application10" port="0"/>
      <tojoint id="n32" port="0"/>
    <point x="5.0" y="3.06"/><point x="2.53" y="4.31"/></line>
    <line id="e62__IN__">
      <fromjoint id="n127" port="0"/>
      <tobox id="Application11" port="0"/>
    <point x="20.99" y="2.81"/><point x="20.99" y="4.06"/></line>
    <line id="e62__OUT__">
      <frombox id="Application11" port="0"/>
      <tojoint id="n128" port="0"/>
    <point x="20.99" y="5.09"/><point x="19.44" y="6.34"/></line>
    <line id="e63__IN__">
      <fromjoint id="n129" port="0"/>
      <tobox id="Application12" port="0"/>
    <point x="39.78" y="0.78"/><point x="39.78" y="2.03"/></line>
    <line id="e63__OUT__">
      <frombox id="Application12" port="0"/>
      <tojoint id="n130" port="0"/>
    <point x="39.78" y="3.06"/><point x="36.46" y="4.31"/></line>
    <line id="e80__IN__">
      <fromjoint id="n164" port="0"/>
      <tobox id="Application13" port="0"/>
    <point x="63.85" y="2.81"/><point x="63.85" y="4.06"/></line>
    <line id="e80__OUT__">
      <frombox id="Application13" port="0"/>
      <tojoint id="n165" port="0"/>
    <point x="63.85" y="5.09"/><point x="56.56" y="6.34"/></line>
    <line id="e96__IN__">
      <fromjoint id="n194" port="0"/>
      <tobox id="Application14" port="0"/>
    <point x="78.63" y="0.78"/><point x="78.63" y="2.03"/></line>
    <line id="e96__OUT__">
      <frombox id="Application14" port="0"/>
      <tojoint id="n195" port="0"/>
    <point x="78.63" y="3.06"/><point x="76.15" y="4.31"/></line>
    <line id="e115__IN__">
      <fromjoint id="n231" port="0"/>
      <tobox id="Application15" port="0"/>
    <point x="48.03" y="2.81"/><point x="48.03" y="4.06"/></line>
    <line id="e115__OUT__">
      <frombox id="Application15" port="0"/>
      <tojoint id="n232" port="0"/>
    <point x="48.03" y="5.09"/><point x="45.56" y="6.34"/></line>
    <line id="e117__IN__">
      <fromjoint id="n235" port="0"/>
      <tobox id="Application16" port="0"/>
    <point x="11.51" y="4.84"/><point x="12.74" y="6.09"/></line>
    <line id="e117__OUT__">
      <frombox id="Application16" port="0"/>
      <tojoint id="n236" port="0"/>
    <point x="12.74" y="7.11"/><point x="11.44" y="8.36"/></line>
    <line id="e118__IN__">
      <fromjoint id="n237" port="0"/>
      <tobox id="Application17" port="0"/>
    <point x="85.14" y="4.84"/><point x="86.36" y="6.09"/></line>
    <line id="e118__OUT__">
      <frombox id="Application17" port="0"/>
      <tojoint id="n238" port="0"/>
    <point x="86.36" y="7.11"/><point x="85.07" y="8.36"/></line>
    <line id="e644__IN__">
      <fromjoint id="n195" port="0"/>
      <tobox id="Application14" port="1"/>
    <point x="76.14" y="4.84"/><point x="79.39" y="2.03"/></line>
    <line id="e644__OUT__">
      <frombox id="Application14" port="1"/>
      <tojoint id="n740" port="0"/>
    <point x="79.39" y="3.06"/><point x="78.15" y="4.31"/></line>
    <line id="e645__IN__">
      <fromjoint id="n740" port="0"/>
      <tobox id="Application14" port="2"/>
    <point x="78.14" y="4.84"/><point x="80.17" y="2.03"/></line>
    <line id="e645__OUT__">
      <frombox id="Application14" port="2"/>
      <tojoint id="n742" port="0"/>
    <point x="80.17" y="3.06"/><point x="80.65" y="4.31"/></line>
    <line id="e646__IN__">
      <fromjoint id="n238" port="0"/>
      <tobox id="Application17" port="1"/>
    <point x="85.06" y="8.89"/><point x="87.13" y="6.09"/></line>
    <line id="e646__OUT__">
      <frombox id="Application17" port="1"/>
      <tojoint id="n741" port="0"/>
    <point x="87.13" y="7.11"/><point x="87.38" y="4.31"/></line>
    <line id="e647__IN__">
      <fromjoint id="n742" port="1"/>
      <tobox id="Application14" port="3"/>
    <point x="80.94" y="4.84"/><point x="80.94" y="2.03"/></line>
    <line id="e647__OUT__">
      <frombox id="Application14" port="3"/>
      <tojoint id="n741" port="1"/>
    <point x="80.94" y="3.06"/><point x="87.93" y="4.31"/></line>
    <line id="e648__IN__">
      <fromjoint id="n742" port="0"/>
      <tobox id="Application14" port="4"/>
    <point x="80.36" y="4.84"/><point x="81.71" y="2.03"/></line>
    <line id="e648__OUT__">
      <frombox id="Application14" port="4"/>
      <tojoint id="n743" port="0"/>
    <point x="81.71" y="3.06"/><point x="83.15" y="4.31"/></line>
    <line id="e649__IN__">
      <fromjoint id="n741" port="0"/>
      <tobox id="Application17" port="2"/>
    <point x="87.64" y="4.84"/><point x="87.9" y="6.09"/></line>
    <line id="e649__OUT__">
      <frombox id="Application17" port="2"/>
      <tojoint id="n744__IN__0" port="0"/>
    <point x="87.9" y="7.11"/><point x="87.07" y="8.36"/></line>
    <line id="e650__IN__">
      <fromjoint id="n744__OUT__0" port="0"/>
      <tobox id="Application17" port="3"/>
    <point x="92.14" y="4.84"/><point x="88.68" y="6.09"/></line>
    <line id="e650__OUT__">
      <frombox id="Application17" port="3"/>
      <tojoint id="n745" port="0"/>
    <point x="88.68" y="7.11"/><point x="89.07" y="8.36"/></line>
    <line id="e651__IN__">
      <fromjoint id="n745" port="0"/>
      <tobox id="Application17" port="4"/>
    <point x="89.06" y="8.89"/><point x="89.44" y="6.09"/></line>
    <line id="e651__OUT__">
      <frombox id="Application17" port="4"/>
      <tojoint id="n746" port="0"/>
    <point x="89.44" y="7.11"/><point x="91.07" y="8.36"/></line>
    <line id="e652__IN__">
      <fromjoint id="n232" port="0"/>
      <tobox id="Application15" port="1"/>
    <point x="45.54" y="6.86"/><point x="48.79" y="4.06"/></line>
    <line id="e652__OUT__">
      <frombox id="Application15" port="1"/>
      <tojoint id="n747" port="0"/>
    <point x="48.79" y="5.09"/><point x="47.56" y="6.34"/></line>
    <line id="e653__IN__">
      <fromjoint id="n747" port="0"/>
      <tobox id="Application15" port="2"/>
    <point x="47.54" y="6.86"/><point x="49.57" y="4.06"/></line>
    <line id="e653__OUT__">
      <frombox id="Application15" port="2"/>
      <tojoint id="n749" port="0"/>
    <point x="49.57" y="5.09"/><point x="50.06" y="6.34"/></line>
    <line id="e654__IN__">
      <fromjoint id="n165" port="0"/>
      <tobox id="Application13" port="1"/>
    <point x="56.54" y="6.86"/><point x="64.69" y="4.06"/></line>
    <line id="e654__OUT__">
      <frombox id="Application13" port="1"/>
      <tojoint id="n748" port="0"/>
    <point x="64.69" y="5.09"/><point x="58.78" y="6.34"/></line>
    <line id="e655__IN__">
      <fromjoint id="n749" port="1"/>
      <tobox id="Application15" port="3"/>
    <point x="50.35" y="6.86"/><point x="50.35" y="4.06"/></line>
    <line id="e655__OUT__">
      <frombox id="Application15" port="3"/>
      <tojoint id="n748" port="1"/>
    <point x="50.35" y="5.09"/><point x="59.33" y="6.34"/></line>
    <line id="e656__IN__">
      <fromjoint id="n749" port="0"/>
      <tobox id="Application15" port="4"/>
    <point x="49.76" y="6.86"/><point x="51.11" y="4.06"/></line>
    <line id="e656__OUT__">
      <frombox id="Application15" port="4"/>
      <tojoint id="n750" port="0"/>
    <point x="51.11" y="5.09"/><point x="52.56" y="6.34"/></line>
    <line id="e657__IN__">
      <fromjoint id="n748" port="0"/>
      <tobox id="Application13" port="2"/>
    <point x="59.04" y="6.86"/><point x="65.56" y="4.06"/></line>
    <line id="e657__OUT__">
      <frombox id="Application13" port="2"/>
      <tojoint id="n751__IN__0" port="0"/>
    <point x="65.56" y="5.09"/><point x="61.56" y="6.34"/></line>
    <line id="e658__IN__">
      <fromjoint id="n751__OUT__0" port="0"/>
      <tobox id="Application13" port="3"/>
    <point x="66.4" y="2.81"/><point x="66.4" y="4.06"/></line>
    <line id="e658__OUT__">
      <frombox id="Application13" port="3"/>
      <tojoint id="n752" port="0"/>
    <point x="66.4" y="5.09"/><point x="63.56" y="6.34"/></line>
    <line id="e659__IN__">
      <fromjoint id="n130" port="0"/>
      <tobox id="Application12" port="1"/>
    <point x="36.44" y="4.84"/><point x="40.51" y="2.03"/></line>
    <line id="e659__OUT__">
      <frombox id="Application12" port="1"/>
      <tojoint id="n753" port="0"/>
    <point x="40.51" y="3.06"/><point x="40.96" y="4.31"/></line>
    <line id="e660__IN__">
      <fromjoint id="n753" port="1"/>
      <tobox id="Application12" port="2"/>
    <point x="41.25" y="4.84"/><point x="41.25" y="2.03"/></line>
    <line id="e660__OUT__">
      <frombox id="Application12" port="2"/>
      <tojoint id="n751__IN__1" port="0"/>
    <point x="41.25" y="3.06"/><point x="38.46" y="4.31"/></line>
    <line id="e661__IN__">
      <fromjoint id="n752" port="0"/>
      <tobox id="Application13" port="4"/>
    <point x="63.54" y="6.86"/><point x="67.26" y="4.06"/></line>
    <line id="e661__OUT__">
      <frombox id="Application13" port="4"/>
      <tojoint id="n754" port="0"/>
    <point x="67.26" y="5.09"/><point x="67.56" y="6.34"/></line>
    <line id="e662__IN__">
      <fromjoint id="n753" port="0"/>
      <tobox id="Application12" port="3"/>
    <point x="40.67" y="4.84"/><point x="42.0" y="2.03"/></line>
    <line id="e662__OUT__">
      <frombox id="Application12" port="3"/>
      <tojoint id="n755" port="0"/>
    <point x="42.0" y="3.06"/><point x="43.46" y="4.31"/></line>
    <line id="e663__IN__">
      <fromjoint id="n32" port="0"/>
      <tobox id="Application10" port="1"/>
    <point x="2.51" y="4.84"/><point x="5.76" y="2.03"/></line>
    <line id="e663__OUT__">
      <frombox id="Application10" port="1"/>
      <tojoint id="n756" port="0"/>
    <point x="5.76" y="3.06"/><point x="4.53" y="4.31"/></line>
    <line id="e664__IN__">
      <fromjoint id="n756" port="0"/>
      <tobox id="Application10" port="2"/>
    <point x="4.51" y="4.84"/><point x="6.54" y="2.03"/></line>
    <line id="e664__OUT__">
      <frombox id="Application10" port="2"/>
      <tojoint id="n758" port="0"/>
    <point x="6.54" y="3.06"/><point x="7.03" y="4.31"/></line>
    <line id="e665__IN__">
      <fromjoint id="n236" port="0"/>
      <tobox id="Application16" port="1"/>
    <point x="11.43" y="8.89"/><point x="13.5" y="6.09"/></line>
    <line id="e665__OUT__">
      <frombox id="Application16" port="1"/>
      <tojoint id="n757" port="0"/>
    <point x="13.5" y="7.11"/><point x="13.75" y="4.31"/></line>
    <line id="e666__IN__">
      <fromjoint id="n758" port="1"/>
      <tobox id="Application10" port="3"/>
    <point x="7.32" y="4.84"/><point x="7.32" y="2.03"/></line>
    <line id="e666__OUT__">
      <frombox id="Application10" port="3"/>
      <tojoint id="n757" port="1"/>
    <point x="7.32" y="3.06"/><point x="14.31" y="4.31"/></line>
    <line id="e667__IN__">
      <fromjoint id="n758" port="0"/>
      <tobox id="Application10" port="4"/>
    <point x="6.74" y="4.84"/><point x="8.08" y="2.03"/></line>
    <line id="e667__OUT__">
      <frombox id="Application10" port="4"/>
      <tojoint id="n759" port="0"/>
    <point x="8.08" y="3.06"/><point x="9.53" y="4.31"/></line>
    <line id="e668__IN__">
      <fromjoint id="n757" port="0"/>
      <tobox id="Application16" port="2"/>
    <point x="14.01" y="4.84"/><point x="14.28" y="6.09"/></line>
    <line id="e668__OUT__">
      <frombox id="Application16" port="2"/>
      <tojoint id="n760__IN__0" port="0"/>
    <point x="14.28" y="7.11"/><point x="13.44" y="8.36"/></line>
    <line id="e669__IN__">
      <fromjoint id="n760__OUT__0" port="0"/>
      <tobox id="Application16" port="3"/>
    <point x="18.51" y="4.84"/><point x="15.06" y="6.09"/></line>
    <line id="e669__OUT__">
      <frombox id="Application16" port="3"/>
      <tojoint id="n761" port="0"/>
    <point x="15.06" y="7.11"/><point x="15.44" y="8.36"/></line>
    <line id="e670__IN__">
      <fromjoint id="n761" port="0"/>
      <tobox id="Application16" port="4"/>
    <point x="15.43" y="8.89"/><point x="15.82" y="6.09"/></line>
    <line id="e670__OUT__">
      <frombox id="Application16" port="4"/>
      <tojoint id="n762" port="0"/>
    <point x="15.82" y="7.11"/><point x="17.44" y="8.36"/></line>
    <line id="e671__IN__">
      <fromjoint id="n754" port="0"/>
      <tobox id="Application13" port="5"/>
    <point x="67.54" y="6.86"/><point x="68.13" y="4.06"/></line>
    <line id="e671__OUT__">
      <frombox id="Application13" port="5"/>
      <tojoint id="n763__IN__0" port="0"/>
    <point x="68.13" y="5.09"/><point x="65.56" y="6.34"/></line>
    <line id="e672__IN__">
      <fromjoint id="n763__OUT__0" port="0"/>
      <tobox id="Application13" port="6"/>
    <point x="69.13" y="2.81"/><point x="68.99" y="4.06"/></line>
    <line id="e672__OUT__">
      <frombox id="Application13" port="6"/>
      <tojoint id="n764" port="0"/>
    <point x="68.99" y="5.09"/><point x="69.56" y="6.34"/></line>
    <line id="e673__IN__">
      <fromjoint id="n763__OUT__1" port="0"/>
      <tobox id="Application18" port="0"/>
    <point x="29.94" y="2.81"/><point x="29.86" y="4.06"/></line>
    <line id="e673__OUT__">
      <frombox id="Application18" port="0"/>
      <tojoint id="n765" port="0"/>
    <point x="29.86" y="5.09"/><point x="28.44" y="6.34"/></line>
    <line id="e674__IN__">
      <fromjoint id="n764" port="0"/>
      <tobox id="Application13" port="7"/>
    <point x="69.54" y="6.86"/><point x="69.83" y="4.06"/></line>
    <line id="e674__OUT__">
      <frombox id="Application13" port="7"/>
      <tojoint id="n766" port="0"/>
    <point x="69.83" y="5.09"/><point x="71.56" y="6.34"/></line>
    <line id="e675__IN__">
      <fromjoint id="n765" port="0"/>
      <tobox id="Application18" port="1"/>
    <point x="28.43" y="6.86"/><point x="30.63" y="4.06"/></line>
    <line id="e675__OUT__">
      <frombox id="Application18" port="1"/>
      <tojoint id="n768" port="0"/>
    <point x="30.63" y="5.09"/><point x="30.94" y="6.34"/></line>
    <line id="e676__IN__">
      <fromjoint id="n128" port="0"/>
      <tobox id="Application11" port="1"/>
    <point x="19.43" y="6.86"/><point x="21.68" y="4.06"/></line>
    <line id="e676__OUT__">
      <frombox id="Application11" port="1"/>
      <tojoint id="n767" port="0"/>
    <point x="21.68" y="5.09"/><point x="21.67" y="6.34"/></line>
    <line id="e677__IN__">
      <fromjoint id="n768" port="1"/>
      <tobox id="Application18" port="2"/>
    <point x="31.24" y="6.86"/><point x="31.4" y="4.06"/></line>
    <line id="e677__OUT__">
      <frombox id="Application18" port="2"/>
      <tojoint id="n767" port="1"/>
    <point x="31.4" y="5.09"/><point x="22.22" y="6.34"/></line>
    <line id="e678__IN__">
      <fromjoint id="n766" port="0"/>
      <tobox id="Application13" port="8"/>
    <point x="71.54" y="6.86"/><point x="70.69" y="4.06"/></line>
    <line id="e678__OUT__">
      <frombox id="Application13" port="8"/>
      <tojoint id="n769__IN__0" port="0"/>
    <point x="70.69" y="5.09"/><point x="73.56" y="6.34"/></line>
    <line id="e679__IN__">
      <fromjoint id="n769__OUT__0" port="0"/>
      <tobox id="Application13" port="9"/>
    <point x="71.4" y="2.81"/><point x="71.54" y="4.06"/></line>
    <line id="e679__OUT__">
      <frombox id="Application13" port="9"/>
      <tojoint id="n770" port="0"/>
    <point x="71.54" y="5.09"/><point x="75.56" y="6.34"/></line>
    <line id="e680__IN__">
      <fromjoint id="n769__OUT__1" port="0"/>
      <tobox id="Application18" port="3"/>
    <point x="32.1" y="2.81"/><point x="32.18" y="4.06"/></line>
    <line id="e680__OUT__">
      <frombox id="Application18" port="3"/>
      <tojoint id="n771" port="0"/>
    <point x="32.18" y="5.09"/><point x="33.67" y="6.34"/></line>
    <line id="e681__IN__">
      <fromjoint id="n768" port="0"/>
      <tobox id="Application18" port="4"/>
    <point x="30.65" y="6.86"/><point x="32.94" y="4.06"/></line>
    <line id="e681__OUT__">
      <frombox id="Application18" port="4"/>
      <tojoint id="n771" port="1"/>
    <point x="32.94" y="5.09"/><point x="34.22" y="6.34"/></line>
    <line id="e682__IN__">
      <fromjoint id="n770" port="0"/>
      <tobox id="Application13" port="10"/>
    <point x="75.54" y="6.86"/><point x="72.44" y="4.06"/></line>
    <line id="e682__OUT__">
      <frombox id="Application13" port="10"/>
      <tojoint id="n772" port="0"/>
    <point x="72.44" y="5.09"/><point x="77.56" y="6.34"/></line>
    <line id="e683__IN__">
      <fromjoint id="n767" port="0"/>
      <tobox id="Application11" port="2"/>
    <point x="21.93" y="6.86"/><point x="22.38" y="4.06"/></line>
    <line id="e683__OUT__">
      <frombox id="Application11" port="2"/>
      <tojoint id="n773" port="0"/>
    <point x="22.38" y="5.09"/><point x="24.44" y="6.34"/></line>
    <line id="e697__IN__">
      <fromjoint id="n773" port="0"/>
      <tobox id="Application11" port="3"/>
    <point x="24.43" y="6.86"/><point x="23.07" y="4.06"/></line>
    <line id="e697__OUT__">
      <frombox id="Application11" port="3"/>
      <tojoint id="n787" port="0"/>
    <point x="23.07" y="5.09"/><point x="26.44" y="6.34"/></line>
    <line id="e699__IN__">
      <fromjoint id="n771" port="0"/>
      <tobox id="Application18" port="5"/>
    <point x="33.93" y="6.86"/><point x="33.72" y="4.06"/></line>
    <line id="e699__OUT__">
      <frombox id="Application18" port="5"/>
      <tojoint id="n789" port="0"/>
    <point x="33.72" y="5.09"/><point x="36.44" y="6.34"/></line>
    <line id="e722__IN__">
      <fromjoint id="n772" port="0"/>
      <tobox id="Application13" port="11"/>
    <point x="77.54" y="6.86"/><point x="73.4" y="4.06"/></line>
    <line id="e722__OUT__">
      <frombox id="Application13" port="11"/>
      <tojoint id="n812" port="0"/>
    <point x="73.4" y="5.09"/><point x="79.56" y="6.34"/></line>
    <line id="e777__IN__">
      <fromjoint id="n750" port="0"/>
      <tobox id="Application15" port="5"/>
    <point x="52.54" y="6.86"/><point x="51.89" y="4.06"/></line>
    <line id="e777__OUT__">
      <frombox id="Application15" port="5"/>
      <tojoint id="n867" port="0"/>
    <point x="51.89" y="5.09"/><point x="54.56" y="6.34"/></line>
    <line id="e778__IN__">
      <fromjoint id="n759" port="0"/>
      <tobox id="Application10" port="5"/>
    <point x="9.51" y="4.84"/><point x="8.86" y="2.03"/></line>
    <line id="e778__OUT__">
      <frombox id="Application10" port="5"/>
      <tojoint id="n868" port="0"/>
    <point x="8.86" y="3.06"/><point x="16.53" y="4.31"/></line>
    <line id="e783__IN__">
      <fromjoint id="n755" port="0"/>
      <tobox id="Application12" port="4"/>
    <point x="43.44" y="4.84"/><point x="42.74" y="2.03"/></line>
    <line id="e783__OUT__">
      <frombox id="Application12" port="4"/>
      <tojoint id="n873" port="0"/>
    <point x="42.74" y="3.06"/><point x="45.46" y="4.31"/></line>
    <line id="e784__IN__">
      <fromjoint id="n746" port="0"/>
      <tobox id="Application17" port="5"/>
    <point x="91.06" y="8.89"/><point x="90.22" y="6.09"/></line>
    <line id="e784__OUT__">
      <frombox id="Application17" port="5"/>
      <tojoint id="n874" port="0"/>
    <point x="90.22" y="7.11"/><point x="93.07" y="8.36"/></line>
    <line id="e791__IN__">
      <fromjoint id="n762" port="0"/>
      <tobox id="Application16" port="5"/>
    <point x="17.43" y="8.89"/><point x="16.6" y="6.09"/></line>
    <line id="e791__OUT__">
      <frombox id="Application16" port="5"/>
      <tojoint id="n881" port="0"/>
    <point x="16.6" y="7.11"/><point x="19.44" y="8.36"/></line>
    <line id="e796__IN__">
      <fromjoint id="n743" port="0"/>
      <tobox id="Application14" port="5"/>
    <point x="83.14" y="4.84"/><point x="82.49" y="2.03"/></line>
    <line id="e796__OUT__">
      <frombox id="Application14" port="5"/>
      <tojoint id="n886" port="0"/>
    <point x="82.49" y="3.06"/><point x="90.15" y="4.31"/></line>
    <line id="e824__IN__">
      <fromjoint id="n30" port="0"/>
      <tobox id="Application167" port="0"/>
    <point x="0.51" y="4.84"/><point x="0.51" y="6.09"/></line>
    <line id="e824__OUT__">
      <frombox id="Application167" port="0"/>
      <tojoint id="n29__IN__0" port="0"/>
    <point x="0.51" y="7.11"/><point x="0.5" y="8.36"/></line>
    <line id="e649__OUT__CPY">
      <fromjoint id="n744__IN__0" port="0"/>
      <tobox id="EXT__Scribble-init---V__XIN__0" port="0"/>
    <point x="87.06" y="8.89"/><point x="87.06" y="10.14"/></line>
    <line id="e650__IN__CPY">
      <frombox id="EXT__Scribble-init---V__XOUT__0" port="0"/>
      <tojoint id="n744__OUT__0" port="0"/>
    <point x="92.15" y="3.06"/><point x="92.15" y="4.31"/></line>
    <line id="e657__OUT__CPY">
      <fromjoint id="n751__IN__0" port="0"/>
      <tobox id="EXT__Storage-set-Ljava-lang-Object---V__XIN__0" port="0"/>
    <point x="61.54" y="6.86"/><point x="61.54" y="8.11"/></line>
    <line id="e660__OUT__CPY">
      <fromjoint id="n751__IN__1" port="0"/>
      <tobox id="EXT__Storage-set-Ljava-lang-Object---V__XIN__1" port="0"/>
    <point x="38.44" y="4.84"/><point x="38.44" y="6.09"/></line>
    <line id="e658__IN__CPY">
      <frombox id="EXT__Storage-set-Ljava-lang-Object---V__XOUT__0" port="0"/>
      <tojoint id="n751__OUT__0" port="0"/>
    <point x="66.42" y="1.03"/><point x="66.42" y="2.28"/></line>
    <line id="e668__OUT__CPY">
      <fromjoint id="n760__IN__0" port="0"/>
      <tobox id="EXT__Server-run---V__XIN__0" port="0"/>
    <point x="13.43" y="8.89"/><point x="13.43" y="10.14"/></line>
    <line id="e669__IN__CPY">
      <frombox id="EXT__Server-run---V__XOUT__0" port="0"/>
      <tojoint id="n760__OUT__0" port="0"/>
    <point x="18.53" y="3.06"/><point x="18.53" y="4.31"/></line>
    <line id="e671__OUT__CPY">
      <fromjoint id="n763__IN__0" port="0"/>
      <tobox id="EXT__Storage-get---Ljava-lang-Object-__XIN__0" port="0"/>
    <point x="65.54" y="6.86"/><point x="69.26" y="8.11"/></line>
    <line id="e672__IN__CPY">
      <frombox id="EXT__Storage-get---Ljava-lang-Object-__XOUT__0" port="0"/>
      <tojoint id="n763__OUT__0" port="0"/>
    <point x="69.99" y="1.03"/><point x="69.14" y="2.28"/></line>
    <line id="e673__IN__CPY">
      <frombox id="EXT__Storage-get---Ljava-lang-Object-__XOUT__1" port="0"/>
      <tojoint id="n763__OUT__1" port="0"/>
    <point x="30.74" y="1.03"/><point x="29.96" y="2.28"/></line>
    <line id="e678__OUT__CPY">
      <fromjoint id="n769__IN__0" port="0"/>
      <tobox id="EXT__Storage-get---Ljava-lang-Object-__XIN__0" port="1"/>
    <point x="73.54" y="6.86"/><point x="69.82" y="8.11"/></line>
    <line id="e679__IN__CPY">
      <frombox id="EXT__Storage-get---Ljava-lang-Object-__XOUT__0" port="1"/>
      <tojoint id="n769__OUT__0" port="0"/>
    <point x="70.57" y="1.03"/><point x="71.42" y="2.28"/></line>
    <line id="e680__IN__CPY">
      <frombox id="EXT__Storage-get---Ljava-lang-Object-__XOUT__1" port="1"/>
      <tojoint id="n769__OUT__1" port="0"/>
    <point x="31.32" y="1.03"/><point x="32.11" y="2.28"/></line>
  </level>
</graph>