<graph id="world">
  <level id="Application1">
    <box height="1.0139" id="Application10" lines="6" width="6.0" x="6.93055555556" y="2.54166666667"/>
    <box height="1.0139" id="Application11" lines="4" width="4.0" x="22.0277777778" y="4.56944444444"/>
    <box height="1.0139" id="Application12" lines="5" width="5.0" x="41.2638888889" y="2.54166666667"/>
    <box height="1.0139" id="Application13" lines="12" width="12.0" x="68.6527777778" y="4.56944444444"/>
    <box height="1.0139" id="Application14" lines="6" width="6.0" x="80.5555555556" y="2.54166666667"/>
    <box height="1.0139" id="Application15" lines="6" width="6.0" x="49.9583333333" y="4.56944444444"/>
    <box height="1.0139" id="Application16" lines="6" width="6.0" x="14.6666666667" y="6.59722222222"/>
    <box height="1.0139" id="Application17" lines="6" width="6.0" x="88.2916666667" y="6.59722222222"/>
    <box height="1.0139" id="Application18" lines="6" width="6.0" x="31.7916666667" y="4.56944444444"/>
    <box height="1.0139" id="Application19" lines="1" width="1.0" x="0.541666666667" y="2.54166666667"/>
    <box height="1.0139" id="Application167" lines="1" width="1.0" x="0.513888888889" y="6.59722222222"/>
    <box height="1.0139" id="EXT___Scribble-init---V___IN___0" lines="1" width="1.0" x="87.0555555556" y="10.6527777778"/>
    <box height="1.0139" id="EXT___Scribble-init---V___OUT___0" lines="1" width="1.0" x="92.1666666667" y="2.54166666667"/>
    <box height="1.0139" id="EXT___Storage-set-Ljava-lang-Object---V___IN___0" lines="1" width="1.0" x="61.5416666667" y="8.625"/>
    <box height="1.0139" id="EXT___Storage-set-Ljava-lang-Object---V___IN___1" lines="1" width="1.0" x="38.4444444444" y="6.59722222222"/>
    <box height="1.0139" id="EXT___Storage-set-Ljava-lang-Object---V___OUT___0" lines="1" width="1.0" x="66.4305555556" y="0.513888888889"/>
    <box height="1.0139" id="EXT___Server-run---V___IN___0" lines="1" width="1.0" x="13.4305555556" y="10.6527777778"/>
    <box height="1.0139" id="EXT___Server-run---V___OUT___0" lines="1" width="1.0" x="18.5416666667" y="2.54166666667"/>
    <box height="1.0139" id="EXT___Storage-get---Ljava-lang-Object-___IN___0" lines="2" width="2.0" x="69.5416666667" y="8.625"/>
    <box height="1.0139" id="EXT___Storage-get---Ljava-lang-Object-___OUT___0" lines="2" width="2.0" x="70.2777777778" y="0.513888888889"/>
    <box height="1.0139" id="EXT___Storage-get---Ljava-lang-Object-___OUT___1" lines="2" width="2.0" x="31.0277777778" y="0.513888888889"/>
    <joint height="0.51389" id="n28__OUT__0" inputs="0" outputs="1" width="1.0" x="0.555555555556" y="0.513888888889"/>
    <joint height="0.51389" id="n29__IN__0" inputs="1" outputs="0" width="1.0" x="0.5" y="8.625"/>
    <joint height="0.51389" id="n30" inputs="1" outputs="1" width="1.0" x="0.527777777778" y="4.56944444444"/>
    <joint height="0.51389" id="n31" inputs="0" outputs="1" width="1.0" x="5.01388888889" y="0.513888888889"/>
    <joint height="0.51389" id="n32" inputs="1" outputs="1" width="1.0" x="2.52777777778" y="4.56944444444"/>
    <joint height="0.51389" id="n127" inputs="0" outputs="1" width="1.0" x="21.0" y="2.54166666667"/>
    <joint height="0.51389" id="n128" inputs="1" outputs="1" width="1.0" x="19.4444444444" y="6.59722222222"/>
    <joint height="0.51389" id="n129" inputs="0" outputs="1" width="1.0" x="39.7916666667" y="0.513888888889"/>
    <joint height="0.51389" id="n130" inputs="1" outputs="1" width="1.0" x="36.4583333333" y="4.56944444444"/>
    <joint height="0.51389" id="n164" inputs="0" outputs="1" width="1.0" x="63.8611111111" y="2.54166666667"/>
    <joint height="0.51389" id="n165" inputs="1" outputs="1" width="1.0" x="56.5555555556" y="6.59722222222"/>
    <joint height="0.51389" id="n194" inputs="0" outputs="1" width="1.0" x="78.6388888889" y="0.513888888889"/>
    <joint height="0.51389" id="n195" inputs="1" outputs="1" width="1.0" x="76.1527777778" y="4.56944444444"/>
    <joint height="0.51389" id="n231" inputs="0" outputs="1" width="1.0" x="48.0416666667" y="2.54166666667"/>
    <joint height="0.51389" id="n232" inputs="1" outputs="1" width="1.0" x="45.5555555556" y="6.59722222222"/>
    <joint height="0.51389" id="n235" inputs="0" outputs="1" width="1.0" x="11.5277777778" y="4.56944444444"/>
    <joint height="0.51389" id="n236" inputs="1" outputs="1" width="1.0" x="11.4444444444" y="8.625"/>
    <joint height="0.51389" id="n237" inputs="0" outputs="1" width="1.0" x="85.1527777778" y="4.56944444444"/>
    <joint height="0.51389" id="n238" inputs="1" outputs="1" width="1.0" x="85.0694444444" y="8.625"/>
    <joint height="0.51389" id="n740" inputs="1" outputs="1" width="1.0" x="78.1527777778" y="4.56944444444"/>
    <joint height="0.51389" id="n741" inputs="2" outputs="1" width="2.0" x="87.6527777778" y="4.56944444444"/>
    <joint height="0.51389" id="n742" inputs="1" outputs="2" width="2.0" x="80.6527777778" y="4.56944444444"/>
    <joint height="0.51389" id="n743" inputs="1" outputs="1" width="1.0" x="83.1527777778" y="4.56944444444"/>
    <joint height="0.51389" id="n744__IN__0" inputs="1" outputs="1" width="1.0" x="87.0694444444" y="8.625"/>
    <joint height="0.51389" id="n744__OUT__0" inputs="1" outputs="1" width="1.0" x="92.1527777778" y="4.56944444444"/>
    <joint height="0.51389" id="n745" inputs="1" outputs="1" width="1.0" x="89.0694444444" y="8.625"/>
    <joint height="0.51389" id="n746" inputs="1" outputs="1" width="1.0" x="91.0694444444" y="8.625"/>
    <joint height="0.51389" id="n747" inputs="1" outputs="1" width="1.0" x="47.5555555556" y="6.59722222222"/>
    <joint height="0.51389" id="n748" inputs="2" outputs="1" width="2.0" x="59.0555555556" y="6.59722222222"/>
    <joint height="0.51389" id="n749" inputs="1" outputs="2" width="2.0" x="50.0555555556" y="6.59722222222"/>
    <joint height="0.51389" id="n750" inputs="1" outputs="1" width="1.0" x="52.5555555556" y="6.59722222222"/>
    <joint height="0.51389" id="n751__IN__0" inputs="1" outputs="1" width="1.0" x="61.5555555556" y="6.59722222222"/>
    <joint height="0.51389" id="n751__IN__1" inputs="1" outputs="1" width="1.0" x="38.4583333333" y="4.56944444444"/>
    <joint height="0.51389" id="n751__OUT__0" inputs="1" outputs="1" width="1.0" x="66.4166666667" y="2.54166666667"/>
    <joint height="0.51389" id="n752" inputs="1" outputs="1" width="1.0" x="63.5555555556" y="6.59722222222"/>
    <joint height="0.51389" id="n753" inputs="1" outputs="2" width="2.0" x="40.9583333333" y="4.56944444444"/>
    <joint height="0.51389" id="n754" inputs="1" outputs="1" width="1.0" x="67.5555555556" y="6.59722222222"/>
    <joint height="0.51389" id="n755" inputs="1" outputs="1" width="1.0" x="43.4583333333" y="4.56944444444"/>
    <joint height="0.51389" id="n756" inputs="1" outputs="1" width="1.0" x="4.52777777778" y="4.56944444444"/>
    <joint height="0.51389" id="n757" inputs="2" outputs="1" width="2.0" x="14.0277777778" y="4.56944444444"/>
    <joint height="0.51389" id="n758" inputs="1" outputs="2" width="2.0" x="7.02777777778" y="4.56944444444"/>
    <joint height="0.51389" id="n759" inputs="1" outputs="1" width="1.0" x="9.52777777778" y="4.56944444444"/>
    <joint height="0.51389" id="n760__IN__0" inputs="1" outputs="1" width="1.0" x="13.4444444444" y="8.625"/>
    <joint height="0.51389" id="n760__OUT__0" inputs="1" outputs="1" width="1.0" x="18.5277777778" y="4.56944444444"/>
    <joint height="0.51389" id="n761" inputs="1" outputs="1" width="1.0" x="15.4444444444" y="8.625"/>
    <joint height="0.51389" id="n762" inputs="1" outputs="1" width="1.0" x="17.4444444444" y="8.625"/>
    <joint height="0.51389" id="n763__IN__0" inputs="1" outputs="1" width="1.0" x="65.5555555556" y="6.59722222222"/>
    <joint height="0.51389" id="n763__OUT__0" inputs="1" outputs="1" width="1.0" x="69.1388888889" y="2.54166666667"/>
    <joint height="0.51389" id="n763__OUT__1" inputs="1" outputs="1" width="1.0" x="29.9583333333" y="2.54166666667"/>
    <joint height="0.51389" id="n764" inputs="1" outputs="1" width="1.0" x="69.5555555556" y="6.59722222222"/>
    <joint height="0.51389" id="n765" inputs="1" outputs="1" width="1.0" x="28.4444444444" y="6.59722222222"/>
    <joint height="0.51389" id="n766" inputs="1" outputs="1" width="1.0" x="71.5555555556" y="6.59722222222"/>
    <joint height="0.51389" id="n767" inputs="2" outputs="1" width="2.0" x="21.9444444444" y="6.59722222222"/>
    <joint height="0.51389" id="n768" inputs="1" outputs="2" width="2.0" x="30.9444444444" y="6.59722222222"/>
    <joint height="0.51389" id="n769__IN__0" inputs="1" outputs="1" width="1.0" x="73.5555555556" y="6.59722222222"/>
    <joint height="0.51389" id="n769__OUT__0" inputs="1" outputs="1" width="1.0" x="71.4166666667" y="2.54166666667"/>
    <joint height="0.51389" id="n769__OUT__1" inputs="1" outputs="1" width="1.0" x="32.1111111111" y="2.54166666667"/>
    <joint height="0.51389" id="n770" inputs="1" outputs="1" width="1.0" x="75.5555555556" y="6.59722222222"/>
    <joint height="0.51389" id="n771" inputs="2" outputs="1" width="2.0" x="33.9444444444" y="6.59722222222"/>
    <joint height="0.51389" id="n772" inputs="1" outputs="1" width="1.0" x="77.5555555556" y="6.59722222222"/>
    <joint height="0.51389" id="n773" inputs="1" outputs="1" width="1.0" x="24.4444444444" y="6.59722222222"/>
    <joint height="0.51389" id="n787" inputs="1" outputs="0" width="1.0" x="26.4444444444" y="6.59722222222"/>
    <joint height="0.51389" id="n789" inputs="1" outputs="0" width="1.0" x="36.4444444444" y="6.59722222222"/>
    <joint height="0.51389" id="n812" inputs="1" outputs="0" width="1.0" x="79.5555555556" y="6.59722222222"/>
    <joint height="0.51389" id="n867" inputs="1" outputs="0" width="1.0" x="54.5555555556" y="6.59722222222"/>
    <joint height="0.51389" id="n868" inputs="1" outputs="0" width="1.0" x="16.5277777778" y="4.56944444444"/>
    <joint height="0.51389" id="n873" inputs="1" outputs="0" width="1.0" x="45.4583333333" y="4.56944444444"/>
    <joint height="0.51389" id="n874" inputs="1" outputs="0" width="1.0" x="93.0694444444" y="8.625"/>
    <joint height="0.51389" id="n881" inputs="1" outputs="0" width="1.0" x="19.4444444444" y="8.625"/>
    <joint height="0.51389" id="n886" inputs="1" outputs="0" width="1.0" x="90.1527777778" y="4.56944444444"/>
    <line id="e14__IN__">
      <fromjoint id="n28__OUT__0" port="0"/>
      <tobox id="Application19" port="0"/>
    <point x="0.541666666667" y="0.777777777778"/><point x="0.541666666667" y="1.33333333333"/><point x="0.541666666667" y="1.47222222222"/><point x="0.541666666667" y="2.02777777778"/></line>
    <line id="e14__OUT__">
      <frombox id="Application19" port="0"/>
      <tojoint id="n30" port="0"/>
    <point x="0.527777777778" y="3.05555555556"/><point x="0.527777777778" y="3.61111111111"/><point x="0.527777777778" y="3.75"/><point x="0.527777777778" y="4.30555555556"/></line>
    <line id="e15__IN__">
      <fromjoint id="n31" port="0"/>
      <tobox id="Application10" port="0"/>
    <point x="5.0" y="0.777777777778"/><point x="5.0" y="1.33333333333"/><point x="5.0" y="1.47222222222"/><point x="5.0" y="2.02777777778"/></line>
    <line id="e15__OUT__">
      <frombox id="Application10" port="0"/>
      <tojoint id="n32" port="0"/>
    <point x="4.94444444444" y="3.05555555556"/><point x="4.94444444444" y="4.26486111111"/><point x="2.52777777778" y="3.09625"/><point x="2.52777777778" y="4.30555555556"/></line>
    <line id="e62__IN__">
      <fromjoint id="n127" port="0"/>
      <tobox id="Application11" port="0"/>
    <point x="20.9861111111" y="2.80555555556"/><point x="20.9861111111" y="3.36111111111"/><point x="20.9861111111" y="3.5"/><point x="20.9861111111" y="4.05555555556"/></line>
    <line id="e62__OUT__">
      <frombox id="Application11" port="0"/>
      <tojoint id="n128" port="0"/>
    <point x="20.9444444444" y="5.08333333333"/><point x="20.9444444444" y="5.95111111111"/><point x="19.4444444444" y="5.46555555556"/><point x="19.4444444444" y="6.33333333333"/></line>
    <line id="e63__IN__">
      <fromjoint id="n129" port="0"/>
      <tobox id="Application12" port="0"/>
    <point x="39.7777777778" y="0.777777777778"/><point x="39.7777777778" y="1.33333333333"/><point x="39.7777777778" y="1.47222222222"/><point x="39.7777777778" y="2.02777777778"/></line>
    <line id="e63__OUT__">
      <frombox id="Application12" port="0"/>
      <tojoint id="n130" port="0"/>
    <point x="39.7361111111" y="3.05555555556"/><point x="39.7361111111" y="4.61472222222"/><point x="36.4583333333" y="2.74638888889"/><point x="36.4583333333" y="4.30555555556"/></line>
    <line id="e80__IN__">
      <fromjoint id="n164" port="0"/>
      <tobox id="Application13" port="0"/>
    <point x="63.8472222222" y="2.80555555556"/><point x="63.8472222222" y="3.36111111111"/><point x="63.8472222222" y="3.5"/><point x="63.8472222222" y="4.05555555556"/></line>
    <line id="e80__OUT__">
      <frombox id="Application13" port="0"/>
      <tojoint id="n165" port="0"/>
    <point x="63.7916666667" y="5.08333333333"/><point x="63.7916666667" y="6.71513888889"/><point x="56.5555555556" y="4.70152777778"/><point x="56.5555555556" y="6.33333333333"/></line>
    <line id="e96__IN__">
      <fromjoint id="n194" port="0"/>
      <tobox id="Application14" port="0"/>
    <point x="78.625" y="0.777777777778"/><point x="78.625" y="1.33333333333"/><point x="78.625" y="1.47222222222"/><point x="78.625" y="2.02777777778"/></line>
    <line id="e96__OUT__">
      <frombox id="Application14" port="0"/>
      <tojoint id="n195" port="0"/>
    <point x="78.5694444444" y="3.05555555556"/><point x="78.5694444444" y="4.26486111111"/><point x="76.1527777778" y="3.09625"/><point x="76.1527777778" y="4.30555555556"/></line>
    <line id="e115__IN__">
      <fromjoint id="n231" port="0"/>
      <tobox id="Application15" port="0"/>
    <point x="48.0277777778" y="2.80555555556"/><point x="48.0277777778" y="3.36111111111"/><point x="48.0277777778" y="3.5"/><point x="48.0277777778" y="4.05555555556"/></line>
    <line id="e115__OUT__">
      <frombox id="Application15" port="0"/>
      <tojoint id="n232" port="0"/>
    <point x="47.9722222222" y="5.08333333333"/><point x="47.9722222222" y="6.29263888889"/><point x="45.5555555556" y="5.12402777778"/><point x="45.5555555556" y="6.33333333333"/></line>
    <line id="e117__IN__">
      <fromjoint id="n235" port="0"/>
      <tobox id="Application16" port="0"/>
    <point x="11.5138888889" y="4.83333333333"/><point x="11.5138888889" y="5.61027777778"/><point x="12.7361111111" y="5.30638888889"/><point x="12.7361111111" y="6.08333333333"/></line>
    <line id="e117__OUT__">
      <frombox id="Application16" port="0"/>
      <tojoint id="n236" port="0"/>
    <point x="12.6805555556" y="7.11111111111"/><point x="12.6805555556" y="7.8925"/><point x="11.4444444444" y="7.57972222222"/><point x="11.4444444444" y="8.36111111111"/></line>
    <line id="e118__IN__">
      <fromjoint id="n237" port="0"/>
      <tobox id="Application17" port="0"/>
    <point x="85.1388888889" y="4.83333333333"/><point x="85.1388888889" y="5.61027777778"/><point x="86.3611111111" y="5.30638888889"/><point x="86.3611111111" y="6.08333333333"/></line>
    <line id="e118__OUT__">
      <frombox id="Application17" port="0"/>
      <tojoint id="n238" port="0"/>
    <point x="86.3055555556" y="7.11111111111"/><point x="86.3055555556" y="7.8925"/><point x="85.0694444444" y="7.57972222222"/><point x="85.0694444444" y="8.36111111111"/></line>
    <line id="e644__IN__">
      <fromjoint id="n195" port="0"/>
      <tobox id="Application14" port="1"/>
    <point x="76.1388888889" y="4.83333333333"/><point x="76.1388888889" y="5.04944444444"/><point x="75.8027777778" y="4.97444444444"/><point x="75.6527777778" y="4.81944444444"/><point x="75.4930555556" y="4.65569444444"/><point x="75.575" y="4.52013888889"/><point x="75.6527777778" y="4.30555555556"/><point x="76.1027777778" y="3.07069444444"/><point x="76.3666666667" y="2.60111111111"/><point x="77.5555555556" y="2.04166666667"/><point x="78.2930555556" y="1.69486111111"/><point x="79.3888888889" y="1.21291666667"/><point x="79.3888888889" y="2.02777777778"/></line>
    <line id="e644__OUT__">
      <frombox id="Application14" port="1"/>
      <tojoint id="n740" port="0"/>
    <point x="79.3611111111" y="3.05555555556"/><point x="79.3611111111" y="3.82819444444"/><point x="78.1527777778" y="3.53291666667"/><point x="78.1527777778" y="4.30555555556"/></line>
    <line id="e645__IN__">
      <fromjoint id="n740" port="0"/>
      <tobox id="Application14" port="2"/>
    <point x="78.1388888889" y="4.83333333333"/><point x="78.1388888889" y="5.04944444444"/><point x="77.8069444444" y="4.97027777778"/><point x="77.6527777778" y="4.81944444444"/><point x="77.2652777778" y="4.44236111111"/><point x="77.2444444444" y="2.35416666667"/><point x="77.5555555556" y="2.04166666667"/><point x="77.9652777778" y="1.63027777778"/><point x="80.1666666667" y="1.4475"/><point x="80.1666666667" y="2.02777777778"/></line>
    <line id="e645__OUT__">
      <frombox id="Application14" port="2"/>
      <tojoint id="n742" port="0"/>
    <point x="80.1527777778" y="3.05555555556"/><point x="80.1527777778" y="3.65388888889"/><point x="80.6527777778" y="3.70722222222"/><point x="80.6527777778" y="4.30555555556"/></line>
    <line id="e646__IN__">
      <fromjoint id="n238" port="0"/>
      <tobox id="Application17" port="1"/>
    <point x="85.0555555556" y="8.88888888889"/><point x="85.0555555556" y="9.57680555556"/><point x="81.1652777778" y="9.13597222222"/><point x="85.2916666667" y="6.09722222222"/><point x="85.9472222222" y="5.61402777778"/><point x="87.125" y="5.26847222222"/><point x="87.125" y="6.08333333333"/></line>
    <line id="e646__OUT__">
      <frombox id="Application17" port="1"/>
      <tojoint id="n741" port="0"/>
    <point x="87.0972222222" y="7.11111111111"/><point x="87.0972222222" y="7.51236111111"/><point x="85.5736111111" y="7.38208333333"/><point x="85.2916666667" y="7.09722222222"/><point x="84.9736111111" y="6.77736111111"/><point x="85.1347222222" y="6.50583333333"/><point x="85.2916666667" y="6.08333333333"/><point x="85.4958333333" y="5.53347222222"/><point x="85.8" y="5.55194444444"/><point x="86.1527777778" y="5.08333333333"/><point x="86.3972222222" y="4.75916666667"/><point x="86.2972222222" y="4.51583333333"/><point x="86.6527777778" y="4.31944444444"/><point x="86.9333333333" y="4.16402777778"/><point x="87.375" y="3.98444444444"/><point x="87.375" y="4.30555555556"/></line>
    <line id="e647__IN__">
      <fromjoint id="n742" port="1"/>
      <tobox id="Application14" port="3"/>
    <point x="80.9444444444" y="4.83333333333"/><point x="80.9444444444" y="5.14819444444"/><point x="81.3777777778" y="4.97194444444"/><point x="81.6527777778" y="4.81944444444"/><point x="82.0083333333" y="4.62291666667"/><point x="81.8722222222" y="4.34805555556"/><point x="82.1527777778" y="4.05555555556"/><point x="82.6833333333" y="3.50347222222"/><point x="83.2055555556" y="3.73625"/><point x="83.5555555556" y="3.05555555556"/><point x="83.7625" y="2.655"/><point x="83.8736111111" y="2.36111111111"/><point x="83.5555555556" y="2.04166666667"/><point x="83.1458333333" y="1.63027777778"/><point x="80.9444444444" y="1.4475"/><point x="80.9444444444" y="2.02777777778"/></line>
    <line id="e647__OUT__">
      <frombox id="Application14" port="3"/>
      <tojoint id="n741" port="1"/>
    <point x="80.9444444444" y="3.05555555556"/><point x="80.9444444444" y="4.63263888889"/><point x="87.9305555556" y="2.72847222222"/><point x="87.9305555556" y="4.30555555556"/></line>
    <line id="e648__IN__">
      <fromjoint id="n742" port="0"/>
      <tobox id="Application14" port="4"/>
    <point x="80.3611111111" y="4.83333333333"/><point x="80.3611111111" y="5.08472222222"/><point x="78.8027777778" y="5.47125"/><point x="79.6527777778" y="4.30555555556"/><point x="80.7263888889" y="2.83430555556"/><point x="82.4819444444" y="4.52680555556"/><point x="83.5555555556" y="3.05555555556"/><point x="83.8208333333" y="2.69152777778"/><point x="83.8736111111" y="2.36152777778"/><point x="83.5555555556" y="2.04166666667"/><point x="83.2666666667" y="1.75027777778"/><point x="81.7083333333" y="1.61722222222"/><point x="81.7083333333" y="2.02777777778"/></line>
    <line id="e648__OUT__">
      <frombox id="Application14" port="4"/>
      <tojoint id="n743" port="0"/>
    <point x="81.7361111111" y="3.05555555556"/><point x="81.7361111111" y="3.89527777778"/><point x="83.1527777778" y="3.46583333333"/><point x="83.1527777778" y="4.30555555556"/></line>
    <line id="e649__IN__">
      <fromjoint id="n741" port="0"/>
      <tobox id="Application17" port="2"/>
    <point x="87.6388888889" y="4.83333333333"/><point x="87.6388888889" y="5.40111111111"/><point x="87.9027777778" y="5.51555555556"/><point x="87.9027777778" y="6.08333333333"/></line>
    <line id="e649__OUT__">
      <frombox id="Application17" port="2"/>
      <tojoint id="n744__IN__0" port="0"/>
    <point x="87.8888888889" y="7.11111111111"/><point x="87.8888888889" y="7.77541666667"/><point x="87.0694444444" y="7.69680555556"/><point x="87.0694444444" y="8.36111111111"/></line>
    <line id="e650__IN__">
      <fromjoint id="n744__OUT__0" port="0"/>
      <tobox id="Application17" port="3"/>
    <point x="92.1388888889" y="4.83333333333"/><point x="92.1388888889" y="6.46763888889"/><point x="88.6805555556" y="4.44902777778"/><point x="88.6805555556" y="6.08333333333"/></line>
    <line id="e650__OUT__">
      <frombox id="Application17" port="3"/>
      <tojoint id="n745" port="0"/>
    <point x="88.6805555556" y="7.11111111111"/><point x="88.6805555556" y="7.69291666667"/><point x="89.0694444444" y="7.77930555556"/><point x="89.0694444444" y="8.36111111111"/></line>
    <line id="e651__IN__">
      <fromjoint id="n745" port="0"/>
      <tobox id="Application17" port="4"/>
    <point x="89.0555555556" y="8.88888888889"/><point x="89.0555555556" y="9.42791666667"/><point x="87.6430555556" y="9.80551388889"/><point x="88.5694444444" y="8.36111111111"/><point x="89.2875" y="7.24041666667"/><point x="90.5736111111" y="8.23180555556"/><point x="91.2916666667" y="7.11111111111"/><point x="91.5347222222" y="6.73180555556"/><point x="91.6097222222" y="6.41708333333"/><point x="91.2916666667" y="6.09722222222"/><point x="91.0027777778" y="5.80583333333"/><point x="89.4444444444" y="5.67277777778"/><point x="89.4444444444" y="6.08333333333"/></line>
    <line id="e651__OUT__">
      <frombox id="Application17" port="4"/>
      <tojoint id="n746" port="0"/>
    <point x="89.4722222222" y="7.11111111111"/><point x="89.4722222222" y="8.0125"/><point x="91.0694444444" y="7.45972222222"/><point x="91.0694444444" y="8.36111111111"/></line>
    <line id="e652__IN__">
      <fromjoint id="n232" port="0"/>
      <tobox id="Application15" port="1"/>
    <point x="45.5416666667" y="6.86111111111"/><point x="45.5416666667" y="7.43111111111"/><point x="44.5930555556" y="7.37305555556"/><point x="45.0555555556" y="6.33333333333"/><point x="45.3930555556" y="5.57472222222"/><point x="45.9388888889" y="5.74263888889"/><point x="46.4444444444" y="5.08333333333"/><point x="46.7513888889" y="4.68222222222"/><point x="46.5291666667" y="4.33555555556"/><point x="46.9583333333" y="4.06944444444"/><point x="47.6513888889" y="3.64027777778"/><point x="48.7916666667" y="3.24069444444"/><point x="48.7916666667" y="4.05555555556"/></line>
    <line id="e652__OUT__">
      <frombox id="Application15" port="1"/>
      <tojoint id="n747" port="0"/>
    <point x="48.7638888889" y="5.08333333333"/><point x="48.7638888889" y="5.85597222222"/><point x="47.5555555556" y="5.56069444444"/><point x="47.5555555556" y="6.33333333333"/></line>
    <line id="e653__IN__">
      <fromjoint id="n747" port="0"/>
      <tobox id="Application15" port="2"/>
    <point x="47.5416666667" y="6.86111111111"/><point x="47.5416666667" y="7.07722222222"/><point x="47.2097222222" y="6.99805555556"/><point x="47.0555555556" y="6.84722222222"/><point x="46.6680555556" y="6.47013888889"/><point x="46.6472222222" y="4.38194444444"/><point x="46.9583333333" y="4.06944444444"/><point x="47.3680555556" y="3.65805555556"/><point x="49.5694444444" y="3.47527777778"/><point x="49.5694444444" y="4.05555555556"/></line>
    <line id="e653__OUT__">
      <frombox id="Application15" port="2"/>
      <tojoint id="n749" port="0"/>
    <point x="49.5555555556" y="5.08333333333"/><point x="49.5555555556" y="5.68166666667"/><point x="50.0555555556" y="5.735"/><point x="50.0555555556" y="6.33333333333"/></line>
    <line id="e654__IN__">
      <fromjoint id="n165" port="0"/>
      <tobox id="Application13" port="1"/>
    <point x="56.5416666667" y="6.86111111111"/><point x="56.5416666667" y="7.26055555556"/><point x="55.1291666667" y="7.63027777778"/><point x="56.0555555556" y="6.33333333333"/><point x="57.8569444444" y="3.81055555556"/><point x="59.5972222222" y="4.58986111111"/><point x="62.6527777778" y="4.06944444444"/><point x="63.5472222222" y="3.91708333333"/><point x="64.6944444444" y="3.14819444444"/><point x="64.6944444444" y="4.05555555556"/></line>
    <line id="e654__OUT__">
      <frombox id="Application13" port="1"/>
      <tojoint id="n748" port="0"/>
    <point x="64.6527777778" y="5.08333333333"/><point x="64.6527777778" y="7.75291666667"/><point x="58.7777777778" y="3.66375"/><point x="58.7777777778" y="6.33333333333"/></line>
    <line id="e655__IN__">
      <fromjoint id="n749" port="1"/>
      <tobox id="Application15" port="3"/>
    <point x="50.3472222222" y="6.86111111111"/><point x="50.3472222222" y="7.17597222222"/><point x="50.7805555556" y="6.99972222222"/><point x="51.0555555556" y="6.84722222222"/><point x="51.4111111111" y="6.65069444444"/><point x="51.275" y="6.37583333333"/><point x="51.5555555556" y="6.08333333333"/><point x="52.0861111111" y="5.53125"/><point x="52.6083333333" y="5.76402777778"/><point x="52.9583333333" y="5.08333333333"/><point x="53.1652777778" y="4.68277777778"/><point x="53.2763888889" y="4.38888888889"/><point x="52.9583333333" y="4.06944444444"/><point x="52.5486111111" y="3.65805555556"/><point x="50.3472222222" y="3.47527777778"/><point x="50.3472222222" y="4.05555555556"/></line>
    <line id="e655__OUT__">
      <frombox id="Application15" port="3"/>
      <tojoint id="n748" port="1"/>
    <point x="50.3472222222" y="5.08333333333"/><point x="50.3472222222" y="7.09944444444"/><point x="59.3333333333" y="4.31722222222"/><point x="59.3333333333" y="6.33333333333"/></line>
    <line id="e656__IN__">
      <fromjoint id="n749" port="0"/>
      <tobox id="Application15" port="4"/>
    <point x="49.7638888889" y="6.86111111111"/><point x="49.7638888889" y="7.1125"/><point x="48.2055555556" y="7.49902777778"/><point x="49.0555555556" y="6.33333333333"/><point x="50.1291666667" y="4.86208333333"/><point x="51.8847222222" y="6.55458333333"/><point x="52.9583333333" y="5.08333333333"/><point x="53.2236111111" y="4.71930555556"/><point x="53.2763888889" y="4.38930555556"/><point x="52.9583333333" y="4.06944444444"/><point x="52.6694444444" y="3.77805555556"/><point x="51.1111111111" y="3.645"/><point x="51.1111111111" y="4.05555555556"/></line>
    <line id="e656__OUT__">
      <frombox id="Application15" port="4"/>
      <tojoint id="n750" port="0"/>
    <point x="51.1388888889" y="5.08333333333"/><point x="51.1388888889" y="5.92305555556"/><point x="52.5555555556" y="5.49361111111"/><point x="52.5555555556" y="6.33333333333"/></line>
    <line id="e657__IN__">
      <fromjoint id="n748" port="0"/>
      <tobox id="Application13" port="2"/>
    <point x="59.0416666667" y="6.86111111111"/><point x="59.0416666667" y="7.20680555556"/><point x="57.2513888889" y="7.62569444444"/><point x="58.0555555556" y="6.33333333333"/><point x="59.2583333333" y="4.39958333333"/><point x="60.4361111111" y="4.59125"/><point x="62.6527777778" y="4.06944444444"/><point x="63.2805555556" y="3.92166666667"/><point x="65.5555555556" y="3.41055555556"/><point x="65.5555555556" y="4.05555555556"/></line>
    <line id="e657__OUT__">
      <frombox id="Application13" port="2"/>
      <tojoint id="n751__IN__0" port="0"/>
    <point x="65.5138888889" y="5.08333333333"/><point x="65.5138888889" y="6.92819444444"/><point x="61.5555555556" y="4.48847222222"/><point x="61.5555555556" y="6.33333333333"/></line>
    <line id="e658__IN__">
      <fromjoint id="n751__OUT__0" port="0"/>
      <tobox id="Application13" port="3"/>
    <point x="66.4027777778" y="2.80555555556"/><point x="66.4027777778" y="3.36111111111"/><point x="66.4027777778" y="3.5"/><point x="66.4027777778" y="4.05555555556"/></line>
    <line id="e658__OUT__">
      <frombox id="Application13" port="3"/>
      <tojoint id="n752" port="0"/>
    <point x="66.3888888889" y="5.08333333333"/><point x="66.3888888889" y="6.45972222222"/><point x="63.5555555556" y="4.95694444444"/><point x="63.5555555556" y="6.33333333333"/></line>
    <line id="e659__IN__">
      <fromjoint id="n130" port="0"/>
      <tobox id="Application12" port="1"/>
    <point x="36.4444444444" y="4.83333333333"/><point x="36.4444444444" y="5.33611111111"/><point x="35.4958333333" y="5.27430555556"/><point x="35.9583333333" y="4.30555555556"/><point x="36.65" y="2.86"/><point x="37.2555555556" y="2.58125"/><point x="38.7638888889" y="2.04166666667"/><point x="39.4958333333" y="1.77972222222"/><point x="40.5138888889" y="1.25"/><point x="40.5138888889" y="2.02777777778"/></line>
    <line id="e659__OUT__">
      <frombox id="Application12" port="1"/>
      <tojoint id="n753" port="0"/>
    <point x="40.5" y="3.05555555556"/><point x="40.5" y="3.64722222222"/><point x="40.9583333333" y="3.71388888889"/><point x="40.9583333333" y="4.30555555556"/></line>
    <line id="e660__IN__">
      <fromjoint id="n753" port="1"/>
      <tobox id="Application12" port="2"/>
    <point x="41.25" y="4.83333333333"/><point x="41.25" y="5.19597222222"/><point x="42.8083333333" y="5.55194444444"/><point x="41.9583333333" y="4.30555555556"/><point x="40.6652777778" y="2.41041666667"/><point x="36.9986111111" y="3.81680555556"/><point x="38.7638888889" y="2.04166666667"/><point x="39.1527777778" y="1.64986111111"/><point x="41.25" y="1.47527777778"/><point x="41.25" y="2.02777777778"/></line>
    <line id="e660__OUT__">
      <frombox id="Application12" port="2"/>
      <tojoint id="n751__IN__1" port="0"/>
    <point x="41.25" y="3.05555555556"/><point x="41.25" y="4.415"/><point x="38.4583333333" y="2.94611111111"/><point x="38.4583333333" y="4.30555555556"/></line>
    <line id="e661__IN__">
      <fromjoint id="n752" port="0"/>
      <tobox id="Application13" port="4"/>
    <point x="63.5416666667" y="6.86111111111"/><point x="63.5416666667" y="8.16319444444"/><point x="61.7333333333" y="4.99152777778"/><point x="62.6527777778" y="4.06944444444"/><point x="63.0138888889" y="3.70666666667"/><point x="67.2638888889" y="3.54319444444"/><point x="67.2638888889" y="4.05555555556"/></line>
    <line id="e661__OUT__">
      <frombox id="Application13" port="4"/>
      <tojoint id="n754" port="0"/>
    <point x="67.25" y="5.08333333333"/><point x="67.25" y="5.65527777778"/><point x="67.5555555556" y="5.76138888889"/><point x="67.5555555556" y="6.33333333333"/></line>
    <line id="e662__IN__">
      <fromjoint id="n753" port="0"/>
      <tobox id="Application12" port="3"/>
    <point x="40.6666666667" y="4.83333333333"/><point x="40.6666666667" y="5.09722222222"/><point x="39.1083333333" y="5.48041666667"/><point x="39.9583333333" y="4.30555555556"/><point x="41.0027777778" y="2.86361111111"/><point x="42.7194444444" y="4.4975"/><point x="43.7638888889" y="3.05555555556"/><point x="44.0277777778" y="2.69055555556"/><point x="44.0819444444" y="2.36152777778"/><point x="43.7638888889" y="2.04166666667"/><point x="43.4875" y="1.76333333333"/><point x="42.0" y="1.63583333333"/><point x="42.0" y="2.02777777778"/></line>
    <line id="e662__OUT__">
      <frombox id="Application12" port="3"/>
      <tojoint id="n755" port="0"/>
    <point x="42.0138888889" y="3.05555555556"/><point x="42.0138888889" y="3.90458333333"/><point x="43.4583333333" y="3.45652777778"/><point x="43.4583333333" y="4.30555555556"/></line>
    <line id="e663__IN__">
      <fromjoint id="n32" port="0"/>
      <tobox id="Application10" port="1"/>
    <point x="2.51388888889" y="4.83333333333"/><point x="2.51388888889" y="5.04944444444"/><point x="2.17847222222" y="4.97444444444"/><point x="2.02777777778" y="4.81944444444"/><point x="1.86861111111" y="4.65569444444"/><point x="1.94958333333" y="4.52013888889"/><point x="2.02777777778" y="4.30555555556"/><point x="2.47777777778" y="3.07069444444"/><point x="2.74125" y="2.60111111111"/><point x="3.93055555556" y="2.04166666667"/><point x="4.66791666667" y="1.69486111111"/><point x="5.76388888889" y="1.21291666667"/><point x="5.76388888889" y="2.02777777778"/></line>
    <line id="e663__OUT__">
      <frombox id="Application10" port="1"/>
      <tojoint id="n756" port="0"/>
    <point x="5.73611111111" y="3.05555555556"/><point x="5.73611111111" y="3.82819444444"/><point x="4.52777777778" y="3.53291666667"/><point x="4.52777777778" y="4.30555555556"/></line>
    <line id="e664__IN__">
      <fromjoint id="n756" port="0"/>
      <tobox id="Application10" port="2"/>
    <point x="4.51388888889" y="4.83333333333"/><point x="4.51388888889" y="5.04944444444"/><point x="4.18263888889" y="4.97027777778"/><point x="4.02777777778" y="4.81944444444"/><point x="3.64055555556" y="4.44236111111"/><point x="3.61972222222" y="2.35416666667"/><point x="3.93055555556" y="2.04166666667"/><point x="4.33972222222" y="1.63027777778"/><point x="6.54166666667" y="1.4475"/><point x="6.54166666667" y="2.02777777778"/></line>
    <line id="e664__OUT__">
      <frombox id="Application10" port="2"/>
      <tojoint id="n758" port="0"/>
    <point x="6.52777777778" y="3.05555555556"/><point x="6.52777777778" y="3.65388888889"/><point x="7.02777777778" y="3.70722222222"/><point x="7.02777777778" y="4.30555555556"/></line>
    <line id="e665__IN__">
      <fromjoint id="n236" port="0"/>
      <tobox id="Application16" port="1"/>
    <point x="11.4305555556" y="8.88888888889"/><point x="11.4305555556" y="9.57680555556"/><point x="7.54055555556" y="9.13597222222"/><point x="11.6666666667" y="6.09722222222"/><point x="12.3227777778" y="5.61402777778"/><point x="13.5" y="5.26847222222"/><point x="13.5" y="6.08333333333"/></line>
    <line id="e665__OUT__">
      <frombox id="Application16" port="1"/>
      <tojoint id="n757" port="0"/>
    <point x="13.4722222222" y="7.11111111111"/><point x="13.4722222222" y="7.51236111111"/><point x="11.9493055556" y="7.38208333333"/><point x="11.6666666667" y="7.09722222222"/><point x="11.3493055556" y="6.77736111111"/><point x="11.5098611111" y="6.50583333333"/><point x="11.6666666667" y="6.08333333333"/><point x="11.8708333333" y="5.53347222222"/><point x="12.175" y="5.55194444444"/><point x="12.5277777778" y="5.08333333333"/><point x="12.7718055556" y="4.75916666667"/><point x="12.6726388889" y="4.51583333333"/><point x="13.0277777778" y="4.31944444444"/><point x="13.30875" y="4.16402777778"/><point x="13.75" y="3.98444444444"/><point x="13.75" y="4.30555555556"/></line>
    <line id="e666__IN__">
      <fromjoint id="n758" port="1"/>
      <tobox id="Application10" port="3"/>
    <point x="7.31944444444" y="4.83333333333"/><point x="7.31944444444" y="5.14819444444"/><point x="7.75222222222" y="4.97194444444"/><point x="8.02777777778" y="4.81944444444"/><point x="8.38277777778" y="4.62291666667"/><point x="8.24666666667" y="4.34805555556"/><point x="8.52777777778" y="4.05555555556"/><point x="9.05833333333" y="3.50347222222"/><point x="9.57986111111" y="3.73625"/><point x="9.93055555556" y="3.05555555556"/><point x="10.1369444444" y="2.655"/><point x="10.2483333333" y="2.36111111111"/><point x="9.93055555556" y="2.04166666667"/><point x="9.52138888889" y="1.63027777778"/><point x="7.31944444444" y="1.4475"/><point x="7.31944444444" y="2.02777777778"/></line>
    <line id="e666__OUT__">
      <frombox id="Application10" port="3"/>
      <tojoint id="n757" port="1"/>
    <point x="7.31944444444" y="3.05555555556"/><point x="7.31944444444" y="4.63263888889"/><point x="14.3055555556" y="2.72847222222"/><point x="14.3055555556" y="4.30555555556"/></line>
    <line id="e667__IN__">
      <fromjoint id="n758" port="0"/>
      <tobox id="Application10" port="4"/>
    <point x="6.73611111111" y="4.83333333333"/><point x="6.73611111111" y="5.08472222222"/><point x="5.17708333333" y="5.47125"/><point x="6.02777777778" y="4.30555555556"/><point x="7.10138888889" y="2.83430555556"/><point x="8.85694444444" y="4.52680555556"/><point x="9.93055555556" y="3.05555555556"/><point x="10.19625" y="2.69152777778"/><point x="10.2480555556" y="2.36152777778"/><point x="9.93055555556" y="2.04166666667"/><point x="9.64138888889" y="1.75027777778"/><point x="8.08333333333" y="1.61722222222"/><point x="8.08333333333" y="2.02777777778"/></line>
    <line id="e667__OUT__">
      <frombox id="Application10" port="4"/>
      <tojoint id="n759" port="0"/>
    <point x="8.11111111111" y="3.05555555556"/><point x="8.11111111111" y="3.89527777778"/><point x="9.52777777778" y="3.46583333333"/><point x="9.52777777778" y="4.30555555556"/></line>
    <line id="e668__IN__">
      <fromjoint id="n757" port="0"/>
      <tobox id="Application16" port="2"/>
    <point x="14.0138888889" y="4.83333333333"/><point x="14.0138888889" y="5.40111111111"/><point x="14.2777777778" y="5.51555555556"/><point x="14.2777777778" y="6.08333333333"/></line>
    <line id="e668__OUT__">
      <frombox id="Application16" port="2"/>
      <tojoint id="n760__IN__0" port="0"/>
    <point x="14.2638888889" y="7.11111111111"/><point x="14.2638888889" y="7.77541666667"/><point x="13.4444444444" y="7.69680555556"/><point x="13.4444444444" y="8.36111111111"/></line>
    <line id="e669__IN__">
      <fromjoint id="n760__OUT__0" port="0"/>
      <tobox id="Application16" port="3"/>
    <point x="18.5138888889" y="4.83333333333"/><point x="18.5138888889" y="6.46763888889"/><point x="15.0555555556" y="4.44902777778"/><point x="15.0555555556" y="6.08333333333"/></line>
    <line id="e669__OUT__">
      <frombox id="Application16" port="3"/>
      <tojoint id="n761" port="0"/>
    <point x="15.0555555556" y="7.11111111111"/><point x="15.0555555556" y="7.69291666667"/><point x="15.4444444444" y="7.77930555556"/><point x="15.4444444444" y="8.36111111111"/></line>
    <line id="e670__IN__">
      <fromjoint id="n761" port="0"/>
      <tobox id="Application16" port="4"/>
    <point x="15.4305555556" y="8.88888888889"/><point x="15.4305555556" y="9.42791666667"/><point x="14.0180555556" y="9.80551388889"/><point x="14.9444444444" y="8.36111111111"/><point x="15.6625" y="7.24041666667"/><point x="16.9486111111" y="8.23180555556"/><point x="17.6666666667" y="7.11111111111"/><point x="17.9097222222" y="6.73180555556"/><point x="17.9847222222" y="6.41708333333"/><point x="17.6666666667" y="6.09722222222"/><point x="17.3777777778" y="5.80583333333"/><point x="15.8194444444" y="5.67277777778"/><point x="15.8194444444" y="6.08333333333"/></line>
    <line id="e670__OUT__">
      <frombox id="Application16" port="4"/>
      <tojoint id="n762" port="0"/>
    <point x="15.8472222222" y="7.11111111111"/><point x="15.8472222222" y="8.0125"/><point x="17.4444444444" y="7.45972222222"/><point x="17.4444444444" y="8.36111111111"/></line>
    <line id="e671__IN__">
      <fromjoint id="n754" port="0"/>
      <tobox id="Application13" port="5"/>
    <point x="67.5416666667" y="6.86111111111"/><point x="67.5416666667" y="7.07722222222"/><point x="67.2444444444" y="6.95277777778"/><point x="67.0555555556" y="6.84722222222"/><point x="66.7013888889" y="6.64916666667"/><point x="66.8861111111" y="6.31944444444"/><point x="66.5555555556" y="6.08333333333"/><point x="65.0986111111" y="5.04138888889"/><point x="63.75" y="6.49791666667"/><point x="62.6527777778" y="5.08333333333"/><point x="62.3763888889" y="4.72736111111"/><point x="62.3347222222" y="4.38847222222"/><point x="62.6527777778" y="4.06944444444"/><point x="63.0819444444" y="3.63902777778"/><point x="68.125" y="3.4475"/><point x="68.125" y="4.05555555556"/></line>
    <line id="e671__OUT__">
      <frombox id="Application13" port="5"/>
      <tojoint id="n763__IN__0" port="0"/>
    <point x="68.1111111111" y="5.08333333333"/><point x="68.1111111111" y="6.34777777778"/><point x="65.5555555556" y="5.06888888889"/><point x="65.5555555556" y="6.33333333333"/></line>
    <line id="e672__IN__">
      <fromjoint id="n763__OUT__0" port="0"/>
      <tobox id="Application13" port="6"/>
    <point x="69.125" y="2.80555555556"/><point x="69.125" y="3.36458333333"/><point x="68.9861111111" y="3.49652777778"/><point x="68.9861111111" y="4.05555555556"/></line>
    <line id="e672__OUT__">
      <frombox id="Application13" port="6"/>
      <tojoint id="n764" port="0"/>
    <point x="68.9861111111" y="5.08333333333"/><point x="68.9861111111" y="5.69388888889"/><point x="69.5555555556" y="5.72277777778"/><point x="69.5555555556" y="6.33333333333"/></line>
    <line id="e673__IN__">
      <fromjoint id="n763__OUT__1" port="0"/>
      <tobox id="Application18" port="0"/>
    <point x="29.9444444444" y="2.80555555556"/><point x="29.9444444444" y="3.36236111111"/><point x="29.8611111111" y="3.49875"/><point x="29.8611111111" y="4.05555555556"/></line>
    <line id="e673__OUT__">
      <frombox id="Application18" port="0"/>
      <tojoint id="n765" port="0"/>
    <point x="29.8055555556" y="5.08333333333"/><point x="29.8055555556" y="5.90472222222"/><point x="28.4444444444" y="5.51194444444"/><point x="28.4444444444" y="6.33333333333"/></line>
    <line id="e674__IN__">
      <fromjoint id="n764" port="0"/>
      <tobox id="Application13" port="7"/>
    <point x="69.5416666667" y="6.86111111111"/><point x="69.5416666667" y="7.12694444444"/><point x="68.1291666667" y="7.48916666667"/><point x="69.0555555556" y="6.33333333333"/><point x="70.65" y="4.34416666667"/><point x="73.0583333333" y="7.0725"/><point x="74.6527777778" y="5.08333333333"/><point x="74.9347222222" y="4.73166666667"/><point x="74.9708333333" y="4.38847222222"/><point x="74.6527777778" y="4.06944444444"/><point x="74.275" y="3.69027777778"/><point x="69.8333333333" y="3.52"/><point x="69.8333333333" y="4.05555555556"/></line>
    <line id="e674__OUT__">
      <frombox id="Application13" port="7"/>
      <tojoint id="n766" port="0"/>
    <point x="69.8472222222" y="5.08333333333"/><point x="69.8472222222" y="6.02416666667"/><point x="71.5555555556" y="5.3925"/><point x="71.5555555556" y="6.33333333333"/></line>
    <line id="e675__IN__">
      <fromjoint id="n765" port="0"/>
      <tobox id="Application18" port="1"/>
    <point x="28.4305555556" y="6.86111111111"/><point x="28.4305555556" y="7.07722222222"/><point x="28.0944444444" y="7.00222222222"/><point x="27.9444444444" y="6.84722222222"/><point x="27.0444444444" y="5.92166666667"/><point x="27.7333333333" y="4.80902777778"/><point x="28.7916666667" y="4.06944444444"/><point x="29.4597222222" y="3.6025"/><point x="30.625" y="3.24069444444"/><point x="30.625" y="4.05555555556"/></line>
    <line id="e675__OUT__">
      <frombox id="Application18" port="1"/>
      <tojoint id="n768" port="0"/>
    <point x="30.5972222222" y="5.08333333333"/><point x="30.5972222222" y="5.65986111111"/><point x="30.9444444444" y="5.75680555556"/><point x="30.9444444444" y="6.33333333333"/></line>
    <line id="e676__IN__">
      <fromjoint id="n128" port="0"/>
      <tobox id="Application11" port="1"/>
    <point x="19.4305555556" y="6.86111111111"/><point x="19.4305555556" y="7.07722222222"/><point x="19.0944444444" y="7.00222222222"/><point x="18.9444444444" y="6.84722222222"/><point x="18.7847222222" y="6.68347222222"/><point x="18.8944444444" y="6.55611111111"/><point x="18.9444444444" y="6.33333333333"/><point x="18.9597222222" y="6.26527777778"/><point x="19.9694444444" y="4.10680555556"/><point x="20.0277777778" y="4.06944444444"/><point x="20.6472222222" y="3.67527777778"/><point x="21.6805555556" y="3.32097222222"/><point x="21.6805555556" y="4.05555555556"/></line>
    <line id="e676__OUT__">
      <frombox id="Application11" port="1"/>
      <tojoint id="n767" port="0"/>
    <point x="21.6666666667" y="5.08333333333"/><point x="21.6666666667" y="5.63888888889"/><point x="21.6666666667" y="5.77777777778"/><point x="21.6666666667" y="6.33333333333"/></line>
    <line id="e677__IN__">
      <fromjoint id="n768" port="1"/>
      <tobox id="Application18" port="2"/>
    <point x="31.2361111111" y="6.86111111111"/><point x="31.2361111111" y="7.23194444444"/><point x="32.7944444444" y="7.58569444444"/><point x="31.9444444444" y="6.33333333333"/><point x="30.7" y="4.50055555556"/><point x="27.0375" y="5.83291666667"/><point x="28.7916666667" y="4.06944444444"/><point x="29.2013888889" y="3.65805555556"/><point x="31.4027777778" y="3.47527777778"/><point x="31.4027777778" y="4.05555555556"/></line>
    <line id="e677__OUT__">
      <frombox id="Application18" port="2"/>
      <tojoint id="n767" port="1"/>
    <point x="31.3888888889" y="5.08333333333"/><point x="31.3888888889" y="7.13916666667"/><point x="22.2222222222" y="4.2775"/><point x="22.2222222222" y="6.33333333333"/></line>
    <line id="e678__IN__">
      <fromjoint id="n766" port="0"/>
      <tobox id="Application13" port="8"/>
    <point x="71.5416666667" y="6.86111111111"/><point x="71.5416666667" y="7.26555555556"/><point x="70.1291666667" y="7.63569444444"/><point x="71.0555555556" y="6.33333333333"/><point x="72.0361111111" y="4.95402777778"/><point x="73.6722222222" y="6.46263888889"/><point x="74.6527777778" y="5.08333333333"/><point x="74.9138888889" y="4.71611111111"/><point x="74.9708333333" y="4.38861111111"/><point x="74.6527777778" y="4.06944444444"/><point x="74.3416666667" y="3.75791666667"/><point x="70.6944444444" y="3.61569444444"/><point x="70.6944444444" y="4.05555555556"/></line>
    <line id="e678__OUT__">
      <frombox id="Application13" port="8"/>
      <tojoint id="n769__IN__0" port="0"/>
    <point x="70.7083333333" y="5.08333333333"/><point x="70.7083333333" y="6.46527777778"/><point x="73.5555555556" y="4.95138888889"/><point x="73.5555555556" y="6.33333333333"/></line>
    <line id="e679__IN__">
      <fromjoint id="n769__OUT__0" port="0"/>
      <tobox id="Application13" port="9"/>
    <point x="71.4027777778" y="2.80555555556"/><point x="71.4027777778" y="3.36458333333"/><point x="71.5416666667" y="3.49652777778"/><point x="71.5416666667" y="4.05555555556"/></line>
    <line id="e679__OUT__">
      <frombox id="Application13" port="9"/>
      <tojoint id="n770" port="0"/>
    <point x="71.5833333333" y="5.08333333333"/><point x="71.5833333333" y="6.93416666667"/><point x="75.5555555556" y="4.4825"/><point x="75.5555555556" y="6.33333333333"/></line>
    <line id="e680__IN__">
      <fromjoint id="n769__OUT__1" port="0"/>
      <tobox id="Application18" port="3"/>
    <point x="32.0972222222" y="2.80555555556"/><point x="32.0972222222" y="3.36236111111"/><point x="32.1805555556" y="3.49875"/><point x="32.1805555556" y="4.05555555556"/></line>
    <line id="e680__OUT__">
      <frombox id="Application18" port="3"/>
      <tojoint id="n771" port="0"/>
    <point x="32.1805555556" y="5.08333333333"/><point x="32.1805555556" y="5.94638888889"/><point x="33.6666666667" y="5.47027777778"/><point x="33.6666666667" y="6.33333333333"/></line>
    <line id="e681__IN__">
      <fromjoint id="n768" port="0"/>
      <tobox id="Application18" port="4"/>
    <point x="30.6527777778" y="6.86111111111"/><point x="30.6527777778" y="7.01902777778"/><point x="29.0944444444" y="7.43125"/><point x="29.9444444444" y="6.33333333333"/><point x="31.3069444444" y="4.57472222222"/><point x="33.4291666667" y="6.84194444444"/><point x="34.7916666667" y="5.08333333333"/><point x="35.0680555556" y="4.72708333333"/><point x="35.1097222222" y="4.38930555556"/><point x="34.7916666667" y="4.06944444444"/><point x="34.5027777778" y="3.77805555556"/><point x="32.9444444444" y="3.645"/><point x="32.9444444444" y="4.05555555556"/></line>
    <line id="e681__OUT__">
      <frombox id="Application18" port="4"/>
      <tojoint id="n771" port="1"/>
    <point x="32.9722222222" y="5.08333333333"/><point x="32.9722222222" y="5.86902777778"/><point x="34.2222222222" y="5.54763888889"/><point x="34.2222222222" y="6.33333333333"/></line>
    <line id="e682__IN__">
      <fromjoint id="n770" port="0"/>
      <tobox id="Application13" port="10"/>
    <point x="75.5416666667" y="6.86111111111"/><point x="75.5416666667" y="7.07722222222"/><point x="75.2166666667" y="6.99097222222"/><point x="75.0555555556" y="6.84722222222"/><point x="74.1236111111" y="6.0175"/><point x="75.5930555556" y="4.88875"/><point x="74.6527777778" y="4.06944444444"/><point x="74.2833333333" y="3.74708333333"/><point x="72.4444444444" y="3.56486111111"/><point x="72.4444444444" y="4.05555555556"/></line>
    <line id="e682__OUT__">
      <frombox id="Application13" port="10"/>
      <tojoint id="n772" port="0"/>
    <point x="72.5" y="5.08333333333"/><point x="72.5" y="7.39791666667"/><point x="77.5555555556" y="4.01875"/><point x="77.5555555556" y="6.33333333333"/></line>
    <line id="e683__IN__">
      <fromjoint id="n767" port="0"/>
      <tobox id="Application11" port="2"/>
    <point x="21.9305555556" y="6.86111111111"/><point x="21.9305555556" y="7.0175"/><point x="20.1402777778" y="7.52694444444"/><point x="20.9444444444" y="6.33333333333"/><point x="21.7708333333" y="5.10694444444"/><point x="23.2013888889" y="6.30972222222"/><point x="24.0277777778" y="5.08333333333"/><point x="24.2791666667" y="4.70958333333"/><point x="24.3444444444" y="4.38944444444"/><point x="24.0277777778" y="4.06944444444"/><point x="23.5111111111" y="3.54777777778"/><point x="22.375" y="3.32097222222"/><point x="22.375" y="4.05555555556"/></line>
    <line id="e683__OUT__">
      <frombox id="Application11" port="2"/>
      <tojoint id="n773" port="0"/>
    <point x="22.3888888889" y="5.08333333333"/><point x="22.3888888889" y="6.15263888889"/><point x="24.4444444444" y="5.26402777778"/><point x="24.4444444444" y="6.33333333333"/></line>
    <line id="e697__IN__">
      <fromjoint id="n773" port="0"/>
      <tobox id="Application11" port="3"/>
    <point x="24.4305555556" y="6.86111111111"/><point x="24.4305555556" y="7.07722222222"/><point x="24.0944444444" y="7.00222222222"/><point x="23.9444444444" y="6.84722222222"/><point x="23.0833333333" y="5.96152777778"/><point x="24.8944444444" y="4.94916666667"/><point x="24.0277777778" y="4.06944444444"/><point x="23.7291666667" y="3.76611111111"/><point x="23.0694444444" y="3.62958333333"/><point x="23.0694444444" y="4.05555555556"/></line>
    <line id="e697__OUT__">
      <frombox id="Application11" port="3"/>
      <tojoint id="n787" port="0"/>
    <point x="23.0972222222" y="5.08333333333"/><point x="23.0972222222" y="6.67138888889"/><point x="26.4444444444" y="4.74527777778"/><point x="26.4444444444" y="6.33333333333"/></line>
    <line id="e699__IN__">
      <fromjoint id="n771" port="0"/>
      <tobox id="Application18" port="5"/>
    <point x="33.9305555556" y="6.86111111111"/><point x="33.9305555556" y="7.29944444444"/><point x="33.2527777778" y="7.15930555556"/><point x="32.9444444444" y="6.84722222222"/><point x="32.7847222222" y="6.68458333333"/><point x="32.8375" y="6.53513888889"/><point x="32.9444444444" y="6.33333333333"/><point x="33.0694444444" y="6.09777777778"/><point x="36.1375" y="5.43305555556"/><point x="34.7916666667" y="4.06944444444"/><point x="34.4583333333" y="3.73111111111"/><point x="33.7222222222" y="3.58013888889"/><point x="33.7222222222" y="4.05555555556"/></line>
    <line id="e699__OUT__">
      <frombox id="Application18" port="5"/>
      <tojoint id="n789" port="0"/>
    <point x="33.7638888889" y="5.08333333333"/><point x="33.7638888889" y="6.39791666667"/><point x="36.4444444444" y="5.01875"/><point x="36.4444444444" y="6.33333333333"/></line>
    <line id="e722__IN__">
      <fromjoint id="n772" port="0"/>
      <tobox id="Application13" port="11"/>
    <point x="77.5416666667" y="6.86111111111"/><point x="77.5416666667" y="7.07722222222"/><point x="77.2444444444" y="6.95277777778"/><point x="77.0555555556" y="6.84722222222"/><point x="76.7013888889" y="6.64916666667"/><point x="76.8361111111" y="6.37652777778"/><point x="76.5555555556" y="6.08333333333"/><point x="76.0291666667" y="5.53361111111"/><point x="75.6611111111" y="5.66125"/><point x="75.1666666667" y="5.08333333333"/><point x="74.8375" y="4.69958333333"/><point x="75.0819444444" y="4.33625"/><point x="74.6527777778" y="4.06944444444"/><point x="74.1805555556" y="3.77597222222"/><point x="73.4027777778" y="3.5"/><point x="73.4027777778" y="4.05555555556"/></line>
    <line id="e722__OUT__">
      <frombox id="Application13" port="11"/>
      <tojoint id="n812" port="0"/>
    <point x="73.4583333333" y="5.08333333333"/><point x="73.4583333333" y="7.84958333333"/><point x="79.5555555556" y="3.56708333333"/><point x="79.5555555556" y="6.33333333333"/></line>
    <line id="e777__IN__">
      <fromjoint id="n750" port="0"/>
      <tobox id="Application15" port="5"/>
    <point x="52.5416666667" y="6.86111111111"/><point x="52.5416666667" y="7.07722222222"/><point x="52.2055555556" y="7.00222222222"/><point x="52.0555555556" y="6.84722222222"/><point x="51.8958333333" y="6.68347222222"/><point x="51.9847222222" y="6.55069444444"/><point x="52.0555555556" y="6.33333333333"/><point x="52.2666666667" y="5.68125"/><point x="52.7472222222" y="5.73541666667"/><point x="52.9583333333" y="5.08333333333"/><point x="53.0972222222" y="4.65458333333"/><point x="53.275" y="4.39013888889"/><point x="52.9583333333" y="4.06944444444"/><point x="52.625" y="3.73111111111"/><point x="51.8888888889" y="3.58013888889"/><point x="51.8888888889" y="4.05555555556"/></line>
    <line id="e777__OUT__">
      <frombox id="Application15" port="5"/>
      <tojoint id="n867" port="0"/>
    <point x="51.9305555556" y="5.08333333333"/><point x="51.9305555556" y="6.37555555556"/><point x="54.5555555556" y="5.04111111111"/><point x="54.5555555556" y="6.33333333333"/></line>
    <line id="e778__IN__">
      <fromjoint id="n759" port="0"/>
      <tobox id="Application10" port="5"/>
    <point x="9.51388888889" y="4.83333333333"/><point x="9.51388888889" y="5.04944444444"/><point x="9.17847222222" y="4.97444444444"/><point x="9.02777777778" y="4.81944444444"/><point x="8.86861111111" y="4.65569444444"/><point x="8.9575" y="4.52291666667"/><point x="9.02777777778" y="4.30555555556"/><point x="9.23861111111" y="3.65347222222"/><point x="9.71972222222" y="3.70763888889"/><point x="9.93055555556" y="3.05555555556"/><point x="10.0691666667" y="2.62680555556"/><point x="10.2470833333" y="2.36236111111"/><point x="9.93055555556" y="2.04166666667"/><point x="9.59666666667" y="1.70333333333"/><point x="8.86111111111" y="1.55236111111"/><point x="8.86111111111" y="2.02777777778"/></line>
    <line id="e778__OUT__">
      <frombox id="Application10" port="5"/>
      <tojoint id="n868" port="0"/>
    <point x="8.90277777778" y="3.05555555556"/><point x="8.90277777778" y="4.77263888889"/><point x="16.5277777778" y="2.58847222222"/><point x="16.5277777778" y="4.30555555556"/></line>
    <line id="e783__IN__">
      <fromjoint id="n755" port="0"/>
      <tobox id="Application12" port="4"/>
    <point x="43.4444444444" y="4.83333333333"/><point x="43.4444444444" y="5.37083333333"/><point x="42.7263888889" y="5.09222222222"/><point x="42.9583333333" y="4.30555555556"/><point x="43.2597222222" y="3.28097222222"/><point x="44.5138888889" y="2.80194444444"/><point x="43.7638888889" y="2.04166666667"/><point x="43.4430555556" y="1.71652777778"/><point x="42.7361111111" y="1.57097222222"/><point x="42.7361111111" y="2.02777777778"/></line>
    <line id="e783__OUT__">
      <frombox id="Application12" port="4"/>
      <tojoint id="n873" port="0"/>
    <point x="42.7777777778" y="3.05555555556"/><point x="42.7777777778" y="4.37013888889"/><point x="45.4583333333" y="2.99097222222"/><point x="45.4583333333" y="4.30555555556"/></line>
    <line id="e784__IN__">
      <fromjoint id="n746" port="0"/>
      <tobox id="Application17" port="5"/>
    <point x="91.0555555556" y="8.88888888889"/><point x="91.0555555556" y="9.49916666667"/><point x="90.3375" y="9.22472222222"/><point x="90.5694444444" y="8.36111111111"/><point x="90.8430555556" y="7.34097222222"/><point x="92.0333333333" y="6.84888888889"/><point x="91.2916666667" y="6.09722222222"/><point x="90.9583333333" y="5.75888888889"/><point x="90.2222222222" y="5.60791666667"/><point x="90.2222222222" y="6.08333333333"/></line>
    <line id="e784__OUT__">
      <frombox id="Application17" port="5"/>
      <tojoint id="n874" port="0"/>
    <point x="90.2638888889" y="7.11111111111"/><point x="90.2638888889" y="8.47625"/><point x="93.0694444444" y="6.99597222222"/><point x="93.0694444444" y="8.36111111111"/></line>
    <line id="e791__IN__">
      <fromjoint id="n762" port="0"/>
      <tobox id="Application16" port="5"/>
    <point x="17.4305555556" y="8.88888888889"/><point x="17.4305555556" y="9.49916666667"/><point x="16.7125" y="9.22472222222"/><point x="16.9444444444" y="8.36111111111"/><point x="17.2180555556" y="7.34097222222"/><point x="18.4083333333" y="6.84888888889"/><point x="17.6666666667" y="6.09722222222"/><point x="17.3333333333" y="5.75888888889"/><point x="16.5972222222" y="5.60791666667"/><point x="16.5972222222" y="6.08333333333"/></line>
    <line id="e791__OUT__">
      <frombox id="Application16" port="5"/>
      <tojoint id="n881" port="0"/>
    <point x="16.6388888889" y="7.11111111111"/><point x="16.6388888889" y="8.47625"/><point x="19.4444444444" y="6.99597222222"/><point x="19.4444444444" y="8.36111111111"/></line>
    <line id="e796__IN__">
      <fromjoint id="n743" port="0"/>
      <tobox id="Application14" port="5"/>
    <point x="83.1388888889" y="4.83333333333"/><point x="83.1388888889" y="5.04944444444"/><point x="82.8027777778" y="4.97444444444"/><point x="82.6527777778" y="4.81944444444"/><point x="82.4930555556" y="4.65569444444"/><point x="82.5819444444" y="4.52291666667"/><point x="82.6527777778" y="4.30555555556"/><point x="82.8638888889" y="3.65347222222"/><point x="83.3444444444" y="3.70763888889"/><point x="83.5555555556" y="3.05555555556"/><point x="83.6944444444" y="2.62680555556"/><point x="83.8722222222" y="2.36236111111"/><point x="83.5555555556" y="2.04166666667"/><point x="83.2222222222" y="1.70333333333"/><point x="82.4861111111" y="1.55236111111"/><point x="82.4861111111" y="2.02777777778"/></line>
    <line id="e796__OUT__">
      <frombox id="Application14" port="5"/>
      <tojoint id="n886" port="0"/>
    <point x="82.5277777778" y="3.05555555556"/><point x="82.5277777778" y="4.77263888889"/><point x="90.1527777778" y="2.58847222222"/><point x="90.1527777778" y="4.30555555556"/></line>
    <line id="e824__IN__">
      <fromjoint id="n30" port="0"/>
      <tobox id="Application167" port="0"/>
    <point x="0.513888888889" y="4.83333333333"/><point x="0.513888888889" y="5.38888888889"/><point x="0.513888888889" y="5.52777777778"/><point x="0.513888888889" y="6.08333333333"/></line>
    <line id="e824__OUT__">
      <frombox id="Application167" port="0"/>
      <tojoint id="n29__IN__0" port="0"/>
    <point x="0.5" y="7.11111111111"/><point x="0.5" y="7.66666666667"/><point x="0.5" y="7.80555555556"/><point x="0.5" y="8.36111111111"/></line>
    <line id="n744__IN__0___EXT___Scribble-init---V___IN___0">
      <fromjoint id="n744__IN__0" port="0"/>
      <tobox id="EXT___Scribble-init---V___IN___0" port="0"/>
    <point x="87.0555555556" y="8.88888888889"/><point x="87.0555555556" y="9.44444444444"/><point x="87.0555555556" y="9.58333333333"/><point x="87.0555555556" y="10.1388888889"/></line>
    <line id="EXT___Scribble-init---V___OUT___0___n744__OUT__0">
      <frombox id="EXT___Scribble-init---V___OUT___0" port="0"/>
      <tojoint id="n744__OUT__0" port="0"/>
    <point x="92.1527777778" y="3.05555555556"/><point x="92.1527777778" y="3.61111111111"/><point x="92.1527777778" y="3.75"/><point x="92.1527777778" y="4.30555555556"/></line>
    <line id="n751__IN__0___EXT___Storage-set-Ljava-lang-Object---V___IN___0">
      <fromjoint id="n751__IN__0" port="0"/>
      <tobox id="EXT___Storage-set-Ljava-lang-Object---V___IN___0" port="0"/>
    <point x="61.5416666667" y="6.86111111111"/><point x="61.5416666667" y="7.41666666667"/><point x="61.5416666667" y="7.55555555556"/><point x="61.5416666667" y="8.11111111111"/></line>
    <line id="n751__IN__1___EXT___Storage-set-Ljava-lang-Object---V___IN___1">
      <fromjoint id="n751__IN__1" port="0"/>
      <tobox id="EXT___Storage-set-Ljava-lang-Object---V___IN___1" port="0"/>
    <point x="38.4444444444" y="4.83333333333"/><point x="38.4444444444" y="5.38888888889"/><point x="38.4444444444" y="5.52777777778"/><point x="38.4444444444" y="6.08333333333"/></line>
    <line id="EXT___Storage-set-Ljava-lang-Object---V___OUT___0___n751__OUT__0">
      <frombox id="EXT___Storage-set-Ljava-lang-Object---V___OUT___0" port="0"/>
      <tojoint id="n751__OUT__0" port="0"/>
    <point x="66.4166666667" y="1.02777777778"/><point x="66.4166666667" y="1.58333333333"/><point x="66.4166666667" y="1.72222222222"/><point x="66.4166666667" y="2.27777777778"/></line>
    <line id="n760__IN__0___EXT___Server-run---V___IN___0">
      <fromjoint id="n760__IN__0" port="0"/>
      <tobox id="EXT___Server-run---V___IN___0" port="0"/>
    <point x="13.4305555556" y="8.88888888889"/><point x="13.4305555556" y="9.44444444444"/><point x="13.4305555556" y="9.58333333333"/><point x="13.4305555556" y="10.1388888889"/></line>
    <line id="EXT___Server-run---V___OUT___0___n760__OUT__0">
      <frombox id="EXT___Server-run---V___OUT___0" port="0"/>
      <tojoint id="n760__OUT__0" port="0"/>
    <point x="18.5277777778" y="3.05555555556"/><point x="18.5277777778" y="3.61111111111"/><point x="18.5277777778" y="3.75"/><point x="18.5277777778" y="4.30555555556"/></line>
    <line id="n763__IN__0___EXT___Storage-get---Ljava-lang-Object-___IN___0">
      <fromjoint id="n763__IN__0" port="0"/>
      <tobox id="EXT___Storage-get---Ljava-lang-Object-___IN___0" port="0"/>
    <point x="65.5416666667" y="6.86111111111"/><point x="65.5416666667" y="8.60625"/><point x="69.2638888889" y="6.36597222222"/><point x="69.2638888889" y="8.11111111111"/></line>
    <line id="EXT___Storage-get---Ljava-lang-Object-___OUT___0___n763__OUT__0">
      <frombox id="EXT___Storage-get---Ljava-lang-Object-___OUT___0" port="0"/>
      <tojoint id="n763__OUT__0" port="0"/>
    <point x="69.9861111111" y="1.02777777778"/><point x="69.9861111111" y="1.69888888889"/><point x="69.1388888889" y="1.60666666667"/><point x="69.1388888889" y="2.27777777778"/></line>
    <line id="EXT___Storage-get---Ljava-lang-Object-___OUT___1___n763__OUT__1">
      <frombox id="EXT___Storage-get---Ljava-lang-Object-___OUT___1" port="0"/>
      <tojoint id="n763__OUT__1" port="0"/>
    <point x="30.7361111111" y="1.02777777778"/><point x="30.7361111111" y="1.68208333333"/><point x="29.9583333333" y="1.62347222222"/><point x="29.9583333333" y="2.27777777778"/></line>
    <line id="n769__IN__0___EXT___Storage-get---Ljava-lang-Object-___IN___0">
      <fromjoint id="n769__IN__0" port="0"/>
      <tobox id="EXT___Storage-get---Ljava-lang-Object-___IN___0" port="1"/>
    <point x="73.5416666667" y="6.86111111111"/><point x="73.5416666667" y="8.60625"/><point x="69.8194444444" y="6.36597222222"/><point x="69.8194444444" y="8.11111111111"/></line>
    <line id="EXT___Storage-get---Ljava-lang-Object-___OUT___0___n769__OUT__0">
      <frombox id="EXT___Storage-get---Ljava-lang-Object-___OUT___0" port="1"/>
      <tojoint id="n769__OUT__0" port="0"/>
    <point x="70.5694444444" y="1.02777777778"/><point x="70.5694444444" y="1.69888888889"/><point x="71.4166666667" y="1.60666666667"/><point x="71.4166666667" y="2.27777777778"/></line>
    <line id="EXT___Storage-get---Ljava-lang-Object-___OUT___1___n769__OUT__1">
      <frombox id="EXT___Storage-get---Ljava-lang-Object-___OUT___1" port="1"/>
      <tojoint id="n769__OUT__1" port="0"/>
    <point x="31.3194444444" y="1.02777777778"/><point x="31.3194444444" y="1.68541666667"/><point x="32.1111111111" y="1.62013888889"/><point x="32.1111111111" y="2.27777777778"/></line>
  </level>
</graph>