<?xml version="1.0" ?>
<graph id="world">
  <level id="Server">
    <box id="Server23" width="narrow" editable="true"/>
    <box id="Server22" width="narrow" editable="true"/>
    <box id="Server21" width="narrow" editable="true"/>
    <box id="Server20" width="narrow" editable="true"/>
    <box id="Server24" width="narrow" editable="false"/>
    <box id="Server29" width="narrow" editable="false"/>
    <box id="Server2" width="narrow" editable="true"/>
    <box id="Server139" width="narrow" editable="false"/>
    <box id="Server136" width="narrow" editable="false"/>
    <box id="Server134" width="narrow" editable="false"/>
    <box id="Server135" width="narrow" editable="false"/>
    <box id="Server193" width="narrow" editable="false"/>
    <box id="Server130" width="narrow" editable="false"/>
    <box id="Server131" width="narrow" editable="false"/>
    <box id="Server231" width="narrow" editable="false"/>
    <box id="Server230" width="narrow" editable="false"/>
    <box id="Server233" width="narrow" editable="false"/>
    <box id="Server234" width="narrow" editable="false"/>
    <box id="Server236" width="narrow" editable="false"/>
    <box id="Server16" width="narrow" editable="true"/>
    <box id="Server17" width="narrow" editable="true"/>
    <box id="Server14" width="narrow" editable="true"/>
    <box id="Server15" width="narrow" editable="true"/>
    <box id="Server12" width="narrow" editable="true"/>
    <box id="Server13" width="narrow" editable="true"/>
    <box id="Server10" width="narrow" editable="true"/>
    <box id="Server11" width="narrow" editable="true"/>
    <box id="Server18" width="narrow" editable="true"/>
    <box id="Server19" width="narrow" editable="true"/>
    <box id="Server107" width="narrow" editable="false"/>
    <box id="Server106" width="narrow" editable="false"/>
    <box id="Server99" width="narrow" editable="false"/>
    <box id="Server92" width="narrow" editable="false"/>
    <box id="Server91" width="narrow" editable="false"/>
    <box id="Server222" width="narrow" editable="false"/>
    <box id="Server221" width="narrow" editable="false"/>
    <box id="Server227" width="narrow" editable="false"/>
    <box id="Server224" width="narrow" editable="false"/>
    <box id="Server225" width="narrow" editable="false"/>
    <box id="Server228" width="narrow" editable="false"/>
    <box id="Server212" width="narrow" editable="false"/>
    <box id="Server80" width="narrow" editable="false"/>
    <box id="Server112" width="narrow" editable="false"/>
    <box id="Server113" width="narrow" editable="false"/>
    <box id="Server216" width="narrow" editable="false"/>
    <box id="Server215" width="narrow" editable="false"/>
    <box id="EXT__Connection-toString---Ljava-lang-String-__XIN__0" width="wide" editable="false"/>
    <box id="Server8" width="narrow" editable="true"/>
    <box id="Server9" width="narrow" editable="true"/>
    <box id="Server210" width="narrow" editable="false"/>
    <box id="Server4" width="narrow" editable="true"/>
    <box id="Server5" width="narrow" editable="true"/>
    <box id="Server6" width="narrow" editable="true"/>
    <box id="Server7" width="narrow" editable="true"/>
    <box id="Server0" width="narrow" editable="true"/>
    <box id="Server1" width="narrow" editable="true"/>
    <box id="Server192" width="narrow" editable="false"/>
    <box id="Server3" width="narrow" editable="true"/>
    <box id="Server209" width="narrow" editable="false"/>
    <box id="Server200" width="narrow" editable="false"/>
    <box id="Server218" width="narrow" editable="false"/>
    <box id="Server206" width="narrow" editable="false"/>
    <box id="Server207" width="narrow" editable="false"/>
    <box id="Server163" width="narrow" editable="false"/>
    <box id="Server164" width="narrow" editable="false"/>
    <box id="Server167" width="narrow" editable="false"/>
    <box id="EXT__Connection-toString---Ljava-lang-String-__XOUT__1" width="narrow" editable="false"/>
    <box id="EXT__Connection-toString---Ljava-lang-String-__XOUT__0" width="narrow" editable="false"/>
    <box id="Server172" width="narrow" editable="false"/>
    <box id="Server170" width="narrow" editable="false"/>
    <box id="Server171" width="narrow" editable="false"/>
    <box id="Server175" width="narrow" editable="false"/>
    <box id="Server178" width="narrow" editable="false"/>
    <box id="Server76" width="narrow" editable="false"/>
    <box id="Server77" width="narrow" editable="false"/>
    <box id="Server142" width="narrow" editable="false"/>
    <box id="Server149" width="narrow" editable="false"/>
    <box id="Server148" width="narrow" editable="false"/>
    <box id="Server68" width="narrow" editable="false"/>
    <box id="Server67" width="narrow" editable="false"/>
    <box id="Server63" width="narrow" editable="false"/>
    <box id="Server62" width="narrow" editable="false"/>
    <box id="Server61" width="narrow" editable="false"/>
    <box id="Server219" width="narrow" editable="false"/>
    <box id="Server158" width="narrow" editable="false"/>
    <box id="Server152" width="narrow" editable="false"/>
    <box id="Server155" width="narrow" editable="false"/>
    <box id="Server157" width="narrow" editable="false"/>
    <box id="Server52" width="narrow" editable="false"/>
    <box id="Server53" width="narrow" editable="false"/>
    <box id="Server57" width="narrow" editable="false"/>
    <box id="Server58" width="narrow" editable="false"/>
    <box id="Server30" width="narrow" editable="false"/>
    <box id="Server33" width="narrow" editable="false"/>
    <box id="Server34" width="narrow" editable="false"/>
    <box id="Server38" width="narrow" editable="false"/>
    <box id="Server39" width="narrow" editable="false"/>
    <box id="Server129" width="narrow" editable="false"/>
    <box id="Server213" width="narrow" editable="false"/>
    <box id="Server126" width="narrow" editable="false"/>
    <box id="Server123" width="narrow" editable="false"/>
    <box id="Server122" width="narrow" editable="false"/>
    <box id="Server41" width="narrow" editable="false"/>
    <box id="Server42" width="narrow" editable="false"/>
    <box id="Server49" width="narrow" editable="false"/>
    <box id="Server48" width="narrow" editable="false"/>
  </level>
</graph>