<?xml version="1.0" encoding="UTF-8"?>
<!DOCTYPE world SYSTEM "world.dtd">
<world version="1">
 <level name="Simple">
  <linked-edges>
   <edge-set id="Simple0">
    <edgeref id="e2"/>
    <edgeref id="e4"/>
    <edgeref id="e6"/>
   </edge-set>
   <edge-set id="Simple1">
    <edgeref id="e3"/>
    <edgeref id="e7"/>
   </edge-set>
   <edge-set id="Simple2">
    <edgeref id="e1"/>
   </edge-set>
   <edge-set id="Simple6">
    <edgeref id="e5"/>
   </edge-set>
   <edge-set id="Simple9">
    <edgeref id="e8"/>
   </edge-set>
  </linked-edges>
  <boards>
   <board name="Simple-empty-Ljava-lang-Integer---V">
    <node kind="INCOMING" id="n0">
     <input/>
     <output>
      <port num="inParam1" edge="e3"/>
      <port num="inReceiver" edge="e1"/>
     </output>
     <layout>
      <x>0.00000</x>
      <y>0.00000</y>
     </layout>
    </node>
    <node kind="OUTGOING" id="n1">
     <input>
      <port num="outReceiver" edge="e8"/>
     </input>
     <output/>
     <layout>
      <x>0.98611</x>
      <y>9.02778</y>
     </layout>
    </node>
    <node kind="CONNECT" id="n2">
     <input>
      <port num="input" edge="e1"/>
     </input>
     <output>
      <port num="output" edge="e8"/>
     </output>
     <layout>
      <x>0.98611</x>
      <y>6.52778</y>
     </layout>
    </node>
    <node kind="START_NO_BALL" id="n3">
     <input/>
     <output>
      <port num="output" edge="e2"/>
     </output>
     <layout>
      <x>1.83333</x>
      <y>0.27778</y>
     </layout>
    </node>
    <node kind="CONNECT" id="n4">
     <input>
      <port num="input" edge="e2"/>
     </input>
     <output>
      <port num="output" edge="e4"/>
     </output>
     <layout>
      <x>1.84722</x>
      <y>2.77778</y>
     </layout>
    </node>
    <node kind="CONNECT" id="n5">
     <input>
      <port num="input" edge="e3"/>
     </input>
     <output>
      <port num="output" edge="e7"/>
     </output>
     <layout>
      <x>0.00000</x>
      <y>1.52778</y>
     </layout>
    </node>
    <node kind="MERGE" id="n6">
     <input>
      <port num="left" edge="e4"/>
      <port num="right" edge="e5"/>
     </input>
     <output>
      <port num="output" edge="e6"/>
     </output>
     <layout>
      <x>2.12500</x>
      <y>5.27778</y>
     </layout>
    </node>
    <node kind="START_LARGE_BALL" id="n7">
     <input/>
     <output>
      <port num="output" edge="e5"/>
     </output>
     <layout>
      <x>2.68056</x>
      <y>1.52778</y>
     </layout>
    </node>
    <node kind="END" id="n8">
     <input>
      <port num="input" edge="e6"/>
     </input>
     <output/>
     <layout>
      <x>2.12500</x>
      <y>7.77778</y>
     </layout>
    </node>
    <node kind="END" id="n9">
     <input>
      <port num="input" edge="e7"/>
     </input>
     <output/>
     <layout>
      <x>0.00000</x>
      <y>4.02778</y>
     </layout>
    </node>
    <edge description="this" variableID="-1" pinch="false" width="narrow" editable="false" id="e1" buzzsaw="false">
     <from>
      <noderef id="n0" port="inReceiver"/>
     </from>
     <to>
      <noderef id="n2" port="input"/>
     </to>
     <edge-layout>
      <point>
       <x>1.48611</x>
       <y>0.00000</y>
      </point>
      <point>
       <x>1.48611</x>
       <y>3.13278</y>
      </point>
      <point>
       <x>1.48611</x>
       <y>7.01389</y>
      </point>
      <point>
       <x>1.48611</x>
       <y>7.01389</y>
      </point>
     </edge-layout>
    </edge>
    <edge description="Variable 1 at method Simple#empty(Ljava/lang/Integer;):V local variable foo1(0); tree Integer" variableID="1" pinch="false" width="narrow" editable="true" id="e2" buzzsaw="false">
     <from>
      <noderef id="n3" port="output"/>
     </from>
     <to>
      <noderef id="n4" port="input"/>
     </to>
     <edge-layout>
      <point>
       <x>2.33333</x>
       <y>0.79167</y>
      </point>
      <point>
       <x>2.33333</x>
       <y>0.79167</y>
      </point>
      <point>
       <x>2.34722</x>
       <y>3.26389</y>
      </point>
      <point>
       <x>2.34722</x>
       <y>3.26389</y>
      </point>
     </edge-layout>
    </edge>
    <edge description="Variable 0 at method Simple#empty(Ljava/lang/Integer;):V parameter 0; tree Integer" variableID="0" pinch="false" width="narrow" editable="true" id="e3" buzzsaw="false">
     <from>
      <noderef id="n0" port="inParam1"/>
     </from>
     <to>
      <noderef id="n5" port="input"/>
     </to>
     <edge-layout>
      <point>
       <x>0.50000</x>
       <y>0.00000</y>
      </point>
      <point>
       <x>0.50000</x>
       <y>0.91056</y>
      </point>
      <point>
       <x>0.50000</x>
       <y>2.01389</y>
      </point>
      <point>
       <x>0.50000</x>
       <y>2.01389</y>
      </point>
     </edge-layout>
    </edge>
    <edge description="Variable 1 at method Simple#empty(Ljava/lang/Integer;):V local variable foo1(0); tree Integer" variableID="1" pinch="false" width="narrow" editable="true" id="e4" buzzsaw="false">
     <from>
      <noderef id="n4" port="output"/>
     </from>
     <to>
      <noderef id="n6" port="left"/>
     </to>
     <edge-layout>
      <point>
       <x>2.34722</x>
       <y>3.29167</y>
      </point>
      <point>
       <x>2.34722</x>
       <y>3.29167</y>
      </point>
      <point>
       <x>2.62500</x>
       <y>5.76389</y>
      </point>
      <point>
       <x>2.62500</x>
       <y>5.76389</y>
      </point>
     </edge-layout>
    </edge>
    <edge description="null" variableID="-2" pinch="false" width="wide" editable="false" id="e5" buzzsaw="false">
     <from>
      <noderef id="n7" port="output"/>
     </from>
     <to>
      <noderef id="n6" port="right"/>
     </to>
     <edge-layout>
      <point>
       <x>3.18056</x>
       <y>2.04167</y>
      </point>
      <point>
       <x>3.18056</x>
       <y>2.04167</y>
      </point>
      <point>
       <x>2.62500</x>
       <y>5.76389</y>
      </point>
      <point>
       <x>2.62500</x>
       <y>5.76389</y>
      </point>
     </edge-layout>
    </edge>
    <edge description="Variable 1 at method Simple#empty(Ljava/lang/Integer;):V local variable foo1(0); tree Integer" variableID="1" pinch="false" width="narrow" editable="true" id="e6" buzzsaw="false">
     <from>
      <noderef id="n6" port="output"/>
     </from>
     <to>
      <noderef id="n8" port="input"/>
     </to>
     <edge-layout>
      <point>
       <x>2.62500</x>
       <y>5.79167</y>
      </point>
      <point>
       <x>2.62500</x>
       <y>5.79167</y>
      </point>
      <point>
       <x>2.62500</x>
       <y>8.26389</y>
      </point>
      <point>
       <x>2.62500</x>
       <y>8.26389</y>
      </point>
     </edge-layout>
    </edge>
    <edge description="Variable 0 at method Simple#empty(Ljava/lang/Integer;):V parameter 0; tree Integer" variableID="0" pinch="false" width="narrow" editable="true" id="e7" buzzsaw="false">
     <from>
      <noderef id="n5" port="output"/>
     </from>
     <to>
      <noderef id="n9" port="input"/>
     </to>
     <edge-layout>
      <point>
       <x>0.50000</x>
       <y>2.04167</y>
      </point>
      <point>
       <x>0.50000</x>
       <y>2.04167</y>
      </point>
      <point>
       <x>0.50000</x>
       <y>4.51389</y>
      </point>
      <point>
       <x>0.50000</x>
       <y>4.51389</y>
      </point>
     </edge-layout>
    </edge>
    <edge description="this" variableID="-1" pinch="false" width="narrow" editable="false" id="e8" buzzsaw="false">
     <from>
      <noderef id="n2" port="output"/>
     </from>
     <to>
      <noderef id="n1" port="outReceiver"/>
     </to>
     <edge-layout>
      <point>
       <x>1.48611</x>
       <y>7.04167</y>
      </point>
      <point>
       <x>1.48611</x>
       <y>7.04167</y>
      </point>
      <point>
       <x>1.48611</x>
       <y>8.14500</y>
      </point>
      <point>
       <x>1.48611</x>
       <y>9.02778</y>
      </point>
     </edge-layout>
    </edge>
   </board>
  </boards>
 </level>
</world>
