<graph id="world"><level id="level1" top="0.0" left="0.0" bottom="780.0" right="430.0"><edgeset id="n24_16" top="320.0" left="1700.0" bottom="330.0" right="1710.0"/><edgeset id="n24_10" top="320.0" left="1680.0" bottom="330.0" right="1690.0"/><edgeset id="n24_8" top="320.0" left="1660.0" bottom="330.0" right="1670.0"/><edgeset id="n24_7" top="320.0" left="1640.0" bottom="330.0" right="1650.0"/><edgeset id="n24_5" top="320.0" left="1620.0" bottom="330.0" right="1630.0"/><edgeset id="n24_4" top="320.0" left="1600.0" bottom="330.0" right="1610.0"/><edgeset id="n16_14" top="320.0" left="1570.0" bottom="330.0" right="1590.0"/><edge from="n16_14" to="n17_9"><point x="1576.6666666666667" y="330.0"/><point x="1580.0" y="340.0"/></edge><edge from="n16_14" to="n17_4"><point x="1583.3333333333333" y="330.0"/><point x="1552.0" y="340.0"/></edge><edgeset id="n16_13" top="320.0" left="1525.0" bottom="330.0" right="1555.0"/><edge from="n16_13" to="n17_4"><point x="1540.0" y="330.0"/><point x="1528.0" y="340.0"/></edge><edgeset id="n16_12" top="320.0" left="1495.0" bottom="330.0" right="1505.0"/><edge from="n16_12" to="n17_8"><point x="1500.0" y="330.0"/><point x="1500.0" y="340.0"/></edge><edgeset id="n16_11" top="320.0" left="1430.0" bottom="330.0" right="1480.0"/><edge from="n16_11" to="n17_7"><point x="1455.0" y="330.0"/><point x="1455.0" y="340.0"/></edge><edgeset id="n16_10" top="320.0" left="1390.0" bottom="330.0" right="1420.0"/><edge from="n16_10" to="n17_3"><point x="1405.0" y="330.0"/><point x="1405.0" y="340.0"/></edge><edgeset id="n16_9" top="320.0" left="1360.0" bottom="330.0" right="1380.0"/><edge from="n16_9" to="n17_13"><point x="1370.0" y="330.0"/><point x="1338.3333333333333" y="340.0"/></edge><edgeset id="n16_8" top="320.0" left="1325.0" bottom="330.0" right="1345.0"/><edge from="n16_8" to="n17_13"><point x="1331.6666666666667" y="330.0"/><point x="1331.6666666666667" y="340.0"/></edge><edge from="n16_8" to="n17_10"><point x="1338.3333333333333" y="330.0"/><point x="1296.6666666666667" y="340.0"/></edge><edgeset id="n16_7" top="320.0" left="1290.0" bottom="330.0" right="1310.0"/><edge from="n16_7" to="n17_5"><point x="1300.0" y="330.0"/><point x="1265.0" y="340.0"/></edge><edgeset id="n16_6" top="320.0" left="1260.0" bottom="330.0" right="1270.0"/><edge from="n16_6" to="n17_4"><point x="1265.0" y="330.0"/><point x="1544.0" y="340.0"/></edge><edgeset id="n19_22" top="380.0" left="1255.0" bottom="390.0" right="1275.0"/><edge from="n19_22" to="n20_9"><point x="1261.6666666666667" y="390.0"/><point x="1257.5" y="400.0"/></edge><edge from="n19_22" to="n20_2"><point x="1268.3333333333333" y="390.0"/><point x="941.6666666666666" y="400.0"/></edge><edgeset id="n16_5" top="320.0" left="1210.0" bottom="330.0" right="1240.0"/><edge from="n16_5" to="n17_11"><point x="1225.0" y="330.0"/><point x="1135.0" y="340.0"/></edge><edgeset id="n17_15" top="340.0" left="1220.0" bottom="350.0" right="1230.0"/><edge from="n17_15" to="n18_3"><point x="1225.0" y="350.0"/><point x="1217.5" y="360.0"/></edge><edgeset id="n19_21" top="380.0" left="1220.0" bottom="390.0" right="1230.0"/><edge from="n19_21" to="n20_13"><point x="1225.0" y="390.0"/><point x="1221.6666666666667" y="400.0"/></edge><edgeset id="n16_4" top="320.0" left="1185.0" bottom="330.0" right="1195.0"/><edge from="n16_4" to="n17_10"><point x="1190.0" y="330.0"/><point x="1303.3333333333333" y="340.0"/></edge><edgeset id="n17_14" top="340.0" left="1185.0" bottom="350.0" right="1195.0"/><edge from="n17_14" to="n18_7"><point x="1190.0" y="350.0"/><point x="1123.0" y="360.0"/></edge><edgeset id="n19_20" top="380.0" left="1185.0" bottom="390.0" right="1195.0"/><edge from="n19_20" to="n20_14"><point x="1190.0" y="390.0"/><point x="1186.6666666666667" y="400.0"/></edge><edgeset id="n16_3" top="320.0" left="1130.0" bottom="330.0" right="1140.0"/><edge from="n16_3" to="n17_0"><point x="1135.0" y="330.0"/><point x="1046.6666666666667" y="340.0"/></edge><edgeset id="n17_13" top="340.0" left="1325.0" bottom="350.0" right="1345.0"/><edge from="n17_13" to="n18_0"><point x="1335.0" y="350.0"/><point x="1327.5" y="360.0"/></edge><edgeset id="n19_19" top="380.0" left="1130.0" bottom="390.0" right="1140.0"/><edge from="n19_19" to="n20_3"><point x="1135.0" y="390.0"/><point x="1131.6666666666667" y="400.0"/></edge><edgeset id="n22_24" top="440.0" left="1130.0" bottom="450.0" right="1140.0"/><edge from="n22_24" to="n23_9"><point x="1135.0" y="450.0"/><point x="1108.75" y="460.0"/></edge><edgeset id="n16_2" top="320.0" left="1075.0" bottom="330.0" right="1085.0"/><edge from="n16_2" to="n17_0"><point x="1080.0" y="330.0"/><point x="1053.3333333333333" y="340.0"/></edge><edgeset id="n17_12" top="340.0" left="1070.0" bottom="350.0" right="1090.0"/><edge from="n17_12" to="n18_5"><point x="1076.6666666666667" y="350.0"/><point x="1186.6666666666667" y="360.0"/></edge><edge from="n17_12" to="n18_2"><point x="1083.3333333333333" y="350.0"/><point x="1080.0" y="360.0"/></edge><edgeset id="n19_18" top="380.0" left="1075.0" bottom="390.0" right="1085.0"/><edge from="n19_18" to="n20_7"><point x="1080.0" y="390.0"/><point x="977.5" y="400.0"/></edge><edgeset id="n22_23" top="440.0" left="1070.0" bottom="450.0" right="1090.0"/><edge from="n22_23" to="n23_4"><point x="1076.6666666666667" y="450.0"/><point x="1076.6666666666667" y="460.0"/></edge><edge from="n22_23" to="n23_9"><point x="1083.3333333333333" y="450.0"/><point x="1161.25" y="460.0"/></edge><edgeset id="n16_1" top="320.0" left="1045.0" bottom="330.0" right="1055.0"/><edge from="n16_1" to="n17_15"><point x="1050.0" y="330.0"/><point x="1225.0" y="340.0"/></edge><edgeset id="n17_11" top="340.0" left="1130.0" bottom="350.0" right="1140.0"/><edge from="n17_11" to="n18_4"><point x="1135.0" y="350.0"/><point x="1257.5" y="360.0"/></edge><edgeset id="n19_17" top="380.0" left="1045.0" bottom="390.0" right="1055.0"/><edge from="n19_17" to="n20_8"><point x="1050.0" y="390.0"/><point x="1046.6666666666667" y="400.0"/></edge><edgeset id="n22_22" top="440.0" left="1045.0" bottom="450.0" right="1055.0"/><edge from="n22_22" to="n23_6"><point x="1050.0" y="450.0"/><point x="752.5" y="460.0"/></edge><edgeset id="n7_22" top="140.0" left="1010.0" bottom="150.0" right="1030.0"/><edge from="n7_22" to="n8_8"><point x="1016.6666666666666" y="150.0"/><point x="1020.0" y="160.0"/></edge><edge from="n7_22" to="n8_3"><point x="1023.3333333333334" y="150.0"/><point x="187.5" y="160.0"/></edge><edgeset id="n16_0" top="320.0" left="1010.0" bottom="330.0" right="1030.0"/><edge from="n16_0" to="n17_6"><point x="1016.6666666666666" y="330.0"/><point x="1020.0" y="340.0"/></edge><edge from="n16_0" to="n17_4"><point x="1023.3333333333334" y="330.0"/><point x="1536.0" y="340.0"/></edge><edgeset id="n17_10" top="340.0" left="1290.0" bottom="350.0" right="1310.0"/><edge from="n17_10" to="n18_6"><point x="1300.0" y="350.0"/><point x="1300.0" y="360.0"/></edge><edgeset id="n19_16" top="380.0" left="1010.0" bottom="390.0" right="1030.0"/><edge from="n19_16" to="n20_0"><point x="1016.6666666666666" y="390.0"/><point x="802.0" y="400.0"/></edge><edge from="n19_16" to="n20_8"><point x="1023.3333333333334" y="390.0"/><point x="1053.3333333333333" y="400.0"/></edge><edgeset id="n22_21" top="440.0" left="1015.0" bottom="450.0" right="1025.0"/><edge from="n22_21" to="n23_2"><point x="1020.0" y="450.0"/><point x="790.0" y="460.0"/></edge><edgeset id="n7_21" top="140.0" left="980.0" bottom="150.0" right="990.0"/><edge from="n7_21" to="n8_2"><point x="985.0" y="150.0"/><point x="116.66666666666667" y="160.0"/></edge><edgeset id="n0_23" top="320.0" left="980.0" bottom="330.0" right="990.0"/><edge from="n0_23" to="n1_7"><point x="985.0" y="330.0"/><point x="242.0" y="340.0"/></edge><edgeset id="n17_9" top="340.0" left="1575.0" bottom="350.0" right="1585.0"/><edge from="n17_9" to="n18_4"><point x="1580.0" y="350.0"/><point x="1265.0" y="360.0"/></edge><edgeset id="n19_15" top="380.0" left="970.0" bottom="390.0" right="1000.0"/><edge from="n19_15" to="n20_9"><point x="977.5" y="390.0"/><point x="1265.0" y="400.0"/></edge><edge from="n19_15" to="n20_14"><point x="985.0" y="390.0"/><point x="1193.3333333333333" y="400.0"/></edge><edge from="n19_15" to="n20_6"><point x="992.5" y="390.0"/><point x="643.3333333333334" y="400.0"/></edge><edgeset id="n22_20" top="440.0" left="980.0" bottom="450.0" right="990.0"/><edge from="n22_20" to="n23_0"><point x="985.0" y="450.0"/><point x="880.0" y="460.0"/></edge><edgeset id="n7_20" top="140.0" left="930.0" bottom="150.0" right="960.0"/><edge from="n7_20" to="n8_4"><point x="937.5" y="150.0"/><point x="226.0" y="160.0"/></edge><edge from="n7_20" to="n8_9"><point x="945.0" y="150.0"/><point x="483.3333333333333" y="160.0"/></edge><edge from="n7_20" to="n8_0"><point x="952.5" y="150.0"/><point x="56.66666666666667" y="160.0"/></edge><edgeset id="n0_22" top="320.0" left="940.0" bottom="330.0" right="950.0"/><edge from="n0_22" to="n1_15"><point x="945.0" y="330.0"/><point x="526.0" y="340.0"/></edge><edgeset id="n17_8" top="340.0" left="1495.0" bottom="350.0" right="1505.0"/><edge from="n17_8" to="n18_4"><point x="1500.0" y="350.0"/><point x="1272.5" y="360.0"/></edge><edgeset id="n19_14" top="380.0" left="940.0" bottom="390.0" right="950.0"/><edge from="n19_14" to="n20_3"><point x="945.0" y="390.0"/><point x="1138.3333333333333" y="400.0"/></edge><edgeset id="n22_19" top="440.0" left="930.0" bottom="450.0" right="960.0"/><edge from="n22_19" to="n23_10"><point x="937.5" y="450.0"/><point x="910.0" y="460.0"/></edge><edge from="n22_19" to="n23_3"><point x="945.0" y="450.0"/><point x="593.3333333333334" y="460.0"/></edge><edge from="n22_19" to="n23_11"><point x="952.5" y="450.0"/><point x="941.6666666666666" y="460.0"/></edge><edgeset id="n7_19" top="140.0" left="905.0" bottom="150.0" right="915.0"/><edge from="n7_19" to="n8_11"><point x="910.0" y="150.0"/><point x="910.0" y="160.0"/></edge><edgeset id="n0_21" top="320.0" left="905.0" bottom="330.0" right="915.0"/><edge from="n0_21" to="n1_13"><point x="910.0" y="330.0"/><point x="906.6666666666666" y="340.0"/></edge><edgeset id="n17_7" top="340.0" left="1450.0" bottom="350.0" right="1460.0"/><edge from="n17_7" to="n18_3"><point x="1455.0" y="350.0"/><point x="1232.5" y="360.0"/></edge><edgeset id="n19_13" top="380.0" left="905.0" bottom="390.0" right="915.0"/><edge from="n19_13" to="n20_2"><point x="910.0" y="390.0"/><point x="948.3333333333334" y="400.0"/></edge><edgeset id="n21_17" top="420.0" left="905.0" bottom="430.0" right="915.0"/><edge from="n21_17" to="n22_6"><point x="910.0" y="430.0"/><point x="383.3333333333333" y="440.0"/></edge><edgeset id="n22_18" top="440.0" left="905.0" bottom="450.0" right="915.0"/><edge from="n22_18" to="n23_0"><point x="910.0" y="450.0"/><point x="870.0" y="460.0"/></edge><edgeset id="n7_18" top="140.0" left="865.0" bottom="150.0" right="885.0"/><edge from="n7_18" to="n8_7"><point x="871.6666666666666" y="150.0"/><point x="835.0" y="160.0"/></edge><edge from="n7_18" to="n8_12"><point x="878.3333333333334" y="150.0"/><point x="875.0" y="160.0"/></edge><edgeset id="n11_18" top="220.0" left="860.0" bottom="230.0" right="890.0"/><edge from="n11_18" to="n12_11"><point x="867.5" y="230.0"/><point x="827.5" y="240.0"/></edge><edge from="n11_18" to="n12_5"><point x="875.0" y="230.0"/><point x="426.6666666666667" y="240.0"/></edge><edge from="n11_18" to="n12_12"><point x="882.5" y="230.0"/><point x="636.6666666666666" y="240.0"/></edge><edgeset id="n13_18" top="260.0" left="870.0" bottom="270.0" right="880.0"/><edge from="n13_18" to="n14_8"><point x="875.0" y="270.0"/><point x="871.6666666666666" y="280.0"/></edge><edgeset id="n0_20" top="320.0" left="870.0" bottom="330.0" right="880.0"/><edge from="n0_20" to="n1_15"><point x="875.0" y="330.0"/><point x="534.0" y="340.0"/></edge><edgeset id="n17_6" top="340.0" left="1015.0" bottom="350.0" right="1025.0"/><edge from="n17_6" to="n18_0"><point x="1020.0" y="350.0"/><point x="1342.5" y="360.0"/></edge><edgeset id="n18_7" top="360.0" left="1115.0" bottom="370.0" right="1155.0"/><edge from="n18_7" to="n19_4"><point x="1135.0" y="370.0"/><point x="530.0" y="380.0"/></edge><edgeset id="n19_12" top="380.0" left="870.0" bottom="390.0" right="880.0"/><edge from="n19_12" to="n20_5"><point x="875.0" y="390.0"/><point x="588.3333333333334" y="400.0"/></edge><edgeset id="n21_16" top="420.0" left="630.0" bottom="430.0" right="650.0"/><edge from="n21_16" to="n22_15"><point x="636.6666666666666" y="430.0"/><point x="786.6666666666666" y="440.0"/></edge><edge from="n21_16" to="n22_0"><point x="643.3333333333334" y="430.0"/><point x="128.33333333333334" y="440.0"/></edge><edgeset id="n22_17" top="440.0" left="870.0" bottom="450.0" right="880.0"/><edge from="n22_17" to="n23_2"><point x="875.0" y="450.0"/><point x="797.5" y="460.0"/></edge><edgeset id="n7_17" top="140.0" left="830.0" bottom="150.0" right="840.0"/><edge from="n7_17" to="n8_3"><point x="835.0" y="150.0"/><point x="180.0" y="160.0"/></edge><edgeset id="n11_17" top="220.0" left="830.0" bottom="230.0" right="840.0"/><edge from="n11_17" to="n12_9"><point x="835.0" y="230.0"/><point x="472.5" y="240.0"/></edge><edgeset id="n13_17" top="260.0" left="825.0" bottom="270.0" right="845.0"/><edge from="n13_17" to="n14_6"><point x="831.6666666666666" y="270.0"/><point x="835.0" y="280.0"/></edge><edge from="n13_17" to="n14_3"><point x="838.3333333333334" y="270.0"/><point x="790.0" y="280.0"/></edge><edgeset id="n15_17" top="300.0" left="1330.0" bottom="310.0" right="1340.0"/><edge from="n15_17" to="n16_8"><point x="1335.0" y="310.0"/><point x="1335.0" y="320.0"/></edge><edgeset id="n0_19" top="320.0" left="830.0" bottom="330.0" right="840.0"/><edge from="n0_19" to="n1_11"><point x="835.0" y="330.0"/><point x="387.5" y="340.0"/></edge><edgeset id="n17_5" top="340.0" left="1260.0" bottom="350.0" right="1270.0"/><edge from="n17_5" to="n18_5"><point x="1265.0" y="350.0"/><point x="1193.3333333333333" y="360.0"/></edge><edgeset id="n18_6" top="360.0" left="1295.0" bottom="370.0" right="1305.0"/><edge from="n18_6" to="n19_13"><point x="1300.0" y="370.0"/><point x="910.0" y="380.0"/></edge><edgeset id="n19_11" top="380.0" left="830.0" bottom="390.0" right="840.0"/><edge from="n19_11" to="n20_4"><point x="835.0" y="390.0"/><point x="835.0" y="400.0"/></edge><edgeset id="n20_14" top="400.0" left="1180.0" bottom="410.0" right="1200.0"/><edge from="n20_14" to="n21_1"><point x="1190.0" y="410.0"/><point x="1190.0" y="420.0"/></edge><edgeset id="n21_15" top="420.0" left="830.0" bottom="430.0" right="840.0"/><edge from="n21_15" to="n22_15"><point x="835.0" y="430.0"/><point x="793.3333333333334" y="440.0"/></edge><edgeset id="n22_16" top="440.0" left="825.0" bottom="450.0" right="845.0"/><edge from="n22_16" to="n23_3"><point x="831.6666666666666" y="450.0"/><point x="601.6666666666666" y="460.0"/></edge><edge from="n22_16" to="n23_9"><point x="838.3333333333334" y="450.0"/><point x="1152.5" y="460.0"/></edge><edgeset id="n7_16" top="140.0" left="775.0" bottom="150.0" right="805.0"/><edge from="n7_16" to="n8_2"><point x="790.0" y="150.0"/><point x="125.0" y="160.0"/></edge><edgeset id="n11_16" top="220.0" left="785.0" bottom="230.0" right="795.0"/><edge from="n11_16" to="n12_16"><point x="790.0" y="230.0"/><point x="786.6666666666666" y="240.0"/></edge><edgeset id="n12_16" top="240.0" left="780.0" bottom="250.0" right="800.0"/><edge from="n12_16" to="n13_5"><point x="790.0" y="250.0"/><point x="380.0" y="260.0"/></edge><edgeset id="n13_16" top="260.0" left="780.0" bottom="270.0" right="800.0"/><edge from="n13_16" to="n14_8"><point x="790.0" y="270.0"/><point x="878.3333333333334" y="280.0"/></edge><edgeset id="n15_16" top="300.0" left="1535.0" bottom="310.0" right="1545.0"/><edge from="n15_16" to="n16_13"><point x="1540.0" y="310.0"/><point x="1532.5" y="320.0"/></edge><edgeset id="n0_18" top="320.0" left="780.0" bottom="330.0" right="800.0"/><edge from="n0_18" to="n1_2"><point x="786.6666666666666" y="330.0"/><point x="786.6666666666666" y="340.0"/></edge><edge from="n0_18" to="n1_4"><point x="793.3333333333334" y="330.0"/><point x="786.6666666666666" y="20.0"/></edge><edgeset id="n17_4" top="340.0" left="1520.0" bottom="350.0" right="1560.0"/><edge from="n17_4" to="n18_3"><point x="1540.0" y="350.0"/><point x="1225.0" y="360.0"/></edge><edgeset id="n18_5" top="360.0" left="1180.0" bottom="370.0" right="1200.0"/><edge from="n18_5" to="n19_20"><point x="1190.0" y="370.0"/><point x="1190.0" y="380.0"/></edge><edgeset id="n19_10" top="380.0" left="785.0" bottom="390.0" right="795.0"/><edge from="n19_10" to="n20_0"><point x="790.0" y="390.0"/><point x="778.0" y="400.0"/></edge><edgeset id="n20_13" top="400.0" left="1215.0" bottom="410.0" right="1235.0"/><edge from="n20_13" to="n21_0"><point x="1225.0" y="410.0"/><point x="1221.6666666666667" y="420.0"/></edge><edgeset id="n21_14" top="420.0" left="780.0" bottom="430.0" right="800.0"/><edge from="n21_14" to="n22_12"><point x="790.0" y="430.0"/><point x="680.0" y="440.0"/></edge><edgeset id="n22_15" top="440.0" left="780.0" bottom="450.0" right="800.0"/><edge from="n22_15" to="n23_2"><point x="790.0" y="450.0"/><point x="782.5" y="460.0"/></edge><edgeset id="n7_15" top="140.0" left="740.0" bottom="150.0" right="750.0"/><edge from="n7_15" to="n8_4"><point x="745.0" y="150.0"/><point x="242.0" y="160.0"/></edge><edgeset id="n11_15" top="220.0" left="740.0" bottom="230.0" right="750.0"/><edge from="n11_15" to="n12_7"><point x="745.0" y="230.0"/><point x="376.6666666666667" y="240.0"/></edge><edgeset id="n12_15" top="240.0" left="740.0" bottom="250.0" right="750.0"/><edge from="n12_15" to="n13_11"><point x="745.0" y="250.0"/><point x="588.3333333333334" y="260.0"/></edge><edgeset id="n13_15" top="260.0" left="740.0" bottom="270.0" right="750.0"/><edge from="n13_15" to="n14_4"><point x="745.0" y="270.0"/><point x="713.3333333333334" y="280.0"/></edge><edgeset id="n15_15" top="300.0" left="1260.0" bottom="310.0" right="1270.0"/><edge from="n15_15" to="n16_6"><point x="1265.0" y="310.0"/><point x="1265.0" y="320.0"/></edge><edgeset id="n0_17" top="320.0" left="740.0" bottom="330.0" right="750.0"/><edge from="n0_17" to="n1_0"><point x="745.0" y="330.0"/><point x="741.6666666666666" y="340.0"/></edge><edgeset id="n17_3" top="340.0" left="1400.0" bottom="350.0" right="1410.0"/><edge from="n17_3" to="n18_7"><point x="1405.0" y="350.0"/><point x="1139.0" y="360.0"/></edge><edgeset id="n18_4" top="360.0" left="1250.0" bottom="370.0" right="1280.0"/><edge from="n18_4" to="n19_22"><point x="1260.0" y="370.0"/><point x="1265.0" y="380.0"/></edge><edge from="n18_4" to="n19_14"><point x="1270.0" y="370.0"/><point x="945.0" y="380.0"/></edge><edgeset id="n19_9" top="380.0" left="730.0" bottom="390.0" right="760.0"/><edge from="n19_9" to="n20_9"><point x="737.5" y="390.0"/><point x="1272.5" y="400.0"/></edge><edge from="n19_9" to="n20_6"><point x="745.0" y="390.0"/><point x="636.6666666666666" y="400.0"/></edge><edge from="n19_9" to="n20_5"><point x="752.5" y="390.0"/><point x="581.6666666666666" y="400.0"/></edge><edgeset id="n20_12" top="400.0" left="740.0" bottom="410.0" right="750.0"/><edge from="n20_12" to="n21_15"><point x="745.0" y="410.0"/><point x="835.0" y="420.0"/></edge><edgeset id="n21_13" top="420.0" left="740.0" bottom="430.0" right="750.0"/><edge from="n21_13" to="n22_3"><point x="745.0" y="430.0"/><point x="230.0" y="440.0"/></edge><edgeset id="n22_14" top="440.0" left="740.0" bottom="450.0" right="750.0"/><edge from="n22_14" to="n23_6"><point x="745.0" y="450.0"/><point x="737.5" y="460.0"/></edge><edgeset id="n7_14" top="140.0" left="705.0" bottom="150.0" right="715.0"/><edge from="n7_14" to="n8_0"><point x="710.0" y="150.0"/><point x="65.0" y="160.0"/></edge><edgeset id="n11_14" top="220.0" left="705.0" bottom="230.0" right="715.0"/><edge from="n11_14" to="n12_1"><point x="710.0" y="230.0"/><point x="226.66666666666666" y="240.0"/></edge><edgeset id="n12_14" top="240.0" left="705.0" bottom="250.0" right="715.0"/><edge from="n12_14" to="n13_16"><point x="710.0" y="250.0"/><point x="793.3333333333334" y="260.0"/></edge><edgeset id="n13_14" top="260.0" left="705.0" bottom="270.0" right="715.0"/><edge from="n13_14" to="n14_4"><point x="710.0" y="270.0"/><point x="706.6666666666666" y="280.0"/></edge><edgeset id="n14_14" top="280.0" left="360.0" bottom="290.0" right="400.0"/><edge from="n14_14" to="n15_0"><point x="380.0" y="290.0"/><point x="380.0" y="300.0"/></edge><edgeset id="n15_14" top="300.0" left="1490.0" bottom="310.0" right="1510.0"/><edge from="n15_14" to="n16_13"><point x="1500.0" y="310.0"/><point x="1547.5" y="320.0"/></edge><edgeset id="n0_16" top="320.0" left="705.0" bottom="330.0" right="715.0"/><edge from="n0_16" to="n1_12"><point x="710.0" y="330.0"/><point x="442.0" y="340.0"/></edge><edgeset id="n17_2" top="340.0" left="705.0" bottom="350.0" right="715.0"/><edge from="n17_2" to="n18_0"><point x="710.0" y="350.0"/><point x="1335.0" y="360.0"/></edge><edgeset id="n18_3" top="360.0" left="1210.0" bottom="370.0" right="1240.0"/><edge from="n18_3" to="n19_1"><point x="1225.0" y="370.0"/><point x="430.0" y="380.0"/></edge><edgeset id="n19_8" top="380.0" left="705.0" bottom="390.0" right="715.0"/><edge from="n19_8" to="n20_10"><point x="710.0" y="390.0"/><point x="683.3333333333334" y="400.0"/></edge><edgeset id="n20_11" top="400.0" left="700.0" bottom="410.0" right="720.0"/><edge from="n20_11" to="n21_3"><point x="706.6666666666666" y="410.0"/><point x="581.6666666666666" y="420.0"/></edge><edge from="n20_11" to="n21_13"><point x="713.3333333333334" y="410.0"/><point x="745.0" y="420.0"/></edge><edgeset id="n21_12" top="420.0" left="1075.0" bottom="430.0" right="1085.0"/><edge from="n21_12" to="n22_23"><point x="1080.0" y="430.0"/><point x="1083.3333333333333" y="440.0"/></edge><edgeset id="n22_13" top="440.0" left="700.0" bottom="450.0" right="720.0"/><edge from="n22_13" to="n23_7"><point x="706.6666666666666" y="450.0"/><point x="706.6666666666666" y="460.0"/></edge><edge from="n22_13" to="n23_5"><point x="713.3333333333334" y="450.0"/><point x="676.6666666666666" y="460.0"/></edge><edgeset id="n7_13" top="140.0" left="675.0" bottom="150.0" right="685.0"/><edge from="n7_13" to="n8_1"><point x="680.0" y="150.0"/><point x="680.0" y="160.0"/></edge><edgeset id="n11_13" top="220.0" left="670.0" bottom="230.0" right="690.0"/><edge from="n11_13" to="n12_12"><point x="676.6666666666666" y="230.0"/><point x="643.3333333333334" y="240.0"/></edge><edge from="n11_13" to="n12_13"><point x="683.3333333333334" y="230.0"/><point x="676.6666666666666" y="240.0"/></edge><edgeset id="n12_13" top="240.0" left="670.0" bottom="250.0" right="690.0"/><edge from="n12_13" to="n13_0"><point x="680.0" y="250.0"/><point x="230.0" y="260.0"/></edge><edgeset id="n13_13" top="260.0" left="675.0" bottom="270.0" right="685.0"/><edge from="n13_13" to="n14_14"><point x="680.0" y="270.0"/><point x="376.0" y="280.0"/></edge><edgeset id="n14_13" top="280.0" left="675.0" bottom="290.0" right="685.0"/><edge from="n14_13" to="n15_2"><point x="680.0" y="290.0"/><point x="676.6666666666666" y="300.0"/></edge><edgeset id="n15_13" top="300.0" left="1440.0" bottom="310.0" right="1470.0"/><edge from="n15_13" to="n16_11"><point x="1455.0" y="310.0"/><point x="1438.3333333333333" y="320.0"/></edge><edgeset id="n0_14" top="320.0" left="675.0" bottom="330.0" right="685.0"/><edge from="n0_14" to="n1_8"><point x="680.0" y="330.0"/><point x="640.0" y="340.0"/></edge><edgeset id="n17_1" top="340.0" left="675.0" bottom="350.0" right="685.0"/><edge from="n17_1" to="n18_7"><point x="680.0" y="350.0"/><point x="1147.0" y="360.0"/></edge><edgeset id="n18_2" top="360.0" left="1075.0" bottom="370.0" right="1085.0"/><edge from="n18_2" to="n19_18"><point x="1080.0" y="370.0"/><point x="1080.0" y="380.0"/></edge><edgeset id="n19_7" top="380.0" left="670.0" bottom="390.0" right="690.0"/><edge from="n19_7" to="n20_10"><point x="676.6666666666666" y="390.0"/><point x="676.6666666666666" y="400.0"/></edge><edge from="n19_7" to="n20_7"><point x="683.3333333333334" y="390.0"/><point x="992.5" y="400.0"/></edge><edgeset id="n20_10" top="400.0" left="670.0" bottom="410.0" right="690.0"/><edge from="n20_10" to="n21_3"><point x="680.0" y="410.0"/><point x="588.3333333333334" y="420.0"/></edge><edgeset id="n21_11" top="420.0" left="670.0" bottom="430.0" right="690.0"/><edge from="n21_11" to="n22_10"><point x="680.0" y="430.0"/><point x="585.0" y="440.0"/></edge><edgeset id="n22_12" top="440.0" left="675.0" bottom="450.0" right="685.0"/><edge from="n22_12" to="n23_3"><point x="680.0" y="450.0"/><point x="568.3333333333334" y="460.0"/></edge><edgeset id="n7_12" top="140.0" left="635.0" bottom="150.0" right="645.0"/><edge from="n7_12" to="n8_4"><point x="640.0" y="150.0"/><point x="234.0" y="160.0"/></edge><edgeset id="n8_12" top="160.0" left="870.0" bottom="170.0" right="880.0"/><edge from="n8_12" to="n9_11"><point x="875.0" y="170.0"/><point x="590.0" y="180.0"/></edge><edgeset id="n9_12" top="180.0" left="635.0" bottom="190.0" right="645.0"/><edge from="n9_12" to="n10_2"><point x="640.0" y="190.0"/><point x="628.0" y="200.0"/></edge><edgeset id="n11_12" top="220.0" left="630.0" bottom="230.0" right="650.0"/><edge from="n11_12" to="n12_0"><point x="636.6666666666666" y="230.0"/><point x="168.0" y="240.0"/></edge><edge from="n11_12" to="n12_4"><point x="643.3333333333334" y="230.0"/><point x="875.0" y="240.0"/></edge><edgeset id="n12_12" top="240.0" left="630.0" bottom="250.0" right="650.0"/><edge from="n12_12" to="n13_6"><point x="640.0" y="250.0"/><point x="1228.3333333333333" y="260.0"/></edge><edgeset id="n13_12" top="260.0" left="635.0" bottom="270.0" right="645.0"/><edge from="n13_12" to="n14_13"><point x="640.0" y="270.0"/><point x="680.0" y="280.0"/></edge><edgeset id="n14_12" top="280.0" left="635.0" bottom="290.0" right="645.0"/><edge from="n14_12" to="n15_9"><point x="640.0" y="290.0"/><point x="636.6666666666666" y="300.0"/></edge><edgeset id="n15_12" top="300.0" left="1400.0" bottom="310.0" right="1410.0"/><edge from="n15_12" to="n16_11"><point x="1405.0" y="310.0"/><point x="1471.6666666666667" y="320.0"/></edge><edgeset id="n0_13" top="320.0" left="635.0" bottom="330.0" right="645.0"/><edge from="n0_13" to="n1_0"><point x="640.0" y="330.0"/><point x="748.3333333333334" y="340.0"/></edge><edgeset id="n17_0" top="340.0" left="1040.0" bottom="350.0" right="1060.0"/><edge from="n17_0" to="n18_7"><point x="1050.0" y="350.0"/><point x="1131.0" y="360.0"/></edge><edgeset id="n18_1" top="360.0" left="830.0" bottom="370.0" right="840.0"/><edge from="n18_1" to="n19_11"><point x="835.0" y="370.0"/><point x="835.0" y="380.0"/></edge><edgeset id="n19_6" top="380.0" left="635.0" bottom="390.0" right="645.0"/><edge from="n19_6" to="n20_13"><point x="640.0" y="390.0"/><point x="1228.3333333333333" y="400.0"/></edge><edgeset id="n20_9" top="400.0" left="1250.0" bottom="410.0" right="1280.0"/><edge from="n20_9" to="n21_5"><point x="1260.0" y="410.0"/><point x="383.3333333333333" y="420.0"/></edge><edge from="n20_9" to="n21_16"><point x="1270.0" y="410.0"/><point x="640.0" y="420.0"/></edge><edgeset id="n21_10" top="420.0" left="705.0" bottom="430.0" right="715.0"/><edge from="n21_10" to="n22_16"><point x="710.0" y="430.0"/><point x="835.0" y="440.0"/></edge><edgeset id="n22_11" top="440.0" left="630.0" bottom="450.0" right="650.0"/><edge from="n22_11" to="n23_11"><point x="636.6666666666666" y="450.0"/><point x="948.3333333333334" y="460.0"/></edge><edge from="n22_11" to="n23_3"><point x="643.3333333333334" y="450.0"/><point x="576.6666666666666" y="460.0"/></edge><edgeset id="n23_12" top="460.0" left="625.0" bottom="470.0" right="655.0"/><edge from="n23_12" to="n24_13"><point x="640.0" y="470.0"/><point x="468.0" y="480.0"/></edge><edgeset id="n24_18" top="480.0" left="635.0" bottom="490.0" right="645.0"/><edgeset id="n7_11" top="140.0" left="580.0" bottom="150.0" right="590.0"/><edge from="n7_11" to="n8_0"><point x="585.0" y="150.0"/><point x="73.33333333333334" y="160.0"/></edge><edgeset id="n8_11" top="160.0" left="905.0" bottom="170.0" right="915.0"/><edge from="n8_11" to="n9_5"><point x="910.0" y="170.0"/><point x="906.6666666666666" y="180.0"/></edge><edgeset id="n9_11" top="180.0" left="570.0" bottom="190.0" right="600.0"/><edge from="n9_11" to="n10_4"><point x="577.5" y="190.0"/><point x="468.0" y="200.0"/></edge><edge from="n9_11" to="n10_0"><point x="585.0" y="190.0"/><point x="533.3333333333334" y="200.0"/></edge><edge from="n9_11" to="n10_7"><point x="592.5" y="190.0"/><point x="585.0" y="200.0"/></edge><edgeset id="n11_11" top="220.0" left="580.0" bottom="230.0" right="590.0"/><edge from="n11_11" to="n12_11"><point x="585.0" y="230.0"/><point x="842.5" y="240.0"/></edge><edgeset id="n12_11" top="240.0" left="820.0" bottom="250.0" right="850.0"/><edge from="n12_11" to="n13_17"><point x="835.0" y="250.0"/><point x="835.0" y="260.0"/></edge><edgeset id="n13_11" top="260.0" left="575.0" bottom="270.0" right="595.0"/><edge from="n13_11" to="n14_5"><point x="585.0" y="270.0"/><point x="1405.0" y="280.0"/></edge><edgeset id="n14_11" top="280.0" left="570.0" bottom="290.0" right="600.0"/><edge from="n14_11" to="n15_5"><point x="577.5" y="290.0"/><point x="1080.0" y="300.0"/></edge><edge from="n14_11" to="n15_3"><point x="585.0" y="290.0"/><point x="1016.6666666666666" y="300.0"/></edge><edge from="n14_11" to="n15_6"><point x="592.5" y="290.0"/><point x="581.6666666666666" y="300.0"/></edge><edgeset id="n15_11" top="300.0" left="1365.0" bottom="310.0" right="1375.0"/><edge from="n15_11" to="n16_10"><point x="1370.0" y="310.0"/><point x="1405.0" y="320.0"/></edge><edgeset id="n0_12" top="320.0" left="575.0" bottom="330.0" right="595.0"/><edge from="n0_12" to="n1_11"><point x="581.6666666666666" y="330.0"/><point x="380.0" y="340.0"/></edge><edge from="n0_12" to="n1_9"><point x="588.3333333333334" y="330.0"/><point x="476.6666666666667" y="340.0"/></edge><edgeset id="n1_16" top="340.0" left="570.0" bottom="350.0" right="600.0"/><edge from="n1_16" to="n2_2"><point x="577.5" y="350.0"/><point x="585.0" y="40.0"/></edge><edge from="n1_16" to="n2_16"><point x="585.0" y="350.0"/><point x="581.6666666666666" y="360.0"/></edge><edge from="n1_16" to="n2_11"><point x="592.5" y="350.0"/><point x="530.0" y="360.0"/></edge><edgeset id="n18_0" top="360.0" left="1320.0" bottom="370.0" right="1350.0"/><edge from="n18_0" to="n19_2"><point x="1335.0" y="370.0"/><point x="1335.0" y="380.0"/></edge><edgeset id="n19_5" top="380.0" left="580.0" bottom="390.0" right="590.0"/><edge from="n19_5" to="n20_11"><point x="585.0" y="390.0"/><point x="706.6666666666666" y="400.0"/></edge><edgeset id="n20_8" top="400.0" left="1040.0" bottom="410.0" right="1060.0"/><edge from="n20_8" to="n21_14"><point x="1050.0" y="410.0"/><point x="786.6666666666666" y="420.0"/></edge><edgeset id="n21_9" top="420.0" left="475.0" bottom="430.0" right="485.0"/><edge from="n21_9" to="n22_9"><point x="480.0" y="430.0"/><point x="530.0" y="440.0"/></edge><edgeset id="n22_10" top="440.0" left="575.0" bottom="450.0" right="595.0"/><edge from="n22_10" to="n23_9"><point x="581.6666666666666" y="450.0"/><point x="1117.5" y="460.0"/></edge><edge from="n22_10" to="n23_4"><point x="588.3333333333334" y="450.0"/><point x="1083.3333333333333" y="460.0"/></edge><edgeset id="n23_11" top="460.0" left="935.0" bottom="470.0" right="955.0"/><edge from="n23_11" to="n24_12"><point x="945.0" y="470.0"/><point x="945.0" y="480.0"/></edge><edgeset id="n24_17" top="480.0" left="580.0" bottom="490.0" right="590.0"/><edgeset id="n7_10" top="140.0" left="525.0" bottom="150.0" right="535.0"/><edge from="n7_10" to="n8_2"><point x="530.0" y="150.0"/><point x="141.66666666666666" y="160.0"/></edge><edgeset id="n8_10" top="160.0" left="525.0" bottom="170.0" right="535.0"/><edge from="n8_10" to="n9_7"><point x="530.0" y="170.0"/><point x="380.0" y="180.0"/></edge><edgeset id="n9_10" top="180.0" left="525.0" bottom="190.0" right="535.0"/><edge from="n9_10" to="n10_5"><point x="530.0" y="190.0"/><point x="871.6666666666666" y="200.0"/></edge><edgeset id="n11_10" top="220.0" left="520.0" bottom="230.0" right="540.0"/><edge from="n11_10" to="n12_13"><point x="526.6666666666666" y="230.0"/><point x="683.3333333333334" y="240.0"/></edge><edge from="n11_10" to="n12_14"><point x="533.3333333333334" y="230.0"/><point x="710.0" y="240.0"/></edge><edgeset id="n12_10" top="240.0" left="580.0" bottom="250.0" right="590.0"/><edge from="n12_10" to="n13_14"><point x="585.0" y="250.0"/><point x="710.0" y="260.0"/></edge><edgeset id="n13_10" top="260.0" left="525.0" bottom="270.0" right="535.0"/><edge from="n13_10" to="n14_2"><point x="530.0" y="270.0"/><point x="183.33333333333334" y="280.0"/></edge><edgeset id="n14_10" top="280.0" left="1445.0" bottom="290.0" right="1465.0"/><edge from="n14_10" to="n15_13"><point x="1455.0" y="290.0"/><point x="1447.5" y="300.0"/></edge><edgeset id="n15_10" top="300.0" left="1295.0" bottom="310.0" right="1305.0"/><edge from="n15_10" to="n16_9"><point x="1300.0" y="310.0"/><point x="1373.3333333333333" y="320.0"/></edge><edgeset id="n0_11" top="320.0" left="525.0" bottom="330.0" right="535.0"/><edge from="n0_11" to="n1_5"><point x="530.0" y="330.0"/><point x="330.0" y="340.0"/></edge><edgeset id="n1_15" top="340.0" left="510.0" bottom="350.0" right="550.0"/><edge from="n1_15" to="n2_16"><point x="530.0" y="350.0"/><point x="588.3333333333334" y="360.0"/></edge><edgeset id="n2_16" top="360.0" left="575.0" bottom="370.0" right="595.0"/><edge from="n2_16" to="n3_15"><point x="585.0" y="370.0"/><point x="483.3333333333333" y="60.0"/></edge><edgeset id="n19_4" top="380.0" left="525.0" bottom="390.0" right="535.0"/><edge from="n19_4" to="n20_0"><point x="530.0" y="390.0"/><point x="794.0" y="400.0"/></edge><edgeset id="n20_7" top="400.0" left="970.0" bottom="410.0" right="1000.0"/><edge from="n20_7" to="n21_6"><point x="985.0" y="410.0"/><point x="945.0" y="420.0"/></edge><edgeset id="n21_8" top="420.0" left="525.0" bottom="430.0" right="535.0"/><edge from="n21_8" to="n22_7"><point x="530.0" y="430.0"/><point x="433.3333333333333" y="440.0"/></edge><edgeset id="n22_9" top="440.0" left="525.0" bottom="450.0" right="535.0"/><edge from="n22_9" to="n23_12"><point x="530.0" y="450.0"/><point x="640.0" y="460.0"/></edge><edgeset id="n23_10" top="460.0" left="905.0" bottom="470.0" right="915.0"/><edge from="n23_10" to="n24_14"><point x="910.0" y="470.0"/><point x="910.0" y="480.0"/></edge><edgeset id="n24_15" top="480.0" left="520.0" bottom="490.0" right="540.0"/><edgeset id="n3_15" top="60.0" left="470.0" bottom="70.0" right="490.0"/><edge from="n3_15" to="n4_1"><point x="480.0" y="70.0"/><point x="430.0" y="80.0"/></edge><edgeset id="n7_9" top="140.0" left="475.0" bottom="150.0" right="485.0"/><edge from="n7_9" to="n8_10"><point x="480.0" y="150.0"/><point x="530.0" y="160.0"/></edge><edgeset id="n8_9" top="160.0" left="470.0" bottom="170.0" right="490.0"/><edge from="n8_9" to="n9_8"><point x="480.0" y="170.0"/><point x="433.3333333333333" y="180.0"/></edge><edgeset id="n9_9" top="180.0" left="475.0" bottom="190.0" right="485.0"/><edge from="n9_9" to="n10_0"><point x="480.0" y="190.0"/><point x="526.6666666666666" y="200.0"/></edge><edgeset id="n10_9" top="200.0" left="740.0" bottom="210.0" right="750.0"/><edge from="n10_9" to="n11_15"><point x="745.0" y="210.0"/><point x="745.0" y="220.0"/></edge><edgeset id="n11_9" top="220.0" left="470.0" bottom="230.0" right="490.0"/><edge from="n11_9" to="n12_2"><point x="476.6666666666667" y="230.0"/><point x="280.0" y="240.0"/></edge><edge from="n11_9" to="n12_0"><point x="483.3333333333333" y="230.0"/><point x="192.0" y="240.0"/></edge><edgeset id="n12_9" top="240.0" left="465.0" bottom="250.0" right="495.0"/><edge from="n12_9" to="n13_6"><point x="480.0" y="250.0"/><point x="1221.6666666666667" y="260.0"/></edge><edgeset id="n13_9" top="260.0" left="1450.0" bottom="270.0" right="1460.0"/><edge from="n13_9" to="n14_10"><point x="1455.0" y="270.0"/><point x="1458.3333333333333" y="280.0"/></edge><edgeset id="n14_9" top="280.0" left="270.0" bottom="290.0" right="290.0"/><edge from="n14_9" to="n15_1"><point x="280.0" y="290.0"/><point x="280.0" y="300.0"/></edge><edgeset id="n15_9" top="300.0" left="630.0" bottom="310.0" right="650.0"/><edge from="n15_9" to="n16_7"><point x="636.6666666666666" y="310.0"/><point x="1303.3333333333333" y="320.0"/></edge><edge from="n15_9" to="n16_5"><point x="643.3333333333334" y="310.0"/><point x="1225.0" y="320.0"/></edge><edgeset id="n0_10" top="320.0" left="475.0" bottom="330.0" right="485.0"/><edge from="n0_10" to="n1_7"><point x="480.0" y="330.0"/><point x="226.0" y="340.0"/></edge><edgeset id="n1_13" top="340.0" left="900.0" bottom="350.0" right="920.0"/><edge from="n1_13" to="n2_15"><point x="910.0" y="350.0"/><point x="910.0" y="360.0"/></edge><edgeset id="n2_15" top="360.0" left="900.0" bottom="370.0" right="920.0"/><edge from="n2_15" to="n3_7"><point x="906.6666666666666" y="370.0"/><point x="230.0" y="380.0"/></edge><edge from="n2_15" to="n3_14"><point x="913.3333333333334" y="370.0"/><point x="430.0" y="60.0"/></edge><edgeset id="n19_3" top="380.0" left="475.0" bottom="390.0" right="485.0"/><edge from="n19_3" to="n20_11"><point x="480.0" y="390.0"/><point x="713.3333333333334" y="400.0"/></edge><edgeset id="n20_6" top="400.0" left="630.0" bottom="410.0" right="650.0"/><edge from="n20_6" to="n21_9"><point x="636.6666666666666" y="410.0"/><point x="480.0" y="420.0"/></edge><edge from="n20_6" to="n21_14"><point x="643.3333333333334" y="410.0"/><point x="793.3333333333334" y="420.0"/></edge><edgeset id="n21_7" top="420.0" left="980.0" bottom="430.0" right="990.0"/><edge from="n21_7" to="n22_20"><point x="985.0" y="430.0"/><point x="985.0" y="440.0"/></edge><edgeset id="n22_8" top="440.0" left="475.0" bottom="450.0" right="485.0"/><edge from="n22_8" to="n23_12"><point x="480.0" y="450.0"/><point x="632.5" y="460.0"/></edge><edgeset id="n23_9" top="460.0" left="1100.0" bottom="470.0" right="1170.0"/><edge from="n23_9" to="n24_18"><point x="1135.0" y="470.0"/><point x="640.0" y="480.0"/></edge><edgeset id="n24_14" top="480.0" left="905.0" bottom="490.0" right="915.0"/><edgeset id="n3_14" top="60.0" left="415.0" bottom="70.0" right="445.0"/><edge from="n3_14" to="n4_2"><point x="430.0" y="70.0"/><point x="226.66666666666666" y="80.0"/></edge><edgeset id="n5_10" top="100.0" left="425.0" bottom="110.0" right="435.0"/><edge from="n5_10" to="n6_3"><point x="430.0" y="110.0"/><point x="422.5" y="120.0"/></edge><edgeset id="n7_8" top="140.0" left="425.0" bottom="150.0" right="435.0"/><edge from="n7_8" to="n8_2"><point x="430.0" y="150.0"/><point x="133.33333333333334" y="160.0"/></edge><edgeset id="n8_8" top="160.0" left="1015.0" bottom="170.0" right="1025.0"/><edge from="n8_8" to="n9_3"><point x="1020.0" y="170.0"/><point x="1020.0" y="180.0"/></edge><edgeset id="n9_8" top="180.0" left="420.0" bottom="190.0" right="440.0"/><edge from="n9_8" to="n10_4"><point x="426.6666666666667" y="190.0"/><point x="492.0" y="200.0"/></edge><edge from="n9_8" to="n10_1"><point x="433.3333333333333" y="190.0"/><point x="380.0" y="200.0"/></edge><edgeset id="n10_8" top="200.0" left="420.0" bottom="210.0" right="440.0"/><edge from="n10_8" to="n11_1"><point x="426.6666666666667" y="210.0"/><point x="68.33333333333333" y="220.0"/></edge><edge from="n10_8" to="n11_4"><point x="433.3333333333333" y="210.0"/><point x="233.33333333333334" y="220.0"/></edge><edgeset id="n11_8" top="220.0" left="425.0" bottom="230.0" right="435.0"/><edge from="n11_8" to="n12_9"><point x="430.0" y="230.0"/><point x="487.5" y="240.0"/></edge><edgeset id="n12_8" top="240.0" left="525.0" bottom="250.0" right="535.0"/><edge from="n12_8" to="n13_11"><point x="530.0" y="250.0"/><point x="581.6666666666666" y="260.0"/></edge><edgeset id="n13_8" top="260.0" left="475.0" bottom="270.0" right="485.0"/><edge from="n13_8" to="n14_11"><point x="480.0" y="270.0"/><point x="585.0" y="280.0"/></edge><edgeset id="n14_8" top="280.0" left="865.0" bottom="290.0" right="885.0"/><edge from="n14_8" to="n15_6"><point x="875.0" y="290.0"/><point x="588.3333333333334" y="300.0"/></edge><edgeset id="n15_8" top="300.0" left="1180.0" bottom="310.0" right="1200.0"/><edge from="n15_8" to="n16_10"><point x="1186.6666666666667" y="310.0"/><point x="1397.5" y="320.0"/></edge><edge from="n15_8" to="n16_14"><point x="1193.3333333333333" y="310.0"/><point x="1580.0" y="320.0"/></edge><edgeset id="n0_9" top="320.0" left="425.0" bottom="330.0" right="435.0"/><edge from="n0_9" to="n1_7"><point x="430.0" y="330.0"/><point x="234.0" y="340.0"/></edge><edgeset id="n1_12" top="340.0" left="410.0" bottom="350.0" right="450.0"/><edge from="n1_12" to="n2_3"><point x="430.0" y="350.0"/><point x="643.3333333333334" y="360.0"/></edge><edgeset id="n2_14" top="360.0" left="425.0" bottom="370.0" right="435.0"/><edge from="n2_14" to="n3_4"><point x="430.0" y="370.0"/><point x="183.33333333333334" y="380.0"/></edge><edgeset id="n19_2" top="380.0" left="1330.0" bottom="390.0" right="1340.0"/><edge from="n19_2" to="n20_12"><point x="1335.0" y="390.0"/><point x="745.0" y="400.0"/></edge><edgeset id="n20_5" top="400.0" left="575.0" bottom="410.0" right="595.0"/><edge from="n20_5" to="n21_8"><point x="585.0" y="410.0"/><point x="530.0" y="420.0"/></edge><edgeset id="n21_6" top="420.0" left="940.0" bottom="430.0" right="950.0"/><edge from="n21_6" to="n22_7"><point x="945.0" y="430.0"/><point x="426.6666666666667" y="440.0"/></edge><edgeset id="n22_7" top="440.0" left="420.0" bottom="450.0" right="440.0"/><edge from="n22_7" to="n23_12"><point x="430.0" y="450.0"/><point x="647.5" y="460.0"/></edge><edgeset id="n23_8" top="460.0" left="425.0" bottom="470.0" right="435.0"/><edge from="n23_8" to="n24_1"><point x="430.0" y="470.0"/><point x="376.6666666666667" y="480.0"/></edge><edgeset id="n24_13" top="480.0" left="460.0" bottom="490.0" right="500.0"/><edgeset id="n3_13" top="60.0" left="375.0" bottom="70.0" right="385.0"/><edge from="n3_13" to="n4_8"><point x="380.0" y="70.0"/><point x="342.0" y="80.0"/></edge><edgeset id="n5_7" top="100.0" left="370.0" bottom="110.0" right="390.0"/><edge from="n5_7" to="n6_8"><point x="380.0" y="110.0"/><point x="376.6666666666667" y="120.0"/></edge><edgeset id="n6_8" top="120.0" left="370.0" bottom="130.0" right="390.0"/><edge from="n6_8" to="n7_10"><point x="380.0" y="130.0"/><point x="530.0" y="140.0"/></edge><edgeset id="n7_7" top="140.0" left="375.0" bottom="150.0" right="385.0"/><edge from="n7_7" to="n8_0"><point x="380.0" y="150.0"/><point x="81.66666666666666" y="160.0"/></edge><edgeset id="n8_7" top="160.0" left="830.0" bottom="170.0" right="840.0"/><edge from="n8_7" to="n9_5"><point x="835.0" y="170.0"/><point x="913.3333333333334" y="180.0"/></edge><edgeset id="n9_7" top="180.0" left="365.0" bottom="190.0" right="395.0"/><edge from="n9_7" to="n10_4"><point x="380.0" y="190.0"/><point x="484.0" y="200.0"/></edge><edgeset id="n10_7" top="200.0" left="580.0" bottom="210.0" right="590.0"/><edge from="n10_7" to="n11_5"><point x="585.0" y="210.0"/><point x="280.0" y="220.0"/></edge><edgeset id="n11_7" top="220.0" left="370.0" bottom="230.0" right="390.0"/><edge from="n11_7" to="n12_8"><point x="376.6666666666667" y="230.0"/><point x="530.0" y="240.0"/></edge><edge from="n11_7" to="n12_10"><point x="383.3333333333333" y="230.0"/><point x="585.0" y="240.0"/></edge><edgeset id="n12_7" top="240.0" left="370.0" bottom="250.0" right="390.0"/><edge from="n12_7" to="n13_2"><point x="380.0" y="250.0"/><point x="322.5" y="260.0"/></edge><edgeset id="n13_7" top="260.0" left="425.0" bottom="270.0" right="435.0"/><edge from="n13_7" to="n14_14"><point x="430.0" y="270.0"/><point x="384.0" y="280.0"/></edge><edgeset id="n14_7" top="280.0" left="1180.0" bottom="290.0" right="1200.0"/><edge from="n14_7" to="n15_9"><point x="1190.0" y="290.0"/><point x="643.3333333333334" y="300.0"/></edge><edgeset id="n15_7" top="300.0" left="775.0" bottom="310.0" right="805.0"/><edge from="n15_7" to="n0_18"><point x="782.5" y="310.0"/><point x="790.0" y="320.0"/></edge><edge from="n15_7" to="n16_9"><point x="790.0" y="310.0"/><point x="1366.6666666666667" y="320.0"/></edge><edge from="n15_7" to="n16_11"><point x="797.5" y="310.0"/><point x="1455.0" y="320.0"/></edge><edgeset id="n0_7" top="320.0" left="375.0" bottom="330.0" right="385.0"/><edge from="n0_7" to="n1_12"><point x="380.0" y="330.0"/><point x="434.0" y="340.0"/></edge><edgeset id="n1_11" top="340.0" left="365.0" bottom="350.0" right="395.0"/><edge from="n1_11" to="n2_4"><point x="380.0" y="350.0"/><point x="183.33333333333334" y="360.0"/></edge><edgeset id="n2_11" top="360.0" left="520.0" bottom="370.0" right="540.0"/><edge from="n2_11" to="n3_14"><point x="526.6666666666666" y="370.0"/><point x="437.5" y="60.0"/></edge><edge from="n2_11" to="n3_7"><point x="533.3333333333334" y="370.0"/><point x="237.5" y="380.0"/></edge><edgeset id="n19_1" top="380.0" left="425.0" bottom="390.0" right="435.0"/><edge from="n19_1" to="n20_0"><point x="430.0" y="390.0"/><point x="786.0" y="400.0"/></edge><edgeset id="n20_4" top="400.0" left="825.0" bottom="410.0" right="845.0"/><edge from="n20_4" to="n21_11"><point x="831.6666666666666" y="410.0"/><point x="683.3333333333334" y="420.0"/></edge><edge from="n20_4" to="n21_0"><point x="838.3333333333334" y="410.0"/><point x="1228.3333333333333" y="420.0"/></edge><edgeset id="n21_5" top="420.0" left="370.0" bottom="430.0" right="390.0"/><edge from="n21_5" to="n22_1"><point x="380.0" y="430.0"/><point x="1228.3333333333333" y="440.0"/></edge><edgeset id="n22_6" top="440.0" left="370.0" bottom="450.0" right="390.0"/><edge from="n22_6" to="n23_5"><point x="380.0" y="450.0"/><point x="683.3333333333334" y="460.0"/></edge><edgeset id="n23_7" top="460.0" left="700.0" bottom="470.0" right="720.0"/><edge from="n23_7" to="n24_17"><point x="710.0" y="470.0"/><point x="585.0" y="480.0"/></edge><edgeset id="n24_12" top="480.0" left="940.0" bottom="490.0" right="950.0"/><edgeset id="n3_12" top="60.0" left="325.0" bottom="70.0" right="335.0"/><edge from="n3_12" to="n4_8"><point x="330.0" y="70.0"/><point x="318.0" y="80.0"/></edge><edgeset id="n4_9" top="80.0" left="365.0" bottom="90.0" right="395.0"/><edge from="n4_9" to="n5_7"><point x="380.0" y="90.0"/><point x="376.6666666666667" y="100.0"/></edge><edgeset id="n5_6" top="100.0" left="325.0" bottom="110.0" right="335.0"/><edge from="n5_6" to="n6_5"><point x="330.0" y="110.0"/><point x="326.6666666666667" y="120.0"/></edge><edgeset id="n6_6" top="120.0" left="830.0" bottom="130.0" right="840.0"/><edge from="n6_6" to="n7_17"><point x="835.0" y="130.0"/><point x="835.0" y="140.0"/></edge><edgeset id="n7_6" top="140.0" left="325.0" bottom="150.0" right="335.0"/><edge from="n7_6" to="n8_5"><point x="330.0" y="150.0"/><point x="276.6666666666667" y="160.0"/></edge><edgeset id="n8_6" top="160.0" left="325.0" bottom="170.0" right="335.0"/><edge from="n8_6" to="n9_7"><point x="330.0" y="170.0"/><point x="387.5" y="180.0"/></edge><edgeset id="n9_6" top="180.0" left="320.0" bottom="190.0" right="340.0"/><edge from="n9_6" to="n10_2"><point x="330.0" y="190.0"/><point x="644.0" y="200.0"/></edge><edgeset id="n10_6" top="200.0" left="325.0" bottom="210.0" right="335.0"/><edge from="n10_6" to="n11_7"><point x="330.0" y="210.0"/><point x="383.3333333333333" y="220.0"/></edge><edgeset id="n11_6" top="220.0" left="325.0" bottom="230.0" right="335.0"/><edge from="n11_6" to="n12_5"><point x="330.0" y="230.0"/><point x="433.3333333333333" y="240.0"/></edge><edgeset id="n12_6" top="240.0" left="325.0" bottom="250.0" right="335.0"/><edge from="n12_6" to="n13_0"><point x="330.0" y="250.0"/><point x="222.5" y="260.0"/></edge><edgeset id="n13_6" top="260.0" left="1215.0" bottom="270.0" right="1235.0"/><edge from="n13_6" to="n14_7"><point x="1225.0" y="270.0"/><point x="1193.3333333333333" y="280.0"/></edge><edgeset id="n14_6" top="280.0" left="825.0" bottom="290.0" right="845.0"/><edge from="n14_6" to="n15_14"><point x="831.6666666666666" y="290.0"/><point x="1503.3333333333333" y="300.0"/></edge><edge from="n14_6" to="n15_13"><point x="838.3333333333334" y="290.0"/><point x="1462.5" y="300.0"/></edge><edgeset id="n15_6" top="300.0" left="575.0" bottom="310.0" right="595.0"/><edge from="n15_6" to="n16_11"><point x="585.0" y="310.0"/><point x="1446.6666666666667" y="320.0"/></edge><edgeset id="n0_6" top="320.0" left="325.0" bottom="330.0" right="335.0"/><edge from="n0_6" to="n1_2"><point x="330.0" y="330.0"/><point x="793.3333333333334" y="340.0"/></edge><edgeset id="n1_9" top="340.0" left="470.0" bottom="350.0" right="490.0"/><edge from="n1_9" to="n2_1"><point x="480.0" y="350.0"/><point x="480.0" y="360.0"/></edge><edgeset id="n2_9" top="360.0" left="320.0" bottom="370.0" right="340.0"/><edge from="n2_9" to="n3_0"><point x="330.0" y="370.0"/><point x="65.0" y="380.0"/></edge><edgeset id="n19_0" top="380.0" left="325.0" bottom="390.0" right="335.0"/><edge from="n19_0" to="n20_7"><point x="330.0" y="390.0"/><point x="985.0" y="400.0"/></edge><edgeset id="n20_3" top="400.0" left="1125.0" bottom="410.0" right="1145.0"/><edge from="n20_3" to="n21_5"><point x="1135.0" y="410.0"/><point x="376.6666666666667" y="420.0"/></edge><edgeset id="n21_4" top="420.0" left="325.0" bottom="430.0" right="335.0"/><edge from="n21_4" to="n22_6"><point x="330.0" y="430.0"/><point x="376.6666666666667" y="440.0"/></edge><edgeset id="n22_5" top="440.0" left="325.0" bottom="450.0" right="335.0"/><edge from="n22_5" to="n23_9"><point x="330.0" y="450.0"/><point x="1135.0" y="460.0"/></edge><edgeset id="n23_6" top="460.0" left="730.0" bottom="470.0" right="760.0"/><edge from="n23_6" to="n24_0"><point x="737.5" y="470.0"/><point x="710.0" y="480.0"/></edge><edge from="n23_6" to="n24_13"><point x="745.0" y="470.0"/><point x="492.0" y="480.0"/></edge><edge from="n23_6" to="n24_11"><point x="752.5" y="470.0"/><point x="745.0" y="480.0"/></edge><edgeset id="n24_11" top="480.0" left="740.0" bottom="490.0" right="750.0"/><edgeset id="n2_13" top="40.0" left="275.0" bottom="50.0" right="285.0"/><edge from="n2_13" to="n3_6"><point x="280.0" y="50.0"/><point x="125.0" y="60.0"/></edge><edgeset id="n3_11" top="60.0" left="270.0" bottom="70.0" right="290.0"/><edge from="n3_11" to="n4_9"><point x="280.0" y="70.0"/><point x="372.5" y="80.0"/></edge><edgeset id="n4_8" top="80.0" left="310.0" bottom="90.0" right="350.0"/><edge from="n4_8" to="n5_3"><point x="330.0" y="90.0"/><point x="276.6666666666667" y="100.0"/></edge><edgeset id="n5_5" top="100.0" left="515.0" bottom="110.0" right="545.0"/><edge from="n5_5" to="n6_8"><point x="525.0" y="110.0"/><point x="383.3333333333333" y="120.0"/></edge><edge from="n5_5" to="n6_4"><point x="535.0" y="110.0"/><point x="530.0" y="120.0"/></edge><edgeset id="n6_5" top="120.0" left="320.0" bottom="130.0" right="340.0"/><edge from="n6_5" to="n7_22"><point x="330.0" y="130.0"/><point x="1020.0" y="140.0"/></edge><edgeset id="n7_5" top="140.0" left="275.0" bottom="150.0" right="285.0"/><edge from="n7_5" to="n8_3"><point x="280.0" y="150.0"/><point x="172.5" y="160.0"/></edge><edgeset id="n8_5" top="160.0" left="270.0" bottom="170.0" right="290.0"/><edge from="n8_5" to="n9_8"><point x="280.0" y="170.0"/><point x="426.6666666666667" y="180.0"/></edge><edgeset id="n9_5" top="180.0" left="900.0" bottom="190.0" right="920.0"/><edge from="n9_5" to="n10_4"><point x="910.0" y="190.0"/><point x="476.0" y="200.0"/></edge><edgeset id="n10_5" top="200.0" left="865.0" bottom="210.0" right="885.0"/><edge from="n10_5" to="n11_18"><point x="875.0" y="210.0"/><point x="875.0" y="220.0"/></edge><edgeset id="n11_5" top="220.0" left="275.0" bottom="230.0" right="285.0"/><edge from="n11_5" to="n12_0"><point x="280.0" y="230.0"/><point x="184.0" y="240.0"/></edge><edgeset id="n12_5" top="240.0" left="420.0" bottom="250.0" right="440.0"/><edge from="n12_5" to="n13_13"><point x="426.6666666666667" y="250.0"/><point x="680.0" y="260.0"/></edge><edge from="n12_5" to="n13_2"><point x="433.3333333333333" y="250.0"/><point x="337.5" y="260.0"/></edge><edgeset id="n13_5" top="260.0" left="375.0" bottom="270.0" right="385.0"/><edge from="n13_5" to="n14_14"><point x="380.0" y="270.0"/><point x="368.0" y="280.0"/></edge><edgeset id="n14_5" top="280.0" left="1395.0" bottom="290.0" right="1415.0"/><edge from="n14_5" to="n15_13"><point x="1401.6666666666667" y="290.0"/><point x="1455.0" y="300.0"/></edge><edge from="n14_5" to="n15_16"><point x="1408.3333333333333" y="290.0"/><point x="1540.0" y="300.0"/></edge><edgeset id="n15_5" top="300.0" left="1070.0" bottom="310.0" right="1090.0"/><edge from="n15_5" to="n16_2"><point x="1076.6666666666667" y="310.0"/><point x="1080.0" y="320.0"/></edge><edge from="n15_5" to="n16_10"><point x="1083.3333333333333" y="310.0"/><point x="1412.5" y="320.0"/></edge><edgeset id="n0_5" top="320.0" left="260.0" bottom="330.0" right="300.0"/><edge from="n0_5" to="n1_13"><point x="268.0" y="330.0"/><point x="913.3333333333334" y="340.0"/></edge><edge from="n0_5" to="n1_12"><point x="276.0" y="330.0"/><point x="426.0" y="340.0"/></edge><edge from="n0_5" to="n1_3"><point x="284.0" y="330.0"/><point x="280.0" y="340.0"/></edge><edge from="n0_5" to="n1_9"><point x="292.0" y="330.0"/><point x="483.3333333333333" y="340.0"/></edge><edgeset id="n1_8" top="340.0" left="635.0" bottom="350.0" right="645.0"/><edge from="n1_8" to="n2_3"><point x="640.0" y="350.0"/><point x="636.6666666666666" y="360.0"/></edge><edgeset id="n2_8" top="360.0" left="275.0" bottom="370.0" right="285.0"/><edge from="n2_8" to="n3_4"><point x="280.0" y="370.0"/><point x="176.66666666666666" y="380.0"/></edge><edgeset id="n3_9" top="380.0" left="270.0" bottom="390.0" right="290.0"/><edge from="n3_9" to="n4_4"><point x="276.6666666666667" y="390.0"/><point x="276.6666666666667" y="80.0"/></edge><edge from="n3_9" to="n4_3"><point x="283.3333333333333" y="390.0"/><point x="268.0" y="400.0"/></edge><edgeset id="n20_2" top="400.0" left="935.0" bottom="410.0" right="955.0"/><edge from="n20_2" to="n21_11"><point x="945.0" y="410.0"/><point x="676.6666666666666" y="420.0"/></edge><edgeset id="n21_3" top="420.0" left="575.0" bottom="430.0" right="595.0"/><edge from="n21_3" to="n22_0"><point x="585.0" y="430.0"/><point x="121.66666666666667" y="440.0"/></edge><edgeset id="n22_4" top="440.0" left="275.0" bottom="450.0" right="285.0"/><edge from="n22_4" to="n23_9"><point x="280.0" y="450.0"/><point x="1126.25" y="460.0"/></edge><edgeset id="n23_5" top="460.0" left="670.0" bottom="470.0" right="690.0"/><edge from="n23_5" to="n24_13"><point x="680.0" y="470.0"/><point x="484.0" y="480.0"/></edge><edgeset id="n24_9" top="480.0" left="275.0" bottom="490.0" right="285.0"/><edgeset id="n1_14" top="20.0" left="225.0" bottom="30.0" right="235.0"/><edge from="n1_14" to="n2_10"><point x="230.0" y="30.0"/><point x="430.0" y="40.0"/></edge><edgeset id="n2_12" top="40.0" left="225.0" bottom="50.0" right="235.0"/><edge from="n2_12" to="n3_11"><point x="230.0" y="50.0"/><point x="283.3333333333333" y="60.0"/></edge><edgeset id="n3_10" top="60.0" left="225.0" bottom="70.0" right="235.0"/><edge from="n3_10" to="n4_9"><point x="230.0" y="70.0"/><point x="387.5" y="80.0"/></edge><edgeset id="n4_7" top="80.0" left="525.0" bottom="90.0" right="535.0"/><edge from="n4_7" to="n5_5"><point x="530.0" y="90.0"/><point x="522.5" y="100.0"/></edge><edgeset id="n5_4" top="100.0" left="225.0" bottom="110.0" right="235.0"/><edge from="n5_4" to="n6_3"><point x="230.0" y="110.0"/><point x="437.5" y="120.0"/></edge><edgeset id="n6_4" top="120.0" left="525.0" bottom="130.0" right="535.0"/><edge from="n6_4" to="n7_18"><point x="530.0" y="130.0"/><point x="875.0" y="140.0"/></edge><edgeset id="n7_4" top="140.0" left="220.0" bottom="150.0" right="240.0"/><edge from="n7_4" to="n8_6"><point x="226.66666666666666" y="150.0"/><point x="330.0" y="160.0"/></edge><edge from="n7_4" to="n8_0"><point x="233.33333333333334" y="150.0"/><point x="48.333333333333336" y="160.0"/></edge><edgeset id="n8_4" top="160.0" left="210.0" bottom="170.0" right="250.0"/><edge from="n8_4" to="n9_7"><point x="230.0" y="170.0"/><point x="372.5" y="180.0"/></edge><edgeset id="n9_4" top="180.0" left="220.0" bottom="190.0" right="240.0"/><edge from="n9_4" to="n10_2"><point x="230.0" y="190.0"/><point x="636.0" y="200.0"/></edge><edgeset id="n10_4" top="200.0" left="460.0" bottom="210.0" right="500.0"/><edge from="n10_4" to="n11_0"><point x="480.0" y="210.0"/><point x="20.0" y="220.0"/></edge><edgeset id="n11_4" top="220.0" left="220.0" bottom="230.0" right="240.0"/><edge from="n11_4" to="n12_3"><point x="226.66666666666666" y="230.0"/><point x="1455.0" y="240.0"/></edge><edge from="n11_4" to="n12_1"><point x="233.33333333333334" y="230.0"/><point x="233.33333333333334" y="240.0"/></edge><edgeset id="n12_4" top="240.0" left="870.0" bottom="250.0" right="880.0"/><edge from="n12_4" to="n13_18"><point x="875.0" y="250.0"/><point x="875.0" y="260.0"/></edge><edgeset id="n13_4" top="260.0" left="1185.0" bottom="270.0" right="1195.0"/><edge from="n13_4" to="n14_7"><point x="1190.0" y="270.0"/><point x="1186.6666666666667" y="280.0"/></edge><edgeset id="n14_4" top="280.0" left="700.0" bottom="290.0" right="720.0"/><edge from="n14_4" to="n15_3"><point x="710.0" y="290.0"/><point x="1023.3333333333334" y="300.0"/></edge><edgeset id="n15_4" top="300.0" left="1045.0" bottom="310.0" right="1055.0"/><edge from="n15_4" to="n16_5"><point x="1050.0" y="310.0"/><point x="1217.5" y="320.0"/></edge><edgeset id="n0_4" top="320.0" left="225.0" bottom="330.0" right="235.0"/><edge from="n0_4" to="n1_15"><point x="230.0" y="330.0"/><point x="542.0" y="340.0"/></edge><edgeset id="n1_7" top="340.0" left="210.0" bottom="350.0" right="250.0"/><edge from="n1_7" to="n2_9"><point x="230.0" y="350.0"/><point x="333.3333333333333" y="360.0"/></edge><edgeset id="n2_7" top="360.0" left="220.0" bottom="370.0" right="240.0"/><edge from="n2_7" to="n3_2"><point x="226.66666666666666" y="370.0"/><point x="23.333333333333336" y="60.0"/></edge><edge from="n2_7" to="n3_9"><point x="233.33333333333334" y="370.0"/><point x="280.0" y="380.0"/></edge><edgeset id="n3_7" top="380.0" left="215.0" bottom="390.0" right="245.0"/><edge from="n3_7" to="n4_3"><point x="230.0" y="390.0"/><point x="292.0" y="400.0"/></edge><edgeset id="n20_1" top="400.0" left="225.0" bottom="410.0" right="235.0"/><edge from="n20_1" to="n21_4"><point x="230.0" y="410.0"/><point x="330.0" y="420.0"/></edge><edgeset id="n21_2" top="420.0" left="225.0" bottom="430.0" right="235.0"/><edge from="n21_2" to="n22_5"><point x="230.0" y="430.0"/><point x="330.0" y="440.0"/></edge><edgeset id="n22_3" top="440.0" left="225.0" bottom="450.0" right="235.0"/><edge from="n22_3" to="n23_3"><point x="230.0" y="450.0"/><point x="585.0" y="460.0"/></edge><edgeset id="n23_4" top="460.0" left="1070.0" bottom="470.0" right="1090.0"/><edge from="n23_4" to="n24_2"><point x="1080.0" y="470.0"/><point x="1080.0" y="480.0"/></edge><edgeset id="n24_6" top="480.0" left="225.0" bottom="490.0" right="235.0"/><edgeset id="n1_10" top="20.0" left="275.0" bottom="30.0" right="285.0"/><edge from="n1_10" to="n2_13"><point x="280.0" y="30.0"/><point x="280.0" y="40.0"/></edge><edgeset id="n2_10" top="40.0" left="415.0" bottom="50.0" right="445.0"/><edge from="n2_10" to="n3_14"><point x="430.0" y="50.0"/><point x="422.5" y="60.0"/></edge><edgeset id="n3_8" top="60.0" left="175.0" bottom="70.0" right="185.0"/><edge from="n3_8" to="n4_4"><point x="180.0" y="70.0"/><point x="283.3333333333333" y="80.0"/></edge><edgeset id="n4_5" top="80.0" left="475.0" bottom="90.0" right="485.0"/><edge from="n4_5" to="n5_5"><point x="480.0" y="90.0"/><point x="537.5" y="100.0"/></edge><edgeset id="n5_3" top="100.0" left="270.0" bottom="110.0" right="290.0"/><edge from="n5_3" to="n6_0"><point x="280.0" y="110.0"/><point x="280.0" y="120.0"/></edge><edgeset id="n6_3" top="120.0" left="415.0" bottom="130.0" right="445.0"/><edge from="n6_3" to="n7_16"><point x="430.0" y="130.0"/><point x="782.5" y="140.0"/></edge><edgeset id="n7_3" top="140.0" left="175.0" bottom="150.0" right="185.0"/><edge from="n7_3" to="n8_4"><point x="180.0" y="150.0"/><point x="218.0" y="160.0"/></edge><edgeset id="n8_3" top="160.0" left="165.0" bottom="170.0" right="195.0"/><edge from="n8_3" to="n9_4"><point x="180.0" y="170.0"/><point x="226.66666666666666" y="180.0"/></edge><edgeset id="n9_3" top="180.0" left="1010.0" bottom="190.0" right="1030.0"/><edge from="n9_3" to="n10_8"><point x="1016.6666666666666" y="190.0"/><point x="426.6666666666667" y="200.0"/></edge><edge from="n9_3" to="n10_5"><point x="1023.3333333333334" y="190.0"/><point x="878.3333333333334" y="200.0"/></edge><edgeset id="n10_3" top="200.0" left="175.0" bottom="210.0" right="185.0"/><edge from="n10_3" to="n11_1"><point x="180.0" y="210.0"/><point x="61.666666666666664" y="220.0"/></edge><edgeset id="n11_3" top="220.0" left="175.0" bottom="230.0" right="185.0"/><edge from="n11_3" to="n12_9"><point x="180.0" y="230.0"/><point x="480.0" y="240.0"/></edge><edgeset id="n12_3" top="240.0" left="1450.0" bottom="250.0" right="1460.0"/><edge from="n12_3" to="n13_9"><point x="1455.0" y="250.0"/><point x="1455.0" y="260.0"/></edge><edgeset id="n13_3" top="260.0" left="175.0" bottom="270.0" right="185.0"/><edge from="n13_3" to="n14_2"><point x="180.0" y="270.0"/><point x="176.66666666666666" y="280.0"/></edge><edgeset id="n14_3" top="280.0" left="785.0" bottom="290.0" right="795.0"/><edge from="n14_3" to="n15_2"><point x="790.0" y="290.0"/><point x="683.3333333333334" y="300.0"/></edge><edgeset id="n15_3" top="300.0" left="1010.0" bottom="310.0" right="1030.0"/><edge from="n15_3" to="n16_5"><point x="1016.6666666666666" y="310.0"/><point x="1232.5" y="320.0"/></edge><edge from="n15_3" to="n16_13"><point x="1023.3333333333334" y="310.0"/><point x="1540.0" y="320.0"/></edge><edgeset id="n0_3" top="320.0" left="175.0" bottom="330.0" right="185.0"/><edge from="n0_3" to="n1_12"><point x="180.0" y="330.0"/><point x="418.0" y="340.0"/></edge><edgeset id="n1_5" top="340.0" left="320.0" bottom="350.0" right="340.0"/><edge from="n1_5" to="n2_4"><point x="326.6666666666667" y="350.0"/><point x="176.66666666666666" y="360.0"/></edge><edge from="n1_5" to="n2_14"><point x="333.3333333333333" y="350.0"/><point x="430.0" y="360.0"/></edge><edgeset id="n2_4" top="360.0" left="170.0" bottom="370.0" right="190.0"/><edge from="n2_4" to="n3_15"><point x="180.0" y="370.0"/><point x="476.6666666666667" y="60.0"/></edge><edgeset id="n3_4" top="380.0" left="170.0" bottom="390.0" right="190.0"/><edge from="n3_4" to="n4_3"><point x="180.0" y="390.0"/><point x="284.0" y="400.0"/></edge><edgeset id="n20_0" top="400.0" left="770.0" bottom="410.0" right="810.0"/><edge from="n20_0" to="n21_12"><point x="790.0" y="410.0"/><point x="1080.0" y="420.0"/></edge><edgeset id="n21_1" top="420.0" left="1185.0" bottom="430.0" right="1195.0"/><edge from="n21_1" to="n22_24"><point x="1190.0" y="430.0"/><point x="1135.0" y="440.0"/></edge><edgeset id="n22_2" top="440.0" left="175.0" bottom="450.0" right="185.0"/><edge from="n22_2" to="n23_6"><point x="180.0" y="450.0"/><point x="745.0" y="460.0"/></edge><edgeset id="n23_3" top="460.0" left="560.0" bottom="470.0" right="610.0"/><edge from="n23_3" to="n24_3"><point x="576.6666666666666" y="470.0"/><point x="430.0" y="480.0"/></edge><edge from="n23_3" to="n24_15"><point x="593.3333333333334" y="470.0"/><point x="526.6666666666666" y="480.0"/></edge><edgeset id="n24_3" top="480.0" left="425.0" bottom="490.0" right="435.0"/><edgeset id="n1_6" top="20.0" left="120.0" bottom="30.0" right="130.0"/><edge from="n1_6" to="n2_5"><point x="125.0" y="30.0"/><point x="125.0" y="40.0"/></edge><edgeset id="n2_6" top="40.0" left="175.0" bottom="50.0" right="185.0"/><edge from="n2_6" to="n3_11"><point x="180.0" y="50.0"/><point x="276.6666666666667" y="60.0"/></edge><edgeset id="n3_6" top="60.0" left="115.0" bottom="70.0" right="135.0"/><edge from="n3_6" to="n4_2"><point x="121.66666666666667" y="70.0"/><point x="233.33333333333334" y="80.0"/></edge><edge from="n3_6" to="n4_8"><point x="128.33333333333334" y="70.0"/><point x="326.0" y="80.0"/></edge><edgeset id="n4_4" top="80.0" left="270.0" bottom="90.0" right="290.0"/><edge from="n4_4" to="n5_2"><point x="280.0" y="90.0"/><point x="180.0" y="100.0"/></edge><edgeset id="n5_2" top="100.0" left="175.0" bottom="110.0" right="185.0"/><edge from="n5_2" to="n6_1"><point x="180.0" y="110.0"/><point x="680.0" y="120.0"/></edge><edgeset id="n6_2" top="120.0" left="175.0" bottom="130.0" right="185.0"/><edge from="n6_2" to="n7_3"><point x="180.0" y="130.0"/><point x="180.0" y="140.0"/></edge><edgeset id="n7_2" top="140.0" left="120.0" bottom="150.0" right="130.0"/><edge from="n7_2" to="n8_2"><point x="125.0" y="150.0"/><point x="108.33333333333333" y="160.0"/></edge><edgeset id="n8_2" top="160.0" left="100.0" bottom="170.0" right="150.0"/><edge from="n8_2" to="n9_6"><point x="116.66666666666667" y="170.0"/><point x="326.6666666666667" y="180.0"/></edge><edge from="n8_2" to="n9_4"><point x="133.33333333333334" y="170.0"/><point x="233.33333333333334" y="180.0"/></edge><edgeset id="n9_2" top="180.0" left="120.0" bottom="190.0" right="130.0"/><edge from="n9_2" to="n10_3"><point x="125.0" y="190.0"/><point x="180.0" y="200.0"/></edge><edgeset id="n10_2" top="200.0" left="620.0" bottom="210.0" right="660.0"/><edge from="n10_2" to="n11_4"><point x="640.0" y="210.0"/><point x="226.66666666666666" y="220.0"/></edge><edgeset id="n11_2" top="220.0" left="115.0" bottom="230.0" right="135.0"/><edge from="n11_2" to="n12_7"><point x="121.66666666666667" y="230.0"/><point x="383.3333333333333" y="240.0"/></edge><edge from="n11_2" to="n12_16"><point x="128.33333333333334" y="230.0"/><point x="793.3333333333334" y="240.0"/></edge><edgeset id="n12_2" top="240.0" left="275.0" bottom="250.0" right="285.0"/><edge from="n12_2" to="n13_16"><point x="280.0" y="250.0"/><point x="786.6666666666666" y="260.0"/></edge><edgeset id="n13_2" top="260.0" left="315.0" bottom="270.0" right="345.0"/><edge from="n13_2" to="n14_9"><point x="330.0" y="270.0"/><point x="283.3333333333333" y="280.0"/></edge><edgeset id="n14_2" top="280.0" left="170.0" bottom="290.0" right="190.0"/><edge from="n14_2" to="n15_11"><point x="180.0" y="290.0"/><point x="1370.0" y="300.0"/></edge><edgeset id="n15_2" top="300.0" left="670.0" bottom="310.0" right="690.0"/><edge from="n15_2" to="n16_7"><point x="680.0" y="310.0"/><point x="1296.6666666666667" y="320.0"/></edge><edgeset id="n0_2" top="320.0" left="120.0" bottom="330.0" right="130.0"/><edge from="n0_2" to="n1_7"><point x="125.0" y="330.0"/><point x="218.0" y="340.0"/></edge><edgeset id="n1_3" top="340.0" left="275.0" bottom="350.0" right="285.0"/><edge from="n1_3" to="n2_0"><point x="280.0" y="350.0"/><point x="125.0" y="360.0"/></edge><edgeset id="n2_3" top="360.0" left="630.0" bottom="370.0" right="650.0"/><edge from="n2_3" to="n3_7"><point x="640.0" y="370.0"/><point x="222.5" y="380.0"/></edge><edgeset id="n3_3" top="380.0" left="120.0" bottom="390.0" right="130.0"/><edge from="n3_3" to="n4_0"><point x="125.0" y="390.0"/><point x="125.0" y="400.0"/></edge><edgeset id="n4_6" top="400.0" left="60.0" bottom="410.0" right="70.0"/><edge from="n4_6" to="n5_8"><point x="65.0" y="410.0"/><point x="65.0" y="420.0"/></edge><edgeset id="n21_0" top="420.0" left="1215.0" bottom="430.0" right="1235.0"/><edge from="n21_0" to="n22_23"><point x="1221.6666666666667" y="430.0"/><point x="1076.6666666666667" y="440.0"/></edge><edge from="n21_0" to="n22_1"><point x="1228.3333333333333" y="430.0"/><point x="1221.6666666666667" y="440.0"/></edge><edgeset id="n22_1" top="440.0" left="1215.0" bottom="450.0" right="1235.0"/><edge from="n22_1" to="n23_9"><point x="1225.0" y="450.0"/><point x="1143.75" y="460.0"/></edge><edgeset id="n23_2" top="460.0" left="775.0" bottom="470.0" right="805.0"/><edge from="n23_2" to="n24_13"><point x="790.0" y="470.0"/><point x="476.0" y="480.0"/></edge><edgeset id="n24_2" top="480.0" left="1075.0" bottom="490.0" right="1085.0"/><edgeset id="n0_15" top="0.0" left="60.0" bottom="10.0" right="70.0"/><edge from="n0_15" to="n1_1"><point x="65.0" y="10.0"/><point x="65.0" y="20.0"/></edge><edgeset id="n1_4" top="20.0" left="780.0" bottom="30.0" right="800.0"/><edge from="n1_4" to="n2_12"><point x="786.6666666666666" y="30.0"/><point x="230.0" y="40.0"/></edge><edge from="n1_4" to="n2_10"><point x="793.3333333333334" y="30.0"/><point x="422.5" y="40.0"/></edge><edgeset id="n2_5" top="40.0" left="120.0" bottom="50.0" right="130.0"/><edge from="n2_5" to="n3_2"><point x="125.0" y="50.0"/><point x="16.666666666666668" y="60.0"/></edge><edgeset id="n3_5" top="60.0" left="60.0" bottom="70.0" right="70.0"/><edge from="n3_5" to="n4_8"><point x="65.0" y="70.0"/><point x="334.0" y="80.0"/></edge><edgeset id="n4_2" top="80.0" left="220.0" bottom="90.0" right="240.0"/><edge from="n4_2" to="n5_3"><point x="230.0" y="90.0"/><point x="283.3333333333333" y="100.0"/></edge><edgeset id="n5_1" top="100.0" left="785.0" bottom="110.0" right="795.0"/><edge from="n5_1" to="n6_3"><point x="790.0" y="110.0"/><point x="430.0" y="120.0"/></edge><edgeset id="n6_1" top="120.0" left="675.0" bottom="130.0" right="685.0"/><edge from="n6_1" to="n7_13"><point x="680.0" y="130.0"/><point x="680.0" y="140.0"/></edge><edgeset id="n7_1" top="140.0" left="60.0" bottom="150.0" right="70.0"/><edge from="n7_1" to="n8_5"><point x="65.0" y="150.0"/><point x="283.3333333333333" y="160.0"/></edge><edgeset id="n8_1" top="160.0" left="675.0" bottom="170.0" right="685.0"/><edge from="n8_1" to="n9_6"><point x="680.0" y="170.0"/><point x="333.3333333333333" y="180.0"/></edge><edgeset id="n9_1" top="180.0" left="60.0" bottom="190.0" right="70.0"/><edge from="n9_1" to="n10_8"><point x="65.0" y="190.0"/><point x="433.3333333333333" y="200.0"/></edge><edgeset id="n10_1" top="200.0" left="370.0" bottom="210.0" right="390.0"/><edge from="n10_1" to="n11_7"><point x="376.6666666666667" y="210.0"/><point x="376.6666666666667" y="220.0"/></edge><edge from="n10_1" to="n11_16"><point x="383.3333333333333" y="210.0"/><point x="790.0" y="220.0"/></edge><edgeset id="n11_1" top="220.0" left="55.0" bottom="230.0" right="75.0"/><edge from="n11_1" to="n12_0"><point x="65.0" y="230.0"/><point x="176.0" y="240.0"/></edge><edgeset id="n12_1" top="240.0" left="220.0" bottom="250.0" right="240.0"/><edge from="n12_1" to="n13_2"><point x="230.0" y="250.0"/><point x="330.0" y="260.0"/></edge><edgeset id="n13_1" top="260.0" left="275.0" bottom="270.0" right="285.0"/><edge from="n13_1" to="n14_9"><point x="280.0" y="270.0"/><point x="276.6666666666667" y="280.0"/></edge><edgeset id="n14_1" top="280.0" left="1260.0" bottom="290.0" right="1270.0"/><edge from="n14_1" to="n15_15"><point x="1265.0" y="290.0"/><point x="1265.0" y="300.0"/></edge><edgeset id="n15_1" top="300.0" left="275.0" bottom="310.0" right="285.0"/><edge from="n15_1" to="n16_0"><point x="280.0" y="310.0"/><point x="1020.0" y="320.0"/></edge><edgeset id="n0_1" top="320.0" left="60.0" bottom="330.0" right="70.0"/><edge from="n0_1" to="n1_11"><point x="65.0" y="330.0"/><point x="372.5" y="340.0"/></edge><edgeset id="n1_2" top="340.0" left="780.0" bottom="350.0" right="800.0"/><edge from="n1_2" to="n2_7"><point x="790.0" y="350.0"/><point x="230.0" y="360.0"/></edge><edgeset id="n2_1" top="360.0" left="475.0" bottom="370.0" right="485.0"/><edge from="n2_1" to="n3_1"><point x="480.0" y="370.0"/><point x="380.0" y="380.0"/></edge><edgeset id="n3_1" top="380.0" left="375.0" bottom="390.0" right="385.0"/><edge from="n3_1" to="n4_6"><point x="380.0" y="390.0"/><point x="65.0" y="400.0"/></edge><edgeset id="n4_3" top="400.0" left="260.0" bottom="410.0" right="300.0"/><edge from="n4_3" to="n5_7"><point x="280.0" y="410.0"/><point x="383.3333333333333" y="100.0"/></edge><edgeset id="n5_9" top="420.0" left="1010.0" bottom="430.0" right="1030.0"/><edge from="n5_9" to="n6_5"><point x="1016.6666666666666" y="430.0"/><point x="333.3333333333333" y="120.0"/></edge><edge from="n5_9" to="n6_7"><point x="1023.3333333333334" y="430.0"/><point x="68.33333333333333" y="440.0"/></edge><edgeset id="n22_0" top="440.0" left="115.0" bottom="450.0" right="135.0"/><edge from="n22_0" to="n23_7"><point x="121.66666666666667" y="450.0"/><point x="713.3333333333334" y="460.0"/></edge><edge from="n22_0" to="n23_8"><point x="128.33333333333334" y="450.0"/><point x="430.0" y="460.0"/></edge><edgeset id="n23_1" top="460.0" left="60.0" bottom="470.0" right="70.0"/><edge from="n23_1" to="n24_15"><point x="65.0" y="470.0"/><point x="533.3333333333334" y="480.0"/></edge><edgeset id="n24_1" top="480.0" left="370.0" bottom="490.0" right="390.0"/><edgeset id="n0_8" top="0.0" left="175.0" bottom="10.0" right="185.0"/><edge from="n0_8" to="n1_4"><point x="180.0" y="10.0"/><point x="793.3333333333334" y="20.0"/></edge><edgeset id="n1_1" top="20.0" left="60.0" bottom="30.0" right="70.0"/><edge from="n1_1" to="n2_10"><point x="65.0" y="30.0"/><point x="437.5" y="40.0"/></edge><edgeset id="n2_2" top="40.0" left="580.0" bottom="50.0" right="590.0"/><edge from="n2_2" to="n3_13"><point x="585.0" y="50.0"/><point x="380.0" y="60.0"/></edge><edgeset id="n3_2" top="60.0" left="10.0" bottom="70.0" right="30.0"/><edge from="n3_2" to="n4_9"><point x="20.0" y="70.0"/><point x="380.0" y="80.0"/></edge><edgeset id="n4_1" top="80.0" left="420.0" bottom="90.0" right="440.0"/><edge from="n4_1" to="n5_5"><point x="426.6666666666667" y="90.0"/><point x="530.0" y="100.0"/></edge><edge from="n4_1" to="n5_10"><point x="433.3333333333333" y="90.0"/><point x="430.0" y="100.0"/></edge><edgeset id="n5_0" top="100.0" left="830.0" bottom="110.0" right="840.0"/><edge from="n5_0" to="n6_6"><point x="835.0" y="110.0"/><point x="835.0" y="120.0"/></edge><edgeset id="n6_0" top="120.0" left="275.0" bottom="130.0" right="285.0"/><edge from="n6_0" to="n7_16"><point x="280.0" y="130.0"/><point x="790.0" y="140.0"/></edge><edgeset id="n7_0" top="140.0" left="15.0" bottom="150.0" right="25.0"/><edge from="n7_0" to="n8_9"><point x="20.0" y="150.0"/><point x="476.6666666666667" y="160.0"/></edge><edgeset id="n8_0" top="160.0" left="40.0" bottom="170.0" right="90.0"/><edge from="n8_0" to="n9_11"><point x="65.0" y="170.0"/><point x="580.0" y="180.0"/></edge><edgeset id="n9_0" top="180.0" left="15.0" bottom="190.0" right="25.0"/><edge from="n9_0" to="n10_2"><point x="20.0" y="190.0"/><point x="652.0" y="200.0"/></edge><edgeset id="n10_0" top="200.0" left="520.0" bottom="210.0" right="540.0"/><edge from="n10_0" to="n11_10"><point x="530.0" y="210.0"/><point x="530.0" y="220.0"/></edge><edgeset id="n11_0" top="220.0" left="15.0" bottom="230.0" right="25.0"/><edge from="n11_0" to="n12_11"><point x="20.0" y="230.0"/><point x="835.0" y="240.0"/></edge><edgeset id="n12_0" top="240.0" left="160.0" bottom="250.0" right="200.0"/><edge from="n12_0" to="n13_0"><point x="180.0" y="250.0"/><point x="237.5" y="260.0"/></edge><edgeset id="n13_0" top="260.0" left="215.0" bottom="270.0" right="245.0"/><edge from="n13_0" to="n14_14"><point x="225.0" y="270.0"/><point x="392.0" y="280.0"/></edge><edge from="n13_0" to="n14_10"><point x="235.0" y="270.0"/><point x="1451.6666666666667" y="280.0"/></edge><edgeset id="n14_0" top="280.0" left="1330.0" bottom="290.0" right="1340.0"/><edge from="n14_0" to="n15_14"><point x="1335.0" y="290.0"/><point x="1496.6666666666667" y="300.0"/></edge><edgeset id="n15_0" top="300.0" left="375.0" bottom="310.0" right="385.0"/><edge from="n15_0" to="n16_11"><point x="380.0" y="310.0"/><point x="1463.3333333333333" y="320.0"/></edge><edgeset id="n0_0" top="320.0" left="15.0" bottom="330.0" right="25.0"/><edge from="n0_0" to="n1_15"><point x="20.0" y="330.0"/><point x="518.0" y="340.0"/></edge><edgeset id="n1_0" top="340.0" left="735.0" bottom="350.0" right="755.0"/><edge from="n1_0" to="n2_9"><point x="745.0" y="350.0"/><point x="326.6666666666667" y="360.0"/></edge><edgeset id="n2_0" top="360.0" left="120.0" bottom="370.0" right="130.0"/><edge from="n2_0" to="n3_3"><point x="125.0" y="370.0"/><point x="125.0" y="380.0"/></edge><edgeset id="n3_0" top="380.0" left="60.0" bottom="390.0" right="70.0"/><edge from="n3_0" to="n4_3"><point x="65.0" y="390.0"/><point x="276.0" y="400.0"/></edge><edgeset id="n4_0" top="400.0" left="120.0" bottom="410.0" right="130.0"/><edge from="n4_0" to="n5_9"><point x="125.0" y="410.0"/><point x="1020.0" y="420.0"/></edge><edgeset id="n5_8" top="420.0" left="60.0" bottom="430.0" right="70.0"/><edge from="n5_8" to="n6_7"><point x="65.0" y="430.0"/><point x="61.666666666666664" y="440.0"/></edge><edgeset id="n6_7" top="440.0" left="55.0" bottom="450.0" right="75.0"/><edge from="n6_7" to="n7_16"><point x="61.666666666666664" y="450.0"/><point x="797.5" y="140.0"/></edge><edge from="n6_7" to="n7_14"><point x="68.33333333333333" y="450.0"/><point x="710.0" y="140.0"/></edge><edgeset id="n23_0" top="460.0" left="860.0" bottom="470.0" right="890.0"/><edge from="n23_0" to="n24_6"><point x="867.5" y="470.0"/><point x="230.0" y="480.0"/></edge><edge from="n23_0" to="n24_9"><point x="875.0" y="470.0"/><point x="280.0" y="480.0"/></edge><edge from="n23_0" to="n24_1"><point x="882.5" y="470.0"/><point x="383.3333333333333" y="480.0"/></edge><edgeset id="n24_0" top="480.0" left="705.0" bottom="490.0" right="715.0"/></level></graph>