<?xml version="1.0" ?>
<graph id="world">
  <level id="Application1">
    <box id="Application10" width="narrow" editable="true"/>
    <box id="Application11" width="narrow" editable="true"/>
    <box id="Application12" width="narrow" editable="true"/>
    <box id="Application13" width="narrow" editable="true"/>
    <box id="Application14" width="narrow" editable="true"/>
    <box id="Application15" width="narrow" editable="true"/>
    <box id="Application16" width="narrow" editable="true"/>
    <box id="Application17" width="narrow" editable="true"/>
    <box id="Application18" width="narrow" editable="true"/>
    <box id="Application19" width="narrow" editable="false"/>
    <box id="EXT__Storage-set-Ljava-lang-Object---V__XOUT__0" width="narrow" editable="false"/>
    <box id="EXT__Scribble-init---V__XOUT__0" width="narrow" editable="false"/>
    <box id="EXT__Server-run---V__XOUT__0" width="narrow" editable="false"/>
    <box id="EXT__Scribble-init---V__XIN__0" width="wide" editable="false"/>
    <box id="EXT__Storage-set-Ljava-lang-Object---V__XIN__1" width="wide" editable="false"/>
    <box id="EXT__Storage-set-Ljava-lang-Object---V__XIN__0" width="wide" editable="false"/>
    <box id="Application167" width="narrow" editable="false"/>
    <box id="EXT__Server-run---V__XIN__0" width="wide" editable="false"/>
    <box id="EXT__Storage-get---Ljava-lang-Object-__XOUT__1" width="narrow" editable="false"/>
    <box id="EXT__Storage-get---Ljava-lang-Object-__XOUT__0" width="narrow" editable="false"/>
    <box id="EXT__Storage-get---Ljava-lang-Object-__XIN__0" width="wide" editable="false"/>
  </level>
</graph>