<?xml version="1.0" ?>
<graph id="world">
  <level id="Connection">
    <box id="Connection66" width="narrow" editable="false"/>
    <box id="Connection67" width="narrow" editable="false"/>
    <box id="Connection63" width="narrow" editable="false"/>
    <box id="Connection68" width="narrow" editable="false"/>
    <box id="Connection156" width="narrow" editable="false"/>
    <box id="Connection155" width="narrow" editable="false"/>
    <box id="Connection151" width="narrow" editable="false"/>
    <box id="Connection150" width="narrow" editable="false"/>
    <box id="Connection159" width="narrow" editable="false"/>
    <box id="Connection3" width="narrow" editable="true"/>
    <box id="Connection2" width="narrow" editable="true"/>
    <box id="Connection1" width="narrow" editable="true"/>
    <box id="Connection0" width="narrow" editable="true"/>
    <box id="Connection7" width="narrow" editable="true"/>
    <box id="Connection6" width="narrow" editable="true"/>
    <box id="Connection5" width="narrow" editable="true"/>
    <box id="Connection4" width="narrow" editable="true"/>
    <box id="Connection9" width="narrow" editable="true"/>
    <box id="Connection8" width="narrow" editable="true"/>
    <box id="Connection149" width="narrow" editable="false"/>
    <box id="Connection84" width="narrow" editable="false"/>
    <box id="Connection83" width="narrow" editable="false"/>
    <box id="Connection137" width="narrow" editable="false"/>
    <box id="Connection133" width="narrow" editable="false"/>
    <box id="Connection132" width="narrow" editable="false"/>
    <box id="Connection138" width="narrow" editable="false"/>
    <box id="Connection193" width="narrow" editable="false"/>
    <box id="Connection192" width="narrow" editable="false"/>
    <box id="Connection190" width="narrow" editable="false"/>
    <box id="Connection195" width="narrow" editable="false"/>
    <box id="Connection17" width="narrow" editable="false"/>
    <box id="Connection16" width="narrow" editable="true"/>
    <box id="Connection15" width="narrow" editable="true"/>
    <box id="Connection14" width="narrow" editable="true"/>
    <box id="Connection13" width="narrow" editable="true"/>
    <box id="Connection12" width="narrow" editable="true"/>
    <box id="Connection11" width="narrow" editable="true"/>
    <box id="Connection10" width="narrow" editable="true"/>
    <box id="Connection99" width="narrow" editable="false"/>
    <box id="Connection97" width="narrow" editable="false"/>
    <box id="Connection96" width="narrow" editable="false"/>
    <box id="Connection94" width="narrow" editable="false"/>
    <box id="Connection93" width="narrow" editable="false"/>
    <box id="Connection122" width="narrow" editable="false"/>
    <box id="Connection121" width="narrow" editable="false"/>
    <box id="Connection128" width="narrow" editable="false"/>
    <box id="Connection129" width="narrow" editable="false"/>
    <box id="Connection184" width="narrow" editable="false"/>
    <box id="Connection186" width="narrow" editable="false"/>
    <box id="Connection187" width="narrow" editable="false"/>
    <box id="Connection180" width="narrow" editable="false"/>
    <box id="Connection181" width="narrow" editable="false"/>
    <box id="Connection183" width="narrow" editable="false"/>
    <box id="Connection189" width="narrow" editable="false"/>
    <box id="Connection26" width="narrow" editable="false"/>
    <box id="Connection27" width="narrow" editable="false"/>
    <box id="Connection28" width="narrow" editable="false"/>
    <box id="Connection113" width="narrow" editable="false"/>
    <box id="Connection112" width="narrow" editable="false"/>
    <box id="Connection117" width="narrow" editable="false"/>
    <box id="Connection35" width="narrow" editable="false"/>
    <box id="Connection34" width="narrow" editable="false"/>
    <box id="Connection37" width="narrow" editable="false"/>
    <box id="Connection30" width="narrow" editable="false"/>
    <box id="Connection33" width="narrow" editable="false"/>
    <box id="Connection108" width="narrow" editable="false"/>
    <box id="Connection109" width="narrow" editable="false"/>
    <box id="Connection105" width="narrow" editable="false"/>
    <box id="Connection107" width="narrow" editable="false"/>
    <box id="Connection100" width="narrow" editable="false"/>
    <box id="Connection103" width="narrow" editable="false"/>
    <box id="Connection40" width="narrow" editable="false"/>
    <box id="Connection41" width="narrow" editable="false"/>
    <box id="Connection42" width="narrow" editable="false"/>
    <box id="Connection44" width="narrow" editable="false"/>
    <box id="Connection45" width="narrow" editable="false"/>
    <box id="Connection178" width="narrow" editable="false"/>
    <box id="Connection177" width="narrow" editable="false"/>
    <box id="Connection58" width="narrow" editable="false"/>
    <box id="Connection53" width="narrow" editable="false"/>
    <box id="Connection50" width="narrow" editable="false"/>
    <box id="Connection57" width="narrow" editable="false"/>
    <box id="Connection55" width="narrow" editable="false"/>
    <box id="Connection54" width="narrow" editable="false"/>
    <box id="Connection162" width="narrow" editable="false"/>
    <box id="Connection163" width="narrow" editable="false"/>
    <box id="Connection160" width="narrow" editable="false"/>
  </level>
</graph>