<graph id="world">
  <level id="net_sf_picard_analysis_directed_HsMetrics">
    <box id="net_sf_picard_analysis_directed_HsMetrics0" width="narrow" editable="true"/>
    <box id="net_sf_picard_analysis_directed_HsMetrics1" width="narrow" editable="true"/>
    <box id="net_sf_picard_analysis_directed_HsMetrics2" width="narrow" editable="true"/>
    <box id="net_sf_picard_analysis_directed_HsMetrics7" width="wide" editable="false"/>
    <box id="net_sf_picard_analysis_directed_HsMetrics8" width="narrow" editable="true"/>
    <box id="net_sf_picard_analysis_directed_HsMetrics10" width="narrow" editable="false"/>
    <box id="net_sf_picard_analysis_directed_HsMetrics11" width="narrow" editable="true"/>
    <box id="net_sf_picard_analysis_directed_HsMetrics13" width="wide" editable="false"/>
    <box id="net_sf_picard_analysis_directed_HsMetrics14" width="narrow" editable="true"/>
    <box id="net_sf_picard_analysis_directed_HsMetrics16" width="wide" editable="false"/>
    <box id="net_sf_picard_analysis_directed_HsMetrics17" width="narrow" editable="true"/>
    <box id="net_sf_picard_analysis_directed_HsMetrics19" width="wide" editable="false"/>
    <box id="net_sf_picard_analysis_directed_HsMetrics20" width="narrow" editable="true"/>
    <box id="net_sf_picard_analysis_directed_HsMetrics21" width="narrow" editable="true"/>
    <box id="net_sf_picard_analysis_directed_HsMetrics22" width="narrow" editable="true"/>
    <box id="net_sf_picard_analysis_directed_HsMetrics23" width="narrow" editable="false"/>
    <box id="net_sf_picard_analysis_directed_HsMetrics24" width="narrow" editable="true"/>
    <box id="net_sf_picard_analysis_directed_HsMetrics25" width="narrow" editable="false"/>
    <box id="EXT__net_sf_picard_metrics_MultilevelMetrics--init----V__XIN__inReceiver" width="wide" editable="false"/>
    <box id="EXT__net_sf_picard_metrics_MultilevelMetrics--init----V__XOUT__outReceiver" width="narrow" editable="false"/>
  </level>
</graph>