<graph id="world"><level id="level1"><edge-set id="n24_16" pinch="false" width="narrow" editable="false"/><edge-set id="n24_10" pinch="false" width="narrow" editable="false"/><edge-set id="n24_8" pinch="false" width="narrow" editable="false"/><edge-set id="n24_7" pinch="false" width="narrow" editable="false"/><edge-set id="n24_5" pinch="false" width="narrow" editable="false"/><edge-set id="n24_4" pinch="false" width="narrow" editable="false"/><edge-set id="n16_14" pinch="false" width="narrow" editable="false"/><edge-set id="n16_13" pinch="false" width="narrow" editable="false"/><edge-set id="n16_12" pinch="false" width="narrow" editable="false"/><edge-set id="n16_11" pinch="false" width="narrow" editable="false"/><edge-set id="n16_10" pinch="false" width="narrow" editable="true"/><edge-set id="n16_9" pinch="false" width="narrow" editable="false"/><edge-set id="n16_8" pinch="false" width="narrow" editable="false"/><edge-set id="n16_7" pinch="false" width="narrow" editable="false"/><edge-set id="n16_6" pinch="false" width="narrow" editable="true"/><edge-set id="n19_22" pinch="false" width="narrow" editable="false"/><edge-set id="n16_5" pinch="false" width="narrow" editable="true"/><edge-set id="n17_15" pinch="false" width="narrow" editable="false"/><edge-set id="n19_21" pinch="false" width="narrow" editable="false"/><edge-set id="n16_4" pinch="false" width="narrow" editable="false"/><edge-set id="n17_14" pinch="false" width="narrow" editable="true"/><edge-set id="n19_20" pinch="false" width="narrow" editable="true"/><edge-set id="n16_3" pinch="false" width="narrow" editable="true"/><edge-set id="n17_13" pinch="false" width="narrow" editable="false"/><edge-set id="n19_19" pinch="false" width="narrow" editable="false"/><edge-set id="n22_24" pinch="false" width="narrow" editable="false"/><edge-set id="n16_2" pinch="false" width="narrow" editable="false"/><edge-set id="n17_12" pinch="false" width="narrow" editable="true"/><edge-set id="n19_18" pinch="false" width="narrow" editable="true"/><edge-set id="n22_23" pinch="false" width="narrow" editable="false"/><edge-set id="n16_1" pinch="false" width="narrow" editable="false"/><edge-set id="n17_11" pinch="false" width="narrow" editable="false"/><edge-set id="n19_17" pinch="false" width="narrow" editable="false"/><edge-set id="n22_22" pinch="false" width="narrow" editable="false"/><edge-set id="n7_22" pinch="false" width="narrow" editable="true"/><edge-set id="n16_0" pinch="false" width="narrow" editable="true"/><edge-set id="n17_10" pinch="false" width="narrow" editable="true"/><edge-set id="n19_16" pinch="false" width="narrow" editable="true"/><edge-set id="n22_21" pinch="false" width="narrow" editable="false"/><edge-set id="n7_21" pinch="false" width="narrow" editable="false"/><edge-set id="n0_23" pinch="false" width="narrow" editable="true"/><edge-set id="n17_9" pinch="false" width="narrow" editable="false"/><edge-set id="n19_15" pinch="false" width="narrow" editable="false"/><edge-set id="n22_20" pinch="false" width="narrow" editable="false"/><edge-set id="n7_20" pinch="false" width="narrow" editable="false"/><edge-set id="n0_22" pinch="false" width="narrow" editable="true"/><edge-set id="n17_8" pinch="false" width="narrow" editable="true"/><edge-set id="n19_14" pinch="false" width="narrow" editable="false"/><edge-set id="n22_19" pinch="false" width="narrow" editable="false"/><edge-set id="n7_19" pinch="false" width="narrow" editable="false"/><edge-set id="n0_21" pinch="false" width="narrow" editable="true"/><edge-set id="n17_7" pinch="false" width="narrow" editable="false"/><edge-set id="n19_13" pinch="false" width="narrow" editable="false"/><edge-set id="n21_17" pinch="false" width="narrow" editable="true"/><edge-set id="n22_18" pinch="false" width="narrow" editable="false"/><edge-set id="n7_18" pinch="false" width="narrow" editable="false"/><edge-set id="n11_18" pinch="false" width="narrow" editable="true"/><edge-set id="n13_18" pinch="false" width="narrow" editable="true"/><edge-set id="n0_20" pinch="false" width="narrow" editable="true"/><edge-set id="n17_6" pinch="false" width="narrow" editable="true"/><edge-set id="n18_7" pinch="false" width="narrow" editable="true"/><edge-set id="n19_12" pinch="false" width="narrow" editable="false"/><edge-set id="n21_16" pinch="false" width="narrow" editable="false"/><edge-set id="n22_17" pinch="false" width="narrow" editable="false"/><edge-set id="n7_17" pinch="false" width="narrow" editable="false"/><edge-set id="n11_17" pinch="false" width="narrow" editable="false"/><edge-set id="n13_17" pinch="false" width="narrow" editable="false"/><edge-set id="n15_17" pinch="false" width="narrow" editable="true"/><edge-set id="n0_19" pinch="false" width="narrow" editable="true"/><edge-set id="n17_5" pinch="false" width="narrow" editable="true"/><edge-set id="n18_6" pinch="false" width="narrow" editable="false"/><edge-set id="n19_11" pinch="false" width="narrow" editable="false"/><edge-set id="n20_14" pinch="false" width="narrow" editable="false"/><edge-set id="n21_15" pinch="false" width="narrow" editable="false"/><edge-set id="n22_16" pinch="false" width="narrow" editable="false"/><edge-set id="n7_16" pinch="false" width="narrow" editable="true"/><edge-set id="n11_16" pinch="false" width="narrow" editable="false"/><edge-set id="n12_16" pinch="false" width="narrow" editable="false"/><edge-set id="n13_16" pinch="false" width="narrow" editable="false"/><edge-set id="n15_16" pinch="false" width="narrow" editable="true"/><edge-set id="n0_18" pinch="false" width="narrow" editable="true"/><edge-set id="n17_4" pinch="false" width="narrow" editable="true"/><edge-set id="n18_5" pinch="false" width="narrow" editable="false"/><edge-set id="n19_10" pinch="false" width="narrow" editable="false"/><edge-set id="n20_13" pinch="false" width="narrow" editable="true"/><edge-set id="n21_14" pinch="false" width="narrow" editable="false"/><edge-set id="n22_15" pinch="false" width="narrow" editable="true"/><edge-set id="n7_15" pinch="false" width="narrow" editable="false"/><edge-set id="n11_15" pinch="false" width="narrow" editable="false"/><edge-set id="n12_15" pinch="false" width="narrow" editable="false"/><edge-set id="n13_15" pinch="false" width="narrow" editable="false"/><edge-set id="n15_15" pinch="false" width="narrow" editable="false"/><edge-set id="n0_17" pinch="false" width="narrow" editable="true"/><edge-set id="n17_3" pinch="false" width="narrow" editable="false"/><edge-set id="n18_4" pinch="false" width="narrow" editable="false"/><edge-set id="n19_9" pinch="false" width="narrow" editable="false"/><edge-set id="n20_12" pinch="false" width="narrow" editable="false"/><edge-set id="n21_13" pinch="false" width="narrow" editable="false"/><edge-set id="n22_14" pinch="false" width="narrow" editable="false"/><edge-set id="n7_14" pinch="false" width="narrow" editable="false"/><edge-set id="n11_14" pinch="false" width="narrow" editable="false"/><edge-set id="n12_14" pinch="false" width="narrow" editable="false"/><edge-set id="n13_14" pinch="false" width="narrow" editable="true"/><edge-set id="n14_14" pinch="false" width="narrow" editable="false"/><edge-set id="n15_14" pinch="false" width="narrow" editable="true"/><edge-set id="n0_16" pinch="false" width="narrow" editable="true"/><edge-set id="n17_2" pinch="false" width="narrow" editable="true"/><edge-set id="n18_3" pinch="false" width="narrow" editable="false"/><edge-set id="n19_8" pinch="false" width="narrow" editable="false"/><edge-set id="n20_11" pinch="false" width="narrow" editable="false"/><edge-set id="n21_12" pinch="false" width="narrow" editable="true"/><edge-set id="n22_13" pinch="false" width="narrow" editable="false"/><edge-set id="n7_13" pinch="false" width="narrow" editable="false"/><edge-set id="n11_13" pinch="false" width="narrow" editable="true"/><edge-set id="n12_13" pinch="false" width="narrow" editable="false"/><edge-set id="n13_13" pinch="false" width="narrow" editable="false"/><edge-set id="n14_13" pinch="false" width="narrow" editable="false"/><edge-set id="n15_13" pinch="false" width="narrow" editable="false"/><edge-set id="n0_14" pinch="false" width="narrow" editable="true"/><edge-set id="n17_1" pinch="false" width="narrow" editable="false"/><edge-set id="n18_2" pinch="false" width="narrow" editable="false"/><edge-set id="n19_7" pinch="false" width="narrow" editable="false"/><edge-set id="n20_10" pinch="false" width="narrow" editable="true"/><edge-set id="n21_11" pinch="false" width="narrow" editable="true"/><edge-set id="n22_12" pinch="false" width="narrow" editable="false"/><edge-set id="n7_12" pinch="false" width="narrow" editable="false"/><edge-set id="n8_12" pinch="false" width="narrow" editable="true"/><edge-set id="n9_12" pinch="false" width="narrow" editable="false"/><edge-set id="n11_12" pinch="false" width="narrow" editable="false"/><edge-set id="n12_12" pinch="false" width="narrow" editable="false"/><edge-set id="n13_12" pinch="false" width="narrow" editable="false"/><edge-set id="n14_12" pinch="false" width="narrow" editable="false"/><edge-set id="n15_12" pinch="false" width="narrow" editable="false"/><edge-set id="n0_13" pinch="false" width="narrow" editable="true"/><edge-set id="n17_0" pinch="false" width="narrow" editable="false"/><edge-set id="n18_1" pinch="false" width="narrow" editable="false"/><edge-set id="n19_6" pinch="false" width="narrow" editable="false"/><edge-set id="n20_9" pinch="false" width="narrow" editable="true"/><edge-set id="n21_10" pinch="false" width="narrow" editable="false"/><edge-set id="n22_11" pinch="false" width="narrow" editable="false"/><edge-set id="n23_12" pinch="false" width="narrow" editable="false"/><edge-set id="n24_18" pinch="false" width="narrow" editable="false"/><edge-set id="n7_11" pinch="false" width="narrow" editable="false"/><edge-set id="n8_11" pinch="false" width="narrow" editable="false"/><edge-set id="n9_11" pinch="false" width="narrow" editable="true"/><edge-set id="n11_11" pinch="false" width="narrow" editable="true"/><edge-set id="n12_11" pinch="false" width="narrow" editable="false"/><edge-set id="n13_11" pinch="false" width="narrow" editable="false"/><edge-set id="n14_11" pinch="false" width="narrow" editable="false"/><edge-set id="n15_11" pinch="false" width="narrow" editable="true"/><edge-set id="n0_12" pinch="false" width="narrow" editable="true"/><edge-set id="n1_16" pinch="false" width="narrow" editable="false"/><edge-set id="n18_0" pinch="false" width="narrow" editable="false"/><edge-set id="n19_5" pinch="false" width="narrow" editable="false"/><edge-set id="n20_8" pinch="false" width="narrow" editable="true"/><edge-set id="n21_9" pinch="false" width="narrow" editable="false"/><edge-set id="n22_10" pinch="false" width="narrow" editable="false"/><edge-set id="n23_11" pinch="false" width="narrow" editable="true"/><edge-set id="n24_17" pinch="false" width="narrow" editable="false"/><edge-set id="n7_10" pinch="false" width="narrow" editable="false"/><edge-set id="n8_10" pinch="false" width="narrow" editable="false"/><edge-set id="n9_10" pinch="false" width="narrow" editable="false"/><edge-set id="n11_10" pinch="false" width="narrow" editable="false"/><edge-set id="n12_10" pinch="false" width="narrow" editable="false"/><edge-set id="n13_10" pinch="false" width="narrow" editable="false"/><edge-set id="n14_10" pinch="false" width="narrow" editable="false"/><edge-set id="n15_10" pinch="false" width="narrow" editable="false"/><edge-set id="n0_11" pinch="false" width="narrow" editable="true"/><edge-set id="n1_15" pinch="false" width="narrow" editable="true"/><edge-set id="n2_16" pinch="false" width="narrow" editable="false"/><edge-set id="n19_4" pinch="false" width="narrow" editable="false"/><edge-set id="n20_7" pinch="false" width="narrow" editable="false"/><edge-set id="n21_8" pinch="false" width="narrow" editable="false"/><edge-set id="n22_9" pinch="false" width="narrow" editable="true"/><edge-set id="n23_10" pinch="false" width="narrow" editable="false"/><edge-set id="n24_15" pinch="false" width="narrow" editable="false"/><edge-set id="n3_15" pinch="false" width="narrow" editable="true"/><edge-set id="n7_9" pinch="false" width="narrow" editable="true"/><edge-set id="n8_9" pinch="false" width="narrow" editable="false"/><edge-set id="n9_9" pinch="false" width="narrow" editable="true"/><edge-set id="n10_9" pinch="false" width="narrow" editable="false"/><edge-set id="n11_9" pinch="false" width="narrow" editable="false"/><edge-set id="n12_9" pinch="false" width="narrow" editable="false"/><edge-set id="n13_9" pinch="false" width="narrow" editable="true"/><edge-set id="n14_9" pinch="false" width="narrow" editable="false"/><edge-set id="n15_9" pinch="false" width="narrow" editable="false"/><edge-set id="n0_10" pinch="false" width="narrow" editable="true"/><edge-set id="n1_13" pinch="false" width="narrow" editable="false"/><edge-set id="n2_15" pinch="false" width="narrow" editable="false"/><edge-set id="n19_3" pinch="false" width="narrow" editable="false"/><edge-set id="n20_6" pinch="false" width="narrow" editable="false"/><edge-set id="n21_7" pinch="false" width="narrow" editable="false"/><edge-set id="n22_8" pinch="false" width="narrow" editable="false"/><edge-set id="n23_9" pinch="false" width="narrow" editable="false"/><edge-set id="n24_14" pinch="false" width="narrow" editable="false"/><edge-set id="n3_14" pinch="false" width="narrow" editable="false"/><edge-set id="n5_10" pinch="false" width="narrow" editable="false"/><edge-set id="n7_8" pinch="false" width="narrow" editable="false"/><edge-set id="n8_8" pinch="false" width="narrow" editable="false"/><edge-set id="n9_8" pinch="false" width="narrow" editable="false"/><edge-set id="n10_8" pinch="false" width="narrow" editable="true"/><edge-set id="n11_8" pinch="false" width="narrow" editable="true"/><edge-set id="n12_8" pinch="false" width="narrow" editable="true"/><edge-set id="n13_8" pinch="false" width="narrow" editable="true"/><edge-set id="n14_8" pinch="false" width="narrow" editable="false"/><edge-set id="n15_8" pinch="false" width="narrow" editable="false"/><edge-set id="n0_9" pinch="false" width="narrow" editable="true"/><edge-set id="n1_12" pinch="false" width="narrow" editable="false"/><edge-set id="n2_14" pinch="false" width="narrow" editable="true"/><edge-set id="n19_2" pinch="false" width="narrow" editable="true"/><edge-set id="n20_5" pinch="false" width="narrow" editable="false"/><edge-set id="n21_6" pinch="false" width="narrow" editable="false"/><edge-set id="n22_7" pinch="false" width="narrow" editable="false"/><edge-set id="n23_8" pinch="false" width="narrow" editable="true"/><edge-set id="n24_13" pinch="false" width="narrow" editable="true"/><edge-set id="n3_13" pinch="false" width="narrow" editable="false"/><edge-set id="n5_7" pinch="false" width="narrow" editable="false"/><edge-set id="n6_8" pinch="false" width="narrow" editable="false"/><edge-set id="n7_7" pinch="false" width="narrow" editable="true"/><edge-set id="n8_7" pinch="false" width="narrow" editable="false"/><edge-set id="n9_7" pinch="false" width="narrow" editable="false"/><edge-set id="n10_7" pinch="false" width="narrow" editable="true"/><edge-set id="n11_7" pinch="false" width="narrow" editable="false"/><edge-set id="n12_7" pinch="false" width="narrow" editable="false"/><edge-set id="n13_7" pinch="false" width="narrow" editable="true"/><edge-set id="n14_7" pinch="false" width="narrow" editable="false"/><edge-set id="n15_7" pinch="false" width="narrow" editable="true"/><edge-set id="n0_7" pinch="false" width="narrow" editable="true"/><edge-set id="n1_11" pinch="false" width="narrow" editable="false"/><edge-set id="n2_11" pinch="false" width="narrow" editable="false"/><edge-set id="n19_1" pinch="false" width="narrow" editable="false"/><edge-set id="n20_4" pinch="false" width="narrow" editable="false"/><edge-set id="n21_5" pinch="false" width="narrow" editable="false"/><edge-set id="n22_6" pinch="false" width="narrow" editable="true"/><edge-set id="n23_7" pinch="false" width="narrow" editable="false"/><edge-set id="n24_12" pinch="false" width="narrow" editable="true"/><edge-set id="n3_12" pinch="false" width="narrow" editable="true"/><edge-set id="n4_9" pinch="false" width="narrow" editable="false"/><edge-set id="n5_6" pinch="false" width="narrow" editable="true"/><edge-set id="n6_6" pinch="false" width="narrow" editable="false"/><edge-set id="n7_6" pinch="false" width="narrow" editable="false"/><edge-set id="n8_6" pinch="false" width="narrow" editable="false"/><edge-set id="n9_6" pinch="false" width="narrow" editable="false"/><edge-set id="n10_6" pinch="false" width="narrow" editable="false"/><edge-set id="n11_6" pinch="false" width="narrow" editable="true"/><edge-set id="n12_6" pinch="false" width="narrow" editable="true"/><edge-set id="n13_6" pinch="false" width="narrow" editable="false"/><edge-set id="n14_6" pinch="false" width="narrow" editable="false"/><edge-set id="n15_6" pinch="false" width="narrow" editable="false"/><edge-set id="n0_6" pinch="false" width="narrow" editable="true"/><edge-set id="n1_9" pinch="false" width="narrow" editable="false"/><edge-set id="n2_9" pinch="false" width="narrow" editable="false"/><edge-set id="n19_0" pinch="false" width="narrow" editable="false"/><edge-set id="n20_3" pinch="false" width="narrow" editable="true"/><edge-set id="n21_4" pinch="false" width="narrow" editable="false"/><edge-set id="n22_5" pinch="false" width="narrow" editable="false"/><edge-set id="n23_6" pinch="false" width="narrow" editable="false"/><edge-set id="n24_11" pinch="false" width="narrow" editable="false"/><edge-set id="n2_13" pinch="false" width="narrow" editable="false"/><edge-set id="n3_11" pinch="false" width="narrow" editable="false"/><edge-set id="n4_8" pinch="false" width="narrow" editable="false"/><edge-set id="n5_5" pinch="false" width="narrow" editable="false"/><edge-set id="n6_5" pinch="false" width="narrow" editable="true"/><edge-set id="n7_5" pinch="false" width="narrow" editable="true"/><edge-set id="n8_5" pinch="false" width="narrow" editable="false"/><edge-set id="n9_5" pinch="false" width="narrow" editable="false"/><edge-set id="n10_5" pinch="false" width="narrow" editable="false"/><edge-set id="n11_5" pinch="false" width="narrow" editable="false"/><edge-set id="n12_5" pinch="false" width="narrow" editable="false"/><edge-set id="n13_5" pinch="false" width="narrow" editable="true"/><edge-set id="n14_5" pinch="false" width="narrow" editable="true"/><edge-set id="n15_5" pinch="false" width="narrow" editable="false"/><edge-set id="n0_5" pinch="false" width="narrow" editable="true"/><edge-set id="n1_8" pinch="false" width="narrow" editable="false"/><edge-set id="n2_8" pinch="false" width="narrow" editable="false"/><edge-set id="n3_9" pinch="false" width="narrow" editable="false"/><edge-set id="n20_2" pinch="false" width="narrow" editable="false"/><edge-set id="n21_3" pinch="false" width="narrow" editable="false"/><edge-set id="n22_4" pinch="false" width="narrow" editable="false"/><edge-set id="n23_5" pinch="false" width="narrow" editable="false"/><edge-set id="n24_9" pinch="false" width="narrow" editable="false"/><edge-set id="n1_14" pinch="false" width="narrow" editable="false"/><edge-set id="n2_12" pinch="false" width="narrow" editable="false"/><edge-set id="n3_10" pinch="false" width="narrow" editable="true"/><edge-set id="n4_7" pinch="false" width="narrow" editable="false"/><edge-set id="n5_4" pinch="false" width="narrow" editable="true"/><edge-set id="n6_4" pinch="false" width="narrow" editable="false"/><edge-set id="n7_4" pinch="false" width="narrow" editable="true"/><edge-set id="n8_4" pinch="false" width="narrow" editable="true"/><edge-set id="n9_4" pinch="false" width="narrow" editable="false"/><edge-set id="n10_4" pinch="false" width="narrow" editable="false"/><edge-set id="n11_4" pinch="false" width="narrow" editable="true"/><edge-set id="n12_4" pinch="false" width="narrow" editable="false"/><edge-set id="n13_4" pinch="false" width="narrow" editable="false"/><edge-set id="n14_4" pinch="false" width="narrow" editable="true"/><edge-set id="n15_4" pinch="false" width="narrow" editable="false"/><edge-set id="n0_4" pinch="false" width="narrow" editable="true"/><edge-set id="n1_7" pinch="false" width="narrow" editable="false"/><edge-set id="n2_7" pinch="false" width="narrow" editable="false"/><edge-set id="n3_7" pinch="false" width="narrow" editable="true"/><edge-set id="n20_1" pinch="false" width="narrow" editable="false"/><edge-set id="n21_2" pinch="false" width="narrow" editable="true"/><edge-set id="n22_3" pinch="false" width="narrow" editable="false"/><edge-set id="n23_4" pinch="false" width="narrow" editable="false"/><edge-set id="n24_6" pinch="false" width="narrow" editable="false"/><edge-set id="n1_10" pinch="false" width="narrow" editable="false"/><edge-set id="n2_10" pinch="false" width="narrow" editable="false"/><edge-set id="n3_8" pinch="false" width="narrow" editable="false"/><edge-set id="n4_5" pinch="false" width="narrow" editable="true"/><edge-set id="n5_3" pinch="false" width="narrow" editable="false"/><edge-set id="n6_3" pinch="false" width="narrow" editable="false"/><edge-set id="n7_3" pinch="false" width="narrow" editable="false"/><edge-set id="n8_3" pinch="false" width="narrow" editable="false"/><edge-set id="n9_3" pinch="false" width="narrow" editable="false"/><edge-set id="n10_3" pinch="false" width="narrow" editable="false"/><edge-set id="n11_3" pinch="false" width="narrow" editable="false"/><edge-set id="n12_3" pinch="false" width="narrow" editable="false"/><edge-set id="n13_3" pinch="false" width="narrow" editable="false"/><edge-set id="n14_3" pinch="false" width="narrow" editable="true"/><edge-set id="n15_3" pinch="false" width="narrow" editable="true"/><edge-set id="n0_3" pinch="false" width="narrow" editable="true"/><edge-set id="n1_5" pinch="false" width="narrow" editable="true"/><edge-set id="n2_4" pinch="false" width="narrow" editable="false"/><edge-set id="n3_4" pinch="false" width="narrow" editable="true"/><edge-set id="n20_0" pinch="false" width="narrow" editable="false"/><edge-set id="n21_1" pinch="false" width="narrow" editable="false"/><edge-set id="n22_2" pinch="false" width="narrow" editable="false"/><edge-set id="n23_3" pinch="false" width="narrow" editable="false"/><edge-set id="n24_3" pinch="false" width="narrow" editable="false"/><edge-set id="n1_6" pinch="false" width="narrow" editable="false"/><edge-set id="n2_6" pinch="false" width="narrow" editable="false"/><edge-set id="n3_6" pinch="false" width="narrow" editable="false"/><edge-set id="n4_4" pinch="false" width="narrow" editable="false"/><edge-set id="n5_2" pinch="false" width="narrow" editable="false"/><edge-set id="n6_2" pinch="false" width="narrow" editable="true"/><edge-set id="n7_2" pinch="false" width="narrow" editable="false"/><edge-set id="n8_2" pinch="false" width="narrow" editable="false"/><edge-set id="n9_2" pinch="false" width="narrow" editable="false"/><edge-set id="n10_2" pinch="false" width="narrow" editable="true"/><edge-set id="n11_2" pinch="false" width="narrow" editable="true"/><edge-set id="n12_2" pinch="false" width="narrow" editable="true"/><edge-set id="n13_2" pinch="false" width="narrow" editable="true"/><edge-set id="n14_2" pinch="false" width="narrow" editable="false"/><edge-set id="n15_2" pinch="false" width="narrow" editable="true"/><edge-set id="n0_2" pinch="false" width="narrow" editable="true"/><edge-set id="n1_3" pinch="false" width="narrow" editable="true"/><edge-set id="n2_3" pinch="false" width="narrow" editable="false"/><edge-set id="n3_3" pinch="false" width="narrow" editable="false"/><edge-set id="n4_6" pinch="false" width="narrow" editable="true"/><edge-set id="n21_0" pinch="false" width="narrow" editable="true"/><edge-set id="n22_1" pinch="false" width="narrow" editable="false"/><edge-set id="n23_2" pinch="false" width="narrow" editable="false"/><edge-set id="n24_2" pinch="false" width="narrow" editable="false"/><edge-set id="n0_15" pinch="false" width="narrow" editable="true"/><edge-set id="n1_4" pinch="false" width="narrow" editable="true"/><edge-set id="n2_5" pinch="false" width="narrow" editable="false"/><edge-set id="n3_5" pinch="false" width="narrow" editable="false"/><edge-set id="n4_2" pinch="false" width="narrow" editable="true"/><edge-set id="n5_1" pinch="false" width="narrow" editable="false"/><edge-set id="n6_1" pinch="false" width="narrow" editable="true"/><edge-set id="n7_1" pinch="false" width="narrow" editable="false"/><edge-set id="n8_1" pinch="false" width="narrow" editable="false"/><edge-set id="n9_1" pinch="false" width="narrow" editable="false"/><edge-set id="n10_1" pinch="false" width="narrow" editable="false"/><edge-set id="n11_1" pinch="false" width="narrow" editable="false"/><edge-set id="n12_1" pinch="false" width="narrow" editable="false"/><edge-set id="n13_1" pinch="false" width="narrow" editable="false"/><edge-set id="n14_1" pinch="false" width="narrow" editable="false"/><edge-set id="n15_1" pinch="false" width="narrow" editable="true"/><edge-set id="n0_1" pinch="false" width="narrow" editable="true"/><edge-set id="n1_2" pinch="false" width="narrow" editable="true"/><edge-set id="n2_1" pinch="false" width="narrow" editable="true"/><edge-set id="n3_1" pinch="false" width="narrow" editable="true"/><edge-set id="n4_3" pinch="false" width="narrow" editable="false"/><edge-set id="n5_9" pinch="false" width="narrow" editable="false"/><edge-set id="n22_0" pinch="false" width="narrow" editable="false"/><edge-set id="n23_1" pinch="false" width="narrow" editable="false"/><edge-set id="n24_1" pinch="false" width="narrow" editable="false"/><edge-set id="n0_8" pinch="false" width="narrow" editable="true"/><edge-set id="n1_1" pinch="false" width="narrow" editable="false"/><edge-set id="n2_2" pinch="false" width="narrow" editable="true"/><edge-set id="n3_2" pinch="false" width="narrow" editable="false"/><edge-set id="n4_1" pinch="false" width="narrow" editable="false"/><edge-set id="n5_0" pinch="false" width="narrow" editable="false"/><edge-set id="n6_0" pinch="false" width="narrow" editable="false"/><edge-set id="n7_0" pinch="false" width="narrow" editable="false"/><edge-set id="n8_0" pinch="false" width="narrow" editable="false"/><edge-set id="n9_0" pinch="false" width="narrow" editable="false"/><edge-set id="n10_0" pinch="false" width="narrow" editable="true"/><edge-set id="n11_0" pinch="false" width="narrow" editable="false"/><edge-set id="n12_0" pinch="false" width="narrow" editable="false"/><edge-set id="n13_0" pinch="false" width="narrow" editable="true"/><edge-set id="n14_0" pinch="false" width="narrow" editable="false"/><edge-set id="n15_0" pinch="false" width="narrow" editable="true"/><edge-set id="n0_0" pinch="false" width="narrow" editable="true"/><edge-set id="n1_0" pinch="false" width="narrow" editable="false"/><edge-set id="n2_0" pinch="false" width="narrow" editable="false"/><edge-set id="n3_0" pinch="false" width="narrow" editable="false"/><edge-set id="n4_0" pinch="false" width="narrow" editable="false"/><edge-set id="n5_8" pinch="false" width="narrow" editable="false"/><edge-set id="n6_7" pinch="false" width="narrow" editable="false"/><edge-set id="n23_0" pinch="false" width="narrow" editable="true"/><edge-set id="n24_0" pinch="false" width="narrow" editable="false"/></level><level id="level1"><edge-set id="n0_0" pinch="false" width="narrow" editable="true"/><edge-set id="n0_1" pinch="false" width="narrow" editable="true"/><edge-set id="n0_2" pinch="false" width="narrow" editable="true"/><edge-set id="n0_3" pinch="false" width="narrow" editable="true"/><edge-set id="n0_4" pinch="false" width="narrow" editable="true"/><edge-set id="n0_5" pinch="false" width="narrow" editable="true"/><edge-set id="n0_6" pinch="false" width="narrow" editable="true"/><edge-set id="n0_7" pinch="false" width="narrow" editable="true"/><edge-set id="n0_8" pinch="false" width="narrow" editable="true"/><edge-set id="n0_9" pinch="false" width="narrow" editable="true"/><edge-set id="n0_10" pinch="false" width="narrow" editable="true"/><edge-set id="n0_11" pinch="false" width="narrow" editable="true"/><edge-set id="n0_12" pinch="false" width="narrow" editable="true"/><edge-set id="n0_13" pinch="false" width="narrow" editable="true"/><edge-set id="n0_14" pinch="false" width="narrow" editable="true"/><edge-set id="n0_15" pinch="false" width="narrow" editable="true"/><edge-set id="n0_16" pinch="false" width="narrow" editable="true"/><edge-set id="n0_17" pinch="false" width="narrow" editable="true"/><edge-set id="n0_18" pinch="false" width="narrow" editable="true"/><edge-set id="n0_19" pinch="false" width="narrow" editable="true"/><edge-set id="n0_20" pinch="false" width="narrow" editable="true"/><edge-set id="n0_21" pinch="false" width="narrow" editable="true"/><edge-set id="n0_22" pinch="false" width="narrow" editable="true"/><edge-set id="n0_23" pinch="false" width="narrow" editable="true"/><edge-set id="n1_0" pinch="false" width="narrow" editable="false"/><edge-set id="n1_1" pinch="false" width="narrow" editable="false"/><edge-set id="n1_2" pinch="false" width="narrow" editable="true"/><edge-set id="n1_3" pinch="false" width="narrow" editable="true"/><edge-set id="n1_4" pinch="false" width="narrow" editable="true"/><edge-set id="n1_5" pinch="false" width="narrow" editable="true"/><edge-set id="n1_6" pinch="false" width="narrow" editable="false"/><edge-set id="n1_7" pinch="false" width="narrow" editable="false"/><edge-set id="n1_8" pinch="false" width="narrow" editable="false"/><edge-set id="n1_9" pinch="false" width="narrow" editable="false"/><edge-set id="n1_10" pinch="false" width="narrow" editable="false"/><edge-set id="n1_11" pinch="false" width="narrow" editable="false"/><edge-set id="n1_12" pinch="false" width="narrow" editable="false"/><edge-set id="n1_13" pinch="false" width="narrow" editable="false"/><edge-set id="n1_14" pinch="false" width="narrow" editable="false"/><edge-set id="n1_15" pinch="false" width="narrow" editable="true"/><edge-set id="n1_16" pinch="false" width="narrow" editable="false"/><edge-set id="n2_0" pinch="false" width="narrow" editable="false"/><edge-set id="n2_1" pinch="false" width="narrow" editable="true"/><edge-set id="n2_2" pinch="false" width="narrow" editable="true"/><edge-set id="n2_3" pinch="false" width="narrow" editable="false"/><edge-set id="n2_4" pinch="false" width="narrow" editable="false"/><edge-set id="n2_5" pinch="false" width="narrow" editable="false"/><edge-set id="n2_6" pinch="false" width="narrow" editable="false"/><edge-set id="n2_7" pinch="false" width="narrow" editable="false"/><edge-set id="n2_8" pinch="false" width="narrow" editable="false"/><edge-set id="n2_9" pinch="false" width="narrow" editable="false"/><edge-set id="n2_10" pinch="false" width="narrow" editable="false"/><edge-set id="n2_11" pinch="false" width="narrow" editable="false"/><edge-set id="n2_12" pinch="false" width="narrow" editable="false"/><edge-set id="n2_13" pinch="false" width="narrow" editable="false"/><edge-set id="n2_14" pinch="false" width="narrow" editable="true"/><edge-set id="n2_15" pinch="false" width="narrow" editable="false"/><edge-set id="n2_16" pinch="false" width="narrow" editable="false"/><edge-set id="n3_0" pinch="false" width="narrow" editable="false"/><edge-set id="n3_1" pinch="false" width="narrow" editable="true"/><edge-set id="n3_2" pinch="false" width="narrow" editable="false"/><edge-set id="n3_3" pinch="false" width="narrow" editable="false"/><edge-set id="n3_4" pinch="false" width="narrow" editable="true"/><edge-set id="n3_5" pinch="false" width="narrow" editable="false"/><edge-set id="n3_6" pinch="false" width="narrow" editable="false"/><edge-set id="n3_7" pinch="false" width="narrow" editable="true"/><edge-set id="n3_8" pinch="false" width="narrow" editable="false"/><edge-set id="n3_9" pinch="false" width="narrow" editable="false"/><edge-set id="n3_10" pinch="false" width="narrow" editable="true"/><edge-set id="n3_11" pinch="false" width="narrow" editable="false"/><edge-set id="n3_12" pinch="false" width="narrow" editable="true"/><edge-set id="n3_13" pinch="false" width="narrow" editable="false"/><edge-set id="n3_14" pinch="false" width="narrow" editable="false"/><edge-set id="n3_15" pinch="false" width="narrow" editable="true"/><edge-set id="n4_0" pinch="false" width="narrow" editable="false"/><edge-set id="n4_1" pinch="false" width="narrow" editable="false"/><edge-set id="n4_2" pinch="false" width="narrow" editable="true"/><edge-set id="n4_3" pinch="false" width="narrow" editable="false"/><edge-set id="n4_4" pinch="false" width="narrow" editable="false"/><edge-set id="n4_5" pinch="false" width="narrow" editable="true"/><edge-set id="n4_6" pinch="false" width="narrow" editable="true"/><edge-set id="n4_7" pinch="false" width="narrow" editable="false"/><edge-set id="n4_8" pinch="false" width="narrow" editable="false"/><edge-set id="n4_9" pinch="false" width="narrow" editable="false"/><edge-set id="n5_0" pinch="false" width="narrow" editable="false"/><edge-set id="n5_1" pinch="false" width="narrow" editable="false"/><edge-set id="n5_2" pinch="false" width="narrow" editable="false"/><edge-set id="n5_3" pinch="false" width="narrow" editable="false"/><edge-set id="n5_4" pinch="false" width="narrow" editable="true"/><edge-set id="n5_5" pinch="false" width="narrow" editable="false"/><edge-set id="n5_6" pinch="false" width="narrow" editable="true"/><edge-set id="n5_7" pinch="false" width="narrow" editable="false"/><edge-set id="n5_8" pinch="false" width="narrow" editable="false"/><edge-set id="n5_9" pinch="false" width="narrow" editable="false"/><edge-set id="n5_10" pinch="false" width="narrow" editable="false"/><edge-set id="n6_0" pinch="false" width="narrow" editable="false"/><edge-set id="n6_1" pinch="false" width="narrow" editable="true"/><edge-set id="n6_2" pinch="false" width="narrow" editable="true"/><edge-set id="n6_3" pinch="false" width="narrow" editable="false"/><edge-set id="n6_4" pinch="false" width="narrow" editable="false"/><edge-set id="n6_5" pinch="false" width="narrow" editable="true"/><edge-set id="n6_6" pinch="false" width="narrow" editable="false"/><edge-set id="n6_7" pinch="false" width="narrow" editable="false"/><edge-set id="n6_8" pinch="false" width="narrow" editable="false"/><edge-set id="n7_0" pinch="false" width="narrow" editable="false"/><edge-set id="n7_1" pinch="false" width="narrow" editable="false"/><edge-set id="n7_2" pinch="false" width="narrow" editable="false"/><edge-set id="n7_3" pinch="false" width="narrow" editable="false"/><edge-set id="n7_4" pinch="false" width="narrow" editable="true"/><edge-set id="n7_5" pinch="false" width="narrow" editable="true"/><edge-set id="n7_6" pinch="false" width="narrow" editable="false"/><edge-set id="n7_7" pinch="false" width="narrow" editable="true"/><edge-set id="n7_8" pinch="false" width="narrow" editable="false"/><edge-set id="n7_9" pinch="false" width="narrow" editable="true"/><edge-set id="n7_10" pinch="false" width="narrow" editable="false"/><edge-set id="n7_11" pinch="false" width="narrow" editable="false"/><edge-set id="n7_12" pinch="false" width="narrow" editable="false"/><edge-set id="n7_13" pinch="false" width="narrow" editable="false"/><edge-set id="n7_14" pinch="false" width="narrow" editable="false"/><edge-set id="n7_15" pinch="false" width="narrow" editable="false"/><edge-set id="n7_16" pinch="false" width="narrow" editable="true"/><edge-set id="n7_17" pinch="false" width="narrow" editable="false"/><edge-set id="n7_18" pinch="false" width="narrow" editable="false"/><edge-set id="n7_19" pinch="false" width="narrow" editable="false"/><edge-set id="n7_20" pinch="false" width="narrow" editable="false"/><edge-set id="n7_21" pinch="false" width="narrow" editable="false"/><edge-set id="n7_22" pinch="false" width="narrow" editable="true"/><edge-set id="n8_0" pinch="false" width="narrow" editable="false"/><edge-set id="n8_1" pinch="false" width="narrow" editable="false"/><edge-set id="n8_2" pinch="false" width="narrow" editable="false"/><edge-set id="n8_3" pinch="false" width="narrow" editable="false"/><edge-set id="n8_4" pinch="false" width="narrow" editable="true"/><edge-set id="n8_5" pinch="false" width="narrow" editable="false"/><edge-set id="n8_6" pinch="false" width="narrow" editable="false"/><edge-set id="n8_7" pinch="false" width="narrow" editable="false"/><edge-set id="n8_8" pinch="false" width="narrow" editable="false"/><edge-set id="n8_9" pinch="false" width="narrow" editable="false"/><edge-set id="n8_10" pinch="false" width="narrow" editable="false"/><edge-set id="n8_11" pinch="false" width="narrow" editable="false"/><edge-set id="n8_12" pinch="false" width="narrow" editable="true"/><edge-set id="n9_0" pinch="false" width="narrow" editable="false"/><edge-set id="n9_1" pinch="false" width="narrow" editable="false"/><edge-set id="n9_2" pinch="false" width="narrow" editable="false"/><edge-set id="n9_3" pinch="false" width="narrow" editable="false"/><edge-set id="n9_4" pinch="false" width="narrow" editable="false"/><edge-set id="n9_5" pinch="false" width="narrow" editable="false"/><edge-set id="n9_6" pinch="false" width="narrow" editable="false"/><edge-set id="n9_7" pinch="false" width="narrow" editable="false"/><edge-set id="n9_8" pinch="false" width="narrow" editable="false"/><edge-set id="n9_9" pinch="false" width="narrow" editable="true"/><edge-set id="n9_10" pinch="false" width="narrow" editable="false"/><edge-set id="n9_11" pinch="false" width="narrow" editable="true"/><edge-set id="n9_12" pinch="false" width="narrow" editable="false"/><edge-set id="n10_0" pinch="false" width="narrow" editable="true"/><edge-set id="n10_1" pinch="false" width="narrow" editable="false"/><edge-set id="n10_2" pinch="false" width="narrow" editable="true"/><edge-set id="n10_3" pinch="false" width="narrow" editable="false"/><edge-set id="n10_4" pinch="false" width="narrow" editable="false"/><edge-set id="n10_5" pinch="false" width="narrow" editable="false"/><edge-set id="n10_6" pinch="false" width="narrow" editable="false"/><edge-set id="n10_7" pinch="false" width="narrow" editable="true"/><edge-set id="n10_8" pinch="false" width="narrow" editable="true"/><edge-set id="n10_9" pinch="false" width="narrow" editable="false"/><edge-set id="n11_0" pinch="false" width="narrow" editable="false"/><edge-set id="n11_1" pinch="false" width="narrow" editable="false"/><edge-set id="n11_2" pinch="false" width="narrow" editable="true"/><edge-set id="n11_3" pinch="false" width="narrow" editable="false"/><edge-set id="n11_4" pinch="false" width="narrow" editable="true"/><edge-set id="n11_5" pinch="false" width="narrow" editable="false"/><edge-set id="n11_6" pinch="false" width="narrow" editable="true"/><edge-set id="n11_7" pinch="false" width="narrow" editable="false"/><edge-set id="n11_8" pinch="false" width="narrow" editable="true"/><edge-set id="n11_9" pinch="false" width="narrow" editable="false"/><edge-set id="n11_10" pinch="false" width="narrow" editable="false"/><edge-set id="n11_11" pinch="false" width="narrow" editable="true"/><edge-set id="n11_12" pinch="false" width="narrow" editable="false"/><edge-set id="n11_13" pinch="false" width="narrow" editable="true"/><edge-set id="n11_14" pinch="false" width="narrow" editable="false"/><edge-set id="n11_15" pinch="false" width="narrow" editable="false"/><edge-set id="n11_16" pinch="false" width="narrow" editable="false"/><edge-set id="n11_17" pinch="false" width="narrow" editable="false"/><edge-set id="n11_18" pinch="false" width="narrow" editable="true"/><edge-set id="n12_0" pinch="false" width="narrow" editable="false"/><edge-set id="n12_1" pinch="false" width="narrow" editable="false"/><edge-set id="n12_2" pinch="false" width="narrow" editable="true"/><edge-set id="n12_3" pinch="false" width="narrow" editable="false"/><edge-set id="n12_4" pinch="false" width="narrow" editable="false"/><edge-set id="n12_5" pinch="false" width="narrow" editable="false"/><edge-set id="n12_6" pinch="false" width="narrow" editable="true"/><edge-set id="n12_7" pinch="false" width="narrow" editable="false"/><edge-set id="n12_8" pinch="false" width="narrow" editable="true"/><edge-set id="n12_9" pinch="false" width="narrow" editable="false"/><edge-set id="n12_10" pinch="false" width="narrow" editable="false"/><edge-set id="n12_11" pinch="false" width="narrow" editable="false"/><edge-set id="n12_12" pinch="false" width="narrow" editable="false"/><edge-set id="n12_13" pinch="false" width="narrow" editable="false"/><edge-set id="n12_14" pinch="false" width="narrow" editable="false"/><edge-set id="n12_15" pinch="false" width="narrow" editable="false"/><edge-set id="n12_16" pinch="false" width="narrow" editable="false"/><edge-set id="n13_0" pinch="false" width="narrow" editable="true"/><edge-set id="n13_1" pinch="false" width="narrow" editable="false"/><edge-set id="n13_2" pinch="false" width="narrow" editable="true"/><edge-set id="n13_3" pinch="false" width="narrow" editable="false"/><edge-set id="n13_4" pinch="false" width="narrow" editable="false"/><edge-set id="n13_5" pinch="false" width="narrow" editable="true"/><edge-set id="n13_6" pinch="false" width="narrow" editable="false"/><edge-set id="n13_7" pinch="false" width="narrow" editable="true"/><edge-set id="n13_8" pinch="false" width="narrow" editable="true"/><edge-set id="n13_9" pinch="false" width="narrow" editable="true"/><edge-set id="n13_10" pinch="false" width="narrow" editable="false"/><edge-set id="n13_11" pinch="false" width="narrow" editable="false"/><edge-set id="n13_12" pinch="false" width="narrow" editable="false"/><edge-set id="n13_13" pinch="false" width="narrow" editable="false"/><edge-set id="n13_14" pinch="false" width="narrow" editable="true"/><edge-set id="n13_15" pinch="false" width="narrow" editable="false"/><edge-set id="n13_16" pinch="false" width="narrow" editable="false"/><edge-set id="n13_17" pinch="false" width="narrow" editable="false"/><edge-set id="n13_18" pinch="false" width="narrow" editable="true"/><edge-set id="n14_0" pinch="false" width="narrow" editable="false"/><edge-set id="n14_1" pinch="false" width="narrow" editable="false"/><edge-set id="n14_2" pinch="false" width="narrow" editable="false"/><edge-set id="n14_3" pinch="false" width="narrow" editable="true"/><edge-set id="n14_4" pinch="false" width="narrow" editable="true"/><edge-set id="n14_5" pinch="false" width="narrow" editable="true"/><edge-set id="n14_6" pinch="false" width="narrow" editable="false"/><edge-set id="n14_7" pinch="false" width="narrow" editable="false"/><edge-set id="n14_8" pinch="false" width="narrow" editable="false"/><edge-set id="n14_9" pinch="false" width="narrow" editable="false"/><edge-set id="n14_10" pinch="false" width="narrow" editable="false"/><edge-set id="n14_11" pinch="false" width="narrow" editable="false"/><edge-set id="n14_12" pinch="false" width="narrow" editable="false"/><edge-set id="n14_13" pinch="false" width="narrow" editable="false"/><edge-set id="n14_14" pinch="false" width="narrow" editable="false"/><edge-set id="n15_0" pinch="false" width="narrow" editable="true"/><edge-set id="n15_1" pinch="false" width="narrow" editable="true"/><edge-set id="n15_2" pinch="false" width="narrow" editable="true"/><edge-set id="n15_3" pinch="false" width="narrow" editable="true"/><edge-set id="n15_4" pinch="false" width="narrow" editable="false"/><edge-set id="n15_5" pinch="false" width="narrow" editable="false"/><edge-set id="n15_6" pinch="false" width="narrow" editable="false"/><edge-set id="n15_7" pinch="false" width="narrow" editable="true"/><edge-set id="n15_8" pinch="false" width="narrow" editable="false"/><edge-set id="n15_9" pinch="false" width="narrow" editable="false"/><edge-set id="n15_10" pinch="false" width="narrow" editable="false"/><edge-set id="n15_11" pinch="false" width="narrow" editable="true"/><edge-set id="n15_12" pinch="false" width="narrow" editable="false"/><edge-set id="n15_13" pinch="false" width="narrow" editable="false"/><edge-set id="n15_14" pinch="false" width="narrow" editable="true"/><edge-set id="n15_15" pinch="false" width="narrow" editable="false"/><edge-set id="n15_16" pinch="false" width="narrow" editable="true"/><edge-set id="n15_17" pinch="false" width="narrow" editable="true"/><edge-set id="n16_0" pinch="false" width="narrow" editable="true"/><edge-set id="n16_1" pinch="false" width="narrow" editable="false"/><edge-set id="n16_2" pinch="false" width="narrow" editable="false"/><edge-set id="n16_3" pinch="false" width="narrow" editable="true"/><edge-set id="n16_4" pinch="false" width="narrow" editable="false"/><edge-set id="n16_5" pinch="false" width="narrow" editable="true"/><edge-set id="n16_6" pinch="false" width="narrow" editable="true"/><edge-set id="n16_7" pinch="false" width="narrow" editable="false"/><edge-set id="n16_8" pinch="false" width="narrow" editable="false"/><edge-set id="n16_9" pinch="false" width="narrow" editable="false"/><edge-set id="n16_10" pinch="false" width="narrow" editable="true"/><edge-set id="n16_11" pinch="false" width="narrow" editable="false"/><edge-set id="n16_12" pinch="false" width="narrow" editable="false"/><edge-set id="n16_13" pinch="false" width="narrow" editable="false"/><edge-set id="n16_14" pinch="false" width="narrow" editable="false"/><edge-set id="n17_0" pinch="false" width="narrow" editable="false"/><edge-set id="n17_1" pinch="false" width="narrow" editable="false"/><edge-set id="n17_2" pinch="false" width="narrow" editable="true"/><edge-set id="n17_3" pinch="false" width="narrow" editable="false"/><edge-set id="n17_4" pinch="false" width="narrow" editable="true"/><edge-set id="n17_5" pinch="false" width="narrow" editable="true"/><edge-set id="n17_6" pinch="false" width="narrow" editable="true"/><edge-set id="n17_7" pinch="false" width="narrow" editable="false"/><edge-set id="n17_8" pinch="false" width="narrow" editable="true"/><edge-set id="n17_9" pinch="false" width="narrow" editable="false"/><edge-set id="n17_10" pinch="false" width="narrow" editable="true"/><edge-set id="n17_11" pinch="false" width="narrow" editable="false"/><edge-set id="n17_12" pinch="false" width="narrow" editable="true"/><edge-set id="n17_13" pinch="false" width="narrow" editable="false"/><edge-set id="n17_14" pinch="false" width="narrow" editable="true"/><edge-set id="n17_15" pinch="false" width="narrow" editable="false"/><edge-set id="n18_0" pinch="false" width="narrow" editable="false"/><edge-set id="n18_1" pinch="false" width="narrow" editable="false"/><edge-set id="n18_2" pinch="false" width="narrow" editable="false"/><edge-set id="n18_3" pinch="false" width="narrow" editable="false"/><edge-set id="n18_4" pinch="false" width="narrow" editable="false"/><edge-set id="n18_5" pinch="false" width="narrow" editable="false"/><edge-set id="n18_6" pinch="false" width="narrow" editable="false"/><edge-set id="n18_7" pinch="false" width="narrow" editable="true"/><edge-set id="n19_0" pinch="false" width="narrow" editable="false"/><edge-set id="n19_1" pinch="false" width="narrow" editable="false"/><edge-set id="n19_2" pinch="false" width="narrow" editable="true"/><edge-set id="n19_3" pinch="false" width="narrow" editable="false"/><edge-set id="n19_4" pinch="false" width="narrow" editable="false"/><edge-set id="n19_5" pinch="false" width="narrow" editable="false"/><edge-set id="n19_6" pinch="false" width="narrow" editable="false"/><edge-set id="n19_7" pinch="false" width="narrow" editable="false"/><edge-set id="n19_8" pinch="false" width="narrow" editable="false"/><edge-set id="n19_9" pinch="false" width="narrow" editable="false"/><edge-set id="n19_10" pinch="false" width="narrow" editable="false"/><edge-set id="n19_11" pinch="false" width="narrow" editable="false"/><edge-set id="n19_12" pinch="false" width="narrow" editable="false"/><edge-set id="n19_13" pinch="false" width="narrow" editable="false"/><edge-set id="n19_14" pinch="false" width="narrow" editable="false"/><edge-set id="n19_15" pinch="false" width="narrow" editable="false"/><edge-set id="n19_16" pinch="false" width="narrow" editable="true"/><edge-set id="n19_17" pinch="false" width="narrow" editable="false"/><edge-set id="n19_18" pinch="false" width="narrow" editable="true"/><edge-set id="n19_19" pinch="false" width="narrow" editable="false"/><edge-set id="n19_20" pinch="false" width="narrow" editable="true"/><edge-set id="n19_21" pinch="false" width="narrow" editable="false"/><edge-set id="n19_22" pinch="false" width="narrow" editable="false"/><edge-set id="n20_0" pinch="false" width="narrow" editable="false"/><edge-set id="n20_1" pinch="false" width="narrow" editable="false"/><edge-set id="n20_2" pinch="false" width="narrow" editable="false"/><edge-set id="n20_3" pinch="false" width="narrow" editable="true"/><edge-set id="n20_4" pinch="false" width="narrow" editable="false"/><edge-set id="n20_5" pinch="false" width="narrow" editable="false"/><edge-set id="n20_6" pinch="false" width="narrow" editable="false"/><edge-set id="n20_7" pinch="false" width="narrow" editable="false"/><edge-set id="n20_8" pinch="false" width="narrow" editable="true"/><edge-set id="n20_9" pinch="false" width="narrow" editable="true"/><edge-set id="n20_10" pinch="false" width="narrow" editable="true"/><edge-set id="n20_11" pinch="false" width="narrow" editable="false"/><edge-set id="n20_12" pinch="false" width="narrow" editable="false"/><edge-set id="n20_13" pinch="false" width="narrow" editable="true"/><edge-set id="n20_14" pinch="false" width="narrow" editable="false"/><edge-set id="n21_0" pinch="false" width="narrow" editable="true"/><edge-set id="n21_1" pinch="false" width="narrow" editable="false"/><edge-set id="n21_2" pinch="false" width="narrow" editable="true"/><edge-set id="n21_3" pinch="false" width="narrow" editable="false"/><edge-set id="n21_4" pinch="false" width="narrow" editable="false"/><edge-set id="n21_5" pinch="false" width="narrow" editable="false"/><edge-set id="n21_6" pinch="false" width="narrow" editable="false"/><edge-set id="n21_7" pinch="false" width="narrow" editable="false"/><edge-set id="n21_8" pinch="false" width="narrow" editable="false"/><edge-set id="n21_9" pinch="false" width="narrow" editable="false"/><edge-set id="n21_10" pinch="false" width="narrow" editable="false"/><edge-set id="n21_11" pinch="false" width="narrow" editable="true"/><edge-set id="n21_12" pinch="false" width="narrow" editable="true"/><edge-set id="n21_13" pinch="false" width="narrow" editable="false"/><edge-set id="n21_14" pinch="false" width="narrow" editable="false"/><edge-set id="n21_15" pinch="false" width="narrow" editable="false"/><edge-set id="n21_16" pinch="false" width="narrow" editable="false"/><edge-set id="n21_17" pinch="false" width="narrow" editable="true"/><edge-set id="n22_0" pinch="false" width="narrow" editable="false"/><edge-set id="n22_1" pinch="false" width="narrow" editable="false"/><edge-set id="n22_2" pinch="false" width="narrow" editable="false"/><edge-set id="n22_3" pinch="false" width="narrow" editable="false"/><edge-set id="n22_4" pinch="false" width="narrow" editable="false"/><edge-set id="n22_5" pinch="false" width="narrow" editable="false"/><edge-set id="n22_6" pinch="false" width="narrow" editable="true"/><edge-set id="n22_7" pinch="false" width="narrow" editable="false"/><edge-set id="n22_8" pinch="false" width="narrow" editable="false"/><edge-set id="n22_9" pinch="false" width="narrow" editable="true"/><edge-set id="n22_10" pinch="false" width="narrow" editable="false"/><edge-set id="n22_11" pinch="false" width="narrow" editable="false"/><edge-set id="n22_12" pinch="false" width="narrow" editable="false"/><edge-set id="n22_13" pinch="false" width="narrow" editable="false"/><edge-set id="n22_14" pinch="false" width="narrow" editable="false"/><edge-set id="n22_15" pinch="false" width="narrow" editable="true"/><edge-set id="n22_16" pinch="false" width="narrow" editable="false"/><edge-set id="n22_17" pinch="false" width="narrow" editable="false"/><edge-set id="n22_18" pinch="false" width="narrow" editable="false"/><edge-set id="n22_19" pinch="false" width="narrow" editable="false"/><edge-set id="n22_20" pinch="false" width="narrow" editable="false"/><edge-set id="n22_21" pinch="false" width="narrow" editable="false"/><edge-set id="n22_22" pinch="false" width="narrow" editable="false"/><edge-set id="n22_23" pinch="false" width="narrow" editable="false"/><edge-set id="n22_24" pinch="false" width="narrow" editable="false"/><edge-set id="n23_0" pinch="false" width="narrow" editable="true"/><edge-set id="n23_1" pinch="false" width="narrow" editable="false"/><edge-set id="n23_2" pinch="false" width="narrow" editable="false"/><edge-set id="n23_3" pinch="false" width="narrow" editable="false"/><edge-set id="n23_4" pinch="false" width="narrow" editable="false"/><edge-set id="n23_5" pinch="false" width="narrow" editable="false"/><edge-set id="n23_6" pinch="false" width="narrow" editable="false"/><edge-set id="n23_7" pinch="false" width="narrow" editable="false"/><edge-set id="n23_8" pinch="false" width="narrow" editable="true"/><edge-set id="n23_9" pinch="false" width="narrow" editable="false"/><edge-set id="n23_10" pinch="false" width="narrow" editable="false"/><edge-set id="n23_11" pinch="false" width="narrow" editable="true"/><edge-set id="n23_12" pinch="false" width="narrow" editable="false"/><edge-set id="n24_0" pinch="false" width="narrow" editable="false"/><edge-set id="n24_1" pinch="false" width="narrow" editable="false"/><edge-set id="n24_2" pinch="false" width="narrow" editable="false"/><edge-set id="n24_3" pinch="false" width="narrow" editable="false"/><edge-set id="n24_4" pinch="false" width="narrow" editable="false"/><edge-set id="n24_5" pinch="false" width="narrow" editable="false"/><edge-set id="n24_6" pinch="false" width="narrow" editable="false"/><edge-set id="n24_7" pinch="false" width="narrow" editable="false"/><edge-set id="n24_8" pinch="false" width="narrow" editable="false"/><edge-set id="n24_9" pinch="false" width="narrow" editable="false"/><edge-set id="n24_10" pinch="false" width="narrow" editable="false"/><edge-set id="n24_11" pinch="false" width="narrow" editable="false"/><edge-set id="n24_12" pinch="false" width="narrow" editable="true"/><edge-set id="n24_13" pinch="false" width="narrow" editable="true"/><edge-set id="n24_14" pinch="false" width="narrow" editable="false"/><edge-set id="n24_15" pinch="false" width="narrow" editable="false"/><edge-set id="n24_16" pinch="false" width="narrow" editable="false"/><edge-set id="n24_17" pinch="false" width="narrow" editable="false"/><edge-set id="n24_18" pinch="false" width="narrow" editable="false"/></level></graph>