<graph id="world">
  <level id="net_sf_picard_analysis_directed_InsertSizeCollectorArgs">
    <box id="net_sf_picard_analysis_directed_InsertSizeCollectorArgs0" width="narrow" editable="true"/>
    <box id="net_sf_picard_analysis_directed_InsertSizeCollectorArgs1" width="narrow" editable="true"/>
    <box id="net_sf_picard_analysis_directed_InsertSizeCollectorArgs2" width="narrow" editable="true"/>
    <box id="net_sf_picard_analysis_directed_InsertSizeCollectorArgs3" width="narrow" editable="true"/>
    <box id="net_sf_picard_analysis_directed_InsertSizeCollectorArgs5" width="narrow" editable="true"/>
    <box id="net_sf_picard_analysis_directed_InsertSizeCollectorArgs6" width="narrow" editable="true"/>
    <box id="net_sf_picard_analysis_directed_InsertSizeCollectorArgs8" width="narrow" editable="true"/>
    <box id="net_sf_picard_analysis_directed_InsertSizeCollectorArgs11" width="narrow" editable="true"/>
    <box id="net_sf_picard_analysis_directed_InsertSizeCollectorArgs14" width="wide" editable="false"/>
    <box id="net_sf_picard_analysis_directed_InsertSizeCollectorArgs15" width="narrow" editable="true"/>
    <box id="net_sf_picard_analysis_directed_InsertSizeCollectorArgs17" width="narrow" editable="true"/>
    <box id="net_sf_picard_analysis_directed_InsertSizeCollectorArgs18" width="narrow" editable="true"/>
    <box id="net_sf_picard_analysis_directed_InsertSizeCollectorArgs25" width="wide" editable="false"/>
    <box id="net_sf_picard_analysis_directed_InsertSizeCollectorArgs26" width="narrow" editable="true"/>
    <box id="net_sf_picard_analysis_directed_InsertSizeCollectorArgs29" width="wide" editable="false"/>
    <box id="net_sf_picard_analysis_directed_InsertSizeCollectorArgs30" width="narrow" editable="true"/>
    <box id="net_sf_picard_analysis_directed_InsertSizeCollectorArgs32" width="narrow" editable="true"/>
    <box id="net_sf_picard_analysis_directed_InsertSizeCollectorArgs33" width="narrow" editable="true"/>
    <box id="net_sf_picard_analysis_directed_InsertSizeCollectorArgs35" width="narrow" editable="true"/>
    <box id="net_sf_picard_analysis_directed_InsertSizeCollectorArgs36" width="narrow" editable="true"/>
    <box id="net_sf_picard_analysis_directed_InsertSizeCollectorArgs37" width="wide" editable="false"/>
  </level>
</graph>