<?xml version="1.0" ?>
<graph id="world">
  <level id="Vulture">
    <box id="EXT__Server-threadgroup--GET__XOUT__1" width="narrow" editable="false"/>
    <box id="EXT__Server-connections--GET__XIN__0" width="wide" editable="false"/>
    <box id="Vulture80" width="narrow" editable="false"/>
    <box id="EXT__Server-threadgroup--GET__XOUT__0" width="narrow" editable="false"/>
    <box id="Vulture86" width="narrow" editable="false"/>
    <box id="Vulture87" width="narrow" editable="false"/>
    <box id="Vulture64" width="narrow" editable="false"/>
    <box id="Vulture89" width="narrow" editable="false"/>
    <box id="Vulture63" width="narrow" editable="false"/>
    <box id="Vulture22" width="narrow" editable="false"/>
    <box id="Vulture23" width="narrow" editable="false"/>
    <box id="Vulture42" width="narrow" editable="false"/>
    <box id="Vulture43" width="narrow" editable="false"/>
    <box id="Vulture29" width="narrow" editable="false"/>
    <box id="EXT__Server-connection_list--GET__XIN__0" width="wide" editable="false"/>
    <box id="EXT__Server-connection_list--GET__XOUT__1" width="narrow" editable="false"/>
    <box id="EXT__Server-connection_list--GET__XOUT__0" width="narrow" editable="false"/>
    <box id="EXT__Server-threadgroup--GET__XIN__0" width="wide" editable="false"/>
    <box id="Vulture54" width="narrow" editable="false"/>
    <box id="Vulture79" width="narrow" editable="false"/>
    <box id="Vulture92" width="narrow" editable="false"/>
    <box id="Vulture96" width="narrow" editable="false"/>
    <box id="EXT__Server-connections--GET__XOUT__1" width="narrow" editable="false"/>
    <box id="EXT__Server-connections--GET__XOUT__0" width="narrow" editable="false"/>
    <box id="Vulture18" width="narrow" editable="false"/>
    <box id="Vulture53" width="narrow" editable="false"/>
    <box id="Vulture11" width="narrow" editable="false"/>
    <box id="Vulture12" width="narrow" editable="false"/>
    <box id="Vulture15" width="narrow" editable="false"/>
    <box id="Vulture14" width="narrow" editable="false"/>
    <box id="Vulture17" width="narrow" editable="false"/>
    <box id="Vulture30" width="narrow" editable="false"/>
    <box id="Vulture8" width="narrow" editable="false"/>
    <box id="Vulture1" width="narrow" editable="true"/>
    <box id="Vulture0" width="narrow" editable="true"/>
    <box id="Vulture3" width="narrow" editable="true"/>
    <box id="Vulture2" width="narrow" editable="true"/>
    <box id="Vulture5" width="narrow" editable="true"/>
    <box id="Vulture4" width="narrow" editable="true"/>
    <box id="Vulture7" width="narrow" editable="true"/>
    <box id="Vulture6" width="narrow" editable="true"/>
  </level>
</graph>