<?xml version="1.0" encoding="UTF-8" standalone="no"?><world><level name="net_sf_picard_analysis_directed_HsMetrics">
  <linked-edges>
   <edge-set id="net_sf_picard_analysis_directed_HsMetrics0">
    <edgeref id="e5081"/>
    <edgeref id="e56834"/>
    <edgeref id="e5083"/>
    <edgeref id="e5085"/>
   </edge-set>
   <edge-set id="net_sf_picard_analysis_directed_HsMetrics1">
    <edgeref id="e9062"/>
    <edgeref id="e59085"/>
    <edgeref id="e9064"/>
    <edgeref id="e9066"/>
   </edge-set>
   <edge-set id="net_sf_picard_analysis_directed_HsMetrics2">
    <edgeref id="e5080"/>
   </edge-set>
   <edge-set id="net_sf_picard_analysis_directed_HsMetrics7">
    <edgeref id="e66889"/>
   </edge-set>
   <edge-set id="net_sf_picard_analysis_directed_HsMetrics8">
    <edgeref id="e5082"/>
   </edge-set>
   <edge-set id="net_sf_picard_analysis_directed_HsMetrics10">
    <edgeref id="e66890"/>
   </edge-set>
   <edge-set id="net_sf_picard_analysis_directed_HsMetrics11">
    <edgeref id="e5084"/>
   </edge-set>
   <edge-set id="net_sf_picard_analysis_directed_HsMetrics13">
    <edgeref id="e66891"/>
   </edge-set>
   <edge-set id="net_sf_picard_analysis_directed_HsMetrics14">
    <edgeref id="e9063"/>
   </edge-set>
   <edge-set id="net_sf_picard_analysis_directed_HsMetrics16">
    <edgeref id="e67910"/>
   </edge-set>
   <edge-set id="net_sf_picard_analysis_directed_HsMetrics17">
    <edgeref id="e9065"/>
   </edge-set>
   <edge-set id="net_sf_picard_analysis_directed_HsMetrics19">
    <edgeref id="e67911"/>
   </edge-set>
   <edge-set id="net_sf_picard_analysis_directed_HsMetrics20">
    <edgeref id="e34601"/>
   </edge-set>
   <edge-set id="net_sf_picard_analysis_directed_HsMetrics21">
    <edgeref id="e34602"/>
   </edge-set>
   <edge-set id="net_sf_picard_analysis_directed_HsMetrics22">
    <edgeref id="e34603"/>
   </edge-set>
   <edge-set id="net_sf_picard_analysis_directed_HsMetrics23">
    <edgeref id="e34604"/>
   </edge-set>
   <edge-set id="net_sf_picard_analysis_directed_HsMetrics24">
    <edgeref id="e34605"/>
   </edge-set>
   <edge-set id="net_sf_picard_analysis_directed_HsMetrics25">
    <edgeref id="e68997"/>
   </edge-set>
  </linked-edges>
  <boards>
   <board name="net_sf_picard_analysis_directed_HsMetrics">
    <node id="n10366" kind="INCOMING">
     <input/>
     <output>
      <port edge="e5080" num="inReceiver"/>
      <port edge="e5081" num="output_1"/>
      <port edge="e9062" num="output_2"/>
     </output>
     <layout>
      <x>0_23611</x>
      <y>0_0000000000</y>
     </layout>
    </node>
    <node id="n10367" kind="OUTGOING">
     <input>
      <port edge="e66889" num="outReceiver"/>
     </input>
     <output/>
     <layout>
      <x>0_0000000000</x>
      <y>7_68000</y>
     </layout>
    </node>
    <node id="n10368" kind="CONNECT">
     <input>
      <port edge="e5080" num="input"/>
     </input>
     <output>
      <port edge="e66889" num="output"/>
     </output>
     <layout>
      <x>0_05556</x>
      <y>3_43951</y>
     </layout>
    </node>
    <node id="n10369" kind="CONNECT">
     <input>
      <port edge="e5081" num="input"/>
     </input>
     <output>
      <port edge="e56834" num="output"/>
     </output>
     <layout>
      <x>1_23611</x>
      <y>1_31926</y>
     </layout>
    </node>
    <node id="n17816" kind="CONNECT">
     <input>
      <port edge="e9062" num="input"/>
     </input>
     <output>
      <port edge="e59085" num="output"/>
     </output>
     <layout>
      <x>2_48611</x>
      <y>1_31926</y>
     </layout>
    </node>
    <node id="n66094" kind="END">
     <input>
      <port edge="e56834" num="input"/>
     </input>
     <output/>
     <layout>
      <x>1_23611</x>
      <y>5_55975</y>
     </layout>
    </node>
    <node id="n68116" kind="END">
     <input>
      <port edge="e59085" num="input"/>
     </input>
     <output/>
     <layout>
      <x>2_48611</x>
      <y>5_55975</y>
     </layout>
    </node>
    <edge buzzsaw="false" description="this" editable="true" id="e5080" pinch="false" variableID="-1" width="narrow">
     <from>
      <noderef id="n10366" port="inReceiver"/>
     </from>
     <to>
      <noderef id="n10368" port="input"/>
     </to>
     <edge-layout>
      <point>
       <x>0_73611</x>
       <y>0_0000000000</y>
      </point>
      <point>
       <x>0_73611</x>
       <y>1_55386</y>
      </point>
      <point>
       <x>0_55556</x>
       <y>3_43951</y>
      </point>
      <point>
       <x>0_55556</x>
       <y>3_43951</y>
      </point>
     </edge-layout>
    </edge>
    <edge buzzsaw="false" description="Variable 5516 at class net_sf_picard_analysis_directed_HsMetrics field HS_LIBRARY_SIZE; tree Long" editable="true" id="e5081" pinch="false" variableID="5516" width="narrow">
     <from>
      <noderef id="n10366" port="output_1"/>
     </from>
     <to>
      <noderef id="n10369" port="input"/>
     </to>
     <edge-layout>
      <point>
       <x>1_73611</x>
       <y>0_0000000000</y>
      </point>
      <point>
       <x>1_73611</x>
       <y>0_60251</y>
      </point>
      <point>
       <x>1_73611</x>
       <y>1_31926</y>
      </point>
      <point>
       <x>1_73611</x>
       <y>1_31926</y>
      </point>
     </edge-layout>
    </edge>
    <edge buzzsaw="false" description="Variable 5563 at class net_sf_picard_analysis_directed_HsMetrics field BAIT_SET; tree String" editable="true" id="e9062" pinch="false" variableID="5563" width="narrow">
     <from>
      <noderef id="n10366" port="output_2"/>
     </from>
     <to>
      <noderef id="n17816" port="input"/>
     </to>
     <edge-layout>
      <point>
       <x>2_73611</x>
       <y>0_0000000000</y>
      </point>
      <point>
       <x>2_73611</x>
       <y>0_61411</y>
      </point>
      <point>
       <x>2_98611</x>
       <y>1_31926</y>
      </point>
      <point>
       <x>2_98611</x>
       <y>1_31926</y>
      </point>
     </edge-layout>
    </edge>
    <edge buzzsaw="false" description="Variable 5516 at class net_sf_picard_analysis_directed_HsMetrics field HS_LIBRARY_SIZE; tree Long" editable="true" id="e56834" pinch="false" variableID="5516" width="narrow">
     <from>
      <noderef id="n10369" port="output"/>
     </from>
     <to>
      <noderef id="n66094" port="input"/>
     </to>
     <edge-layout>
      <point>
       <x>1_73611</x>
       <y>1_31926</y>
      </point>
      <point>
       <x>1_73611</x>
       <y>1_31926</y>
      </point>
      <point>
       <x>1_73611</x>
       <y>5_55975</y>
      </point>
      <point>
       <x>1_73611</x>
       <y>5_55975</y>
      </point>
     </edge-layout>
    </edge>
    <edge buzzsaw="false" description="Variable 5563 at class net_sf_picard_analysis_directed_HsMetrics field BAIT_SET; tree String" editable="true" id="e59085" pinch="false" variableID="5563" width="narrow">
     <from>
      <noderef id="n17816" port="output"/>
     </from>
     <to>
      <noderef id="n68116" port="input"/>
     </to>
     <edge-layout>
      <point>
       <x>2_98611</x>
       <y>1_31926</y>
      </point>
      <point>
       <x>2_98611</x>
       <y>1_31926</y>
      </point>
      <point>
       <x>2_98611</x>
       <y>5_55975</y>
      </point>
      <point>
       <x>2_98611</x>
       <y>5_55975</y>
      </point>
     </edge-layout>
    </edge>
    <edge buzzsaw="false" description="this" editable="false" id="e66889" pinch="false" variableID="-1" width="wide">
     <from>
      <noderef id="n10368" port="output"/>
     </from>
     <to>
      <noderef id="n10367" port="outReceiver"/>
     </to>
     <edge-layout>
      <point>
       <x>0_55556</x>
       <y>3_43951</y>
      </point>
      <point>
       <x>0_55556</x>
       <y>3_43951</y>
      </point>
      <point>
       <x>0_50000</x>
       <y>5_79461</y>
      </point>
      <point>
       <x>0_50000</x>
       <y>7_68000</y>
      </point>
     </edge-layout>
    </edge>
   </board>
   <board name="net_sf_picard_analysis_directed_HsMetrics-HS_LIBRARY_SIZE--GET">
    <node id="n10370" kind="INCOMING">
     <input/>
     <output>
      <port edge="e5082" num="inReceiver"/>
     </output>
     <layout>
      <x>0_0000000000</x>
      <y>0_0000000000</y>
     </layout>
    </node>
    <node id="n10371" kind="OUTGOING">
     <input>
      <port edge="e66890" num="outReceiver"/>
      <port edge="e5083" num="outputReturn1"/>
     </input>
     <output/>
     <layout>
      <x>0_01389</x>
      <y>7_68000</y>
     </layout>
    </node>
    <node id="n10372" kind="CONNECT">
     <input>
      <port edge="e5082" num="input"/>
     </input>
     <output>
      <port edge="e66890" num="output"/>
     </output>
     <layout>
      <x>0_0000000000</x>
      <y>3_57966</y>
     </layout>
    </node>
    <node id="n10373" kind="START_PIPE_DEPENDENT_BALL">
     <input/>
     <output>
      <port edge="e5083" num="output"/>
     </output>
     <layout>
      <x>1_00000</x>
      <y>0_65085</y>
     </layout>
    </node>
    <edge buzzsaw="false" description="this" editable="true" id="e5082" pinch="false" variableID="-1" width="narrow">
     <from>
      <noderef id="n10370" port="inReceiver"/>
     </from>
     <to>
      <noderef id="n10372" port="input"/>
     </to>
     <edge-layout>
      <point>
       <x>0_50000</x>
       <y>0_0000000000</y>
      </point>
      <point>
       <x>0_50000</x>
       <y>0_24712</y>
      </point>
      <point>
       <x>0_48917</x>
       <y>0_29600</y>
      </point>
      <point>
       <x>0_48611</x>
       <y>0_49375</y>
      </point>
      <point>
       <x>0_47375</x>
       <y>1_28349</y>
      </point>
      <point>
       <x>0_48194</x>
       <y>1_48124</y>
      </point>
      <point>
       <x>0_48611</x>
       <y>2_27123</y>
      </point>
      <point>
       <x>0_48917</x>
       <y>2_85287</y>
      </point>
      <point>
       <x>0_50000</x>
       <y>3_57966</y>
      </point>
      <point>
       <x>0_50000</x>
       <y>3_57966</y>
      </point>
     </edge-layout>
    </edge>
    <edge buzzsaw="false" description="Variable 5516 at class net_sf_picard_analysis_directed_HsMetrics field HS_LIBRARY_SIZE; tree Long" editable="true" id="e5083" pinch="false" variableID="5516" width="narrow">
     <from>
      <noderef id="n10373" port="output"/>
     </from>
     <to>
      <noderef id="n10371" port="outputReturn1"/>
     </to>
     <edge-layout>
      <point>
       <x>1_50000</x>
       <y>0_65085</y>
      </point>
      <point>
       <x>1_50000</x>
       <y>0_65085</y>
      </point>
      <point>
       <x>1_50000</x>
       <y>4_55576</y>
      </point>
      <point>
       <x>1_50000</x>
       <y>7_68000</y>
      </point>
     </edge-layout>
    </edge>
    <edge buzzsaw="false" description="this" editable="false" id="e66890" pinch="false" variableID="-1" width="narrow">
     <from>
      <noderef id="n10372" port="output"/>
     </from>
     <to>
      <noderef id="n10371" port="outReceiver"/>
     </to>
     <edge-layout>
      <point>
       <x>0_50000</x>
       <y>3_57966</y>
      </point>
      <point>
       <x>0_50000</x>
       <y>3_57966</y>
      </point>
      <point>
       <x>0_51389</x>
       <y>5_85742</y>
      </point>
      <point>
       <x>0_51389</x>
       <y>7_68000</y>
      </point>
     </edge-layout>
    </edge>
   </board>
   <board name="net_sf_picard_analysis_directed_HsMetrics-HS_LIBRARY_SIZE--SET">
    <node id="n10374" kind="INCOMING">
     <input/>
     <output>
      <port edge="e5084" num="inReceiver"/>
      <port edge="e5085" num="output_1"/>
     </output>
     <layout>
      <x>0_04167</x>
      <y>0_0000000000</y>
     </layout>
    </node>
    <node id="n10375" kind="OUTGOING">
     <input>
      <port edge="e66891" num="outReceiver"/>
     </input>
     <output/>
     <layout>
      <x>0_0000000000</x>
      <y>7_68000</y>
     </layout>
    </node>
    <node id="n10376" kind="CONNECT">
     <input>
      <port edge="e5084" num="input"/>
     </input>
     <output>
      <port edge="e66891" num="output"/>
     </output>
     <layout>
      <x>0_01389</x>
      <y>1_82237</y>
     </layout>
    </node>
    <node id="n10377" kind="END">
     <input>
      <port edge="e5085" num="input"/>
     </input>
     <output/>
     <layout>
      <x>1_05556</x>
      <y>4_75119</y>
     </layout>
    </node>
    <edge buzzsaw="false" description="this" editable="true" id="e5084" pinch="false" variableID="-1" width="narrow">
     <from>
      <noderef id="n10374" port="inReceiver"/>
     </from>
     <to>
      <noderef id="n10376" port="input"/>
     </to>
     <edge-layout>
      <point>
       <x>0_54167</x>
       <y>0_0000000000</y>
      </point>
      <point>
       <x>0_54167</x>
       <y>0_83248</y>
      </point>
      <point>
       <x>0_51389</x>
       <y>1_82237</y>
      </point>
      <point>
       <x>0_51389</x>
       <y>1_82237</y>
      </point>
     </edge-layout>
    </edge>
    <edge buzzsaw="false" description="Variable 5516 at class net_sf_picard_analysis_directed_HsMetrics field HS_LIBRARY_SIZE; tree Long" editable="true" id="e5085" pinch="false" variableID="5516" width="narrow">
     <from>
      <noderef id="n10374" port="output_1"/>
     </from>
     <to>
      <noderef id="n10377" port="input"/>
     </to>
     <edge-layout>
      <point>
       <x>1_52778</x>
       <y>0_0000000000</y>
      </point>
      <point>
       <x>1_52778</x>
       <y>2_14092</y>
      </point>
      <point>
       <x>1_55556</x>
       <y>4_75119</y>
      </point>
      <point>
       <x>1_55556</x>
       <y>4_75119</y>
      </point>
     </edge-layout>
    </edge>
    <edge buzzsaw="false" description="this" editable="false" id="e66891" pinch="false" variableID="-1" width="wide">
     <from>
      <noderef id="n10376" port="output"/>
     </from>
     <to>
      <noderef id="n10375" port="outReceiver"/>
     </to>
     <edge-layout>
      <point>
       <x>0_51389</x>
       <y>1_82237</y>
      </point>
      <point>
       <x>0_51389</x>
       <y>1_82237</y>
      </point>
      <point>
       <x>0_45986</x>
       <y>3_02544</y>
      </point>
      <point>
       <x>0_44444</x>
       <y>3_99338</y>
      </point>
      <point>
       <x>0_42361</x>
       <y>5_30254</y>
      </point>
      <point>
       <x>0_39597</x>
       <y>5_63966</y>
      </point>
      <point>
       <x>0_44444</x>
       <y>6_94268</y>
      </point>
      <point>
       <x>0_45681</x>
       <y>7_27652</y>
      </point>
      <point>
       <x>0_50000</x>
       <y>7_34411</y>
      </point>
      <point>
       <x>0_50000</x>
       <y>7_68000</y>
      </point>
     </edge-layout>
    </edge>
   </board>
   <board name="net_sf_picard_analysis_directed_HsMetrics-BAIT_SET--GET">
    <node id="n17817" kind="INCOMING">
     <input/>
     <output>
      <port edge="e9063" num="inReceiver"/>
     </output>
     <layout>
      <x>0_0000000000</x>
      <y>0_0000000000</y>
     </layout>
    </node>
    <node id="n17818" kind="OUTGOING">
     <input>
      <port edge="e67910" num="outReceiver"/>
      <port edge="e9064" num="outputReturn1"/>
     </input>
     <output/>
     <layout>
      <x>0_01389</x>
      <y>7_68000</y>
     </layout>
    </node>
    <node id="n17819" kind="CONNECT">
     <input>
      <port edge="e9063" num="input"/>
     </input>
     <output>
      <port edge="e67910" num="output"/>
     </output>
     <layout>
      <x>0_0000000000</x>
      <y>3_57966</y>
     </layout>
    </node>
    <node id="n17820" kind="START_PIPE_DEPENDENT_BALL">
     <input/>
     <output>
      <port edge="e9064" num="output"/>
     </output>
     <layout>
      <x>1_00000</x>
      <y>0_65085</y>
     </layout>
    </node>
    <edge buzzsaw="false" description="this" editable="true" id="e9063" pinch="false" variableID="-1" width="narrow">
     <from>
      <noderef id="n17817" port="inReceiver"/>
     </from>
     <to>
      <noderef id="n17819" port="input"/>
     </to>
     <edge-layout>
      <point>
       <x>0_50000</x>
       <y>0_0000000000</y>
      </point>
      <point>
       <x>0_50000</x>
       <y>0_24712</y>
      </point>
      <point>
       <x>0_48917</x>
       <y>0_29600</y>
      </point>
      <point>
       <x>0_48611</x>
       <y>0_49375</y>
      </point>
      <point>
       <x>0_47375</x>
       <y>1_28349</y>
      </point>
      <point>
       <x>0_48194</x>
       <y>1_48124</y>
      </point>
      <point>
       <x>0_48611</x>
       <y>2_27123</y>
      </point>
      <point>
       <x>0_48917</x>
       <y>2_85287</y>
      </point>
      <point>
       <x>0_50000</x>
       <y>3_57966</y>
      </point>
      <point>
       <x>0_50000</x>
       <y>3_57966</y>
      </point>
     </edge-layout>
    </edge>
    <edge buzzsaw="false" description="Variable 5563 at class net_sf_picard_analysis_directed_HsMetrics field BAIT_SET; tree String" editable="true" id="e9064" pinch="false" variableID="5563" width="narrow">
     <from>
      <noderef id="n17820" port="output"/>
     </from>
     <to>
      <noderef id="n17818" port="outputReturn1"/>
     </to>
     <edge-layout>
      <point>
       <x>1_50000</x>
       <y>0_65085</y>
      </point>
      <point>
       <x>1_50000</x>
       <y>0_65085</y>
      </point>
      <point>
       <x>1_50000</x>
       <y>4_55576</y>
      </point>
      <point>
       <x>1_50000</x>
       <y>7_68000</y>
      </point>
     </edge-layout>
    </edge>
    <edge buzzsaw="false" description="this" editable="false" id="e67910" pinch="false" variableID="-1" width="wide">
     <from>
      <noderef id="n17819" port="output"/>
     </from>
     <to>
      <noderef id="n17818" port="outReceiver"/>
     </to>
     <edge-layout>
      <point>
       <x>0_50000</x>
       <y>3_57966</y>
      </point>
      <point>
       <x>0_50000</x>
       <y>3_57966</y>
      </point>
      <point>
       <x>0_51389</x>
       <y>5_85742</y>
      </point>
      <point>
       <x>0_51389</x>
       <y>7_68000</y>
      </point>
     </edge-layout>
    </edge>
   </board>
   <board name="net_sf_picard_analysis_directed_HsMetrics-BAIT_SET--SET">
    <node id="n17821" kind="INCOMING">
     <input/>
     <output>
      <port edge="e9065" num="inReceiver"/>
      <port edge="e9066" num="output_1"/>
     </output>
     <layout>
      <x>0_02778</x>
      <y>0_0000000000</y>
     </layout>
    </node>
    <node id="n17822" kind="OUTGOING">
     <input>
      <port edge="e67911" num="outReceiver"/>
     </input>
     <output/>
     <layout>
      <x>0_0000000000</x>
      <y>7_68000</y>
     </layout>
    </node>
    <node id="n17823" kind="CONNECT">
     <input>
      <port edge="e9065" num="input"/>
     </input>
     <output>
      <port edge="e67911" num="output"/>
     </output>
     <layout>
      <x>0_0000000000</x>
      <y>1_82237</y>
     </layout>
    </node>
    <node id="n17824" kind="END">
     <input>
      <port edge="e9066" num="input"/>
     </input>
     <output/>
     <layout>
      <x>1_04167</x>
      <y>4_75119</y>
     </layout>
    </node>
    <edge buzzsaw="false" description="this" editable="true" id="e9065" pinch="false" variableID="-1" width="narrow">
     <from>
      <noderef id="n17821" port="inReceiver"/>
     </from>
     <to>
      <noderef id="n17823" port="input"/>
     </to>
     <edge-layout>
      <point>
       <x>0_52778</x>
       <y>0_0000000000</y>
      </point>
      <point>
       <x>0_52778</x>
       <y>0_83248</y>
      </point>
      <point>
       <x>0_50000</x>
       <y>1_82237</y>
      </point>
      <point>
       <x>0_50000</x>
       <y>1_82237</y>
      </point>
     </edge-layout>
    </edge>
    <edge buzzsaw="false" description="Variable 5563 at class net_sf_picard_analysis_directed_HsMetrics field BAIT_SET; tree String" editable="true" id="e9066" pinch="false" variableID="5563" width="narrow">
     <from>
      <noderef id="n17821" port="output_1"/>
     </from>
     <to>
      <noderef id="n17824" port="input"/>
     </to>
     <edge-layout>
      <point>
       <x>1_51389</x>
       <y>0_0000000000</y>
      </point>
      <point>
       <x>1_51389</x>
       <y>2_14092</y>
      </point>
      <point>
       <x>1_54167</x>
       <y>4_75119</y>
      </point>
      <point>
       <x>1_54167</x>
       <y>4_75119</y>
      </point>
     </edge-layout>
    </edge>
    <edge buzzsaw="false" description="this" editable="false" id="e67911" pinch="false" variableID="-1" width="wide">
     <from>
      <noderef id="n17823" port="output"/>
     </from>
     <to>
      <noderef id="n17822" port="outReceiver"/>
     </to>
     <edge-layout>
      <point>
       <x>0_50000</x>
       <y>1_82237</y>
      </point>
      <point>
       <x>0_50000</x>
       <y>1_82237</y>
      </point>
      <point>
       <x>0_45153</x>
       <y>3_02585</y>
      </point>
      <point>
       <x>0_43764</x>
       <y>3_99338</y>
      </point>
      <point>
       <x>0_41889</x>
       <y>5_30295</y>
      </point>
      <point>
       <x>0_38347</x>
       <y>5_64171</y>
      </point>
      <point>
       <x>0_43764</x>
       <y>6_94268</y>
      </point>
      <point>
       <x>0_45167</x>
       <y>7_27775</y>
      </point>
      <point>
       <x>0_50000</x>
       <y>7_34206</y>
      </point>
      <point>
       <x>0_50000</x>
       <y>7_68000</y>
      </point>
     </edge-layout>
    </edge>
   </board>
   <board name="net_sf_picard_analysis_directed_HsMetrics--init----V">
    <node id="n45374" kind="INCOMING">
     <input/>
     <output>
      <port edge="e34601" num="inReceiver"/>
     </output>
     <layout>
      <x>0_58333</x>
      <y>0_0000000000</y>
     </layout>
    </node>
    <node id="n45375" kind="OUTGOING">
     <input>
      <port edge="e68997" num="outReceiver"/>
     </input>
     <output/>
     <layout>
      <x>0_0000000000</x>
      <y>9_00000</y>
     </layout>
    </node>
    <node id="n45376" kind="CONNECT">
     <input>
      <port edge="e34601" num="input"/>
     </input>
     <output>
      <port edge="e34602" num="toSplit"/>
     </output>
     <layout>
      <x>0_58333</x>
      <y>0_77778</y>
     </layout>
    </node>
    <node id="n45377" kind="SUBBOARD" name="net_sf_picard_metrics_MultilevelMetrics--init----V">
     <input>
      <port edge="e34603" num="inReceiver"/>
     </input>
     <output>
      <port edge="e34604" num="outReceiver"/>
     </output>
     <layout>
      <x>0_05556</x>
      <y>4_27778</y>
     </layout>
    </node>
    <node id="n45378" kind="SPLIT">
     <input>
      <port edge="e34602" num="input"/>
     </input>
     <output>
      <port edge="e34605" num="toEnd"/>
      <port edge="e34603" num="toSubboard"/>
     </output>
     <layout>
      <x>0_58333</x>
      <y>2_52778</y>
     </layout>
    </node>
    <node id="n45379" kind="CONNECT">
     <input>
      <port edge="e34604" num="input"/>
     </input>
     <output>
      <port edge="e68997" num="output"/>
     </output>
     <layout>
      <x>0_0000000000</x>
      <y>7_25000</y>
     </layout>
    </node>
    <node id="n45380" kind="END">
     <input>
      <port edge="e34605" num="input"/>
     </input>
     <output/>
     <layout>
      <x>1_05556</x>
      <y>6_00000</y>
     </layout>
    </node>
    <edge buzzsaw="false" description="this" editable="true" id="e34601" pinch="false" variableID="-1" width="narrow">
     <from>
      <noderef id="n45374" port="inReceiver"/>
     </from>
     <to>
      <noderef id="n45376" port="input"/>
     </to>
     <edge-layout>
      <point>
       <x>1_08333</x>
       <y>0_0000000000</y>
      </point>
      <point>
       <x>1_08333</x>
       <y>0_57722</y>
      </point>
      <point>
       <x>1_08333</x>
       <y>1_26389</y>
      </point>
      <point>
       <x>1_08333</x>
       <y>1_26389</y>
      </point>
     </edge-layout>
    </edge>
    <edge buzzsaw="false" description="this" editable="true" id="e34602" pinch="false" variableID="-1" width="narrow">
     <from>
      <noderef id="n45376" port="toSplit"/>
     </from>
     <to>
      <noderef id="n45378" port="input"/>
     </to>
     <edge-layout>
      <point>
       <x>1_08333</x>
       <y>1_29167</y>
      </point>
      <point>
       <x>1_08333</x>
       <y>1_29167</y>
      </point>
      <point>
       <x>1_08333</x>
       <y>3_01389</y>
      </point>
      <point>
       <x>1_08333</x>
       <y>3_01389</y>
      </point>
     </edge-layout>
    </edge>
    <edge buzzsaw="false" description="this" editable="true" id="e34603" pinch="false" variableID="-1" width="narrow">
     <from>
      <noderef id="n45378" port="toSubboard"/>
     </from>
     <to>
      <noderef id="n45377" port="inReceiver"/>
     </to>
     <edge-layout>
      <point>
       <x>1_08333</x>
       <y>3_04167</y>
      </point>
      <point>
       <x>1_08333</x>
       <y>3_04167</y>
      </point>
      <point>
       <x>0_55556</x>
       <y>3_68042</y>
      </point>
      <point>
       <x>0_55556</x>
       <y>4_27778</y>
      </point>
     </edge-layout>
    </edge>
    <edge buzzsaw="false" description="this" editable="false" id="e34604" pinch="false" variableID="-1" width="narrow">
     <from>
      <noderef id="n45377" port="outReceiver"/>
     </from>
     <to>
      <noderef id="n45379" port="input"/>
     </to>
     <edge-layout>
      <point>
       <x>0_55556</x>
       <y>5_75000</y>
      </point>
      <point>
       <x>0_55556</x>
       <y>5_87153</y>
      </point>
      <point>
       <x>0_46972</x>
       <y>5_88111</y>
      </point>
      <point>
       <x>0_44444</x>
       <y>6_00000</y>
      </point>
      <point>
       <x>0_35222</x>
       <y>6_43472</y>
      </point>
      <point>
       <x>0_42778</x>
       <y>6_55583</y>
      </point>
      <point>
       <x>0_44444</x>
       <y>7_00000</y>
      </point>
      <point>
       <x>0_45681</x>
       <y>7_32792</y>
      </point>
      <point>
       <x>0_50000</x>
       <y>7_73611</y>
      </point>
      <point>
       <x>0_50000</x>
       <y>7_73611</y>
      </point>
     </edge-layout>
    </edge>
    <edge buzzsaw="false" description="this" editable="true" id="e34605" pinch="false" variableID="-1" width="narrow">
     <from>
      <noderef id="n45378" port="toEnd"/>
     </from>
     <to>
      <noderef id="n45380" port="input"/>
     </to>
     <edge-layout>
      <point>
       <x>1_08333</x>
       <y>3_04167</y>
      </point>
      <point>
       <x>1_08333</x>
       <y>3_04167</y>
      </point>
      <point>
       <x>1_15944</x>
       <y>3_44958</y>
      </point>
      <point>
       <x>1_20833</x>
       <y>3_77778</y>
      </point>
      <point>
       <x>1_38708</x>
       <y>4_97806</y>
      </point>
      <point>
       <x>1_55556</x>
       <y>6_48611</y>
      </point>
      <point>
       <x>1_55556</x>
       <y>6_48611</y>
      </point>
     </edge-layout>
    </edge>
    <edge buzzsaw="false" description="this" editable="false" id="e68997" pinch="false" variableID="-1" width="narrow">
     <from>
      <noderef id="n45379" port="output"/>
     </from>
     <to>
      <noderef id="n45375" port="outReceiver"/>
     </to>
     <edge-layout>
      <point>
       <x>0_50000</x>
       <y>7_76389</y>
      </point>
      <point>
       <x>0_50000</x>
       <y>7_76389</y>
      </point>
      <point>
       <x>0_50000</x>
       <y>8_45056</y>
      </point>
      <point>
       <x>0_50000</x>
       <y>9_00000</y>
      </point>
     </edge-layout>
    </edge>
   </board>
  </boards>
 </level></world>