<?xml version="1.0" encoding="UTF-8"?>
<!DOCTYPE world SYSTEM "world.dtd">
<world version="1">
 <level name="Application1">
  <linked-edges>
   <edge-set id="Application10">
    <edgeref id="e15"/>
    <edgeref id="e663"/>
    <edgeref id="e664"/>
    <edgeref id="e666"/>
    <edgeref id="e667"/>
    <edgeref id="e778"/>
   </edge-set>
   <edge-set id="Application11">
    <edgeref id="e62"/>
    <edgeref id="e676"/>
    <edgeref id="e683"/>
    <edgeref id="e697"/>
   </edge-set>
   <edge-set id="Application12">
    <edgeref id="e63"/>
    <edgeref id="e659"/>
    <edgeref id="e660"/>
    <edgeref id="e662"/>
    <edgeref id="e783"/>
   </edge-set>
   <edge-set id="Application13">
    <edgeref id="e80"/>
    <edgeref id="e654"/>
    <edgeref id="e657"/>
    <edgeref id="e658"/>
    <edgeref id="e661"/>
    <edgeref id="e671"/>
    <edgeref id="e672"/>
    <edgeref id="e674"/>
    <edgeref id="e678"/>
    <edgeref id="e679"/>
    <edgeref id="e682"/>
    <edgeref id="e722"/>
   </edge-set>
   <edge-set id="Application14">
    <edgeref id="e96"/>
    <edgeref id="e644"/>
    <edgeref id="e645"/>
    <edgeref id="e647"/>
    <edgeref id="e648"/>
    <edgeref id="e796"/>
   </edge-set>
   <edge-set id="Application15">
    <edgeref id="e115"/>
    <edgeref id="e652"/>
    <edgeref id="e653"/>
    <edgeref id="e655"/>
    <edgeref id="e656"/>
    <edgeref id="e777"/>
   </edge-set>
   <edge-set id="Application16">
    <edgeref id="e117"/>
    <edgeref id="e665"/>
    <edgeref id="e668"/>
    <edgeref id="e669"/>
    <edgeref id="e670"/>
    <edgeref id="e791"/>
   </edge-set>
   <edge-set id="Application17">
    <edgeref id="e118"/>
    <edgeref id="e646"/>
    <edgeref id="e649"/>
    <edgeref id="e650"/>
    <edgeref id="e651"/>
    <edgeref id="e784"/>
   </edge-set>
   <edge-set id="Application18">
    <edgeref id="e673"/>
    <edgeref id="e675"/>
    <edgeref id="e677"/>
    <edgeref id="e680"/>
    <edgeref id="e681"/>
    <edgeref id="e699"/>
   </edge-set>
   <edge-set id="Application19">
    <edgeref id="e14"/>
   </edge-set>
   <edge-set id="Application167">
    <edgeref id="e824"/>
   </edge-set>
  </linked-edges>
  <boards>
   <board name="Application1-main---V">
    <node kind="INCOMING" id="n28">
     <input/>
     <output>
      <port num="0" edge="e14"/>
     </output>
     <layout>
      <x>0.00000</x>
      <y>0.00000</y>
     </layout>
    </node>
    <node kind="OUTGOING" id="n29">
     <input>
      <port num="0" edge="e824"/>
     </input>
     <output/>
     <layout>
      <x>0.00000</x>
      <y>36.86111</y>
     </layout>
    </node>
    <node kind="CONNECT" id="n30">
     <input>
      <port num="0" edge="e14"/>
     </input>
     <output>
      <port num="0" edge="e824"/>
     </output>
     <layout>
      <x>0.00000</x>
      <y>4.02778</y>
     </layout>
    </node>
    <node kind="START_SMALL_BALL" id="n31">
     <input/>
     <output>
      <port num="0" edge="e15"/>
     </output>
     <layout>
      <x>1.16667</x>
      <y>0.27778</y>
     </layout>
    </node>
    <node kind="CONNECT" id="n32">
     <input>
      <port num="0" edge="e15"/>
     </input>
     <output>
      <port num="0" edge="e663"/>
     </output>
     <layout>
      <x>1.16667</x>
      <y>2.77778</y>
     </layout>
    </node>
    <node kind="START_NO_BALL" id="n127">
     <input/>
     <output>
      <port num="0" edge="e62"/>
     </output>
     <layout>
      <x>7.59722</x>
      <y>1.52778</y>
     </layout>
    </node>
    <node kind="CONNECT" id="n128">
     <input>
      <port num="0" edge="e62"/>
     </input>
     <output>
      <port num="0" edge="e676"/>
     </output>
     <layout>
      <x>7.59722</x>
      <y>6.52778</y>
     </layout>
    </node>
    <node kind="START_SMALL_BALL" id="n129">
     <input/>
     <output>
      <port num="0" edge="e63"/>
     </output>
     <layout>
      <x>6.19444</x>
      <y>1.52778</y>
     </layout>
    </node>
    <node kind="CONNECT" id="n130">
     <input>
      <port num="0" edge="e63"/>
     </input>
     <output>
      <port num="0" edge="e659"/>
     </output>
     <layout>
      <x>6.19444</x>
      <y>7.77778</y>
     </layout>
    </node>
    <node kind="START_NO_BALL" id="n164">
     <input/>
     <output>
      <port num="0" edge="e80"/>
     </output>
     <layout>
      <x>4.65278</x>
      <y>1.52778</y>
     </layout>
    </node>
    <node kind="CONNECT" id="n165">
     <input>
      <port num="0" edge="e80"/>
     </input>
     <output>
      <port num="0" edge="e654"/>
     </output>
     <layout>
      <x>4.65278</x>
      <y>4.02778</y>
     </layout>
    </node>
    <node kind="START_SMALL_BALL" id="n194">
     <input/>
     <output>
      <port num="0" edge="e96"/>
     </output>
     <layout>
      <x>8.76389</x>
      <y>0.27778</y>
     </layout>
    </node>
    <node kind="CONNECT" id="n195">
     <input>
      <port num="0" edge="e96"/>
     </input>
     <output>
      <port num="0" edge="e644"/>
     </output>
     <layout>
      <x>8.76389</x>
      <y>2.77778</y>
     </layout>
    </node>
    <node kind="START_SMALL_BALL" id="n231">
     <input/>
     <output>
      <port num="0" edge="e115"/>
     </output>
     <layout>
      <x>3.48611</x>
      <y>0.27778</y>
     </layout>
    </node>
    <node kind="CONNECT" id="n232">
     <input>
      <port num="0" edge="e115"/>
     </input>
     <output>
      <port num="0" edge="e652"/>
     </output>
     <layout>
      <x>3.48611</x>
      <y>2.77778</y>
     </layout>
    </node>
    <node kind="START_NO_BALL" id="n235">
     <input/>
     <output>
      <port num="0" edge="e117"/>
     </output>
     <layout>
      <x>2.36111</x>
      <y>4.02778</y>
     </layout>
    </node>
    <node kind="CONNECT" id="n236">
     <input>
      <port num="0" edge="e117"/>
     </input>
     <output>
      <port num="0" edge="e665"/>
     </output>
     <layout>
      <x>2.36111</x>
      <y>6.52778</y>
     </layout>
    </node>
    <node kind="START_NO_BALL" id="n237">
     <input/>
     <output>
      <port num="0" edge="e118"/>
     </output>
     <layout>
      <x>9.95833</x>
      <y>1.52778</y>
     </layout>
    </node>
    <node kind="CONNECT" id="n238">
     <input>
      <port num="0" edge="e118"/>
     </input>
     <output>
      <port num="0" edge="e646"/>
     </output>
     <layout>
      <x>9.95833</x>
      <y>6.52778</y>
     </layout>
    </node>
    <node kind="CONNECT" id="n740">
     <input>
      <port num="0" edge="e644"/>
     </input>
     <output>
      <port num="0" edge="e645"/>
     </output>
     <layout>
      <x>8.76389</x>
      <y>5.27778</y>
     </layout>
    </node>
    <node kind="MERGE" id="n741">
     <input>
      <port num="0" edge="e646"/>
      <port num="1" edge="e647"/>
     </input>
     <output>
      <port num="0" edge="e649"/>
     </output>
     <layout>
      <x>9.75000</x>
      <y>9.50000</y>
     </layout>
    </node>
    <node kind="SPLIT" id="n742">
     <input>
      <port num="0" edge="e645"/>
     </input>
     <output>
      <port num="0" edge="e648"/>
      <port num="1" edge="e647"/>
     </output>
     <layout>
      <x>8.76389</x>
      <y>7.77778</y>
     </layout>
    </node>
    <node kind="CONNECT" id="n743">
     <input>
      <port num="0" edge="e648"/>
     </input>
     <output>
      <port num="0" edge="e796"/>
     </output>
     <layout>
      <x>8.48611</x>
      <y>9.50000</y>
     </layout>
    </node>
    <node kind="SUBBOARD" name="Scribble-init---V" id="n744">
     <input>
      <port num="0" edge="e649"/>
     </input>
     <output>
      <port num="0" edge="e650"/>
     </output>
     <layout>
      <x>9.75000</x>
      <y>13.72222</y>
     </layout>
    </node>
    <node kind="CONNECT" id="n745">
     <input>
      <port num="0" edge="e650"/>
     </input>
     <output>
      <port num="0" edge="e651"/>
     </output>
     <layout>
      <x>9.75000</x>
      <y>16.69444</y>
     </layout>
    </node>
    <node kind="CONNECT" id="n746">
     <input>
      <port num="0" edge="e651"/>
     </input>
     <output>
      <port num="0" edge="e784"/>
     </output>
     <layout>
      <x>9.75000</x>
      <y>19.19444</y>
     </layout>
    </node>
    <node kind="CONNECT" id="n747">
     <input>
      <port num="0" edge="e652"/>
     </input>
     <output>
      <port num="0" edge="e653"/>
     </output>
     <layout>
      <x>3.48611</x>
      <y>5.27778</y>
     </layout>
    </node>
    <node kind="MERGE" id="n748">
     <input>
      <port num="0" edge="e654"/>
      <port num="1" edge="e655"/>
     </input>
     <output>
      <port num="0" edge="e657"/>
     </output>
     <layout>
      <x>4.51389</x>
      <y>9.50000</y>
     </layout>
    </node>
    <node kind="SPLIT" id="n749">
     <input>
      <port num="0" edge="e653"/>
     </input>
     <output>
      <port num="0" edge="e656"/>
      <port num="1" edge="e655"/>
     </output>
     <layout>
      <x>3.48611</x>
      <y>7.77778</y>
     </layout>
    </node>
    <node kind="CONNECT" id="n750">
     <input>
      <port num="0" edge="e656"/>
     </input>
     <output>
      <port num="0" edge="e777"/>
     </output>
     <layout>
      <x>3.18056</x>
      <y>9.50000</y>
     </layout>
    </node>
    <node kind="SUBBOARD" name="Storage-set-Ljava-lang-Object---V" id="n751">
     <input>
      <port num="0" edge="e657"/>
      <port num="1" edge="e660"/>
     </input>
     <output>
      <port num="0" edge="e658"/>
     </output>
     <layout>
      <x>4.51389</x>
      <y>12.00000</y>
     </layout>
    </node>
    <node kind="CONNECT" id="n752">
     <input>
      <port num="0" edge="e658"/>
     </input>
     <output>
      <port num="0" edge="e661"/>
     </output>
     <layout>
      <x>4.51389</x>
      <y>15.44444</y>
     </layout>
    </node>
    <node kind="SPLIT" id="n753">
     <input>
      <port num="0" edge="e659"/>
     </input>
     <output>
      <port num="0" edge="e662"/>
      <port num="1" edge="e660"/>
     </output>
     <layout>
      <x>6.19444</x>
      <y>9.50000</y>
     </layout>
    </node>
    <node kind="CONNECT" id="n754">
     <input>
      <port num="0" edge="e661"/>
     </input>
     <output>
      <port num="0" edge="e671"/>
     </output>
     <layout>
      <x>4.51389</x>
      <y>17.94444</y>
     </layout>
    </node>
    <node kind="CONNECT" id="n755">
     <input>
      <port num="0" edge="e662"/>
     </input>
     <output>
      <port num="0" edge="e783"/>
     </output>
     <layout>
      <x>6.58333</x>
      <y>12.23611</y>
     </layout>
    </node>
    <node kind="CONNECT" id="n756">
     <input>
      <port num="0" edge="e663"/>
     </input>
     <output>
      <port num="0" edge="e664"/>
     </output>
     <layout>
      <x>1.16667</x>
      <y>5.27778</y>
     </layout>
    </node>
    <node kind="MERGE" id="n757">
     <input>
      <port num="0" edge="e665"/>
      <port num="1" edge="e666"/>
     </input>
     <output>
      <port num="0" edge="e668"/>
     </output>
     <layout>
      <x>2.09722</x>
      <y>9.50000</y>
     </layout>
    </node>
    <node kind="SPLIT" id="n758">
     <input>
      <port num="0" edge="e664"/>
     </input>
     <output>
      <port num="0" edge="e667"/>
      <port num="1" edge="e666"/>
     </output>
     <layout>
      <x>1.16667</x>
      <y>7.77778</y>
     </layout>
    </node>
    <node kind="CONNECT" id="n759">
     <input>
      <port num="0" edge="e667"/>
     </input>
     <output>
      <port num="0" edge="e778"/>
     </output>
     <layout>
      <x>0.88889</x>
      <y>10.75000</y>
     </layout>
    </node>
    <node kind="SUBBOARD" name="Server-run---V" id="n760">
     <input>
      <port num="0" edge="e668"/>
     </input>
     <output>
      <port num="0" edge="e669"/>
     </output>
     <layout>
      <x>2.09722</x>
      <y>12.00000</y>
     </layout>
    </node>
    <node kind="CONNECT" id="n761">
     <input>
      <port num="0" edge="e669"/>
     </input>
     <output>
      <port num="0" edge="e670"/>
     </output>
     <layout>
      <x>2.09722</x>
      <y>15.44444</y>
     </layout>
    </node>
    <node kind="CONNECT" id="n762">
     <input>
      <port num="0" edge="e670"/>
     </input>
     <output>
      <port num="0" edge="e791"/>
     </output>
     <layout>
      <x>2.09722</x>
      <y>17.94444</y>
     </layout>
    </node>
    <node kind="SUBBOARD" name="Storage-get---Ljava-lang-Object-" id="n763">
     <input>
      <port num="0" edge="e671"/>
     </input>
     <output>
      <port num="0" edge="e672"/>
      <port num="1" edge="e673"/>
     </output>
     <layout>
      <x>4.51389</x>
      <y>20.44444</y>
     </layout>
    </node>
    <node kind="CONNECT" id="n764">
     <input>
      <port num="0" edge="e672"/>
     </input>
     <output>
      <port num="0" edge="e674"/>
     </output>
     <layout>
      <x>4.48611</x>
      <y>23.41667</y>
     </layout>
    </node>
    <node kind="CONNECT" id="n765">
     <input>
      <port num="0" edge="e673"/>
     </input>
     <output>
      <port num="0" edge="e675"/>
     </output>
     <layout>
      <x>5.72222</x>
      <y>23.41667</y>
     </layout>
    </node>
    <node kind="CONNECT" id="n766">
     <input>
      <port num="0" edge="e674"/>
     </input>
     <output>
      <port num="0" edge="e678"/>
     </output>
     <layout>
      <x>4.45833</x>
      <y>25.91667</y>
     </layout>
    </node>
    <node kind="MERGE" id="n767">
     <input>
      <port num="0" edge="e676"/>
      <port num="1" edge="e677"/>
     </input>
     <output>
      <port num="0" edge="e683"/>
     </output>
     <layout>
      <x>7.33333</x>
      <y>28.65278</y>
     </layout>
    </node>
    <node kind="SPLIT" id="n768">
     <input>
      <port num="0" edge="e675"/>
     </input>
     <output>
      <port num="0" edge="e681"/>
      <port num="1" edge="e677"/>
     </output>
     <layout>
      <x>6.27778</x>
      <y>25.91667</y>
     </layout>
    </node>
    <node kind="SUBBOARD" name="Storage-get---Ljava-lang-Object-" id="n769">
     <input>
      <port num="0" edge="e678"/>
     </input>
     <output>
      <port num="0" edge="e679"/>
      <port num="1" edge="e680"/>
     </output>
     <layout>
      <x>4.45833</x>
      <y>28.41667</y>
     </layout>
    </node>
    <node kind="CONNECT" id="n770">
     <input>
      <port num="0" edge="e679"/>
     </input>
     <output>
      <port num="0" edge="e682"/>
     </output>
     <layout>
      <x>4.45833</x>
      <y>30.61111</y>
     </layout>
    </node>
    <node kind="MERGE" id="n771">
     <input>
      <port num="0" edge="e680"/>
      <port num="1" edge="e681"/>
     </input>
     <output>
      <port num="0" edge="e699"/>
     </output>
     <layout>
      <x>5.80556</x>
      <y>30.61111</y>
     </layout>
    </node>
    <node kind="CONNECT" id="n772">
     <input>
      <port num="0" edge="e682"/>
     </input>
     <output>
      <port num="0" edge="e722"/>
     </output>
     <layout>
      <x>4.45833</x>
      <y>33.11111</y>
     </layout>
    </node>
    <node kind="CONNECT" id="n773">
     <input>
      <port num="0" edge="e683"/>
     </input>
     <output>
      <port num="0" edge="e697"/>
     </output>
     <layout>
      <x>7.33333</x>
      <y>31.86111</y>
     </layout>
    </node>
    <node kind="END" id="n787">
     <input>
      <port num="0" edge="e697"/>
     </input>
     <output/>
     <layout>
      <x>7.33333</x>
      <y>34.36111</y>
     </layout>
    </node>
    <node kind="END" id="n789">
     <input>
      <port num="0" edge="e699"/>
     </input>
     <output/>
     <layout>
      <x>5.80556</x>
      <y>34.36111</y>
     </layout>
    </node>
    <node kind="END" id="n812">
     <input>
      <port num="0" edge="e722"/>
     </input>
     <output/>
     <layout>
      <x>4.45833</x>
      <y>35.61111</y>
     </layout>
    </node>
    <node kind="END" id="n867">
     <input>
      <port num="0" edge="e777"/>
     </input>
     <output/>
     <layout>
      <x>3.18056</x>
      <y>13.95833</y>
     </layout>
    </node>
    <node kind="END" id="n868">
     <input>
      <port num="0" edge="e778"/>
     </input>
     <output/>
     <layout>
      <x>0.88889</x>
      <y>19.19444</y>
     </layout>
    </node>
    <node kind="END" id="n873">
     <input>
      <port num="0" edge="e783"/>
     </input>
     <output/>
     <layout>
      <x>6.58333</x>
      <y>16.69444</y>
     </layout>
    </node>
    <node kind="END" id="n874">
     <input>
      <port num="0" edge="e784"/>
     </input>
     <output/>
     <layout>
      <x>9.75000</x>
      <y>24.66667</y>
     </layout>
    </node>
    <node kind="END" id="n881">
     <input>
      <port num="0" edge="e791"/>
     </input>
     <output/>
     <layout>
      <x>2.09722</x>
      <y>22.16667</y>
     </layout>
    </node>
    <node kind="END" id="n886">
     <input>
      <port num="0" edge="e796"/>
     </input>
     <output/>
     <layout>
      <x>8.48611</x>
      <y>27.16667</y>
     </layout>
    </node>
    <edge description="this" variableID="-1" pinch="false" width="narrow" editable="false" id="e14" buzzsaw="false">
     <from>
      <noderef id="n28" port="0"/>
     </from>
     <to>
      <noderef id="n30" port="0"/>
     </to>
     <edge-layout>
      <point>
       <x>0.50000</x>
       <y>0.00000</y>
      </point>
      <point>
       <x>0.50000</x>
       <y>2.02222</y>
      </point>
      <point>
       <x>0.50000</x>
       <y>4.51389</y>
      </point>
      <point>
       <x>0.50000</x>
       <y>4.51389</y>
      </point>
     </edge-layout>
    </edge>
    <edge description="Variable 85 at method Application1#main():V creation 3; tree Server" variableID="85" pinch="false" width="narrow" editable="true" id="e15" buzzsaw="false">
     <from>
      <noderef id="n31" port="0"/>
     </from>
     <to>
      <noderef id="n32" port="0"/>
     </to>
     <edge-layout>
      <point>
       <x>1.66667</x>
       <y>0.79167</y>
      </point>
      <point>
       <x>1.66667</x>
       <y>0.79167</y>
      </point>
      <point>
       <x>1.66667</x>
       <y>3.26389</y>
      </point>
      <point>
       <x>1.66667</x>
       <y>3.26389</y>
      </point>
     </edge-layout>
    </edge>
    <edge description="Variable 87 at method Application1#main():V local variable ud(0); tree Object" variableID="87" pinch="false" width="narrow" editable="true" id="e62" buzzsaw="false">
     <from>
      <noderef id="n127" port="0"/>
     </from>
     <to>
      <noderef id="n128" port="0"/>
     </to>
     <edge-layout>
      <point>
       <x>8.09722</x>
       <y>2.04167</y>
      </point>
      <point>
       <x>8.09722</x>
       <y>2.04167</y>
      </point>
      <point>
       <x>8.09722</x>
       <y>7.01389</y>
      </point>
      <point>
       <x>8.09722</x>
       <y>7.01389</y>
      </point>
     </edge-layout>
    </edge>
    <edge description="Variable 84 at method Application1#main():V creation 2; tree UserData" variableID="84" pinch="false" width="narrow" editable="true" id="e63" buzzsaw="false">
     <from>
      <noderef id="n129" port="0"/>
     </from>
     <to>
      <noderef id="n130" port="0"/>
     </to>
     <edge-layout>
      <point>
       <x>6.69444</x>
       <y>2.04167</y>
      </point>
      <point>
       <x>6.69444</x>
       <y>2.04167</y>
      </point>
      <point>
       <x>6.69444</x>
       <y>8.26389</y>
      </point>
      <point>
       <x>6.69444</x>
       <y>8.26389</y>
      </point>
     </edge-layout>
    </edge>
    <edge description="Variable 83 at method Application1#main():V local variable store(0); tree Storage" variableID="83" pinch="false" width="narrow" editable="true" id="e80" buzzsaw="false">
     <from>
      <noderef id="n164" port="0"/>
     </from>
     <to>
      <noderef id="n165" port="0"/>
     </to>
     <edge-layout>
      <point>
       <x>5.15278</x>
       <y>2.04167</y>
      </point>
      <point>
       <x>5.15278</x>
       <y>2.04167</y>
      </point>
      <point>
       <x>5.15278</x>
       <y>4.51389</y>
      </point>
      <point>
       <x>5.15278</x>
       <y>4.51389</y>
      </point>
     </edge-layout>
    </edge>
    <edge description="Variable 80 at method Application1#main():V creation 0; tree Scribble" variableID="80" pinch="false" width="narrow" editable="true" id="e96" buzzsaw="false">
     <from>
      <noderef id="n194" port="0"/>
     </from>
     <to>
      <noderef id="n195" port="0"/>
     </to>
     <edge-layout>
      <point>
       <x>9.26389</x>
       <y>0.79167</y>
      </point>
      <point>
       <x>9.26389</x>
       <y>0.79167</y>
      </point>
      <point>
       <x>9.26389</x>
       <y>3.26389</y>
      </point>
      <point>
       <x>9.26389</x>
       <y>3.26389</y>
      </point>
     </edge-layout>
    </edge>
    <edge description="Variable 82 at method Application1#main():V creation 1; tree Storage" variableID="82" pinch="false" width="narrow" editable="true" id="e115" buzzsaw="false">
     <from>
      <noderef id="n231" port="0"/>
     </from>
     <to>
      <noderef id="n232" port="0"/>
     </to>
     <edge-layout>
      <point>
       <x>3.98611</x>
       <y>0.79167</y>
      </point>
      <point>
       <x>3.98611</x>
       <y>0.79167</y>
      </point>
      <point>
       <x>3.98611</x>
       <y>3.26389</y>
      </point>
      <point>
       <x>3.98611</x>
       <y>3.26389</y>
      </point>
     </edge-layout>
    </edge>
    <edge description="Variable 86 at method Application1#main():V local variable s(0); tree Server" variableID="86" pinch="false" width="narrow" editable="true" id="e117" buzzsaw="false">
     <from>
      <noderef id="n235" port="0"/>
     </from>
     <to>
      <noderef id="n236" port="0"/>
     </to>
     <edge-layout>
      <point>
       <x>2.86111</x>
       <y>4.54167</y>
      </point>
      <point>
       <x>2.86111</x>
       <y>4.54167</y>
      </point>
      <point>
       <x>2.86111</x>
       <y>7.01389</y>
      </point>
      <point>
       <x>2.86111</x>
       <y>7.01389</y>
      </point>
     </edge-layout>
    </edge>
    <edge description="Variable 81 at method Application1#main():V local variable sc(0); tree Scribble" variableID="81" pinch="false" width="narrow" editable="true" id="e118" buzzsaw="false">
     <from>
      <noderef id="n237" port="0"/>
     </from>
     <to>
      <noderef id="n238" port="0"/>
     </to>
     <edge-layout>
      <point>
       <x>10.45833</x>
       <y>2.04167</y>
      </point>
      <point>
       <x>10.45833</x>
       <y>2.04167</y>
      </point>
      <point>
       <x>10.45833</x>
       <y>7.01389</y>
      </point>
      <point>
       <x>10.45833</x>
       <y>7.01389</y>
      </point>
     </edge-layout>
    </edge>
    <edge description="Variable 80 at method Application1#main():V creation 0; tree Scribble" variableID="80" pinch="true" width="narrow" editable="true" id="e644" buzzsaw="false">
     <from>
      <noderef id="n195" port="0"/>
     </from>
     <to>
      <noderef id="n740" port="0"/>
     </to>
     <edge-layout>
      <point>
       <x>9.26389</x>
       <y>3.29167</y>
      </point>
      <point>
       <x>9.26389</x>
       <y>3.29167</y>
      </point>
      <point>
       <x>9.26389</x>
       <y>5.76389</y>
      </point>
      <point>
       <x>9.26389</x>
       <y>5.76389</y>
      </point>
     </edge-layout>
    </edge>
    <edge description="Variable 80 at method Application1#main():V creation 0; tree Scribble" variableID="80" pinch="false" width="narrow" editable="true" id="e645" buzzsaw="false">
     <from>
      <noderef id="n740" port="0"/>
     </from>
     <to>
      <noderef id="n742" port="0"/>
     </to>
     <edge-layout>
      <point>
       <x>9.26389</x>
       <y>5.79167</y>
      </point>
      <point>
       <x>9.26389</x>
       <y>5.79167</y>
      </point>
      <point>
       <x>9.26389</x>
       <y>8.26389</y>
      </point>
      <point>
       <x>9.26389</x>
       <y>8.26389</y>
      </point>
     </edge-layout>
    </edge>
    <edge description="Variable 81 at method Application1#main():V local variable sc(0); tree Scribble" variableID="81" pinch="false" width="narrow" editable="true" id="e646" buzzsaw="false">
     <from>
      <noderef id="n238" port="0"/>
     </from>
     <to>
      <noderef id="n741" port="0"/>
     </to>
     <edge-layout>
      <point>
       <x>10.45833</x>
       <y>7.04167</y>
      </point>
      <point>
       <x>10.45833</x>
       <y>7.04167</y>
      </point>
      <point>
       <x>10.25000</x>
       <y>9.98611</y>
      </point>
      <point>
       <x>10.25000</x>
       <y>9.98611</y>
      </point>
     </edge-layout>
    </edge>
    <edge description="Variable 80 at method Application1#main():V creation 0; tree Scribble" variableID="80" pinch="false" width="narrow" editable="true" id="e647" buzzsaw="false">
     <from>
      <noderef id="n742" port="1"/>
     </from>
     <to>
      <noderef id="n741" port="1"/>
     </to>
     <edge-layout>
      <point>
       <x>9.26389</x>
       <y>8.29167</y>
      </point>
      <point>
       <x>9.26389</x>
       <y>8.29167</y>
      </point>
      <point>
       <x>10.25000</x>
       <y>9.98611</y>
      </point>
      <point>
       <x>10.25000</x>
       <y>9.98611</y>
      </point>
     </edge-layout>
    </edge>
    <edge description="Variable 80 at method Application1#main():V creation 0; tree Scribble" variableID="80" pinch="true" width="narrow" editable="true" id="e648" buzzsaw="false">
     <from>
      <noderef id="n742" port="0"/>
     </from>
     <to>
      <noderef id="n743" port="0"/>
     </to>
     <edge-layout>
      <point>
       <x>9.26389</x>
       <y>8.29167</y>
      </point>
      <point>
       <x>9.26389</x>
       <y>8.29167</y>
      </point>
      <point>
       <x>8.98611</x>
       <y>9.98611</y>
      </point>
      <point>
       <x>8.98611</x>
       <y>9.98611</y>
      </point>
     </edge-layout>
    </edge>
    <edge description="Variable 81 at method Application1#main():V local variable sc(0); tree Scribble" variableID="81" pinch="false" width="narrow" editable="true" id="e649" buzzsaw="false">
     <from>
      <noderef id="n741" port="0"/>
     </from>
     <to>
      <noderef id="n744" port="0"/>
     </to>
     <edge-layout>
      <point>
       <x>10.25000</x>
       <y>10.01389</y>
      </point>
      <point>
       <x>10.25000</x>
       <y>10.01389</y>
      </point>
      <point>
       <x>10.25000</x>
       <y>12.07361</y>
      </point>
      <point>
       <x>10.25000</x>
       <y>13.72222</y>
      </point>
     </edge-layout>
    </edge>
    <edge description="Variable 81 at method Application1#main():V local variable sc(0); tree Scribble" variableID="81" pinch="false" width="narrow" editable="true" id="e650" buzzsaw="false">
     <from>
      <noderef id="n744" port="0"/>
     </from>
     <to>
      <noderef id="n745" port="0"/>
     </to>
     <edge-layout>
      <point>
       <x>10.25000</x>
       <y>15.19444</y>
      </point>
      <point>
       <x>10.25000</x>
       <y>16.07778</y>
      </point>
      <point>
       <x>10.25000</x>
       <y>17.18056</y>
      </point>
      <point>
       <x>10.25000</x>
       <y>17.18056</y>
      </point>
     </edge-layout>
    </edge>
    <edge description="Variable 81 at method Application1#main():V local variable sc(0); tree Scribble" variableID="81" pinch="true" width="narrow" editable="true" id="e651" buzzsaw="false">
     <from>
      <noderef id="n745" port="0"/>
     </from>
     <to>
      <noderef id="n746" port="0"/>
     </to>
     <edge-layout>
      <point>
       <x>10.25000</x>
       <y>17.20833</y>
      </point>
      <point>
       <x>10.25000</x>
       <y>17.20833</y>
      </point>
      <point>
       <x>10.25000</x>
       <y>19.68056</y>
      </point>
      <point>
       <x>10.25000</x>
       <y>19.68056</y>
      </point>
     </edge-layout>
    </edge>
    <edge description="Variable 82 at method Application1#main():V creation 1; tree Storage" variableID="82" pinch="true" width="narrow" editable="true" id="e652" buzzsaw="false">
     <from>
      <noderef id="n232" port="0"/>
     </from>
     <to>
      <noderef id="n747" port="0"/>
     </to>
     <edge-layout>
      <point>
       <x>3.98611</x>
       <y>3.29167</y>
      </point>
      <point>
       <x>3.98611</x>
       <y>3.29167</y>
      </point>
      <point>
       <x>3.98611</x>
       <y>5.76389</y>
      </point>
      <point>
       <x>3.98611</x>
       <y>5.76389</y>
      </point>
     </edge-layout>
    </edge>
    <edge description="Variable 82 at method Application1#main():V creation 1; tree Storage" variableID="82" pinch="false" width="narrow" editable="true" id="e653" buzzsaw="false">
     <from>
      <noderef id="n747" port="0"/>
     </from>
     <to>
      <noderef id="n749" port="0"/>
     </to>
     <edge-layout>
      <point>
       <x>3.98611</x>
       <y>5.79167</y>
      </point>
      <point>
       <x>3.98611</x>
       <y>5.79167</y>
      </point>
      <point>
       <x>3.98611</x>
       <y>8.26389</y>
      </point>
      <point>
       <x>3.98611</x>
       <y>8.26389</y>
      </point>
     </edge-layout>
    </edge>
    <edge description="Variable 83 at method Application1#main():V local variable store(0); tree Storage" variableID="83" pinch="false" width="narrow" editable="true" id="e654" buzzsaw="false">
     <from>
      <noderef id="n165" port="0"/>
     </from>
     <to>
      <noderef id="n748" port="0"/>
     </to>
     <edge-layout>
      <point>
       <x>5.15278</x>
       <y>4.54167</y>
      </point>
      <point>
       <x>5.15278</x>
       <y>4.54167</y>
      </point>
      <point>
       <x>5.01389</x>
       <y>9.98611</y>
      </point>
      <point>
       <x>5.01389</x>
       <y>9.98611</y>
      </point>
     </edge-layout>
    </edge>
    <edge description="Variable 82 at method Application1#main():V creation 1; tree Storage" variableID="82" pinch="false" width="narrow" editable="true" id="e655" buzzsaw="false">
     <from>
      <noderef id="n749" port="1"/>
     </from>
     <to>
      <noderef id="n748" port="1"/>
     </to>
     <edge-layout>
      <point>
       <x>3.98611</x>
       <y>8.29167</y>
      </point>
      <point>
       <x>3.98611</x>
       <y>8.29167</y>
      </point>
      <point>
       <x>5.01389</x>
       <y>9.98611</y>
      </point>
      <point>
       <x>5.01389</x>
       <y>9.98611</y>
      </point>
     </edge-layout>
    </edge>
    <edge description="Variable 82 at method Application1#main():V creation 1; tree Storage" variableID="82" pinch="true" width="narrow" editable="true" id="e656" buzzsaw="false">
     <from>
      <noderef id="n749" port="0"/>
     </from>
     <to>
      <noderef id="n750" port="0"/>
     </to>
     <edge-layout>
      <point>
       <x>3.98611</x>
       <y>8.29167</y>
      </point>
      <point>
       <x>3.98611</x>
       <y>8.29167</y>
      </point>
      <point>
       <x>3.68056</x>
       <y>9.98611</y>
      </point>
      <point>
       <x>3.68056</x>
       <y>9.98611</y>
      </point>
     </edge-layout>
    </edge>
    <edge description="Variable 83 at method Application1#main():V local variable store(0); tree Storage" variableID="83" pinch="false" width="narrow" editable="true" id="e657" buzzsaw="false">
     <from>
      <noderef id="n748" port="0"/>
     </from>
     <to>
      <noderef id="n751" port="0"/>
     </to>
     <edge-layout>
      <point>
       <x>5.01389</x>
       <y>10.01389</y>
      </point>
      <point>
       <x>5.01389</x>
       <y>10.01389</y>
      </point>
      <point>
       <x>5.01389</x>
       <y>11.11667</y>
      </point>
      <point>
       <x>5.01389</x>
       <y>12.00000</y>
      </point>
     </edge-layout>
    </edge>
    <edge description="Variable 83 at method Application1#main():V local variable store(0); tree Storage" variableID="83" pinch="false" width="narrow" editable="true" id="e658" buzzsaw="false">
     <from>
      <noderef id="n751" port="0"/>
     </from>
     <to>
      <noderef id="n752" port="0"/>
     </to>
     <edge-layout>
      <point>
       <x>5.01389</x>
       <y>13.47222</y>
      </point>
      <point>
       <x>5.01389</x>
       <y>14.56528</y>
      </point>
      <point>
       <x>5.01389</x>
       <y>15.93056</y>
      </point>
      <point>
       <x>5.01389</x>
       <y>15.93056</y>
      </point>
     </edge-layout>
    </edge>
    <edge description="Variable 84 at method Application1#main():V creation 2; tree UserData" variableID="84" pinch="false" width="narrow" editable="true" id="e659" buzzsaw="false">
     <from>
      <noderef id="n130" port="0"/>
     </from>
     <to>
      <noderef id="n753" port="0"/>
     </to>
     <edge-layout>
      <point>
       <x>6.69444</x>
       <y>8.29167</y>
      </point>
      <point>
       <x>6.69444</x>
       <y>8.29167</y>
      </point>
      <point>
       <x>6.69444</x>
       <y>9.98611</y>
      </point>
      <point>
       <x>6.69444</x>
       <y>9.98611</y>
      </point>
     </edge-layout>
    </edge>
    <edge description="Variable 84 at method Application1#main():V creation 2; tree UserData" variableID="84" pinch="false" width="narrow" editable="true" id="e660" buzzsaw="false">
     <from>
      <noderef id="n753" port="1"/>
     </from>
     <to>
      <noderef id="n751" port="1"/>
     </to>
     <edge-layout>
      <point>
       <x>6.69444</x>
       <y>10.01389</y>
      </point>
      <point>
       <x>6.69444</x>
       <y>10.01389</y>
      </point>
      <point>
       <x>6.01389</x>
       <y>11.06667</y>
      </point>
      <point>
       <x>6.01389</x>
       <y>12.00000</y>
      </point>
     </edge-layout>
    </edge>
    <edge description="Variable 83 at method Application1#main():V local variable store(0); tree Storage" variableID="83" pinch="true" width="narrow" editable="true" id="e661" buzzsaw="false">
     <from>
      <noderef id="n752" port="0"/>
     </from>
     <to>
      <noderef id="n754" port="0"/>
     </to>
     <edge-layout>
      <point>
       <x>5.01389</x>
       <y>15.95833</y>
      </point>
      <point>
       <x>5.01389</x>
       <y>15.95833</y>
      </point>
      <point>
       <x>5.01389</x>
       <y>18.43056</y>
      </point>
      <point>
       <x>5.01389</x>
       <y>18.43056</y>
      </point>
     </edge-layout>
    </edge>
    <edge description="Variable 84 at method Application1#main():V creation 2; tree UserData" variableID="84" pinch="true" width="narrow" editable="true" id="e662" buzzsaw="false">
     <from>
      <noderef id="n753" port="0"/>
     </from>
     <to>
      <noderef id="n755" port="0"/>
     </to>
     <edge-layout>
      <point>
       <x>6.69444</x>
       <y>10.01389</y>
      </point>
      <point>
       <x>6.69444</x>
       <y>10.01389</y>
      </point>
      <point>
       <x>7.08333</x>
       <y>12.72222</y>
      </point>
      <point>
       <x>7.08333</x>
       <y>12.72222</y>
      </point>
     </edge-layout>
    </edge>
    <edge description="Variable 85 at method Application1#main():V creation 3; tree Server" variableID="85" pinch="true" width="narrow" editable="true" id="e663" buzzsaw="false">
     <from>
      <noderef id="n32" port="0"/>
     </from>
     <to>
      <noderef id="n756" port="0"/>
     </to>
     <edge-layout>
      <point>
       <x>1.66667</x>
       <y>3.29167</y>
      </point>
      <point>
       <x>1.66667</x>
       <y>3.29167</y>
      </point>
      <point>
       <x>1.66667</x>
       <y>5.76389</y>
      </point>
      <point>
       <x>1.66667</x>
       <y>5.76389</y>
      </point>
     </edge-layout>
    </edge>
    <edge description="Variable 85 at method Application1#main():V creation 3; tree Server" variableID="85" pinch="false" width="narrow" editable="true" id="e664" buzzsaw="false">
     <from>
      <noderef id="n756" port="0"/>
     </from>
     <to>
      <noderef id="n758" port="0"/>
     </to>
     <edge-layout>
      <point>
       <x>1.66667</x>
       <y>5.79167</y>
      </point>
      <point>
       <x>1.66667</x>
       <y>5.79167</y>
      </point>
      <point>
       <x>1.66667</x>
       <y>8.26389</y>
      </point>
      <point>
       <x>1.66667</x>
       <y>8.26389</y>
      </point>
     </edge-layout>
    </edge>
    <edge description="Variable 86 at method Application1#main():V local variable s(0); tree Server" variableID="86" pinch="false" width="narrow" editable="true" id="e665" buzzsaw="false">
     <from>
      <noderef id="n236" port="0"/>
     </from>
     <to>
      <noderef id="n757" port="0"/>
     </to>
     <edge-layout>
      <point>
       <x>2.86111</x>
       <y>7.04167</y>
      </point>
      <point>
       <x>2.86111</x>
       <y>7.04167</y>
      </point>
      <point>
       <x>2.59722</x>
       <y>9.98611</y>
      </point>
      <point>
       <x>2.59722</x>
       <y>9.98611</y>
      </point>
     </edge-layout>
    </edge>
    <edge description="Variable 85 at method Application1#main():V creation 3; tree Server" variableID="85" pinch="false" width="narrow" editable="true" id="e666" buzzsaw="false">
     <from>
      <noderef id="n758" port="1"/>
     </from>
     <to>
      <noderef id="n757" port="1"/>
     </to>
     <edge-layout>
      <point>
       <x>1.66667</x>
       <y>8.29167</y>
      </point>
      <point>
       <x>1.66667</x>
       <y>8.29167</y>
      </point>
      <point>
       <x>2.59722</x>
       <y>9.98611</y>
      </point>
      <point>
       <x>2.59722</x>
       <y>9.98611</y>
      </point>
     </edge-layout>
    </edge>
    <edge description="Variable 85 at method Application1#main():V creation 3; tree Server" variableID="85" pinch="true" width="narrow" editable="true" id="e667" buzzsaw="false">
     <from>
      <noderef id="n758" port="0"/>
     </from>
     <to>
      <noderef id="n759" port="0"/>
     </to>
     <edge-layout>
      <point>
       <x>1.66667</x>
       <y>8.29167</y>
      </point>
      <point>
       <x>1.66667</x>
       <y>8.29167</y>
      </point>
      <point>
       <x>1.38889</x>
       <y>11.23611</y>
      </point>
      <point>
       <x>1.38889</x>
       <y>11.23611</y>
      </point>
     </edge-layout>
    </edge>
    <edge description="Variable 86 at method Application1#main():V local variable s(0); tree Server" variableID="86" pinch="false" width="narrow" editable="true" id="e668" buzzsaw="false">
     <from>
      <noderef id="n757" port="0"/>
     </from>
     <to>
      <noderef id="n760" port="0"/>
     </to>
     <edge-layout>
      <point>
       <x>2.59722</x>
       <y>10.01389</y>
      </point>
      <point>
       <x>2.59722</x>
       <y>10.01389</y>
      </point>
      <point>
       <x>2.59722</x>
       <y>11.11667</y>
      </point>
      <point>
       <x>2.59722</x>
       <y>12.00000</y>
      </point>
     </edge-layout>
    </edge>
    <edge description="Variable 86 at method Application1#main():V local variable s(0); tree Server" variableID="86" pinch="false" width="narrow" editable="true" id="e669" buzzsaw="false">
     <from>
      <noderef id="n760" port="0"/>
     </from>
     <to>
      <noderef id="n761" port="0"/>
     </to>
     <edge-layout>
      <point>
       <x>2.59722</x>
       <y>13.47222</y>
      </point>
      <point>
       <x>2.59722</x>
       <y>14.56528</y>
      </point>
      <point>
       <x>2.59722</x>
       <y>15.93056</y>
      </point>
      <point>
       <x>2.59722</x>
       <y>15.93056</y>
      </point>
     </edge-layout>
    </edge>
    <edge description="Variable 86 at method Application1#main():V local variable s(0); tree Server" variableID="86" pinch="true" width="narrow" editable="true" id="e670" buzzsaw="false">
     <from>
      <noderef id="n761" port="0"/>
     </from>
     <to>
      <noderef id="n762" port="0"/>
     </to>
     <edge-layout>
      <point>
       <x>2.59722</x>
       <y>15.95833</y>
      </point>
      <point>
       <x>2.59722</x>
       <y>15.95833</y>
      </point>
      <point>
       <x>2.59722</x>
       <y>18.43056</y>
      </point>
      <point>
       <x>2.59722</x>
       <y>18.43056</y>
      </point>
     </edge-layout>
    </edge>
    <edge description="Variable 83 at method Application1#main():V local variable store(0); tree Storage" variableID="83" pinch="false" width="narrow" editable="true" id="e671" buzzsaw="false">
     <from>
      <noderef id="n754" port="0"/>
     </from>
     <to>
      <noderef id="n763" port="0"/>
     </to>
     <edge-layout>
      <point>
       <x>5.01389</x>
       <y>18.45833</y>
      </point>
      <point>
       <x>5.01389</x>
       <y>18.45833</y>
      </point>
      <point>
       <x>5.01389</x>
       <y>19.56111</y>
      </point>
      <point>
       <x>5.01389</x>
       <y>20.44444</y>
      </point>
     </edge-layout>
    </edge>
    <edge description="Variable 83 at method Application1#main():V local variable store(0); tree Storage" variableID="83" pinch="false" width="narrow" editable="true" id="e672" buzzsaw="false">
     <from>
      <noderef id="n763" port="0"/>
     </from>
     <to>
      <noderef id="n764" port="0"/>
     </to>
     <edge-layout>
      <point>
       <x>5.01389</x>
       <y>21.91667</y>
      </point>
      <point>
       <x>5.01389</x>
       <y>22.80000</y>
      </point>
      <point>
       <x>4.98611</x>
       <y>23.90278</y>
      </point>
      <point>
       <x>4.98611</x>
       <y>23.90278</y>
      </point>
     </edge-layout>
    </edge>
    <edge description="Variable 20 at method Storage#get():Ljava/lang/Object; return type; tree Object" variableID="20" pinch="false" width="narrow" editable="true" id="e673" buzzsaw="false">
     <from>
      <noderef id="n763" port="1"/>
     </from>
     <to>
      <noderef id="n765" port="0"/>
     </to>
     <edge-layout>
      <point>
       <x>6.01389</x>
       <y>21.91667</y>
      </point>
      <point>
       <x>6.01389</x>
       <y>22.80417</y>
      </point>
      <point>
       <x>6.22222</x>
       <y>23.90278</y>
      </point>
      <point>
       <x>6.22222</x>
       <y>23.90278</y>
      </point>
     </edge-layout>
    </edge>
    <edge description="Variable 83 at method Application1#main():V local variable store(0); tree Storage" variableID="83" pinch="true" width="narrow" editable="true" id="e674" buzzsaw="false">
     <from>
      <noderef id="n764" port="0"/>
     </from>
     <to>
      <noderef id="n766" port="0"/>
     </to>
     <edge-layout>
      <point>
       <x>4.98611</x>
       <y>23.93056</y>
      </point>
      <point>
       <x>4.98611</x>
       <y>23.93056</y>
      </point>
      <point>
       <x>4.95833</x>
       <y>26.40278</y>
      </point>
      <point>
       <x>4.95833</x>
       <y>26.40278</y>
      </point>
     </edge-layout>
    </edge>
    <edge description="Variable 20 at method Storage#get():Ljava/lang/Object; return type; tree Object" variableID="20" pinch="false" width="narrow" editable="true" id="e675" buzzsaw="false">
     <from>
      <noderef id="n765" port="0"/>
     </from>
     <to>
      <noderef id="n768" port="0"/>
     </to>
     <edge-layout>
      <point>
       <x>6.22222</x>
       <y>23.93056</y>
      </point>
      <point>
       <x>6.22222</x>
       <y>23.93056</y>
      </point>
      <point>
       <x>6.77778</x>
       <y>26.40278</y>
      </point>
      <point>
       <x>6.77778</x>
       <y>26.40278</y>
      </point>
     </edge-layout>
    </edge>
    <edge description="Variable 87 at method Application1#main():V local variable ud(0); tree Object" variableID="87" pinch="false" width="narrow" editable="true" id="e676" buzzsaw="false">
     <from>
      <noderef id="n128" port="0"/>
     </from>
     <to>
      <noderef id="n767" port="0"/>
     </to>
     <edge-layout>
      <point>
       <x>8.09722</x>
       <y>7.04167</y>
      </point>
      <point>
       <x>8.09722</x>
       <y>7.04167</y>
      </point>
      <point>
       <x>8.09722</x>
       <y>8.19861</y>
      </point>
      <point>
       <x>8.09722</x>
       <y>9.12500</y>
      </point>
      <point>
       <x>8.09722</x>
       <y>9.12500</y>
      </point>
      <point>
       <x>8.09722</x>
       <y>9.12500</y>
      </point>
      <point>
       <x>8.09722</x>
       <y>26.43056</y>
      </point>
      <point>
       <x>8.09722</x>
       <y>27.64000</y>
      </point>
      <point>
       <x>7.83333</x>
       <y>29.13889</y>
      </point>
      <point>
       <x>7.83333</x>
       <y>29.13889</y>
      </point>
     </edge-layout>
    </edge>
    <edge description="Variable 20 at method Storage#get():Ljava/lang/Object; return type; tree Object" variableID="20" pinch="false" width="narrow" editable="true" id="e677" buzzsaw="false">
     <from>
      <noderef id="n768" port="1"/>
     </from>
     <to>
      <noderef id="n767" port="1"/>
     </to>
     <edge-layout>
      <point>
       <x>6.77778</x>
       <y>26.43056</y>
      </point>
      <point>
       <x>6.77778</x>
       <y>26.43056</y>
      </point>
      <point>
       <x>7.83333</x>
       <y>29.13889</y>
      </point>
      <point>
       <x>7.83333</x>
       <y>29.13889</y>
      </point>
     </edge-layout>
    </edge>
    <edge description="Variable 83 at method Application1#main():V local variable store(0); tree Storage" variableID="83" pinch="false" width="narrow" editable="true" id="e678" buzzsaw="false">
     <from>
      <noderef id="n766" port="0"/>
     </from>
     <to>
      <noderef id="n769" port="0"/>
     </to>
     <edge-layout>
      <point>
       <x>4.95833</x>
       <y>26.43056</y>
      </point>
      <point>
       <x>4.95833</x>
       <y>26.43056</y>
      </point>
      <point>
       <x>4.95833</x>
       <y>27.53389</y>
      </point>
      <point>
       <x>4.95833</x>
       <y>28.41667</y>
      </point>
     </edge-layout>
    </edge>
    <edge description="Variable 83 at method Application1#main():V local variable store(0); tree Storage" variableID="83" pinch="false" width="narrow" editable="true" id="e679" buzzsaw="false">
     <from>
      <noderef id="n769" port="0"/>
     </from>
     <to>
      <noderef id="n770" port="0"/>
     </to>
     <edge-layout>
      <point>
       <x>4.95833</x>
       <y>29.88889</y>
      </point>
      <point>
       <x>4.95833</x>
       <y>30.42597</y>
      </point>
      <point>
       <x>4.95833</x>
       <y>31.09722</y>
      </point>
      <point>
       <x>4.95833</x>
       <y>31.09722</y>
      </point>
     </edge-layout>
    </edge>
    <edge description="Variable 20 at method Storage#get():Ljava/lang/Object; return type; tree Object" variableID="20" pinch="false" width="narrow" editable="true" id="e680" buzzsaw="false">
     <from>
      <noderef id="n769" port="1"/>
     </from>
     <to>
      <noderef id="n771" port="0"/>
     </to>
     <edge-layout>
      <point>
       <x>5.95833</x>
       <y>29.88889</y>
      </point>
      <point>
       <x>5.95833</x>
       <y>30.44764</y>
      </point>
      <point>
       <x>6.30556</x>
       <y>31.09722</y>
      </point>
      <point>
       <x>6.30556</x>
       <y>31.09722</y>
      </point>
     </edge-layout>
    </edge>
    <edge description="Variable 20 at method Storage#get():Ljava/lang/Object; return type; tree Object" variableID="20" pinch="false" width="narrow" editable="true" id="e681" buzzsaw="false">
     <from>
      <noderef id="n768" port="0"/>
     </from>
     <to>
      <noderef id="n771" port="1"/>
     </to>
     <edge-layout>
      <point>
       <x>6.77778</x>
       <y>26.43056</y>
      </point>
      <point>
       <x>6.77778</x>
       <y>26.43056</y>
      </point>
      <point>
       <x>6.64556</x>
       <y>28.35569</y>
      </point>
      <point>
       <x>6.47222</x>
       <y>29.88889</y>
      </point>
      <point>
       <x>6.41125</x>
       <y>30.42764</y>
      </point>
      <point>
       <x>6.30556</x>
       <y>31.09722</y>
      </point>
      <point>
       <x>6.30556</x>
       <y>31.09722</y>
      </point>
     </edge-layout>
    </edge>
    <edge description="Variable 83 at method Application1#main():V local variable store(0); tree Storage" variableID="83" pinch="true" width="narrow" editable="true" id="e682" buzzsaw="false">
     <from>
      <noderef id="n770" port="0"/>
     </from>
     <to>
      <noderef id="n772" port="0"/>
     </to>
     <edge-layout>
      <point>
       <x>4.95833</x>
       <y>31.12500</y>
      </point>
      <point>
       <x>4.95833</x>
       <y>31.12500</y>
      </point>
      <point>
       <x>4.95833</x>
       <y>33.59722</y>
      </point>
      <point>
       <x>4.95833</x>
       <y>33.59722</y>
      </point>
     </edge-layout>
    </edge>
    <edge description="Variable 87 at method Application1#main():V local variable ud(0); tree Object" variableID="87" pinch="true" width="narrow" editable="true" id="e683" buzzsaw="false">
     <from>
      <noderef id="n767" port="0"/>
     </from>
     <to>
      <noderef id="n773" port="0"/>
     </to>
     <edge-layout>
      <point>
       <x>7.83333</x>
       <y>29.16667</y>
      </point>
      <point>
       <x>7.83333</x>
       <y>29.16667</y>
      </point>
      <point>
       <x>7.83333</x>
       <y>32.34722</y>
      </point>
      <point>
       <x>7.83333</x>
       <y>32.34722</y>
      </point>
     </edge-layout>
    </edge>
    <edge description="Variable 87 at method Application1#main():V local variable ud(0); tree Object" variableID="87" pinch="false" width="narrow" editable="true" id="e697" buzzsaw="false">
     <from>
      <noderef id="n773" port="0"/>
     </from>
     <to>
      <noderef id="n787" port="0"/>
     </to>
     <edge-layout>
      <point>
       <x>7.83333</x>
       <y>32.37500</y>
      </point>
      <point>
       <x>7.83333</x>
       <y>32.37500</y>
      </point>
      <point>
       <x>7.83333</x>
       <y>34.84722</y>
      </point>
      <point>
       <x>7.83333</x>
       <y>34.84722</y>
      </point>
     </edge-layout>
    </edge>
    <edge description="Variable 20 at method Storage#get():Ljava/lang/Object; return type; tree Object" variableID="20" pinch="false" width="narrow" editable="true" id="e699" buzzsaw="false">
     <from>
      <noderef id="n771" port="0"/>
     </from>
     <to>
      <noderef id="n789" port="0"/>
     </to>
     <edge-layout>
      <point>
       <x>6.30556</x>
       <y>31.12500</y>
      </point>
      <point>
       <x>6.30556</x>
       <y>31.12500</y>
      </point>
      <point>
       <x>6.30556</x>
       <y>34.84722</y>
      </point>
      <point>
       <x>6.30556</x>
       <y>34.84722</y>
      </point>
     </edge-layout>
    </edge>
    <edge description="Variable 83 at method Application1#main():V local variable store(0); tree Storage" variableID="83" pinch="false" width="narrow" editable="true" id="e722" buzzsaw="false">
     <from>
      <noderef id="n772" port="0"/>
     </from>
     <to>
      <noderef id="n812" port="0"/>
     </to>
     <edge-layout>
      <point>
       <x>4.95833</x>
       <y>33.62500</y>
      </point>
      <point>
       <x>4.95833</x>
       <y>33.62500</y>
      </point>
      <point>
       <x>4.95833</x>
       <y>36.09722</y>
      </point>
      <point>
       <x>4.95833</x>
       <y>36.09722</y>
      </point>
     </edge-layout>
    </edge>
    <edge description="Variable 82 at method Application1#main():V creation 1; tree Storage" variableID="82" pinch="false" width="narrow" editable="true" id="e777" buzzsaw="false">
     <from>
      <noderef id="n750" port="0"/>
     </from>
     <to>
      <noderef id="n867" port="0"/>
     </to>
     <edge-layout>
      <point>
       <x>3.68056</x>
       <y>10.01389</y>
      </point>
      <point>
       <x>3.68056</x>
       <y>10.01389</y>
      </point>
      <point>
       <x>3.68056</x>
       <y>14.44444</y>
      </point>
      <point>
       <x>3.68056</x>
       <y>14.44444</y>
      </point>
     </edge-layout>
    </edge>
    <edge description="Variable 85 at method Application1#main():V creation 3; tree Server" variableID="85" pinch="false" width="narrow" editable="true" id="e778" buzzsaw="false">
     <from>
      <noderef id="n759" port="0"/>
     </from>
     <to>
      <noderef id="n868" port="0"/>
     </to>
     <edge-layout>
      <point>
       <x>1.38889</x>
       <y>11.26389</y>
      </point>
      <point>
       <x>1.38889</x>
       <y>11.26389</y>
      </point>
      <point>
       <x>1.38889</x>
       <y>19.68056</y>
      </point>
      <point>
       <x>1.38889</x>
       <y>19.68056</y>
      </point>
     </edge-layout>
    </edge>
    <edge description="Variable 84 at method Application1#main():V creation 2; tree UserData" variableID="84" pinch="false" width="narrow" editable="true" id="e783" buzzsaw="false">
     <from>
      <noderef id="n755" port="0"/>
     </from>
     <to>
      <noderef id="n873" port="0"/>
     </to>
     <edge-layout>
      <point>
       <x>7.08333</x>
       <y>12.75000</y>
      </point>
      <point>
       <x>7.08333</x>
       <y>12.75000</y>
      </point>
      <point>
       <x>7.08333</x>
       <y>17.18056</y>
      </point>
      <point>
       <x>7.08333</x>
       <y>17.18056</y>
      </point>
     </edge-layout>
    </edge>
    <edge description="Variable 81 at method Application1#main():V local variable sc(0); tree Scribble" variableID="81" pinch="false" width="narrow" editable="true" id="e784" buzzsaw="false">
     <from>
      <noderef id="n746" port="0"/>
     </from>
     <to>
      <noderef id="n874" port="0"/>
     </to>
     <edge-layout>
      <point>
       <x>10.25000</x>
       <y>19.70833</y>
      </point>
      <point>
       <x>10.25000</x>
       <y>19.70833</y>
      </point>
      <point>
       <x>10.25000</x>
       <y>25.15278</y>
      </point>
      <point>
       <x>10.25000</x>
       <y>25.15278</y>
      </point>
     </edge-layout>
    </edge>
    <edge description="Variable 86 at method Application1#main():V local variable s(0); tree Server" variableID="86" pinch="false" width="narrow" editable="true" id="e791" buzzsaw="false">
     <from>
      <noderef id="n762" port="0"/>
     </from>
     <to>
      <noderef id="n881" port="0"/>
     </to>
     <edge-layout>
      <point>
       <x>2.59722</x>
       <y>18.45833</y>
      </point>
      <point>
       <x>2.59722</x>
       <y>18.45833</y>
      </point>
      <point>
       <x>2.59722</x>
       <y>22.65278</y>
      </point>
      <point>
       <x>2.59722</x>
       <y>22.65278</y>
      </point>
     </edge-layout>
    </edge>
    <edge description="Variable 80 at method Application1#main():V creation 0; tree Scribble" variableID="80" pinch="false" width="narrow" editable="true" id="e796" buzzsaw="false">
     <from>
      <noderef id="n743" port="0"/>
     </from>
     <to>
      <noderef id="n886" port="0"/>
     </to>
     <edge-layout>
      <point>
       <x>8.98611</x>
       <y>10.01389</y>
      </point>
      <point>
       <x>8.98611</x>
       <y>10.01389</y>
      </point>
      <point>
       <x>8.98611</x>
       <y>11.51806</y>
      </point>
      <point>
       <x>8.98611</x>
       <y>12.72222</y>
      </point>
      <point>
       <x>8.98611</x>
       <y>12.72222</y>
      </point>
      <point>
       <x>8.98611</x>
       <y>12.72222</y>
      </point>
      <point>
       <x>8.98611</x>
       <y>25.18056</y>
      </point>
      <point>
       <x>8.98611</x>
       <y>26.27931</y>
      </point>
      <point>
       <x>8.98611</x>
       <y>27.65278</y>
      </point>
      <point>
       <x>8.98611</x>
       <y>27.65278</y>
      </point>
     </edge-layout>
    </edge>
    <edge description="this" variableID="-1" pinch="false" width="narrow" editable="false" id="e824" buzzsaw="false">
     <from>
      <noderef id="n30" port="0"/>
     </from>
     <to>
      <noderef id="n29" port="0"/>
     </to>
     <edge-layout>
      <point>
       <x>0.50000</x>
       <y>4.54167</y>
      </point>
      <point>
       <x>0.50000</x>
       <y>4.54167</y>
      </point>
      <point>
       <x>0.50000</x>
       <y>5.91528</y>
      </point>
      <point>
       <x>0.50000</x>
       <y>7.01389</y>
      </point>
      <point>
       <x>0.50000</x>
       <y>7.01389</y>
      </point>
      <point>
       <x>0.50000</x>
       <y>7.01389</y>
      </point>
      <point>
       <x>0.50000</x>
       <y>34.87500</y>
      </point>
      <point>
       <x>0.50000</x>
       <y>35.75778</y>
      </point>
      <point>
       <x>0.50000</x>
       <y>35.97833</y>
      </point>
      <point>
       <x>0.50000</x>
       <y>36.86111</y>
      </point>
     </edge-layout>
    </edge>
   </board>
  </boards>
 </level>
 </world>
