<?xml version="1.0" ?>
<graph id="world">
  <level id="UserData">
    <box id="UserData2" width="narrow" editable="true"/>
    <box id="UserData3" width="narrow" editable="false"/>
    <box id="UserData0" width="narrow" editable="true"/>
    <box id="UserData1" width="narrow" editable="true"/>
    <box id="UserData6" width="narrow" editable="false"/>
    <box id="UserData24" width="narrow" editable="false"/>
    <box id="UserData27" width="narrow" editable="false"/>
    <box id="UserData5" width="narrow" editable="false"/>
    <box id="UserData29" width="narrow" editable="false"/>
    <box id="UserData26" width="narrow" editable="false"/>
    <box id="UserData13" width="narrow" editable="false"/>
    <box id="UserData18" width="narrow" editable="false"/>
    <box id="UserData21" width="narrow" editable="false"/>
    <box id="UserData20" width="narrow" editable="false"/>
    <box id="UserData32" width="narrow" editable="false"/>
    <box id="UserData17" width="narrow" editable="false"/>
    <box id="UserData14" width="narrow" editable="false"/>
    <box id="UserData35" width="narrow" editable="false"/>
    <box id="UserData23" width="narrow" editable="false"/>
  </level>
</graph>