<graph id="world">
  <level id="Application">
    <box height="1.01" id="Application0" lines="5" width="5.0" x="7.33" y="2.54"/>
    <box height="1.01" id="Application1" lines="6" width="6.0" x="17.93" y="2.54"/>
    <box height="1.01" id="Application2" lines="12" width="12.0" x="29.68" y="6.6"/>
    <box height="1.01" id="Application3" lines="4" width="4.0" x="39.76" y="4.57"/>
    <box height="1.01" id="Application4" lines="6" width="6.0" x="49.54" y="4.57"/>
    <box height="1.01" id="Application5" lines="1" width="1.0" x="0.54" y="2.54"/>
    <box height="1.01" id="Application39" lines="1" width="1.0" x="0.51" y="6.6"/>
    <box height="1.01" id="EXT__Storage-set-Ljava-lang-Object---V__XIN__0" lines="1" width="1.0" x="22.43" y="10.16"/>
    <box height="1.01" id="EXT__Storage-set-Ljava-lang-Object---V__XIN__1" lines="1" width="1.0" x="4.51" y="6.6"/>
    <box height="1.01" id="EXT__Storage-set-Ljava-lang-Object---V__XOUT__0" lines="1" width="1.0" x="29.54" y="2.54"/>
    <box height="1.01" id="EXT__Storage-get---Ljava-lang-Object-__XIN__0" lines="2" width="2.0" x="31.43" y="10.16"/>
    <box height="1.01" id="EXT__Storage-get---Ljava-lang-Object-__XOUT__0" lines="2" width="2.0" x="32.64" y="2.54"/>
    <box height="1.01" id="EXT__Storage-get---Ljava-lang-Object-__XOUT__1" lines="2" width="2.0" x="48.78" y="0.52"/>
    <joint height="0.51" id="n138__OUT__0" inputs="0" outputs="1" width="1.0" x="0.56" y="0.52"/>
    <joint height="0.51" id="n139__IN__0" inputs="1" outputs="0" width="1.0" x="0.5" y="8.38"/>
    <joint height="0.51" id="n140" inputs="1" outputs="1" width="1.0" x="0.53" y="4.57"/>
    <joint height="0.51" id="n141" inputs="0" outputs="1" width="1.0" x="5.86" y="0.52"/>
    <joint height="0.51" id="n142" inputs="1" outputs="1" width="1.0" x="2.53" y="4.57"/>
    <joint height="0.51" id="n148" inputs="0" outputs="1" width="1.0" x="16.01" y="0.52"/>
    <joint height="0.51" id="n149" inputs="1" outputs="1" width="1.0" x="13.53" y="4.57"/>
    <joint height="0.51" id="n207" inputs="0" outputs="1" width="1.0" x="22.53" y="4.57"/>
    <joint height="0.51" id="n208" inputs="1" outputs="1" width="1.0" x="20.44" y="8.38"/>
    <joint height="0.51" id="n257" inputs="0" outputs="1" width="1.0" x="38.74" y="2.54"/>
    <joint height="0.51" id="n258" inputs="1" outputs="1" width="1.0" x="37.18" y="6.6"/>
    <joint height="0.51" id="n473" inputs="1" outputs="1" width="1.0" x="15.53" y="4.57"/>
    <joint height="0.51" id="n474" inputs="2" outputs="1" width="2.0" x="25.03" y="4.57"/>
    <joint height="0.51" id="n475" inputs="1" outputs="2" width="2.0" x="18.03" y="4.57"/>
    <joint height="0.51" id="n476" inputs="1" outputs="1" width="1.0" x="20.53" y="4.57"/>
    <joint height="0.51" id="n477__IN__0" inputs="1" outputs="1" width="1.0" x="22.44" y="8.38"/>
    <joint height="0.51" id="n477__IN__1" inputs="1" outputs="1" width="1.0" x="4.53" y="4.57"/>
    <joint height="0.51" id="n477__OUT__0" inputs="1" outputs="1" width="1.0" x="29.53" y="4.57"/>
    <joint height="0.51" id="n478" inputs="1" outputs="1" width="1.0" x="24.44" y="8.38"/>
    <joint height="0.51" id="n479" inputs="1" outputs="2" width="2.0" x="7.03" y="4.57"/>
    <joint height="0.51" id="n480" inputs="1" outputs="1" width="1.0" x="26.44" y="8.38"/>
    <joint height="0.51" id="n481" inputs="1" outputs="1" width="1.0" x="9.53" y="4.57"/>
    <joint height="0.51" id="n482__IN__0" inputs="1" outputs="1" width="1.0" x="28.44" y="8.38"/>
    <joint height="0.51" id="n482__OUT__0" inputs="1" outputs="1" width="1.0" x="31.53" y="4.57"/>
    <joint height="0.51" id="n482__OUT__1" inputs="1" outputs="1" width="1.0" x="47.71" y="2.54"/>
    <joint height="0.51" id="n483" inputs="1" outputs="1" width="1.0" x="30.44" y="8.38"/>
    <joint height="0.51" id="n484" inputs="1" outputs="1" width="1.0" x="46.18" y="6.6"/>
    <joint height="0.51" id="n485" inputs="1" outputs="1" width="1.0" x="32.44" y="8.38"/>
    <joint height="0.51" id="n486" inputs="2" outputs="1" width="2.0" x="39.68" y="6.6"/>
    <joint height="0.51" id="n487" inputs="1" outputs="2" width="2.0" x="48.68" y="6.6"/>
    <joint height="0.51" id="n488__IN__0" inputs="1" outputs="1" width="1.0" x="34.44" y="8.38"/>
    <joint height="0.51" id="n488__OUT__0" inputs="1" outputs="1" width="1.0" x="33.53" y="4.57"/>
    <joint height="0.51" id="n488__OUT__1" inputs="1" outputs="1" width="1.0" x="49.86" y="2.54"/>
    <joint height="0.51" id="n489" inputs="1" outputs="1" width="1.0" x="36.44" y="8.38"/>
    <joint height="0.51" id="n490" inputs="2" outputs="1" width="2.0" x="51.68" y="6.6"/>
    <joint height="0.51" id="n491" inputs="1" outputs="1" width="1.0" x="38.44" y="8.38"/>
    <joint height="0.51" id="n492" inputs="1" outputs="1" width="1.0" x="42.18" y="6.6"/>
    <joint height="0.51" id="n779" inputs="1" outputs="0" width="1.0" x="54.18" y="6.6"/>
    <joint height="0.51" id="n781" inputs="1" outputs="0" width="1.0" x="11.53" y="4.57"/>
    <joint height="0.51" id="n782" inputs="1" outputs="0" width="1.0" x="44.18" y="6.6"/>
    <joint height="0.51" id="n832" inputs="1" outputs="0" width="1.0" x="40.44" y="8.38"/>
    <joint height="0.51" id="n883" inputs="1" outputs="0" width="1.0" x="27.53" y="4.57"/>
    <line id="e67__IN__">
      <fromjoint id="n138__OUT__0" port="0"/>
      <tobox id="Application5" port="0"/>
    <point x="0.54" y="0.78"/><point x="0.54" y="2.03"/></line>
    <line id="e67__OUT__">
      <frombox id="Application5" port="0"/>
      <tojoint id="n140" port="0"/>
    <point x="0.54" y="3.06"/><point x="0.53" y="4.31"/></line>
    <line id="e68__IN__">
      <fromjoint id="n141" port="0"/>
      <tobox id="Application0" port="0"/>
    <point x="5.85" y="0.78"/><point x="5.85" y="2.03"/></line>
    <line id="e68__OUT__">
      <frombox id="Application0" port="0"/>
      <tojoint id="n142" port="0"/>
    <point x="5.85" y="3.06"/><point x="2.53" y="4.31"/></line>
    <line id="e72__IN__">
      <fromjoint id="n148" port="0"/>
      <tobox id="Application1" port="0"/>
    <point x="16.0" y="0.78"/><point x="16.0" y="2.03"/></line>
    <line id="e72__OUT__">
      <frombox id="Application1" port="0"/>
      <tojoint id="n149" port="0"/>
    <point x="16.0" y="3.06"/><point x="13.53" y="4.31"/></line>
    <line id="e102__IN__">
      <fromjoint id="n207" port="0"/>
      <tobox id="Application2" port="0"/>
    <point x="22.51" y="4.84"/><point x="24.88" y="6.09"/></line>
    <line id="e102__OUT__">
      <frombox id="Application2" port="0"/>
      <tojoint id="n208" port="0"/>
    <point x="24.88" y="7.11"/><point x="20.44" y="8.11"/></line>
    <line id="e129__IN__">
      <fromjoint id="n257" port="0"/>
      <tobox id="Application3" port="0"/>
    <point x="38.72" y="2.81"/><point x="38.72" y="4.06"/></line>
    <line id="e129__OUT__">
      <frombox id="Application3" port="0"/>
      <tojoint id="n258" port="0"/>
    <point x="38.72" y="5.09"/><point x="37.18" y="6.34"/></line>
    <line id="e337__IN__">
      <fromjoint id="n149" port="0"/>
      <tobox id="Application1" port="1"/>
    <point x="13.51" y="4.84"/><point x="16.76" y="2.03"/></line>
    <line id="e337__OUT__">
      <frombox id="Application1" port="1"/>
      <tojoint id="n473" port="0"/>
    <point x="16.76" y="3.06"/><point x="15.53" y="4.31"/></line>
    <line id="e338__IN__">
      <fromjoint id="n473" port="0"/>
      <tobox id="Application1" port="2"/>
    <point x="15.51" y="4.84"/><point x="17.54" y="2.03"/></line>
    <line id="e338__OUT__">
      <frombox id="Application1" port="2"/>
      <tojoint id="n475" port="0"/>
    <point x="17.54" y="3.06"/><point x="18.03" y="4.31"/></line>
    <line id="e339__IN__">
      <fromjoint id="n208" port="0"/>
      <tobox id="Application2" port="1"/>
    <point x="20.43" y="8.64"/><point x="25.72" y="6.09"/></line>
    <line id="e339__OUT__">
      <frombox id="Application2" port="1"/>
      <tojoint id="n474" port="0"/>
    <point x="25.72" y="7.11"/><point x="24.75" y="4.31"/></line>
    <line id="e340__IN__">
      <fromjoint id="n475" port="1"/>
      <tobox id="Application1" port="3"/>
    <point x="18.32" y="4.84"/><point x="18.32" y="2.03"/></line>
    <line id="e340__OUT__">
      <frombox id="Application1" port="3"/>
      <tojoint id="n474" port="1"/>
    <point x="18.32" y="3.06"/><point x="25.31" y="4.31"/></line>
    <line id="e341__IN__">
      <fromjoint id="n475" port="0"/>
      <tobox id="Application1" port="4"/>
    <point x="17.74" y="4.84"/><point x="19.08" y="2.03"/></line>
    <line id="e341__OUT__">
      <frombox id="Application1" port="4"/>
      <tojoint id="n476" port="0"/>
    <point x="19.08" y="3.06"/><point x="20.53" y="4.31"/></line>
    <line id="e342__IN__">
      <fromjoint id="n474" port="0"/>
      <tobox id="Application2" port="2"/>
    <point x="25.01" y="4.84"/><point x="26.58" y="6.09"/></line>
    <line id="e342__OUT__">
      <frombox id="Application2" port="2"/>
      <tojoint id="n477__IN__0" port="0"/>
    <point x="26.58" y="7.11"/><point x="22.44" y="8.11"/></line>
    <line id="e343__IN__">
      <fromjoint id="n477__OUT__0" port="0"/>
      <tobox id="Application2" port="3"/>
    <point x="29.51" y="4.84"/><point x="27.43" y="6.09"/></line>
    <line id="e343__OUT__">
      <frombox id="Application2" port="3"/>
      <tojoint id="n478" port="0"/>
    <point x="27.43" y="7.11"/><point x="24.44" y="8.11"/></line>
    <line id="e344__IN__">
      <fromjoint id="n142" port="0"/>
      <tobox id="Application0" port="1"/>
    <point x="2.51" y="4.84"/><point x="6.58" y="2.03"/></line>
    <line id="e344__OUT__">
      <frombox id="Application0" port="1"/>
      <tojoint id="n479" port="0"/>
    <point x="6.58" y="3.06"/><point x="7.03" y="4.31"/></line>
    <line id="e345__IN__">
      <fromjoint id="n479" port="1"/>
      <tobox id="Application0" port="2"/>
    <point x="7.32" y="4.84"/><point x="7.32" y="2.03"/></line>
    <line id="e345__OUT__">
      <frombox id="Application0" port="2"/>
      <tojoint id="n477__IN__1" port="0"/>
    <point x="7.32" y="3.06"/><point x="4.53" y="4.31"/></line>
    <line id="e346__IN__">
      <fromjoint id="n478" port="0"/>
      <tobox id="Application2" port="4"/>
    <point x="24.43" y="8.64"/><point x="28.29" y="6.09"/></line>
    <line id="e346__OUT__">
      <frombox id="Application2" port="4"/>
      <tojoint id="n480" port="0"/>
    <point x="28.29" y="7.11"/><point x="26.44" y="8.11"/></line>
    <line id="e347__IN__">
      <fromjoint id="n479" port="0"/>
      <tobox id="Application0" port="3"/>
    <point x="6.74" y="4.84"/><point x="8.07" y="2.03"/></line>
    <line id="e347__OUT__">
      <frombox id="Application0" port="3"/>
      <tojoint id="n481" port="0"/>
    <point x="8.07" y="3.06"/><point x="9.53" y="4.31"/></line>
    <line id="e348__IN__">
      <fromjoint id="n480" port="0"/>
      <tobox id="Application2" port="5"/>
    <point x="26.43" y="8.64"/><point x="29.15" y="6.09"/></line>
    <line id="e348__OUT__">
      <frombox id="Application2" port="5"/>
      <tojoint id="n482__IN__0" port="0"/>
    <point x="29.15" y="7.11"/><point x="28.44" y="8.11"/></line>
    <line id="e349__IN__">
      <fromjoint id="n482__OUT__0" port="0"/>
      <tobox id="Application2" port="6"/>
    <point x="31.51" y="4.84"/><point x="30.01" y="6.09"/></line>
    <line id="e349__OUT__">
      <frombox id="Application2" port="6"/>
      <tojoint id="n483" port="0"/>
    <point x="30.01" y="7.11"/><point x="30.44" y="8.11"/></line>
    <line id="e350__IN__">
      <fromjoint id="n482__OUT__1" port="0"/>
      <tobox id="Application4" port="0"/>
    <point x="47.69" y="2.81"/><point x="47.61" y="4.06"/></line>
    <line id="e350__OUT__">
      <frombox id="Application4" port="0"/>
      <tojoint id="n484" port="0"/>
    <point x="47.61" y="5.09"/><point x="46.18" y="6.34"/></line>
    <line id="e351__IN__">
      <fromjoint id="n483" port="0"/>
      <tobox id="Application2" port="7"/>
    <point x="30.43" y="8.64"/><point x="30.86" y="6.09"/></line>
    <line id="e351__OUT__">
      <frombox id="Application2" port="7"/>
      <tojoint id="n485" port="0"/>
    <point x="30.86" y="7.11"/><point x="32.44" y="8.11"/></line>
    <line id="e352__IN__">
      <fromjoint id="n484" port="0"/>
      <tobox id="Application4" port="1"/>
    <point x="46.17" y="6.86"/><point x="48.38" y="4.06"/></line>
    <line id="e352__OUT__">
      <frombox id="Application4" port="1"/>
      <tojoint id="n487" port="0"/>
    <point x="48.38" y="5.09"/><point x="48.68" y="6.34"/></line>
    <line id="e353__IN__">
      <fromjoint id="n258" port="0"/>
      <tobox id="Application3" port="1"/>
    <point x="37.17" y="6.86"/><point x="39.42" y="4.06"/></line>
    <line id="e353__OUT__">
      <frombox id="Application3" port="1"/>
      <tojoint id="n486" port="0"/>
    <point x="39.42" y="5.09"/><point x="39.4" y="6.34"/></line>
    <line id="e354__IN__">
      <fromjoint id="n487" port="1"/>
      <tobox id="Application4" port="2"/>
    <point x="48.97" y="6.86"/><point x="49.15" y="4.06"/></line>
    <line id="e354__OUT__">
      <frombox id="Application4" port="2"/>
      <tojoint id="n486" port="1"/>
    <point x="49.15" y="5.09"/><point x="39.96" y="6.34"/></line>
    <line id="e355__IN__">
      <fromjoint id="n485" port="0"/>
      <tobox id="Application2" port="8"/>
    <point x="32.43" y="8.64"/><point x="31.72" y="6.09"/></line>
    <line id="e355__OUT__">
      <frombox id="Application2" port="8"/>
      <tojoint id="n488__IN__0" port="0"/>
    <point x="31.72" y="7.11"/><point x="34.44" y="8.11"/></line>
    <line id="e356__IN__">
      <fromjoint id="n488__OUT__0" port="0"/>
      <tobox id="Application2" port="9"/>
    <point x="33.51" y="4.84"/><point x="32.57" y="6.09"/></line>
    <line id="e356__OUT__">
      <frombox id="Application2" port="9"/>
      <tojoint id="n489" port="0"/>
    <point x="32.57" y="7.11"/><point x="36.44" y="8.11"/></line>
    <line id="e357__IN__">
      <fromjoint id="n488__OUT__1" port="0"/>
      <tobox id="Application4" port="3"/>
    <point x="49.85" y="2.81"/><point x="49.93" y="4.06"/></line>
    <line id="e357__OUT__">
      <frombox id="Application4" port="3"/>
      <tojoint id="n490" port="0"/>
    <point x="49.93" y="5.09"/><point x="51.4" y="6.34"/></line>
    <line id="e358__IN__">
      <fromjoint id="n487" port="0"/>
      <tobox id="Application4" port="4"/>
    <point x="48.39" y="6.86"/><point x="50.69" y="4.06"/></line>
    <line id="e358__OUT__">
      <frombox id="Application4" port="4"/>
      <tojoint id="n490" port="1"/>
    <point x="50.69" y="5.09"/><point x="51.96" y="6.34"/></line>
    <line id="e359__IN__">
      <fromjoint id="n489" port="0"/>
      <tobox id="Application2" port="10"/>
    <point x="36.43" y="8.64"/><point x="33.47" y="6.09"/></line>
    <line id="e359__OUT__">
      <frombox id="Application2" port="10"/>
      <tojoint id="n491" port="0"/>
    <point x="33.47" y="7.11"/><point x="38.44" y="8.11"/></line>
    <line id="e360__IN__">
      <fromjoint id="n486" port="0"/>
      <tobox id="Application3" port="2"/>
    <point x="39.67" y="6.86"/><point x="40.11" y="4.06"/></line>
    <line id="e360__OUT__">
      <frombox id="Application3" port="2"/>
      <tojoint id="n492" port="0"/>
    <point x="40.11" y="5.09"/><point x="42.18" y="6.34"/></line>
    <line id="e689__IN__">
      <fromjoint id="n490" port="0"/>
      <tobox id="Application4" port="5"/>
    <point x="51.67" y="6.86"/><point x="51.47" y="4.06"/></line>
    <line id="e689__OUT__">
      <frombox id="Application4" port="5"/>
      <tojoint id="n779" port="0"/>
    <point x="51.47" y="5.09"/><point x="54.18" y="6.34"/></line>
    <line id="e691__IN__">
      <fromjoint id="n481" port="0"/>
      <tobox id="Application0" port="4"/>
    <point x="9.51" y="4.84"/><point x="8.81" y="2.03"/></line>
    <line id="e691__OUT__">
      <frombox id="Application0" port="4"/>
      <tojoint id="n781" port="0"/>
    <point x="8.81" y="3.06"/><point x="11.53" y="4.31"/></line>
    <line id="e692__IN__">
      <fromjoint id="n492" port="0"/>
      <tobox id="Application3" port="3"/>
    <point x="42.17" y="6.86"/><point x="40.81" y="4.06"/></line>
    <line id="e692__OUT__">
      <frombox id="Application3" port="3"/>
      <tojoint id="n782" port="0"/>
    <point x="40.81" y="5.09"/><point x="44.18" y="6.34"/></line>
    <line id="e742__IN__">
      <fromjoint id="n491" port="0"/>
      <tobox id="Application2" port="11"/>
    <point x="38.43" y="8.64"/><point x="34.43" y="6.09"/></line>
    <line id="e742__OUT__">
      <frombox id="Application2" port="11"/>
      <tojoint id="n832" port="0"/>
    <point x="34.43" y="7.11"/><point x="40.44" y="8.11"/></line>
    <line id="e793__IN__">
      <fromjoint id="n476" port="0"/>
      <tobox id="Application1" port="5"/>
    <point x="20.51" y="4.84"/><point x="19.86" y="2.03"/></line>
    <line id="e793__OUT__">
      <frombox id="Application1" port="5"/>
      <tojoint id="n883" port="0"/>
    <point x="19.86" y="3.06"/><point x="27.53" y="4.31"/></line>
    <line id="e800__IN__">
      <fromjoint id="n140" port="0"/>
      <tobox id="Application39" port="0"/>
    <point x="0.51" y="4.84"/><point x="0.51" y="6.09"/></line>
    <line id="e800__OUT__">
      <frombox id="Application39" port="0"/>
      <tojoint id="n139__IN__0" port="0"/>
    <point x="0.51" y="7.11"/><point x="0.5" y="8.11"/></line>
    <line id="e342__OUT__CPY">
      <fromjoint id="n477__IN__0" port="0"/>
      <tobox id="EXT__Storage-set-Ljava-lang-Object---V__XIN__0" port="0"/>
    <point x="22.43" y="8.64"/><point x="22.43" y="9.64"/></line>
    <line id="e345__OUT__CPY">
      <fromjoint id="n477__IN__1" port="0"/>
      <tobox id="EXT__Storage-set-Ljava-lang-Object---V__XIN__1" port="0"/>
    <point x="4.51" y="4.84"/><point x="4.51" y="6.09"/></line>
    <line id="e343__IN__CPY">
      <frombox id="EXT__Storage-set-Ljava-lang-Object---V__XOUT__0" port="0"/>
      <tojoint id="n477__OUT__0" port="0"/>
    <point x="29.53" y="3.06"/><point x="29.53" y="4.31"/></line>
    <line id="e348__OUT__CPY">
      <fromjoint id="n482__IN__0" port="0"/>
      <tobox id="EXT__Storage-get---Ljava-lang-Object-__XIN__0" port="0"/>
    <point x="28.43" y="8.64"/><point x="31.15" y="9.64"/></line>
    <line id="e349__IN__CPY">
      <frombox id="EXT__Storage-get---Ljava-lang-Object-__XOUT__0" port="0"/>
      <tojoint id="n482__OUT__0" port="0"/>
    <point x="32.35" y="3.06"/><point x="31.53" y="4.31"/></line>
    <line id="e350__IN__CPY">
      <frombox id="EXT__Storage-get---Ljava-lang-Object-__XOUT__1" port="0"/>
      <tojoint id="n482__OUT__1" port="0"/>
    <point x="48.49" y="1.03"/><point x="47.71" y="2.28"/></line>
    <line id="e355__OUT__CPY">
      <fromjoint id="n488__IN__0" port="0"/>
      <tobox id="EXT__Storage-get---Ljava-lang-Object-__XIN__0" port="1"/>
    <point x="34.43" y="8.64"/><point x="31.71" y="9.64"/></line>
    <line id="e356__IN__CPY">
      <frombox id="EXT__Storage-get---Ljava-lang-Object-__XOUT__0" port="1"/>
      <tojoint id="n488__OUT__0" port="0"/>
    <point x="32.93" y="3.06"/><point x="33.53" y="4.31"/></line>
    <line id="e357__IN__CPY">
      <frombox id="EXT__Storage-get---Ljava-lang-Object-__XOUT__1" port="1"/>
      <tojoint id="n488__OUT__1" port="0"/>
    <point x="49.07" y="1.03"/><point x="49.86" y="2.28"/></line>
  </level>
</graph>