<graph id="world">
  <level id="Application">
    <box height="1.0139" id="Application0" lines="5" width="5.0" x="7.33333333333" y="2.54166666667"/>
    <box height="1.0139" id="Application1" lines="6" width="6.0" x="17.9305555556" y="2.54166666667"/>
    <box height="1.0139" id="Application2" lines="12" width="12.0" x="29.6805555556" y="6.59722222222"/>
    <box height="1.0139" id="Application3" lines="4" width="4.0" x="39.7638888889" y="4.56944444444"/>
    <box height="1.0139" id="Application4" lines="6" width="6.0" x="49.5416666667" y="4.56944444444"/>
    <box height="1.0139" id="Application5" lines="1" width="1.0" x="0.541666666667" y="2.54166666667"/>
    <box height="1.0139" id="Application39" lines="1" width="1.0" x="0.513888888889" y="6.59722222222"/>
    <box height="1.0139" id="EXT___Storage-set-Ljava-lang-Object---V___IN___0" lines="1" width="1.0" x="22.4305555556" y="10.1527777778"/>
    <box height="1.0139" id="EXT___Storage-set-Ljava-lang-Object---V___IN___1" lines="1" width="1.0" x="4.51388888889" y="6.59722222222"/>
    <box height="1.0139" id="EXT___Storage-set-Ljava-lang-Object---V___OUT___0" lines="1" width="1.0" x="29.5416666667" y="2.54166666667"/>
    <box height="1.0139" id="EXT___Storage-get---Ljava-lang-Object-___IN___0" lines="2" width="2.0" x="31.4305555556" y="10.1527777778"/>
    <box height="1.0139" id="EXT___Storage-get---Ljava-lang-Object-___OUT___0" lines="2" width="2.0" x="32.6388888889" y="2.54166666667"/>
    <box height="1.0139" id="EXT___Storage-get---Ljava-lang-Object-___OUT___1" lines="2" width="2.0" x="48.7777777778" y="0.513888888889"/>
    <joint height="0.51389" id="n138__OUT__0" inputs="0" outputs="1" width="1.0" x="0.555555555556" y="0.513888888889"/>
    <joint height="0.51389" id="n139__IN__0" inputs="1" outputs="0" width="1.0" x="0.5" y="8.375"/>
    <joint height="0.51389" id="n140" inputs="1" outputs="1" width="1.0" x="0.527777777778" y="4.56944444444"/>
    <joint height="0.51389" id="n141" inputs="0" outputs="1" width="1.0" x="5.86111111111" y="0.513888888889"/>
    <joint height="0.51389" id="n142" inputs="1" outputs="1" width="1.0" x="2.52777777778" y="4.56944444444"/>
    <joint height="0.51389" id="n148" inputs="0" outputs="1" width="1.0" x="16.0138888889" y="0.513888888889"/>
    <joint height="0.51389" id="n149" inputs="1" outputs="1" width="1.0" x="13.5277777778" y="4.56944444444"/>
    <joint height="0.51389" id="n207" inputs="0" outputs="1" width="1.0" x="22.5277777778" y="4.56944444444"/>
    <joint height="0.51389" id="n208" inputs="1" outputs="1" width="1.0" x="20.4444444444" y="8.375"/>
    <joint height="0.51389" id="n257" inputs="0" outputs="1" width="1.0" x="38.7361111111" y="2.54166666667"/>
    <joint height="0.51389" id="n258" inputs="1" outputs="1" width="1.0" x="37.1805555556" y="6.59722222222"/>
    <joint height="0.51389" id="n473" inputs="1" outputs="1" width="1.0" x="15.5277777778" y="4.56944444444"/>
    <joint height="0.51389" id="n474" inputs="2" outputs="1" width="2.0" x="25.0277777778" y="4.56944444444"/>
    <joint height="0.51389" id="n475" inputs="1" outputs="2" width="2.0" x="18.0277777778" y="4.56944444444"/>
    <joint height="0.51389" id="n476" inputs="1" outputs="1" width="1.0" x="20.5277777778" y="4.56944444444"/>
    <joint height="0.51389" id="n477__IN__0" inputs="1" outputs="1" width="1.0" x="22.4444444444" y="8.375"/>
    <joint height="0.51389" id="n477__IN__1" inputs="1" outputs="1" width="1.0" x="4.52777777778" y="4.56944444444"/>
    <joint height="0.51389" id="n477__OUT__0" inputs="1" outputs="1" width="1.0" x="29.5277777778" y="4.56944444444"/>
    <joint height="0.51389" id="n478" inputs="1" outputs="1" width="1.0" x="24.4444444444" y="8.375"/>
    <joint height="0.51389" id="n479" inputs="1" outputs="2" width="2.0" x="7.02777777778" y="4.56944444444"/>
    <joint height="0.51389" id="n480" inputs="1" outputs="1" width="1.0" x="26.4444444444" y="8.375"/>
    <joint height="0.51389" id="n481" inputs="1" outputs="1" width="1.0" x="9.52777777778" y="4.56944444444"/>
    <joint height="0.51389" id="n482__IN__0" inputs="1" outputs="1" width="1.0" x="28.4444444444" y="8.375"/>
    <joint height="0.51389" id="n482__OUT__0" inputs="1" outputs="1" width="1.0" x="31.5277777778" y="4.56944444444"/>
    <joint height="0.51389" id="n482__OUT__1" inputs="1" outputs="1" width="1.0" x="47.7083333333" y="2.54166666667"/>
    <joint height="0.51389" id="n483" inputs="1" outputs="1" width="1.0" x="30.4444444444" y="8.375"/>
    <joint height="0.51389" id="n484" inputs="1" outputs="1" width="1.0" x="46.1805555556" y="6.59722222222"/>
    <joint height="0.51389" id="n485" inputs="1" outputs="1" width="1.0" x="32.4444444444" y="8.375"/>
    <joint height="0.51389" id="n486" inputs="2" outputs="1" width="2.0" x="39.6805555556" y="6.59722222222"/>
    <joint height="0.51389" id="n487" inputs="1" outputs="2" width="2.0" x="48.6805555556" y="6.59722222222"/>
    <joint height="0.51389" id="n488__IN__0" inputs="1" outputs="1" width="1.0" x="34.4444444444" y="8.375"/>
    <joint height="0.51389" id="n488__OUT__0" inputs="1" outputs="1" width="1.0" x="33.5277777778" y="4.56944444444"/>
    <joint height="0.51389" id="n488__OUT__1" inputs="1" outputs="1" width="1.0" x="49.8611111111" y="2.54166666667"/>
    <joint height="0.51389" id="n489" inputs="1" outputs="1" width="1.0" x="36.4444444444" y="8.375"/>
    <joint height="0.51389" id="n490" inputs="2" outputs="1" width="2.0" x="51.6805555556" y="6.59722222222"/>
    <joint height="0.51389" id="n491" inputs="1" outputs="1" width="1.0" x="38.4444444444" y="8.375"/>
    <joint height="0.51389" id="n492" inputs="1" outputs="1" width="1.0" x="42.1805555556" y="6.59722222222"/>
    <joint height="0.51389" id="n779" inputs="1" outputs="0" width="1.0" x="54.1805555556" y="6.59722222222"/>
    <joint height="0.51389" id="n781" inputs="1" outputs="0" width="1.0" x="11.5277777778" y="4.56944444444"/>
    <joint height="0.51389" id="n782" inputs="1" outputs="0" width="1.0" x="44.1805555556" y="6.59722222222"/>
    <joint height="0.51389" id="n832" inputs="1" outputs="0" width="1.0" x="40.4444444444" y="8.375"/>
    <joint height="0.51389" id="n883" inputs="1" outputs="0" width="1.0" x="27.5277777778" y="4.56944444444"/>
    <line id="e67__IN__">
      <fromjoint id="n138__OUT__0" port="0"/>
      <tobox id="Application5" port="0"/>
    <point x="0.541666666667" y="0.777777777778"/><point x="0.541666666667" y="1.33333333333"/><point x="0.541666666667" y="1.47222222222"/><point x="0.541666666667" y="2.02777777778"/></line>
    <line id="e67__OUT__">
      <frombox id="Application5" port="0"/>
      <tojoint id="n140" port="0"/>
    <point x="0.527777777778" y="3.05555555556"/><point x="0.527777777778" y="3.61111111111"/><point x="0.527777777778" y="3.75"/><point x="0.527777777778" y="4.30555555556"/></line>
    <line id="e68__IN__">
      <fromjoint id="n141" port="0"/>
      <tobox id="Application0" port="0"/>
    <point x="5.84722222222" y="0.777777777778"/><point x="5.84722222222" y="1.33333333333"/><point x="5.84722222222" y="1.47222222222"/><point x="5.84722222222" y="2.02777777778"/></line>
    <line id="e68__OUT__">
      <frombox id="Application0" port="0"/>
      <tojoint id="n142" port="0"/>
    <point x="5.80555555556" y="3.05555555556"/><point x="5.80555555556" y="4.61472222222"/><point x="2.52777777778" y="2.74638888889"/><point x="2.52777777778" y="4.30555555556"/></line>
    <line id="e72__IN__">
      <fromjoint id="n148" port="0"/>
      <tobox id="Application1" port="0"/>
    <point x="16.0" y="0.777777777778"/><point x="16.0" y="1.33333333333"/><point x="16.0" y="1.47222222222"/><point x="16.0" y="2.02777777778"/></line>
    <line id="e72__OUT__">
      <frombox id="Application1" port="0"/>
      <tojoint id="n149" port="0"/>
    <point x="15.9444444444" y="3.05555555556"/><point x="15.9444444444" y="4.26486111111"/><point x="13.5277777778" y="3.09625"/><point x="13.5277777778" y="4.30555555556"/></line>
    <line id="e102__IN__">
      <fromjoint id="n207" port="0"/>
      <tobox id="Application2" port="0"/>
    <point x="22.5138888889" y="4.83333333333"/><point x="22.5138888889" y="6.02069444444"/><point x="24.875" y="4.89597222222"/><point x="24.875" y="6.08333333333"/></line>
    <line id="e102__OUT__">
      <frombox id="Application2" port="0"/>
      <tojoint id="n208" port="0"/>
    <point x="24.8194444444" y="7.11111111111"/><point x="24.8194444444" y="9.10569444444"/><point x="20.4444444444" y="6.11652777778"/><point x="20.4444444444" y="8.11111111111"/></line>
    <line id="e129__IN__">
      <fromjoint id="n257" port="0"/>
      <tobox id="Application3" port="0"/>
    <point x="38.7222222222" y="2.80555555556"/><point x="38.7222222222" y="3.36111111111"/><point x="38.7222222222" y="3.5"/><point x="38.7222222222" y="4.05555555556"/></line>
    <line id="e129__OUT__">
      <frombox id="Application3" port="0"/>
      <tojoint id="n258" port="0"/>
    <point x="38.6805555556" y="5.08333333333"/><point x="38.6805555556" y="5.95111111111"/><point x="37.1805555556" y="5.46555555556"/><point x="37.1805555556" y="6.33333333333"/></line>
    <line id="e337__IN__">
      <fromjoint id="n149" port="0"/>
      <tobox id="Application1" port="1"/>
    <point x="13.5138888889" y="4.83333333333"/><point x="13.5138888889" y="5.04944444444"/><point x="13.1784722222" y="4.97444444444"/><point x="13.0277777778" y="4.81944444444"/><point x="12.8686111111" y="4.65569444444"/><point x="12.9495833333" y="4.52013888889"/><point x="13.0277777778" y="4.30555555556"/><point x="13.4777777778" y="3.07069444444"/><point x="13.74125" y="2.60111111111"/><point x="14.9305555556" y="2.04166666667"/><point x="15.6680555556" y="1.69486111111"/><point x="16.7638888889" y="1.21291666667"/><point x="16.7638888889" y="2.02777777778"/></line>
    <line id="e337__OUT__">
      <frombox id="Application1" port="1"/>
      <tojoint id="n473" port="0"/>
    <point x="16.7361111111" y="3.05555555556"/><point x="16.7361111111" y="3.82819444444"/><point x="15.5277777778" y="3.53291666667"/><point x="15.5277777778" y="4.30555555556"/></line>
    <line id="e338__IN__">
      <fromjoint id="n473" port="0"/>
      <tobox id="Application1" port="2"/>
    <point x="15.5138888889" y="4.83333333333"/><point x="15.5138888889" y="5.04944444444"/><point x="15.1819444444" y="4.97027777778"/><point x="15.0277777778" y="4.81944444444"/><point x="14.6402777778" y="4.44236111111"/><point x="14.6194444444" y="2.35416666667"/><point x="14.9305555556" y="2.04166666667"/><point x="15.3402777778" y="1.63027777778"/><point x="17.5416666667" y="1.4475"/><point x="17.5416666667" y="2.02777777778"/></line>
    <line id="e338__OUT__">
      <frombox id="Application1" port="2"/>
      <tojoint id="n475" port="0"/>
    <point x="17.5277777778" y="3.05555555556"/><point x="17.5277777778" y="3.65388888889"/><point x="18.0277777778" y="3.70722222222"/><point x="18.0277777778" y="4.30555555556"/></line>
    <line id="e339__IN__">
      <fromjoint id="n208" port="0"/>
      <tobox id="Application2" port="1"/>
    <point x="20.4305555556" y="8.63888888889"/><point x="20.4305555556" y="9.30466666667"/><point x="17.1486111111" y="7.76930555556"/><point x="23.6805555556" y="6.09722222222"/><point x="24.5597222222" y="5.87222222222"/><point x="25.7222222222" y="5.17597222222"/><point x="25.7222222222" y="6.08333333333"/></line>
    <line id="e339__OUT__">
      <frombox id="Application2" port="1"/>
      <tojoint id="n474" port="0"/>
    <point x="25.6805555556" y="7.11111111111"/><point x="25.6805555556" y="7.55555555556"/><point x="23.9930555556" y="7.41263888889"/><point x="23.6805555556" y="7.09722222222"/><point x="23.2416666667" y="6.65583333333"/><point x="23.5513888889" y="4.71916666667"/><point x="24.0277777778" y="4.31944444444"/><point x="24.2736111111" y="4.11319444444"/><point x="24.75" y="3.98444444444"/><point x="24.75" y="4.30555555556"/></line>
    <line id="e340__IN__">
      <fromjoint id="n475" port="1"/>
      <tobox id="Application1" port="3"/>
    <point x="18.3194444444" y="4.83333333333"/><point x="18.3194444444" y="5.14819444444"/><point x="18.7527777778" y="4.97194444444"/><point x="19.0277777778" y="4.81944444444"/><point x="19.3833333333" y="4.62291666667"/><point x="19.2472222222" y="4.34805555556"/><point x="19.5277777778" y="4.05555555556"/><point x="20.0583333333" y="3.50347222222"/><point x="20.5805555556" y="3.73625"/><point x="20.9305555556" y="3.05555555556"/><point x="21.1375" y="2.655"/><point x="21.2486111111" y="2.36111111111"/><point x="20.9305555556" y="2.04166666667"/><point x="20.5208333333" y="1.63027777778"/><point x="18.3194444444" y="1.4475"/><point x="18.3194444444" y="2.02777777778"/></line>
    <line id="e340__OUT__">
      <frombox id="Application1" port="3"/>
      <tojoint id="n474" port="1"/>
    <point x="18.3194444444" y="3.05555555556"/><point x="18.3194444444" y="4.63263888889"/><point x="25.3055555556" y="2.72847222222"/><point x="25.3055555556" y="4.30555555556"/></line>
    <line id="e341__IN__">
      <fromjoint id="n475" port="0"/>
      <tobox id="Application1" port="4"/>
    <point x="17.7361111111" y="4.83333333333"/><point x="17.7361111111" y="5.08472222222"/><point x="16.1777777778" y="5.47125"/><point x="17.0277777778" y="4.30555555556"/><point x="18.1013888889" y="2.83430555556"/><point x="19.8569444444" y="4.52680555556"/><point x="20.9305555556" y="3.05555555556"/><point x="21.1958333333" y="2.69152777778"/><point x="21.2486111111" y="2.36152777778"/><point x="20.9305555556" y="2.04166666667"/><point x="20.6416666667" y="1.75027777778"/><point x="19.0833333333" y="1.61722222222"/><point x="19.0833333333" y="2.02777777778"/></line>
    <line id="e341__OUT__">
      <frombox id="Application1" port="4"/>
      <tojoint id="n476" port="0"/>
    <point x="19.1111111111" y="3.05555555556"/><point x="19.1111111111" y="3.89527777778"/><point x="20.5277777778" y="3.46583333333"/><point x="20.5277777778" y="4.30555555556"/></line>
    <line id="e342__IN__">
      <fromjoint id="n474" port="0"/>
      <tobox id="Application2" port="2"/>
    <point x="25.0138888889" y="4.83333333333"/><point x="25.0138888889" y="5.725"/><point x="26.5833333333" y="5.19166666667"/><point x="26.5833333333" y="6.08333333333"/></line>
    <line id="e342__OUT__">
      <frombox id="Application2" port="2"/>
      <tojoint id="n477__IN__0" port="0"/>
    <point x="26.5416666667" y="7.11111111111"/><point x="26.5416666667" y="8.98555555556"/><point x="22.4444444444" y="6.23666666667"/><point x="22.4444444444" y="8.11111111111"/></line>
    <line id="e343__IN__">
      <fromjoint id="n477__OUT__0" port="0"/>
      <tobox id="Application2" port="3"/>
    <point x="29.5138888889" y="4.83333333333"/><point x="29.5138888889" y="5.91319444444"/><point x="27.4305555556" y="5.00347222222"/><point x="27.4305555556" y="6.08333333333"/></line>
    <line id="e343__OUT__">
      <frombox id="Application2" port="3"/>
      <tojoint id="n478" port="0"/>
    <point x="27.4166666667" y="7.11111111111"/><point x="27.4166666667" y="8.50486111111"/><point x="24.4444444444" y="6.71736111111"/><point x="24.4444444444" y="8.11111111111"/></line>
    <line id="e344__IN__">
      <fromjoint id="n142" port="0"/>
      <tobox id="Application0" port="1"/>
    <point x="2.51388888889" y="4.83333333333"/><point x="2.51388888889" y="5.33611111111"/><point x="1.56472222222" y="5.27430555556"/><point x="2.02777777778" y="4.30555555556"/><point x="2.71875" y="2.86"/><point x="3.32472222222" y="2.58125"/><point x="4.83333333333" y="2.04166666667"/><point x="5.56569444444" y="1.77972222222"/><point x="6.58333333333" y="1.25"/><point x="6.58333333333" y="2.02777777778"/></line>
    <line id="e344__OUT__">
      <frombox id="Application0" port="1"/>
      <tojoint id="n479" port="0"/>
    <point x="6.56944444444" y="3.05555555556"/><point x="6.56944444444" y="3.64722222222"/><point x="7.02777777778" y="3.71388888889"/><point x="7.02777777778" y="4.30555555556"/></line>
    <line id="e345__IN__">
      <fromjoint id="n479" port="1"/>
      <tobox id="Application0" port="2"/>
    <point x="7.31944444444" y="4.83333333333"/><point x="7.31944444444" y="5.19597222222"/><point x="8.87847222222" y="5.55194444444"/><point x="8.02777777778" y="4.30555555556"/><point x="6.73430555556" y="2.41041666667"/><point x="3.06805555556" y="3.81680555556"/><point x="4.83333333333" y="2.04166666667"/><point x="5.22291666667" y="1.64986111111"/><point x="7.31944444444" y="1.47527777778"/><point x="7.31944444444" y="2.02777777778"/></line>
    <line id="e345__OUT__">
      <frombox id="Application0" port="2"/>
      <tojoint id="n477__IN__1" port="0"/>
    <point x="7.31944444444" y="3.05555555556"/><point x="7.31944444444" y="4.415"/><point x="4.52777777778" y="2.94611111111"/><point x="4.52777777778" y="4.30555555556"/></line>
    <line id="e346__IN__">
      <fromjoint id="n478" port="0"/>
      <tobox id="Application2" port="4"/>
    <point x="24.4305555556" y="8.63888888889"/><point x="24.4305555556" y="8.855"/><point x="24.1083333333" y="8.76638888889"/><point x="23.9444444444" y="8.625"/><point x="23.8416666667" y="8.53638888889"/><point x="23.3291666667" y="6.44902777778"/><point x="23.6805555556" y="6.09722222222"/><point x="24.0416666667" y="5.73444444444"/><point x="28.2916666667" y="5.57097222222"/><point x="28.2916666667" y="6.08333333333"/></line>
    <line id="e346__OUT__">
      <frombox id="Application2" port="4"/>
      <tojoint id="n480" port="0"/>
    <point x="28.2777777778" y="7.11111111111"/><point x="28.2777777778" y="8.03930555556"/><point x="26.4444444444" y="7.18291666667"/><point x="26.4444444444" y="8.11111111111"/></line>
    <line id="e347__IN__">
      <fromjoint id="n479" port="0"/>
      <tobox id="Application0" port="3"/>
    <point x="6.73611111111" y="4.83333333333"/><point x="6.73611111111" y="5.09722222222"/><point x="5.17708333333" y="5.48041666667"/><point x="6.02777777778" y="4.30555555556"/><point x="7.07194444444" y="2.86361111111"/><point x="8.78916666667" y="4.4975"/><point x="9.83333333333" y="3.05555555556"/><point x="10.0976388889" y="2.69055555556"/><point x="10.1506944444" y="2.36152777778"/><point x="9.83333333333" y="2.04166666667"/><point x="9.55722222222" y="1.76333333333"/><point x="8.06944444444" y="1.63583333333"/><point x="8.06944444444" y="2.02777777778"/></line>
    <line id="e347__OUT__">
      <frombox id="Application0" port="3"/>
      <tojoint id="n481" port="0"/>
    <point x="8.08333333333" y="3.05555555556"/><point x="8.08333333333" y="3.90458333333"/><point x="9.52777777778" y="3.45652777778"/><point x="9.52777777778" y="4.30555555556"/></line>
    <line id="e348__IN__">
      <fromjoint id="n480" port="0"/>
      <tobox id="Application2" port="5"/>
    <point x="26.4305555556" y="8.63888888889"/><point x="26.4305555556" y="8.855"/><point x="26.1430555556" y="8.71055555556"/><point x="25.9444444444" y="8.625"/><point x="25.6472222222" y="8.49708333333"/><point x="25.6875" y="8.30722222222"/><point x="25.4305555556" y="8.11111111111"/><point x="24.7180555556" y="7.56736111111"/><point x="24.1305555556" y="7.88597222222"/><point x="23.6805555556" y="7.11111111111"/><point x="23.4541666667" y="6.72138888889"/><point x="23.3625" y="6.41625"/><point x="23.6805555556" y="6.09722222222"/><point x="24.1097222222" y="5.66680555556"/><point x="29.1527777778" y="5.47527777778"/><point x="29.1527777778" y="6.08333333333"/></line>
    <line id="e348__OUT__">
      <frombox id="Application2" port="5"/>
      <tojoint id="n482__IN__0" port="0"/>
    <point x="29.1388888889" y="7.11111111111"/><point x="29.1388888889" y="7.65222222222"/><point x="28.4444444444" y="7.57"/><point x="28.4444444444" y="8.11111111111"/></line>
    <line id="e349__IN__">
      <fromjoint id="n482__OUT__0" port="0"/>
      <tobox id="Application2" port="6"/>
    <point x="31.5138888889" y="4.83333333333"/><point x="31.5138888889" y="5.70111111111"/><point x="30.0138888889" y="5.21555555556"/><point x="30.0138888889" y="6.08333333333"/></line>
    <line id="e349__OUT__">
      <frombox id="Application2" port="6"/>
      <tojoint id="n483" port="0"/>
    <point x="30.0138888889" y="7.11111111111"/><point x="30.0138888889" y="7.595"/><point x="30.4444444444" y="7.62722222222"/><point x="30.4444444444" y="8.11111111111"/></line>
    <line id="e350__IN__">
      <fromjoint id="n482__OUT__1" port="0"/>
      <tobox id="Application4" port="0"/>
    <point x="47.6944444444" y="2.80555555556"/><point x="47.6944444444" y="3.36236111111"/><point x="47.6111111111" y="3.49875"/><point x="47.6111111111" y="4.05555555556"/></line>
    <line id="e350__OUT__">
      <frombox id="Application4" port="0"/>
      <tojoint id="n484" port="0"/>
    <point x="47.5555555556" y="5.08333333333"/><point x="47.5555555556" y="5.90916666667"/><point x="46.1805555556" y="5.5075"/><point x="46.1805555556" y="6.33333333333"/></line>
    <line id="e351__IN__">
      <fromjoint id="n483" port="0"/>
      <tobox id="Application2" port="7"/>
    <point x="30.4305555556" y="8.63888888889"/><point x="30.4305555556" y="8.85347222222"/><point x="29.0180555556" y="9.21263888889"/><point x="29.9444444444" y="8.11111111111"/><point x="31.6097222222" y="6.13027777778"/><point x="34.0152777778" y="9.09194444444"/><point x="35.6805555556" y="7.11111111111"/><point x="35.9708333333" y="6.76625"/><point x="35.9986111111" y="6.41625"/><point x="35.6805555556" y="6.09722222222"/><point x="35.3027777778" y="5.71805555556"/><point x="30.8611111111" y="5.54777777778"/><point x="30.8611111111" y="6.08333333333"/></line>
    <line id="e351__OUT__">
      <frombox id="Application2" port="7"/>
      <tojoint id="n485" port="0"/>
    <point x="30.875" y="7.11111111111"/><point x="30.875" y="7.93819444444"/><point x="32.4444444444" y="7.28402777778"/><point x="32.4444444444" y="8.11111111111"/></line>
    <line id="e352__IN__">
      <fromjoint id="n484" port="0"/>
      <tobox id="Application4" port="1"/>
    <point x="46.1666666667" y="6.86111111111"/><point x="46.1666666667" y="7.07722222222"/><point x="45.8305555556" y="7.00222222222"/><point x="45.6805555556" y="6.84722222222"/><point x="44.7791666667" y="5.92027777778"/><point x="45.4805555556" y="4.80722222222"/><point x="46.5416666667" y="4.06944444444"/><point x="47.2111111111" y="3.60430555556"/><point x="48.375" y="3.24069444444"/><point x="48.375" y="4.05555555556"/></line>
    <line id="e352__OUT__">
      <frombox id="Application4" port="1"/>
      <tojoint id="n487" port="0"/>
    <point x="48.3472222222" y="5.08333333333"/><point x="48.3472222222" y="5.65833333333"/><point x="48.6805555556" y="5.75833333333"/><point x="48.6805555556" y="6.33333333333"/></line>
    <line id="e353__IN__">
      <fromjoint id="n258" port="0"/>
      <tobox id="Application3" port="1"/>
    <point x="37.1666666667" y="6.86111111111"/><point x="37.1666666667" y="7.07722222222"/><point x="36.8305555556" y="7.00222222222"/><point x="36.6805555556" y="6.84722222222"/><point x="35.7569444444" y="5.89694444444"/><point x="36.6458333333" y="4.78055555556"/><point x="37.7638888889" y="4.06944444444"/><point x="38.3833333333" y="3.67527777778"/><point x="39.4166666667" y="3.32097222222"/><point x="39.4166666667" y="4.05555555556"/></line>
    <line id="e353__OUT__">
      <frombox id="Application3" port="1"/>
      <tojoint id="n486" port="0"/>
    <point x="39.4027777778" y="5.08333333333"/><point x="39.4027777778" y="5.63888888889"/><point x="39.4027777778" y="5.77777777778"/><point x="39.4027777778" y="6.33333333333"/></line>
    <line id="e354__IN__">
      <fromjoint id="n487" port="1"/>
      <tobox id="Application4" port="2"/>
    <point x="48.9722222222" y="6.86111111111"/><point x="48.9722222222" y="7.23486111111"/><point x="50.5305555556" y="7.58777777778"/><point x="49.6805555556" y="6.33333333333"/><point x="48.4513888889" y="4.52152777778"/><point x="44.7916666667" y="5.82902777778"/><point x="46.5416666667" y="4.06944444444"/><point x="46.9513888889" y="3.65805555556"/><point x="49.1527777778" y="3.47527777778"/><point x="49.1527777778" y="4.05555555556"/></line>
    <line id="e354__OUT__">
      <frombox id="Application4" port="2"/>
      <tojoint id="n486" port="1"/>
    <point x="49.1388888889" y="5.08333333333"/><point x="49.1388888889" y="7.14222222222"/><point x="39.9583333333" y="4.27444444444"/><point x="39.9583333333" y="6.33333333333"/></line>
    <line id="e355__IN__">
      <fromjoint id="n485" port="0"/>
      <tobox id="Application2" port="8"/>
    <point x="32.4305555556" y="8.63888888889"/><point x="32.4305555556" y="8.95291666667"/><point x="31.0180555556" y="9.31776388889"/><point x="31.9444444444" y="8.11111111111"/><point x="32.9916666667" y="6.7475"/><point x="34.6333333333" y="8.47472222222"/><point x="35.6805555556" y="7.11111111111"/><point x="35.9555555556" y="6.75361111111"/><point x="35.9986111111" y="6.41638888889"/><point x="35.6805555556" y="6.09722222222"/><point x="35.3694444444" y="5.78569444444"/><point x="31.7222222222" y="5.64347222222"/><point x="31.7222222222" y="6.08333333333"/></line>
    <line id="e355__OUT__">
      <frombox id="Application2" port="8"/>
      <tojoint id="n488__IN__0" port="0"/>
    <point x="31.7361111111" y="7.11111111111"/><point x="31.7361111111" y="8.39430555556"/><point x="34.4444444444" y="6.82791666667"/><point x="34.4444444444" y="8.11111111111"/></line>
    <line id="e356__IN__">
      <fromjoint id="n488__OUT__0" port="0"/>
      <tobox id="Application2" port="9"/>
    <point x="33.5138888889" y="4.83333333333"/><point x="33.5138888889" y="5.52958333333"/><point x="32.5694444444" y="5.38708333333"/><point x="32.5694444444" y="6.08333333333"/></line>
    <line id="e356__OUT__">
      <frombox id="Application2" port="9"/>
      <tojoint id="n489" port="0"/>
    <point x="32.6111111111" y="7.11111111111"/><point x="32.6111111111" y="8.87180555556"/><point x="36.4444444444" y="6.35041666667"/><point x="36.4444444444" y="8.11111111111"/></line>
    <line id="e357__IN__">
      <fromjoint id="n488__OUT__1" port="0"/>
      <tobox id="Application4" port="3"/>
    <point x="49.8472222222" y="2.80555555556"/><point x="49.8472222222" y="3.36236111111"/><point x="49.9305555556" y="3.49875"/><point x="49.9305555556" y="4.05555555556"/></line>
    <line id="e357__OUT__">
      <frombox id="Application4" port="3"/>
      <tojoint id="n490" port="0"/>
    <point x="49.9305555556" y="5.08333333333"/><point x="49.9305555556" y="5.94166666667"/><point x="51.4027777778" y="5.475"/><point x="51.4027777778" y="6.33333333333"/></line>
    <line id="e358__IN__">
      <fromjoint id="n487" port="0"/>
      <tobox id="Application4" port="4"/>
    <point x="48.3888888889" y="6.86111111111"/><point x="48.3888888889" y="7.01791666667"/><point x="46.8305555556" y="7.43041666667"/><point x="47.6805555556" y="6.33333333333"/><point x="49.0472222222" y="4.57041666667"/><point x="51.175" y="6.84625"/><point x="52.5416666667" y="5.08333333333"/><point x="52.8180555556" y="4.72722222222"/><point x="52.8597222222" y="4.38930555556"/><point x="52.5416666667" y="4.06944444444"/><point x="52.2527777778" y="3.77805555556"/><point x="50.6944444444" y="3.645"/><point x="50.6944444444" y="4.05555555556"/></line>
    <line id="e358__OUT__">
      <frombox id="Application4" port="4"/>
      <tojoint id="n490" port="1"/>
    <point x="50.7222222222" y="5.08333333333"/><point x="50.7222222222" y="5.86472222222"/><point x="51.9583333333" y="5.55194444444"/><point x="51.9583333333" y="6.33333333333"/></line>
    <line id="e359__IN__">
      <fromjoint id="n489" port="0"/>
      <tobox id="Application2" port="10"/>
    <point x="36.4305555556" y="8.63888888889"/><point x="36.4305555556" y="8.855"/><point x="36.1027777778" y="8.77194444444"/><point x="35.9444444444" y="8.625"/><point x="35.1166666667" y="7.85694444444"/><point x="36.5166666667" y="6.85597222222"/><point x="35.6805555556" y="6.09722222222"/><point x="35.3166666667" y="5.76763888889"/><point x="33.4722222222" y="5.59263888889"/><point x="33.4722222222" y="6.08333333333"/></line>
    <line id="e359__OUT__">
      <frombox id="Application2" port="10"/>
      <tojoint id="n491" port="0"/>
    <point x="33.5277777778" y="7.11111111111"/><point x="33.5277777778" y="9.34104166667"/><point x="38.4444444444" y="5.88125"/><point x="38.4444444444" y="8.11111111111"/></line>
    <line id="e360__IN__">
      <fromjoint id="n486" port="0"/>
      <tobox id="Application3" port="2"/>
    <point x="39.6666666667" y="6.86111111111"/><point x="39.6666666667" y="7.0175"/><point x="37.8763888889" y="7.52694444444"/><point x="38.6805555556" y="6.33333333333"/><point x="39.5069444444" y="5.10694444444"/><point x="40.9375" y="6.30972222222"/><point x="41.7638888889" y="5.08333333333"/><point x="42.0152777778" y="4.70958333333"/><point x="42.0805555556" y="4.38944444444"/><point x="41.7638888889" y="4.06944444444"/><point x="41.2472222222" y="3.54777777778"/><point x="40.1111111111" y="3.32097222222"/><point x="40.1111111111" y="4.05555555556"/></line>
    <line id="e360__OUT__">
      <frombox id="Application3" port="2"/>
      <tojoint id="n492" port="0"/>
    <point x="40.125" y="5.08333333333"/><point x="40.125" y="6.15263888889"/><point x="42.1805555556" y="5.26402777778"/><point x="42.1805555556" y="6.33333333333"/></line>
    <line id="e689__IN__">
      <fromjoint id="n490" port="0"/>
      <tobox id="Application4" port="5"/>
    <point x="51.6666666667" y="6.86111111111"/><point x="51.6666666667" y="7.29944444444"/><point x="50.9888888889" y="7.15930555556"/><point x="50.6805555556" y="6.84722222222"/><point x="50.5208333333" y="6.68458333333"/><point x="50.5736111111" y="6.53486111111"/><point x="50.6805555556" y="6.33333333333"/><point x="50.8125" y="6.08541666667"/><point x="53.8930555556" y="5.43819444444"/><point x="52.5416666667" y="4.06944444444"/><point x="52.2083333333" y="3.73111111111"/><point x="51.4722222222" y="3.58013888889"/><point x="51.4722222222" y="4.05555555556"/></line>
    <line id="e689__OUT__">
      <frombox id="Application4" port="5"/>
      <tojoint id="n779" port="0"/>
    <point x="51.5138888889" y="5.08333333333"/><point x="51.5138888889" y="6.39222222222"/><point x="54.1805555556" y="5.02444444444"/><point x="54.1805555556" y="6.33333333333"/></line>
    <line id="e691__IN__">
      <fromjoint id="n481" port="0"/>
      <tobox id="Application0" port="4"/>
    <point x="9.51388888889" y="4.83333333333"/><point x="9.51388888889" y="5.37083333333"/><point x="8.79625" y="5.09222222222"/><point x="9.02777777778" y="4.30555555556"/><point x="9.32930555556" y="3.28097222222"/><point x="10.5833333333" y="2.80194444444"/><point x="9.83333333333" y="2.04166666667"/><point x="9.5125" y="1.71652777778"/><point x="8.80555555556" y="1.57097222222"/><point x="8.80555555556" y="2.02777777778"/></line>
    <line id="e691__OUT__">
      <frombox id="Application0" port="4"/>
      <tojoint id="n781" port="0"/>
    <point x="8.84722222222" y="3.05555555556"/><point x="8.84722222222" y="4.37013888889"/><point x="11.5277777778" y="2.99097222222"/><point x="11.5277777778" y="4.30555555556"/></line>
    <line id="e692__IN__">
      <fromjoint id="n492" port="0"/>
      <tobox id="Application3" port="3"/>
    <point x="42.1666666667" y="6.86111111111"/><point x="42.1666666667" y="7.07722222222"/><point x="41.8305555556" y="7.00222222222"/><point x="41.6805555556" y="6.84722222222"/><point x="40.8194444444" y="5.96152777778"/><point x="42.6305555556" y="4.94916666667"/><point x="41.7638888889" y="4.06944444444"/><point x="41.4652777778" y="3.76611111111"/><point x="40.8055555556" y="3.62958333333"/><point x="40.8055555556" y="4.05555555556"/></line>
    <line id="e692__OUT__">
      <frombox id="Application3" port="3"/>
      <tojoint id="n782" port="0"/>
    <point x="40.8333333333" y="5.08333333333"/><point x="40.8333333333" y="6.67138888889"/><point x="44.1805555556" y="4.74527777778"/><point x="44.1805555556" y="6.33333333333"/></line>
    <line id="e742__IN__">
      <fromjoint id="n491" port="0"/>
      <tobox id="Application2" port="11"/>
    <point x="38.4305555556" y="8.63888888889"/><point x="38.4305555556" y="8.855"/><point x="38.1430555556" y="8.71055555556"/><point x="37.9444444444" y="8.625"/><point x="37.6472222222" y="8.49708333333"/><point x="37.6708333333" y="8.32722222222"/><point x="37.4305555556" y="8.11111111111"/><point x="36.9055555556" y="7.63833333333"/><point x="36.6388888889" y="7.66069444444"/><point x="36.1944444444" y="7.11111111111"/><point x="35.8763888889" y="6.71819444444"/><point x="36.1097222222" y="6.36402777778"/><point x="35.6805555556" y="6.09722222222"/><point x="35.2083333333" y="5.80375"/><point x="34.4305555556" y="5.52777777778"/><point x="34.4305555556" y="6.08333333333"/></line>
    <line id="e742__OUT__">
      <frombox id="Application2" port="11"/>
      <tojoint id="n832" port="0"/>
    <point x="34.4861111111" y="7.11111111111"/><point x="34.4861111111" y="9.79629166667"/><point x="40.4444444444" y="5.42597222222"/><point x="40.4444444444" y="8.11111111111"/></line>
    <line id="e793__IN__">
      <fromjoint id="n476" port="0"/>
      <tobox id="Application1" port="5"/>
    <point x="20.5138888889" y="4.83333333333"/><point x="20.5138888889" y="5.04944444444"/><point x="20.1777777778" y="4.97444444444"/><point x="20.0277777778" y="4.81944444444"/><point x="19.8680555556" y="4.65569444444"/><point x="19.9569444444" y="4.52291666667"/><point x="20.0277777778" y="4.30555555556"/><point x="20.2388888889" y="3.65347222222"/><point x="20.7194444444" y="3.70763888889"/><point x="20.9305555556" y="3.05555555556"/><point x="21.0694444444" y="2.62680555556"/><point x="21.2472222222" y="2.36236111111"/><point x="20.9305555556" y="2.04166666667"/><point x="20.5972222222" y="1.70333333333"/><point x="19.8611111111" y="1.55236111111"/><point x="19.8611111111" y="2.02777777778"/></line>
    <line id="e793__OUT__">
      <frombox id="Application1" port="5"/>
      <tojoint id="n883" port="0"/>
    <point x="19.9027777778" y="3.05555555556"/><point x="19.9027777778" y="4.77263888889"/><point x="27.5277777778" y="2.58847222222"/><point x="27.5277777778" y="4.30555555556"/></line>
    <line id="e800__IN__">
      <fromjoint id="n140" port="0"/>
      <tobox id="Application39" port="0"/>
    <point x="0.513888888889" y="4.83333333333"/><point x="0.513888888889" y="5.38888888889"/><point x="0.513888888889" y="5.52777777778"/><point x="0.513888888889" y="6.08333333333"/></line>
    <line id="e800__OUT__">
      <frombox id="Application39" port="0"/>
      <tojoint id="n139__IN__0" port="0"/>
    <point x="0.5" y="7.11111111111"/><point x="0.5" y="7.55555555556"/><point x="0.5" y="7.66666666667"/><point x="0.5" y="8.11111111111"/></line>
    <line id="n477__IN__0___EXT___Storage-set-Ljava-lang-Object---V___IN___0">
      <fromjoint id="n477__IN__0" port="0"/>
      <tobox id="EXT___Storage-set-Ljava-lang-Object---V___IN___0" port="0"/>
    <point x="22.4305555556" y="8.63888888889"/><point x="22.4305555556" y="9.08333333333"/><point x="22.4305555556" y="9.19444444444"/><point x="22.4305555556" y="9.63888888889"/></line>
    <line id="n477__IN__1___EXT___Storage-set-Ljava-lang-Object---V___IN___1">
      <fromjoint id="n477__IN__1" port="0"/>
      <tobox id="EXT___Storage-set-Ljava-lang-Object---V___IN___1" port="0"/>
    <point x="4.51388888889" y="4.83333333333"/><point x="4.51388888889" y="5.38888888889"/><point x="4.51388888889" y="5.52777777778"/><point x="4.51388888889" y="6.08333333333"/></line>
    <line id="EXT___Storage-set-Ljava-lang-Object---V___OUT___0___n477__OUT__0">
      <frombox id="EXT___Storage-set-Ljava-lang-Object---V___OUT___0" port="0"/>
      <tojoint id="n477__OUT__0" port="0"/>
    <point x="29.5277777778" y="3.05555555556"/><point x="29.5277777778" y="3.61111111111"/><point x="29.5277777778" y="3.75"/><point x="29.5277777778" y="4.30555555556"/></line>
    <line id="n482__IN__0___EXT___Storage-get---Ljava-lang-Object-___IN___0">
      <fromjoint id="n482__IN__0" port="0"/>
      <tobox id="EXT___Storage-get---Ljava-lang-Object-___IN___0" port="0"/>
    <point x="28.4305555556" y="8.63888888889"/><point x="28.4305555556" y="9.92781944444"/><point x="31.1527777778" y="8.35"/><point x="31.1527777778" y="9.63888888889"/></line>
    <line id="EXT___Storage-get---Ljava-lang-Object-___OUT___0___n482__OUT__0">
      <frombox id="EXT___Storage-get---Ljava-lang-Object-___OUT___0" port="0"/>
      <tojoint id="n482__OUT__0" port="0"/>
    <point x="32.3472222222" y="3.05555555556"/><point x="32.3472222222" y="3.71986111111"/><point x="31.5277777778" y="3.64125"/><point x="31.5277777778" y="4.30555555556"/></line>
    <line id="EXT___Storage-get---Ljava-lang-Object-___OUT___1___n482__OUT__1">
      <frombox id="EXT___Storage-get---Ljava-lang-Object-___OUT___1" port="0"/>
      <tojoint id="n482__OUT__1" port="0"/>
    <point x="48.4861111111" y="1.02777777778"/><point x="48.4861111111" y="1.68208333333"/><point x="47.7083333333" y="1.62347222222"/><point x="47.7083333333" y="2.27777777778"/></line>
    <line id="n488__IN__0___EXT___Storage-get---Ljava-lang-Object-___IN___0">
      <fromjoint id="n488__IN__0" port="0"/>
      <tobox id="EXT___Storage-get---Ljava-lang-Object-___IN___0" port="1"/>
    <point x="34.4305555556" y="8.63888888889"/><point x="34.4305555556" y="9.92781944444"/><point x="31.7083333333" y="8.35"/><point x="31.7083333333" y="9.63888888889"/></line>
    <line id="EXT___Storage-get---Ljava-lang-Object-___OUT___0___n488__OUT__0">
      <frombox id="EXT___Storage-get---Ljava-lang-Object-___OUT___0" port="1"/>
      <tojoint id="n488__OUT__0" port="0"/>
    <point x="32.9305555556" y="3.05555555556"/><point x="32.9305555556" y="3.67125"/><point x="33.5277777778" y="3.68986111111"/><point x="33.5277777778" y="4.30555555556"/></line>
    <line id="EXT___Storage-get---Ljava-lang-Object-___OUT___1___n488__OUT__1">
      <frombox id="EXT___Storage-get---Ljava-lang-Object-___OUT___1" port="1"/>
      <tojoint id="n488__OUT__1" port="0"/>
    <point x="49.0694444444" y="1.02777777778"/><point x="49.0694444444" y="1.68541666667"/><point x="49.8611111111" y="1.62013888889"/><point x="49.8611111111" y="2.27777777778"/></line>
  </level>
</graph>