<graph id="world">
  <level id="Application">
    <box height="1.01" id="Application0" lines="5" width="5.0" x="41.03" y="2.57"/>
    <box height="1.01" id="Application1" lines="6" width="6.0" x="5.0" y="4.6"/>
    <box height="1.01" id="Application2" lines="12" width="12.0" x="23.69" y="4.6"/>
    <box height="1.01" id="Application3" lines="4" width="4.0" x="47.34" y="8.66"/>
    <box height="1.01" id="Application4" lines="6" width="6.0" x="49.26" y="4.6"/>
    <box height="1.01" id="Application5" lines="1" width="1.0" x="36.62" y="2.57"/>
    <box height="1.01" id="Application39" lines="1" width="1.0" x="36.59" y="6.63"/>
    <box height="1.01" id="EXT__Storage-set-Ljava-lang-Object---V__XIN__0" lines="1" width="1.0" x="16.58" y="8.66"/>
    <box height="1.01" id="EXT__Storage-set-Ljava-lang-Object---V__XIN__1" lines="1" width="1.0" x="40.75" y="6.63"/>
    <box height="1.01" id="EXT__Storage-set-Ljava-lang-Object---V__XOUT__0" lines="1" width="1.0" x="21.47" y="0.54"/>
    <box height="1.01" id="EXT__Storage-get---Ljava-lang-Object-__XIN__0" lines="2" width="2.0" x="24.58" y="8.66"/>
    <box height="1.01" id="EXT__Storage-get---Ljava-lang-Object-__XOUT__0" lines="2" width="2.0" x="25.32" y="0.54"/>
    <box height="1.01" id="EXT__Storage-get---Ljava-lang-Object-__XOUT__1" lines="2" width="2.0" x="47.71" y="0.54"/>
    <joint height="0.51" id="n482__OUT__0" inputs="1" outputs="1" width="1.0" x="24.18" y="2.57"/>
    <joint height="0.51" id="n139__IN__0" inputs="1" outputs="0" width="1.0" x="36.58" y="8.66"/>
    <joint height="0.51" id="n473" inputs="1" outputs="1" width="1.0" x="2.59" y="6.63"/>
    <joint height="0.51" id="n476" inputs="1" outputs="1" width="1.0" x="7.59" y="6.63"/>
    <joint height="0.51" id="n475" inputs="1" outputs="2" width="2.0" x="5.09" y="6.63"/>
    <joint height="0.51" id="n474" inputs="2" outputs="1" width="2.0" x="14.09" y="6.63"/>
    <joint height="0.51" id="n479" inputs="1" outputs="2" width="2.0" x="41.72" y="0.54"/>
    <joint height="0.51" id="n478" inputs="1" outputs="1" width="1.0" x="18.59" y="6.63"/>
    <joint height="0.51" id="n477__IN__0" inputs="1" outputs="1" width="1.0" x="16.59" y="6.63"/>
    <joint height="0.51" id="n477__IN__1" inputs="1" outputs="1" width="1.0" x="40.76" y="4.6"/>
    <joint height="0.51" id="n149" inputs="1" outputs="1" width="1.0" x="0.59" y="6.63"/>
    <joint height="0.51" id="n481" inputs="1" outputs="1" width="1.0" x="42.76" y="4.6"/>
    <joint height="0.51" id="n208" inputs="1" outputs="1" width="1.0" x="11.59" y="6.63"/>
    <joint height="0.51" id="n138__OUT__0" inputs="0" outputs="1" width="1.0" x="36.64" y="0.54"/>
    <joint height="0.51" id="n207" inputs="0" outputs="1" width="1.0" x="18.9" y="2.57"/>
    <joint height="0.51" id="n491" inputs="1" outputs="1" width="1.0" x="32.59" y="6.63"/>
    <joint height="0.51" id="n490" inputs="2" outputs="1" width="2.0" x="51.21" y="2.57"/>
    <joint height="0.51" id="n492" inputs="1" outputs="1" width="1.0" x="48.26" y="10.43"/>
    <joint height="0.51" id="n482__IN__0" inputs="1" outputs="1" width="1.0" x="20.59" y="6.63"/>
    <joint height="0.51" id="n482__OUT__1" inputs="1" outputs="1" width="1.0" x="46.71" y="2.57"/>
    <joint height="0.51" id="n488__IN__0" inputs="1" outputs="1" width="1.0" x="28.59" y="6.63"/>
    <joint height="0.51" id="n488__OUT__1" inputs="1" outputs="1" width="1.0" x="48.71" y="2.57"/>
    <joint height="0.51" id="n781" inputs="1" outputs="0" width="1.0" x="44.76" y="4.6"/>
    <joint height="0.51" id="n832" inputs="1" outputs="0" width="1.0" x="34.59" y="6.63"/>
    <joint height="0.51" id="n782" inputs="1" outputs="0" width="1.0" x="50.26" y="10.43"/>
    <joint height="0.51" id="n477__OUT__0" inputs="1" outputs="1" width="1.0" x="21.46" y="2.57"/>
    <joint height="0.51" id="n489" inputs="1" outputs="1" width="1.0" x="30.59" y="6.63"/>
    <joint height="0.51" id="n257" inputs="0" outputs="1" width="1.0" x="45.21" y="6.63"/>
    <joint height="0.51" id="n258" inputs="1" outputs="1" width="1.0" x="46.26" y="10.43"/>
    <joint height="0.51" id="n779" inputs="1" outputs="0" width="1.0" x="53.21" y="6.63"/>
    <joint height="0.51" id="n483" inputs="1" outputs="1" width="1.0" x="24.59" y="6.63"/>
    <joint height="0.51" id="n480" inputs="1" outputs="1" width="1.0" x="22.59" y="6.63"/>
    <joint height="0.51" id="n148" inputs="0" outputs="1" width="1.0" x="3.08" y="2.57"/>
    <joint height="0.51" id="n486" inputs="2" outputs="1" width="2.0" x="47.71" y="6.63"/>
    <joint height="0.51" id="n487" inputs="1" outputs="2" width="2.0" x="50.71" y="6.63"/>
    <joint height="0.51" id="n484" inputs="1" outputs="1" width="1.0" x="43.21" y="6.63"/>
    <joint height="0.51" id="n485" inputs="1" outputs="1" width="1.0" x="26.59" y="6.63"/>
    <joint height="0.51" id="n142" inputs="1" outputs="1" width="1.0" x="38.76" y="4.6"/>
    <joint height="0.51" id="n141" inputs="0" outputs="1" width="1.0" x="39.22" y="0.54"/>
    <joint height="0.51" id="n140" inputs="1" outputs="1" width="1.0" x="36.61" y="4.6"/>
    <joint height="0.51" id="n488__OUT__0" inputs="1" outputs="1" width="1.0" x="26.46" y="2.57"/>
    <joint height="0.51" id="n883" inputs="1" outputs="0" width="1.0" x="9.59" y="6.63"/>
    <line id="e67__IN__">
      <fromjoint id="n138__OUT__0" port="0"/>
      <tobox id="Application5" port="0"/>
    <point x="36.62" y="0.81"/><point x="36.62" y="2.06"/></line>
    <line id="e67__OUT__">
      <frombox id="Application5" port="0"/>
      <tojoint id="n140" port="0"/>
    <point x="36.62" y="3.09"/><point x="36.61" y="4.34"/></line>
    <line id="e68__IN__">
      <fromjoint id="n141" port="0"/>
      <tobox id="Application0" port="0"/>
    <point x="39.21" y="0.81"/><point x="39.54" y="2.06"/></line>
    <line id="e68__OUT__">
      <frombox id="Application0" port="0"/>
      <tojoint id="n142" port="0"/>
    <point x="39.54" y="3.09"/><point x="38.76" y="4.34"/></line>
    <line id="e72__IN__">
      <fromjoint id="n148" port="0"/>
      <tobox id="Application1" port="0"/>
    <point x="3.07" y="2.84"/><point x="3.07" y="4.09"/></line>
    <line id="e72__OUT__">
      <frombox id="Application1" port="0"/>
      <tojoint id="n149" port="0"/>
    <point x="3.07" y="5.11"/><point x="0.59" y="6.36"/></line>
    <line id="e102__IN__">
      <fromjoint id="n207" port="0"/>
      <tobox id="Application2" port="0"/>
    <point x="18.89" y="2.84"/><point x="18.89" y="4.09"/></line>
    <line id="e102__OUT__">
      <frombox id="Application2" port="0"/>
      <tojoint id="n208" port="0"/>
    <point x="18.89" y="5.11"/><point x="11.59" y="6.36"/></line>
    <line id="e129__IN__">
      <fromjoint id="n257" port="0"/>
      <tobox id="Application3" port="0"/>
    <point x="45.19" y="6.89"/><point x="46.3" y="8.14"/></line>
    <line id="e129__OUT__">
      <frombox id="Application3" port="0"/>
      <tojoint id="n258" port="0"/>
    <point x="46.3" y="9.17"/><point x="46.26" y="10.17"/></line>
    <line id="e337__IN__">
      <fromjoint id="n149" port="0"/>
      <tobox id="Application1" port="1"/>
    <point x="0.58" y="6.89"/><point x="3.83" y="4.09"/></line>
    <line id="e337__OUT__">
      <frombox id="Application1" port="1"/>
      <tojoint id="n473" port="0"/>
    <point x="3.83" y="5.11"/><point x="2.59" y="6.36"/></line>
    <line id="e338__IN__">
      <fromjoint id="n473" port="0"/>
      <tobox id="Application1" port="2"/>
    <point x="2.58" y="6.89"/><point x="4.61" y="4.09"/></line>
    <line id="e338__OUT__">
      <frombox id="Application1" port="2"/>
      <tojoint id="n475" port="0"/>
    <point x="4.61" y="5.11"/><point x="5.09" y="6.36"/></line>
    <line id="e339__IN__">
      <fromjoint id="n208" port="0"/>
      <tobox id="Application2" port="1"/>
    <point x="11.58" y="6.89"/><point x="19.73" y="4.09"/></line>
    <line id="e339__OUT__">
      <frombox id="Application2" port="1"/>
      <tojoint id="n474" port="0"/>
    <point x="19.73" y="5.11"/><point x="13.82" y="6.36"/></line>
    <line id="e340__IN__">
      <fromjoint id="n475" port="1"/>
      <tobox id="Application1" port="3"/>
    <point x="5.39" y="6.89"/><point x="5.39" y="4.09"/></line>
    <line id="e340__OUT__">
      <frombox id="Application1" port="3"/>
      <tojoint id="n474" port="1"/>
    <point x="5.39" y="5.11"/><point x="14.37" y="6.36"/></line>
    <line id="e341__IN__">
      <fromjoint id="n475" port="0"/>
      <tobox id="Application1" port="4"/>
    <point x="4.8" y="6.89"/><point x="6.15" y="4.09"/></line>
    <line id="e341__OUT__">
      <frombox id="Application1" port="4"/>
      <tojoint id="n476" port="0"/>
    <point x="6.15" y="5.11"/><point x="7.59" y="6.36"/></line>
    <line id="e342__IN__">
      <fromjoint id="n474" port="0"/>
      <tobox id="Application2" port="2"/>
    <point x="14.08" y="6.89"/><point x="20.59" y="4.09"/></line>
    <line id="e342__OUT__">
      <frombox id="Application2" port="2"/>
      <tojoint id="n477__IN__0" port="0"/>
    <point x="20.59" y="5.11"/><point x="16.59" y="6.36"/></line>
    <line id="e343__IN__">
      <fromjoint id="n477__OUT__0" port="0"/>
      <tobox id="Application2" port="3"/>
    <point x="21.44" y="2.84"/><point x="21.44" y="4.09"/></line>
    <line id="e343__OUT__">
      <frombox id="Application2" port="3"/>
      <tojoint id="n478" port="0"/>
    <point x="21.44" y="5.11"/><point x="18.59" y="6.36"/></line>
    <line id="e344__IN__">
      <fromjoint id="n142" port="0"/>
      <tobox id="Application0" port="1"/>
    <point x="38.75" y="4.86"/><point x="40.28" y="2.06"/></line>
    <line id="e344__OUT__">
      <frombox id="Application0" port="1"/>
      <tojoint id="n479" port="0"/>
    <point x="40.28" y="3.09"/><point x="41.72" y="0.28"/></line>
    <line id="e345__IN__">
      <fromjoint id="n479" port="1"/>
      <tobox id="Application0" port="2"/>
    <point x="42.01" y="0.81"/><point x="41.01" y="2.06"/></line>
    <line id="e345__OUT__">
      <frombox id="Application0" port="2"/>
      <tojoint id="n477__IN__1" port="0"/>
    <point x="41.01" y="3.09"/><point x="40.76" y="4.34"/></line>
    <line id="e346__IN__">
      <fromjoint id="n478" port="0"/>
      <tobox id="Application2" port="4"/>
    <point x="18.58" y="6.89"/><point x="22.3" y="4.09"/></line>
    <line id="e346__OUT__">
      <frombox id="Application2" port="4"/>
      <tojoint id="n480" port="0"/>
    <point x="22.3" y="5.11"/><point x="22.59" y="6.36"/></line>
    <line id="e347__IN__">
      <fromjoint id="n479" port="0"/>
      <tobox id="Application0" port="3"/>
    <point x="41.43" y="0.81"/><point x="41.76" y="2.06"/></line>
    <line id="e347__OUT__">
      <frombox id="Application0" port="3"/>
      <tojoint id="n481" port="0"/>
    <point x="41.76" y="3.09"/><point x="42.76" y="4.34"/></line>
    <line id="e348__IN__">
      <fromjoint id="n480" port="0"/>
      <tobox id="Application2" port="5"/>
    <point x="22.58" y="6.89"/><point x="23.16" y="4.09"/></line>
    <line id="e348__OUT__">
      <frombox id="Application2" port="5"/>
      <tojoint id="n482__IN__0" port="0"/>
    <point x="23.16" y="5.11"/><point x="20.59" y="6.36"/></line>
    <line id="e349__IN__">
      <fromjoint id="n482__OUT__0" port="0"/>
      <tobox id="Application2" port="6"/>
    <point x="24.16" y="2.84"/><point x="24.02" y="4.09"/></line>
    <line id="e349__OUT__">
      <frombox id="Application2" port="6"/>
      <tojoint id="n483" port="0"/>
    <point x="24.02" y="5.11"/><point x="24.59" y="6.36"/></line>
    <line id="e350__IN__">
      <fromjoint id="n482__OUT__1" port="0"/>
      <tobox id="Application4" port="0"/>
    <point x="46.69" y="2.84"/><point x="47.33" y="4.09"/></line>
    <line id="e350__OUT__">
      <frombox id="Application4" port="0"/>
      <tojoint id="n484" port="0"/>
    <point x="47.33" y="5.11"/><point x="43.21" y="6.36"/></line>
    <line id="e351__IN__">
      <fromjoint id="n483" port="0"/>
      <tobox id="Application2" port="7"/>
    <point x="24.58" y="6.89"/><point x="24.87" y="4.09"/></line>
    <line id="e351__OUT__">
      <frombox id="Application2" port="7"/>
      <tojoint id="n485" port="0"/>
    <point x="24.87" y="5.11"/><point x="26.59" y="6.36"/></line>
    <line id="e352__IN__">
      <fromjoint id="n484" port="0"/>
      <tobox id="Application4" port="1"/>
    <point x="43.19" y="6.89"/><point x="48.09" y="4.09"/></line>
    <line id="e352__OUT__">
      <frombox id="Application4" port="1"/>
      <tojoint id="n487" port="0"/>
    <point x="48.09" y="5.11"/><point x="50.71" y="6.36"/></line>
    <line id="e353__IN__">
      <fromjoint id="n258" port="0"/>
      <tobox id="Application3" port="1"/>
    <point x="46.25" y="10.7"/><point x="47.0" y="8.14"/></line>
    <line id="e353__OUT__">
      <frombox id="Application3" port="1"/>
      <tojoint id="n486" port="0"/>
    <point x="47.0" y="9.17"/><point x="47.43" y="6.36"/></line>
    <line id="e354__IN__">
      <fromjoint id="n487" port="1"/>
      <tobox id="Application4" port="2"/>
    <point x="51.0" y="6.89"/><point x="48.87" y="4.09"/></line>
    <line id="e354__OUT__">
      <frombox id="Application4" port="2"/>
      <tojoint id="n486" port="1"/>
    <point x="48.87" y="5.11"/><point x="47.98" y="6.36"/></line>
    <line id="e355__IN__">
      <fromjoint id="n485" port="0"/>
      <tobox id="Application2" port="8"/>
    <point x="26.58" y="6.89"/><point x="25.73" y="4.09"/></line>
    <line id="e355__OUT__">
      <frombox id="Application2" port="8"/>
      <tojoint id="n488__IN__0" port="0"/>
    <point x="25.73" y="5.11"/><point x="28.59" y="6.36"/></line>
    <line id="e356__IN__">
      <fromjoint id="n488__OUT__0" port="0"/>
      <tobox id="Application2" port="9"/>
    <point x="26.44" y="2.84"/><point x="26.58" y="4.09"/></line>
    <line id="e356__OUT__">
      <frombox id="Application2" port="9"/>
      <tojoint id="n489" port="0"/>
    <point x="26.58" y="5.11"/><point x="30.59" y="6.36"/></line>
    <line id="e357__IN__">
      <fromjoint id="n488__OUT__1" port="0"/>
      <tobox id="Application4" port="3"/>
    <point x="48.69" y="2.84"/><point x="49.65" y="4.09"/></line>
    <line id="e357__OUT__">
      <frombox id="Application4" port="3"/>
      <tojoint id="n490" port="0"/>
    <point x="49.65" y="5.11"/><point x="50.93" y="2.31"/></line>
    <line id="e358__IN__">
      <fromjoint id="n487" port="0"/>
      <tobox id="Application4" port="4"/>
    <point x="50.41" y="6.89"/><point x="50.41" y="4.09"/></line>
    <line id="e358__OUT__">
      <frombox id="Application4" port="4"/>
      <tojoint id="n490" port="1"/>
    <point x="50.41" y="5.11"/><point x="51.48" y="2.31"/></line>
    <line id="e359__IN__">
      <fromjoint id="n489" port="0"/>
      <tobox id="Application2" port="10"/>
    <point x="30.58" y="6.89"/><point x="27.48" y="4.09"/></line>
    <line id="e359__OUT__">
      <frombox id="Application2" port="10"/>
      <tojoint id="n491" port="0"/>
    <point x="27.48" y="5.11"/><point x="32.59" y="6.36"/></line>
    <line id="e360__IN__">
      <fromjoint id="n486" port="0"/>
      <tobox id="Application3" port="2"/>
    <point x="47.69" y="6.89"/><point x="47.69" y="8.14"/></line>
    <line id="e360__OUT__">
      <frombox id="Application3" port="2"/>
      <tojoint id="n492" port="0"/>
    <point x="47.69" y="9.17"/><point x="48.26" y="10.17"/></line>
    <line id="e689__IN__">
      <fromjoint id="n490" port="0"/>
      <tobox id="Application4" port="5"/>
    <point x="51.19" y="2.84"/><point x="51.19" y="4.09"/></line>
    <line id="e689__OUT__">
      <frombox id="Application4" port="5"/>
      <tojoint id="n779" port="0"/>
    <point x="51.19" y="5.11"/><point x="53.21" y="6.36"/></line>
    <line id="e691__IN__">
      <fromjoint id="n481" port="0"/>
      <tobox id="Application0" port="4"/>
    <point x="42.75" y="4.86"/><point x="42.5" y="2.06"/></line>
    <line id="e691__OUT__">
      <frombox id="Application0" port="4"/>
      <tojoint id="n781" port="0"/>
    <point x="42.5" y="3.09"/><point x="44.76" y="4.34"/></line>
    <line id="e692__IN__">
      <fromjoint id="n492" port="0"/>
      <tobox id="Application3" port="3"/>
    <point x="48.25" y="10.7"/><point x="48.39" y="8.14"/></line>
    <line id="e692__OUT__">
      <frombox id="Application3" port="3"/>
      <tojoint id="n782" port="0"/>
    <point x="48.39" y="9.17"/><point x="50.26" y="10.17"/></line>
    <line id="e742__IN__">
      <fromjoint id="n491" port="0"/>
      <tobox id="Application2" port="11"/>
    <point x="32.58" y="6.89"/><point x="28.44" y="4.09"/></line>
    <line id="e742__OUT__">
      <frombox id="Application2" port="11"/>
      <tojoint id="n832" port="0"/>
    <point x="28.44" y="5.11"/><point x="34.59" y="6.36"/></line>
    <line id="e793__IN__">
      <fromjoint id="n476" port="0"/>
      <tobox id="Application1" port="5"/>
    <point x="7.58" y="6.89"/><point x="6.93" y="4.09"/></line>
    <line id="e793__OUT__">
      <frombox id="Application1" port="5"/>
      <tojoint id="n883" port="0"/>
    <point x="6.93" y="5.11"/><point x="9.59" y="6.36"/></line>
    <line id="e800__IN__">
      <fromjoint id="n140" port="0"/>
      <tobox id="Application39" port="0"/>
    <point x="36.59" y="4.86"/><point x="36.59" y="6.11"/></line>
    <line id="e800__OUT__">
      <frombox id="Application39" port="0"/>
      <tojoint id="n139__IN__0" port="0"/>
    <point x="36.59" y="7.14"/><point x="36.58" y="8.39"/></line>
    <line id="e342__OUT__CPY">
      <fromjoint id="n477__IN__0" port="0"/>
      <tobox id="EXT__Storage-set-Ljava-lang-Object---V__XIN__0" port="0"/>
    <point x="16.58" y="6.89"/><point x="16.58" y="8.14"/></line>
    <line id="e345__OUT__CPY">
      <fromjoint id="n477__IN__1" port="0"/>
      <tobox id="EXT__Storage-set-Ljava-lang-Object---V__XIN__1" port="0"/>
    <point x="40.75" y="4.86"/><point x="40.75" y="6.11"/></line>
    <line id="e343__IN__CPY">
      <frombox id="EXT__Storage-set-Ljava-lang-Object---V__XOUT__0" port="0"/>
      <tojoint id="n477__OUT__0" port="0"/>
    <point x="21.46" y="1.06"/><point x="21.46" y="2.31"/></line>
    <line id="e348__OUT__CPY">
      <fromjoint id="n482__IN__0" port="0"/>
      <tobox id="EXT__Storage-get---Ljava-lang-Object-__XIN__0" port="0"/>
    <point x="20.58" y="6.89"/><point x="24.3" y="8.14"/></line>
    <line id="e349__IN__CPY">
      <frombox id="EXT__Storage-get---Ljava-lang-Object-__XOUT__0" port="0"/>
      <tojoint id="n482__OUT__0" port="0"/>
    <point x="25.02" y="1.06"/><point x="24.18" y="2.31"/></line>
    <line id="e350__IN__CPY">
      <frombox id="EXT__Storage-get---Ljava-lang-Object-__XOUT__1" port="0"/>
      <tojoint id="n482__OUT__1" port="0"/>
    <point x="47.41" y="1.06"/><point x="46.71" y="2.31"/></line>
    <line id="e355__OUT__CPY">
      <fromjoint id="n488__IN__0" port="0"/>
      <tobox id="EXT__Storage-get---Ljava-lang-Object-__XIN__0" port="1"/>
    <point x="28.58" y="6.89"/><point x="24.86" y="8.14"/></line>
    <line id="e356__IN__CPY">
      <frombox id="EXT__Storage-get---Ljava-lang-Object-__XOUT__0" port="1"/>
      <tojoint id="n488__OUT__0" port="0"/>
    <point x="25.61" y="1.06"/><point x="26.46" y="2.31"/></line>
    <line id="e357__IN__CPY">
      <frombox id="EXT__Storage-get---Ljava-lang-Object-__XOUT__1" port="1"/>
      <tojoint id="n488__OUT__1" port="0"/>
    <point x="48.0" y="1.06"/><point x="48.71" y="2.31"/></line>
  </level>
</graph>