<?xml version="1.0" encoding="UTF-8"?>
<!DOCTYPE world SYSTEM "world.dtd">
<world version="1">
 <level name="Vulture">
  <linked-edges>
   <edge-set id="Vulture0">
    <edgeref id="e2"/>
    <edgeref id="e794"/>
    <edgeref id="e4"/>
    <edgeref id="e6"/>
    <edgeref id="e492"/>
    <edgeref id="e493"/>
    <edgeref id="e494"/>
    <edgeref id="e495"/>
    <edgeref id="e499"/>
    <edgeref id="e500"/>
    <edgeref id="e501"/>
    <edgeref id="e502"/>
    <edgeref id="e503"/>
    <edgeref id="e512"/>
    <edgeref id="e513"/>
    <edgeref id="e514"/>
    <edgeref id="e515"/>
    <edgeref id="e516"/>
    <edgeref id="e523"/>
    <edgeref id="e524"/>
    <edgeref id="e525"/>
    <edgeref id="e526"/>
    <edgeref id="e527"/>
    <edgeref id="e533"/>
    <edgeref id="e534"/>
    <edgeref id="e535"/>
    <edgeref id="e536"/>
    <edgeref id="e537"/>
    <edgeref id="e744"/>
    <edgeref id="e485"/>
    <edgeref id="e747"/>
   </edge-set>
   <edge-set id="Vulture1">
    <edgeref id="e24"/>
    <edgeref id="e507"/>
    <edgeref id="e509"/>
    <edgeref id="e733"/>
   </edge-set>
   <edge-set id="Vulture2">
    <edgeref id="e39"/>
    <edgeref id="e508"/>
    <edgeref id="e520"/>
    <edgeref id="e748"/>
   </edge-set>
   <edge-set id="Vulture3">
    <edgeref id="e161"/>
    <edgeref id="e746"/>
   </edge-set>
   <edge-set id="Vulture4">
    <edgeref id="e496"/>
    <edgeref id="e504"/>
    <edgeref id="e505"/>
    <edgeref id="e506"/>
    <edgeref id="e517"/>
    <edgeref id="e518"/>
    <edgeref id="e519"/>
    <edgeref id="e528"/>
    <edgeref id="e529"/>
    <edgeref id="e530"/>
    <edgeref id="e540"/>
    <edgeref id="e739"/>
   </edge-set>
   <edge-set id="Vulture5">
    <edgeref id="e538"/>
    <edgeref id="e539"/>
    <edgeref id="e723"/>
   </edge-set>
   <edge-set id="Vulture6">
    <edgeref id="e95"/>
    <edgeref id="e479"/>
    <edgeref id="e480"/>
    <edgeref id="e481"/>
    <edgeref id="e487"/>
    <edgeref id="e488"/>
    <edgeref id="e754"/>
   </edge-set>
   <edge-set id="Vulture7">
    <edgeref id="e482"/>
    <edgeref id="e725"/>
   </edge-set>
   <edge-set id="Vulture8">
    <edgeref id="e1"/>
   </edge-set>
   <edge-set id="Vulture11">
    <edgeref id="e839"/>
   </edge-set>
   <edge-set id="Vulture12">
    <edgeref id="e3"/>
   </edge-set>
   <edge-set id="Vulture14">
    <edgeref id="e840"/>
   </edge-set>
   <edge-set id="Vulture15">
    <edgeref id="e5"/>
   </edge-set>
   <edge-set id="Vulture17">
    <edgeref id="e830"/>
   </edge-set>
   <edge-set id="Vulture18">
    <edgeref id="e23"/>
   </edge-set>
   <edge-set id="Vulture22">
    <edgeref id="e490"/>
   </edge-set>
   <edge-set id="Vulture23">
    <edgeref id="e491"/>
   </edge-set>
   <edge-set id="Vulture29">
    <edgeref id="e497"/>
   </edge-set>
   <edge-set id="Vulture30">
    <edgeref id="e498"/>
   </edge-set>
   <edge-set id="Vulture42">
    <edgeref id="e510"/>
   </edge-set>
   <edge-set id="Vulture43">
    <edgeref id="e511"/>
   </edge-set>
   <edge-set id="Vulture53">
    <edgeref id="e521"/>
   </edge-set>
   <edge-set id="Vulture54">
    <edgeref id="e522"/>
   </edge-set>
   <edge-set id="Vulture63">
    <edgeref id="e531"/>
   </edge-set>
   <edge-set id="Vulture64">
    <edgeref id="e532"/>
   </edge-set>
   <edge-set id="Vulture79">
    <edgeref id="e833"/>
   </edge-set>
   <edge-set id="Vulture80">
    <edgeref id="e94"/>
   </edge-set>
   <edge-set id="Vulture86">
    <edgeref id="e483"/>
   </edge-set>
   <edge-set id="Vulture87">
    <edgeref id="e484"/>
   </edge-set>
   <edge-set id="Vulture89">
    <edgeref id="e486"/>
   </edge-set>
   <edge-set id="Vulture92">
    <edgeref id="e489"/>
   </edge-set>
   <edge-set id="Vulture96">
    <edgeref id="e804"/>
   </edge-set>
  </linked-edges>
  <boards>
   <board name="Vulture">
    <node kind="INCOMING" id="n0">
     <input/>
     <output>
      <port num="0" edge="e1"/>
      <port num="1" edge="e2"/>
     </output>
     <layout>
      <x>0.01389</x>
      <y>0.00000</y>
     </layout>
    </node>
    <node kind="OUTGOING" id="n1">
     <input>
      <port num="0" edge="e839"/>
     </input>
     <output/>
     <layout>
      <x>0.00000</x>
      <y>7.68000</y>
     </layout>
    </node>
    <node kind="CONNECT" id="n2">
     <input>
      <port num="0" edge="e1"/>
     </input>
     <output>
      <port num="0" edge="e839"/>
     </output>
     <layout>
      <x>0.00000</x>
      <y>3.41333</y>
     </layout>
    </node>
    <node kind="CONNECT" id="n3">
     <input>
      <port num="0" edge="e2"/>
     </input>
     <output>
      <port num="0" edge="e794"/>
     </output>
     <layout>
      <x>1.04167</x>
      <y>1.28000</y>
     </layout>
    </node>
    <node kind="END" id="n884">
     <input>
      <port num="0" edge="e794"/>
     </input>
     <output/>
     <layout>
      <x>1.04167</x>
      <y>5.54667</y>
     </layout>
    </node>
    <edge description="this" variableID="-1" pinch="false" width="narrow" editable="false" id="e1" buzzsaw="false">
     <from>
      <noderef id="n0" port="0"/>
     </from>
     <to>
      <noderef id="n2" port="0"/>
     </to>
     <edge-layout>
      <point>
       <x>0.51389</x>
       <y>0.00000</y>
      </point>
      <point>
       <x>0.51389</x>
       <y>1.53829</y>
      </point>
      <point>
       <x>0.50000</x>
       <y>3.41333</y>
      </point>
      <point>
       <x>0.50000</x>
       <y>3.41333</y>
      </point>
     </edge-layout>
    </edge>
    <edge description="Variable 60 at class Vulture field server; tree Server" variableID="60" pinch="false" width="narrow" editable="true" id="e2" buzzsaw="false">
     <from>
      <noderef id="n0" port="1"/>
     </from>
     <to>
      <noderef id="n3" port="0"/>
     </to>
     <edge-layout>
      <point>
       <x>1.51389</x>
       <y>0.00000</y>
      </point>
      <point>
       <x>1.51389</x>
       <y>0.58506</y>
      </point>
      <point>
       <x>1.54167</x>
       <y>1.28000</y>
      </point>
      <point>
       <x>1.54167</x>
       <y>1.28000</y>
      </point>
     </edge-layout>
    </edge>
    <edge description="Variable 60 at class Vulture field server; tree Server" variableID="60" pinch="false" width="narrow" editable="true" id="e794" buzzsaw="false">
     <from>
      <noderef id="n3" port="0"/>
     </from>
     <to>
      <noderef id="n884" port="0"/>
     </to>
     <edge-layout>
      <point>
       <x>1.54167</x>
       <y>1.28000</y>
      </point>
      <point>
       <x>1.54167</x>
       <y>1.28000</y>
      </point>
      <point>
       <x>1.54167</x>
       <y>5.54667</y>
      </point>
      <point>
       <x>1.54167</x>
       <y>5.54667</y>
      </point>
     </edge-layout>
    </edge>
    <edge description="this" variableID="-1" pinch="false" width="narrow" editable="false" id="e839" buzzsaw="false">
     <from>
      <noderef id="n2" port="0"/>
     </from>
     <to>
      <noderef id="n1" port="0"/>
     </to>
     <edge-layout>
      <point>
       <x>0.50000</x>
       <y>3.41333</y>
      </point>
      <point>
       <x>0.50000</x>
       <y>3.41333</y>
      </point>
      <point>
       <x>0.50000</x>
       <y>5.78357</y>
      </point>
      <point>
       <x>0.50000</x>
       <y>7.68000</y>
      </point>
     </edge-layout>
    </edge>
   </board>
   <board name="Vulture-server--GET">
    <node kind="INCOMING" id="n4">
     <input/>
     <output>
      <port num="0" edge="e3"/>
     </output>
     <layout>
      <x>0.00000</x>
      <y>0.00000</y>
     </layout>
    </node>
    <node kind="OUTGOING" id="n5">
     <input>
      <port num="0" edge="e840"/>
      <port num="1" edge="e4"/>
     </input>
     <output/>
     <layout>
      <x>0.00000</x>
      <y>7.68000</y>
     </layout>
    </node>
    <node kind="CONNECT" id="n6">
     <input>
      <port num="0" edge="e3"/>
     </input>
     <output>
      <port num="0" edge="e840"/>
     </output>
     <layout>
      <x>0.00000</x>
      <y>3.61026</y>
     </layout>
    </node>
    <node kind="START_PIPE_DEPENDENT_BALL" id="n7">
     <input/>
     <output>
      <port num="0" edge="e4"/>
     </output>
     <layout>
      <x>1.00000</x>
      <y>0.65641</y>
     </layout>
    </node>
    <edge description="this" variableID="-1" pinch="false" width="narrow" editable="false" id="e3" buzzsaw="false">
     <from>
      <noderef id="n4" port="0"/>
     </from>
     <to>
      <noderef id="n6" port="0"/>
     </to>
     <edge-layout>
      <point>
       <x>0.50000</x>
       <y>0.00000</y>
      </point>
      <point>
       <x>0.50000</x>
       <y>1.63233</y>
      </point>
      <point>
       <x>0.50000</x>
       <y>3.61026</y>
      </point>
      <point>
       <x>0.50000</x>
       <y>3.61026</y>
      </point>
     </edge-layout>
    </edge>
    <edge description="Variable 60 at class Vulture field server; tree Server" variableID="60" pinch="false" width="narrow" editable="true" id="e4" buzzsaw="false">
     <from>
      <noderef id="n7" port="0"/>
     </from>
     <to>
      <noderef id="n5" port="1"/>
     </to>
     <edge-layout>
      <point>
       <x>1.50000</x>
       <y>0.65641</y>
      </point>
      <point>
       <x>1.50000</x>
       <y>0.65641</y>
      </point>
      <point>
       <x>1.50000</x>
       <y>4.55827</y>
      </point>
      <point>
       <x>1.50000</x>
       <y>7.68000</y>
      </point>
     </edge-layout>
    </edge>
    <edge description="this" variableID="-1" pinch="false" width="narrow" editable="false" id="e840" buzzsaw="false">
     <from>
      <noderef id="n6" port="0"/>
     </from>
     <to>
      <noderef id="n5" port="0"/>
     </to>
     <edge-layout>
      <point>
       <x>0.50000</x>
       <y>3.61026</y>
      </point>
      <point>
       <x>0.50000</x>
       <y>3.61026</y>
      </point>
      <point>
       <x>0.50000</x>
       <y>5.87107</y>
      </point>
      <point>
       <x>0.50000</x>
       <y>7.68000</y>
      </point>
     </edge-layout>
    </edge>
   </board>
   <board name="Vulture-server--SET">
    <node kind="INCOMING" id="n8">
     <input/>
     <output>
      <port num="0" edge="e5"/>
      <port num="1" edge="e6"/>
     </output>
     <layout>
      <x>0.00000</x>
      <y>0.00000</y>
     </layout>
    </node>
    <node kind="OUTGOING" id="n9">
     <input>
      <port num="0" edge="e830"/>
     </input>
     <output/>
     <layout>
      <x>0.00000</x>
      <y>7.68000</y>
     </layout>
    </node>
    <node kind="CONNECT" id="n10">
     <input>
      <port num="0" edge="e5"/>
     </input>
     <output>
      <port num="0" edge="e830"/>
     </output>
     <layout>
      <x>0.00000</x>
      <y>1.77231</y>
     </layout>
    </node>
    <node kind="END" id="n11">
     <input>
      <port num="0" edge="e6"/>
     </input>
     <output/>
     <layout>
      <x>1.00000</x>
      <y>4.72615</y>
     </layout>
    </node>
    <edge description="this" variableID="-1" pinch="false" width="narrow" editable="false" id="e5" buzzsaw="false">
     <from>
      <noderef id="n8" port="0"/>
     </from>
     <to>
      <noderef id="n10" port="0"/>
     </to>
     <edge-layout>
      <point>
       <x>0.50000</x>
       <y>0.00000</y>
      </point>
      <point>
       <x>0.50000</x>
       <y>0.80988</y>
      </point>
      <point>
       <x>0.50000</x>
       <y>1.77231</y>
      </point>
      <point>
       <x>0.50000</x>
       <y>1.77231</y>
      </point>
     </edge-layout>
    </edge>
    <edge description="Variable 60 at class Vulture field server; tree Server" variableID="60" pinch="false" width="narrow" editable="true" id="e6" buzzsaw="false">
     <from>
      <noderef id="n8" port="1"/>
     </from>
     <to>
      <noderef id="n11" port="0"/>
     </to>
     <edge-layout>
      <point>
       <x>1.50000</x>
       <y>0.00000</y>
      </point>
      <point>
       <x>1.50000</x>
       <y>2.12994</y>
      </point>
      <point>
       <x>1.50000</x>
       <y>4.72615</y>
      </point>
      <point>
       <x>1.50000</x>
       <y>4.72615</y>
      </point>
     </edge-layout>
    </edge>
    <edge description="this" variableID="-1" pinch="false" width="narrow" editable="false" id="e830" buzzsaw="false">
     <from>
      <noderef id="n10" port="0"/>
     </from>
     <to>
      <noderef id="n9" port="0"/>
     </to>
     <edge-layout>
      <point>
       <x>0.50000</x>
       <y>1.77231</y>
      </point>
      <point>
       <x>0.50000</x>
       <y>1.77231</y>
      </point>
      <point>
       <x>0.50000</x>
       <y>5.05418</y>
      </point>
      <point>
       <x>0.50000</x>
       <y>7.68000</y>
      </point>
     </edge-layout>
    </edge>
   </board>
   <board name="Vulture-run---V">
    <node kind="INCOMING" id="n47">
     <input/>
     <output>
      <port num="0" edge="e23"/>
     </output>
     <layout>
      <x>0.95833</x>
      <y>0.00000</y>
     </layout>
    </node>
    <node kind="OUTGOING" id="n48">
     <input>
      <port num="0" edge="e833"/>
     </input>
     <output/>
     <layout>
      <x>0.00000</x>
      <y>59.55556</y>
     </layout>
    </node>
    <node kind="CONNECT" id="n49">
     <input>
      <port num="0" edge="e23"/>
     </input>
     <output>
      <port num="0" edge="e490"/>
     </output>
     <layout>
      <x>0.95833</x>
      <y>1.52778</y>
     </layout>
    </node>
    <node kind="START_NO_BALL" id="n50">
     <input/>
     <output>
      <port num="0" edge="e24"/>
     </output>
     <layout>
      <x>5.09722</x>
      <y>0.27778</y>
     </layout>
    </node>
    <node kind="CONNECT" id="n51">
     <input>
      <port num="0" edge="e24"/>
     </input>
     <output>
      <port num="0" edge="e507"/>
     </output>
     <layout>
      <x>5.09722</x>
      <y>2.77778</y>
     </layout>
    </node>
    <node kind="START_NO_BALL" id="n81">
     <input/>
     <output>
      <port num="0" edge="e39"/>
     </output>
     <layout>
      <x>6.27778</x>
      <y>1.52778</y>
     </layout>
    </node>
    <node kind="CONNECT" id="n82">
     <input>
      <port num="0" edge="e39"/>
     </input>
     <output>
      <port num="0" edge="e508"/>
     </output>
     <layout>
      <x>6.27778</x>
      <y>4.26389</y>
     </layout>
    </node>
    <node kind="START_NO_BALL" id="n316">
     <input/>
     <output>
      <port num="0" edge="e161"/>
     </output>
     <layout>
      <x>7.27778</x>
      <y>2.77778</y>
     </layout>
    </node>
    <node kind="CONNECT" id="n317">
     <input>
      <port num="0" edge="e161"/>
     </input>
     <output>
      <port num="0" edge="e746"/>
     </output>
     <layout>
      <x>7.27778</x>
      <y>5.75000</y>
     </layout>
    </node>
    <node kind="SUBBOARD" name="Vulture-server--GET" id="n607">
     <input>
      <port num="0" edge="e490"/>
     </input>
     <output>
      <port num="0" edge="e491"/>
      <port num="1" edge="e492"/>
     </output>
     <layout>
      <x>0.95833</x>
      <y>4.02778</y>
     </layout>
    </node>
    <node kind="CONNECT" id="n608">
     <input>
      <port num="0" edge="e491"/>
     </input>
     <output>
      <port num="0" edge="e497"/>
     </output>
     <layout>
      <x>0.84722</x>
      <y>7.00000</y>
     </layout>
    </node>
    <node kind="CONNECT" id="n609">
     <input>
      <port num="0" edge="e492"/>
     </input>
     <output>
      <port num="0" edge="e493"/>
     </output>
     <layout>
      <x>2.11111</x>
      <y>7.00000</y>
     </layout>
    </node>
    <node kind="CONNECT" id="n610">
     <input>
      <port num="0" edge="e493"/>
     </input>
     <output>
      <port num="0" edge="e494"/>
     </output>
     <layout>
      <x>2.29167</x>
      <y>9.50000</y>
     </layout>
    </node>
    <node kind="SUBBOARD" name="Server-connections--GET" id="n611">
     <input>
      <port num="0" edge="e494"/>
     </input>
     <output>
      <port num="0" edge="e495"/>
      <port num="1" edge="e496"/>
     </output>
     <layout>
      <x>3.04167</x>
      <y>12.00000</y>
     </layout>
    </node>
    <node kind="CONNECT" id="n612">
     <input>
      <port num="0" edge="e495"/>
     </input>
     <output>
      <port num="0" edge="e500"/>
     </output>
     <layout>
      <x>3.04167</x>
      <y>15.20833</y>
     </layout>
    </node>
    <node kind="CONNECT" id="n613">
     <input>
      <port num="0" edge="e496"/>
     </input>
     <output>
      <port num="0" edge="e505"/>
     </output>
     <layout>
      <x>4.15278</x>
      <y>16.69444</y>
     </layout>
    </node>
    <node kind="SUBBOARD" name="Vulture-server--GET" id="n614">
     <input>
      <port num="0" edge="e497"/>
     </input>
     <output>
      <port num="0" edge="e498"/>
      <port num="1" edge="e499"/>
     </output>
     <layout>
      <x>0.79167</x>
      <y>14.97222</y>
     </layout>
    </node>
    <node kind="CONNECT" id="n615">
     <input>
      <port num="0" edge="e498"/>
     </input>
     <output>
      <port num="0" edge="e510"/>
     </output>
     <layout>
      <x>0.34722</x>
      <y>19.19444</y>
     </layout>
    </node>
    <node kind="MERGE" id="n616">
     <input>
      <port num="0" edge="e499"/>
      <port num="1" edge="e500"/>
     </input>
     <output>
      <port num="0" edge="e501"/>
     </output>
     <layout>
      <x>2.31944</x>
      <y>17.94444</y>
     </layout>
    </node>
    <node kind="CONNECT" id="n617">
     <input>
      <port num="0" edge="e501"/>
     </input>
     <output>
      <port num="0" edge="e502"/>
     </output>
     <layout>
      <x>2.31944</x>
      <y>20.44444</y>
     </layout>
    </node>
    <node kind="SUBBOARD" name="Server-connections--GET" id="n618">
     <input>
      <port num="0" edge="e502"/>
     </input>
     <output>
      <port num="0" edge="e503"/>
      <port num="1" edge="e504"/>
     </output>
     <layout>
      <x>2.31944</x>
      <y>22.94444</y>
     </layout>
    </node>
    <node kind="CONNECT" id="n619">
     <input>
      <port num="0" edge="e503"/>
     </input>
     <output>
      <port num="0" edge="e513"/>
     </output>
     <layout>
      <x>2.31944</x>
      <y>26.15278</y>
     </layout>
    </node>
    <node kind="MERGE" id="n620">
     <input>
      <port num="0" edge="e504"/>
      <port num="1" edge="e505"/>
     </input>
     <output>
      <port num="0" edge="e506"/>
     </output>
     <layout>
      <x>4.20833</x>
      <y>26.15278</y>
     </layout>
    </node>
    <node kind="CONNECT" id="n621">
     <input>
      <port num="0" edge="e506"/>
     </input>
     <output>
      <port num="0" edge="e518"/>
     </output>
     <layout>
      <x>4.23611</x>
      <y>31.86111</y>
     </layout>
    </node>
    <node kind="MERGE" id="n622">
     <input>
      <port num="0" edge="e508"/>
      <port num="1" edge="e509"/>
     </input>
     <output>
      <port num="0" edge="e520"/>
     </output>
     <layout>
      <x>5.97222</x>
      <y>8.25000</y>
     </layout>
    </node>
    <node kind="SPLIT" id="n623">
     <input>
      <port num="0" edge="e507"/>
     </input>
     <output>
      <port num="0" edge="e733"/>
      <port num="1" edge="e509"/>
     </output>
     <layout>
      <x>5.09722</x>
      <y>5.75000</y>
     </layout>
    </node>
    <node kind="SUBBOARD" name="Vulture-server--GET" id="n624">
     <input>
      <port num="0" edge="e510"/>
     </input>
     <output>
      <port num="0" edge="e511"/>
      <port num="1" edge="e512"/>
     </output>
     <layout>
      <x>0.06944</x>
      <y>25.91667</y>
     </layout>
    </node>
    <node kind="CONNECT" id="n625">
     <input>
      <port num="0" edge="e511"/>
     </input>
     <output>
      <port num="0" edge="e521"/>
     </output>
     <layout>
      <x>0.02778</x>
      <y>29.36111</y>
     </layout>
    </node>
    <node kind="MERGE" id="n626">
     <input>
      <port num="0" edge="e512"/>
      <port num="1" edge="e513"/>
     </input>
     <output>
      <port num="0" edge="e514"/>
     </output>
     <layout>
      <x>2.25000</x>
      <y>28.11111</y>
     </layout>
    </node>
    <node kind="CONNECT" id="n627">
     <input>
      <port num="0" edge="e514"/>
     </input>
     <output>
      <port num="0" edge="e515"/>
     </output>
     <layout>
      <x>2.25000</x>
      <y>30.61111</y>
     </layout>
    </node>
    <node kind="SUBBOARD" name="Server-connections--GET" id="n628">
     <input>
      <port num="0" edge="e515"/>
     </input>
     <output>
      <port num="0" edge="e516"/>
      <port num="1" edge="e517"/>
     </output>
     <layout>
      <x>2.25000</x>
      <y>33.11111</y>
     </layout>
    </node>
    <node kind="CONNECT" id="n629">
     <input>
      <port num="0" edge="e516"/>
     </input>
     <output>
      <port num="0" edge="e524"/>
     </output>
     <layout>
      <x>2.25000</x>
      <y>35.54167</y>
     </layout>
    </node>
    <node kind="MERGE" id="n630">
     <input>
      <port num="0" edge="e517"/>
      <port num="1" edge="e518"/>
     </input>
     <output>
      <port num="0" edge="e519"/>
     </output>
     <layout>
      <x>4.25000</x>
      <y>35.54167</y>
     </layout>
    </node>
    <node kind="CONNECT" id="n631">
     <input>
      <port num="0" edge="e519"/>
     </input>
     <output>
      <port num="0" edge="e529"/>
     </output>
     <layout>
      <x>4.25000</x>
      <y>41.25000</y>
     </layout>
    </node>
    <node kind="CONNECT" id="n632">
     <input>
      <port num="0" edge="e520"/>
     </input>
     <output>
      <port num="0" edge="e748"/>
     </output>
     <layout>
      <x>5.97222</x>
      <y>10.75000</y>
     </layout>
    </node>
    <node kind="SUBBOARD" name="Vulture-server--GET" id="n633">
     <input>
      <port num="0" edge="e521"/>
     </input>
     <output>
      <port num="0" edge="e522"/>
      <port num="1" edge="e523"/>
     </output>
     <layout>
      <x>0.00000</x>
      <y>35.30556</y>
     </layout>
    </node>
    <node kind="CONNECT" id="n634">
     <input>
      <port num="0" edge="e522"/>
     </input>
     <output>
      <port num="0" edge="e531"/>
     </output>
     <layout>
      <x>0.00000</x>
      <y>38.75000</y>
     </layout>
    </node>
    <node kind="MERGE" id="n635">
     <input>
      <port num="0" edge="e523"/>
      <port num="1" edge="e524"/>
     </input>
     <output>
      <port num="0" edge="e525"/>
     </output>
     <layout>
      <x>2.25000</x>
      <y>37.50000</y>
     </layout>
    </node>
    <node kind="CONNECT" id="n636">
     <input>
      <port num="0" edge="e525"/>
     </input>
     <output>
      <port num="0" edge="e526"/>
     </output>
     <layout>
      <x>2.25000</x>
      <y>40.00000</y>
     </layout>
    </node>
    <node kind="SUBBOARD" name="Server-connections--GET" id="n637">
     <input>
      <port num="0" edge="e526"/>
     </input>
     <output>
      <port num="0" edge="e527"/>
      <port num="1" edge="e528"/>
     </output>
     <layout>
      <x>2.25000</x>
      <y>42.50000</y>
     </layout>
    </node>
    <node kind="CONNECT" id="n638">
     <input>
      <port num="0" edge="e527"/>
     </input>
     <output>
      <port num="0" edge="e534"/>
     </output>
     <layout>
      <x>2.25000</x>
      <y>44.93056</y>
     </layout>
    </node>
    <node kind="MERGE" id="n639">
     <input>
      <port num="0" edge="e528"/>
      <port num="1" edge="e529"/>
     </input>
     <output>
      <port num="0" edge="e530"/>
     </output>
     <layout>
      <x>3.87500</x>
      <y>44.93056</y>
     </layout>
    </node>
    <node kind="CONNECT" id="n640">
     <input>
      <port num="0" edge="e530"/>
     </input>
     <output>
      <port num="0" edge="e540"/>
     </output>
     <layout>
      <x>3.87500</x>
      <y>46.88889</y>
     </layout>
    </node>
    <node kind="SUBBOARD" name="Vulture-server--GET" id="n641">
     <input>
      <port num="0" edge="e531"/>
     </input>
     <output>
      <port num="0" edge="e532"/>
      <port num="1" edge="e533"/>
     </output>
     <layout>
      <x>0.00000</x>
      <y>44.69444</y>
     </layout>
    </node>
    <node kind="CONNECT" id="n642">
     <input>
      <port num="0" edge="e532"/>
     </input>
     <output>
      <port num="0" edge="e833"/>
     </output>
     <layout>
      <x>0.00000</x>
      <y>48.13889</y>
     </layout>
    </node>
    <node kind="MERGE" id="n643">
     <input>
      <port num="0" edge="e533"/>
      <port num="1" edge="e534"/>
     </input>
     <output>
      <port num="0" edge="e535"/>
     </output>
     <layout>
      <x>1.56944</x>
      <y>46.88889</y>
     </layout>
    </node>
    <node kind="CONNECT" id="n644">
     <input>
      <port num="0" edge="e535"/>
     </input>
     <output>
      <port num="0" edge="e536"/>
     </output>
     <layout>
      <x>1.56944</x>
      <y>49.38889</y>
     </layout>
    </node>
    <node kind="SUBBOARD" name="Server-connection_list--GET" id="n645">
     <input>
      <port num="0" edge="e536"/>
     </input>
     <output>
      <port num="0" edge="e537"/>
      <port num="1" edge="e538"/>
     </output>
     <layout>
      <x>1.56944</x>
      <y>51.11111</y>
     </layout>
    </node>
    <node kind="CONNECT" id="n646">
     <input>
      <port num="0" edge="e537"/>
     </input>
     <output>
      <port num="0" edge="e744"/>
     </output>
     <layout>
      <x>1.41667</x>
      <y>54.08333</y>
     </layout>
    </node>
    <node kind="CONNECT" id="n647">
     <input>
      <port num="0" edge="e538"/>
     </input>
     <output>
      <port num="0" edge="e539"/>
     </output>
     <layout>
      <x>2.66667</x>
      <y>54.08333</y>
     </layout>
    </node>
    <node kind="CONNECT" id="n648">
     <input>
      <port num="0" edge="e539"/>
     </input>
     <output>
      <port num="0" edge="e723"/>
     </output>
     <layout>
      <x>2.66667</x>
      <y>55.80556</y>
     </layout>
    </node>
    <node kind="CONNECT" id="n649">
     <input>
      <port num="0" edge="e540"/>
     </input>
     <output>
      <port num="0" edge="e739"/>
     </output>
     <layout>
      <x>3.87500</x>
      <y>49.38889</y>
     </layout>
    </node>
    <node kind="END" id="n813">
     <input>
      <port num="0" edge="e723"/>
     </input>
     <output/>
     <layout>
      <x>2.66667</x>
      <y>58.30556</y>
     </layout>
    </node>
    <node kind="END" id="n823">
     <input>
      <port num="0" edge="e733"/>
     </input>
     <output/>
     <layout>
      <x>4.95833</x>
      <y>21.69444</y>
     </layout>
    </node>
    <node kind="END" id="n829">
     <input>
      <port num="0" edge="e739"/>
     </input>
     <output/>
     <layout>
      <x>3.87500</x>
      <y>52.83333</y>
     </layout>
    </node>
    <node kind="END" id="n834">
     <input>
      <port num="0" edge="e744"/>
     </input>
     <output/>
     <layout>
      <x>1.41667</x>
      <y>57.05556</y>
     </layout>
    </node>
    <node kind="END" id="n836">
     <input>
      <port num="0" edge="e746"/>
     </input>
     <output/>
     <layout>
      <x>7.27778</x>
      <y>13.72222</y>
     </layout>
    </node>
    <node kind="END" id="n838">
     <input>
      <port num="0" edge="e748"/>
     </input>
     <output/>
     <layout>
      <x>5.97222</x>
      <y>24.66667</y>
     </layout>
    </node>
    <edge description="this" variableID="-1" pinch="false" width="narrow" editable="false" id="e23" buzzsaw="false">
     <from>
      <noderef id="n47" port="0"/>
     </from>
     <to>
      <noderef id="n49" port="0"/>
     </to>
     <edge-layout>
      <point>
       <x>1.45833</x>
       <y>0.00000</y>
      </point>
      <point>
       <x>1.45833</x>
       <y>0.91111</y>
      </point>
      <point>
       <x>1.45833</x>
       <y>2.01389</y>
      </point>
      <point>
       <x>1.45833</x>
       <y>2.01389</y>
      </point>
     </edge-layout>
    </edge>
    <edge description="Variable 63 at method Vulture#run():V cast 0; tree Connection" variableID="63" pinch="false" width="narrow" editable="true" id="e24" buzzsaw="false">
     <from>
      <noderef id="n50" port="0"/>
     </from>
     <to>
      <noderef id="n51" port="0"/>
     </to>
     <edge-layout>
      <point>
       <x>5.59722</x>
       <y>0.79167</y>
      </point>
      <point>
       <x>5.59722</x>
       <y>0.79167</y>
      </point>
      <point>
       <x>5.59722</x>
       <y>3.26389</y>
      </point>
      <point>
       <x>5.59722</x>
       <y>3.26389</y>
      </point>
     </edge-layout>
    </edge>
    <edge description="Variable 62 at method Vulture#run():V local variable c(0); tree Connection" variableID="62" pinch="false" width="narrow" editable="true" id="e39" buzzsaw="false">
     <from>
      <noderef id="n81" port="0"/>
     </from>
     <to>
      <noderef id="n82" port="0"/>
     </to>
     <edge-layout>
      <point>
       <x>6.77778</x>
       <y>2.04167</y>
      </point>
      <point>
       <x>6.77778</x>
       <y>2.04167</y>
      </point>
      <point>
       <x>6.77778</x>
       <y>4.75000</y>
      </point>
      <point>
       <x>6.77778</x>
       <y>4.75000</y>
      </point>
     </edge-layout>
    </edge>
    <edge description="Variable 61 at method Vulture#run():V local variable e(0); tree InterruptedException" variableID="61" pinch="false" width="narrow" editable="true" id="e161" buzzsaw="false">
     <from>
      <noderef id="n316" port="0"/>
     </from>
     <to>
      <noderef id="n317" port="0"/>
     </to>
     <edge-layout>
      <point>
       <x>7.77778</x>
       <y>3.29167</y>
      </point>
      <point>
       <x>7.77778</x>
       <y>3.29167</y>
      </point>
      <point>
       <x>7.77778</x>
       <y>6.23611</y>
      </point>
      <point>
       <x>7.77778</x>
       <y>6.23611</y>
      </point>
     </edge-layout>
    </edge>
    <edge description="this" variableID="-1" pinch="false" width="narrow" editable="false" id="e490" buzzsaw="false">
     <from>
      <noderef id="n49" port="0"/>
     </from>
     <to>
      <noderef id="n607" port="0"/>
     </to>
     <edge-layout>
      <point>
       <x>1.45833</x>
       <y>2.04167</y>
      </point>
      <point>
       <x>1.45833</x>
       <y>2.04167</y>
      </point>
      <point>
       <x>1.45833</x>
       <y>3.14444</y>
      </point>
      <point>
       <x>1.45833</x>
       <y>4.02778</y>
      </point>
     </edge-layout>
    </edge>
    <edge description="this" variableID="-1" pinch="false" width="narrow" editable="false" id="e491" buzzsaw="false">
     <from>
      <noderef id="n607" port="0"/>
     </from>
     <to>
      <noderef id="n608" port="0"/>
     </to>
     <edge-layout>
      <point>
       <x>1.45833</x>
       <y>5.50000</y>
      </point>
      <point>
       <x>1.45833</x>
       <y>6.38472</y>
      </point>
      <point>
       <x>1.34722</x>
       <y>7.48611</y>
      </point>
      <point>
       <x>1.34722</x>
       <y>7.48611</y>
      </point>
     </edge-layout>
    </edge>
    <edge description="Variable 60 at class Vulture field server; tree Server" variableID="60" pinch="false" width="narrow" editable="true" id="e492" buzzsaw="false">
     <from>
      <noderef id="n607" port="1"/>
     </from>
     <to>
      <noderef id="n609" port="0"/>
     </to>
     <edge-layout>
      <point>
       <x>2.45833</x>
       <y>5.50000</y>
      </point>
      <point>
       <x>2.45833</x>
       <y>6.38472</y>
      </point>
      <point>
       <x>2.61111</x>
       <y>7.48611</y>
      </point>
      <point>
       <x>2.61111</x>
       <y>7.48611</y>
      </point>
     </edge-layout>
    </edge>
    <edge description="Variable 60 at class Vulture field server; tree Server" variableID="60" pinch="true" width="narrow" editable="true" id="e493" buzzsaw="false">
     <from>
      <noderef id="n609" port="0"/>
     </from>
     <to>
      <noderef id="n610" port="0"/>
     </to>
     <edge-layout>
      <point>
       <x>2.61111</x>
       <y>7.51389</y>
      </point>
      <point>
       <x>2.61111</x>
       <y>7.51389</y>
      </point>
      <point>
       <x>2.79167</x>
       <y>9.98611</y>
      </point>
      <point>
       <x>2.79167</x>
       <y>9.98611</y>
      </point>
     </edge-layout>
    </edge>
    <edge description="Variable 60 at class Vulture field server; tree Server" variableID="60" pinch="false" width="narrow" editable="true" id="e494" buzzsaw="false">
     <from>
      <noderef id="n610" port="0"/>
     </from>
     <to>
      <noderef id="n611" port="0"/>
     </to>
     <edge-layout>
      <point>
       <x>2.79167</x>
       <y>10.01389</y>
      </point>
      <point>
       <x>2.79167</x>
       <y>10.01389</y>
      </point>
      <point>
       <x>3.54167</x>
       <y>11.05694</y>
      </point>
      <point>
       <x>3.54167</x>
       <y>12.00000</y>
      </point>
     </edge-layout>
    </edge>
    <edge description="Variable 60 at class Vulture field server; tree Server" variableID="60" pinch="false" width="narrow" editable="true" id="e495" buzzsaw="false">
     <from>
      <noderef id="n611" port="0"/>
     </from>
     <to>
      <noderef id="n612" port="0"/>
     </to>
     <edge-layout>
      <point>
       <x>3.54167</x>
       <y>13.47222</y>
      </point>
      <point>
       <x>3.54167</x>
       <y>14.45972</y>
      </point>
      <point>
       <x>3.54167</x>
       <y>15.69444</y>
      </point>
      <point>
       <x>3.54167</x>
       <y>15.69444</y>
      </point>
     </edge-layout>
    </edge>
    <edge description="Variable 32 at class Server field connections; tree Vector" variableID="32" pinch="false" width="narrow" editable="true" id="e496" buzzsaw="false">
     <from>
      <noderef id="n611" port="1"/>
     </from>
     <to>
      <noderef id="n613" port="0"/>
     </to>
     <edge-layout>
      <point>
       <x>4.54167</x>
       <y>13.47222</y>
      </point>
      <point>
       <x>4.54167</x>
       <y>15.12083</y>
      </point>
      <point>
       <x>4.65278</x>
       <y>17.18056</y>
      </point>
      <point>
       <x>4.65278</x>
       <y>17.18056</y>
      </point>
     </edge-layout>
    </edge>
    <edge description="this" variableID="-1" pinch="false" width="narrow" editable="false" id="e497" buzzsaw="false">
     <from>
      <noderef id="n608" port="0"/>
     </from>
     <to>
      <noderef id="n614" port="0"/>
     </to>
     <edge-layout>
      <point>
       <x>1.34722</x>
       <y>7.51389</y>
      </point>
      <point>
       <x>1.34722</x>
       <y>7.51389</y>
      </point>
      <point>
       <x>1.29167</x>
       <y>11.65694</y>
      </point>
      <point>
       <x>1.29167</x>
       <y>14.97222</y>
      </point>
     </edge-layout>
    </edge>
    <edge description="this" variableID="-1" pinch="false" width="narrow" editable="false" id="e498" buzzsaw="false">
     <from>
      <noderef id="n614" port="0"/>
     </from>
     <to>
      <noderef id="n615" port="0"/>
     </to>
     <edge-layout>
      <point>
       <x>1.29167</x>
       <y>16.44444</y>
      </point>
      <point>
       <x>1.29167</x>
       <y>17.89583</y>
      </point>
      <point>
       <x>0.84722</x>
       <y>19.68056</y>
      </point>
      <point>
       <x>0.84722</x>
       <y>19.68056</y>
      </point>
     </edge-layout>
    </edge>
    <edge description="Variable 60 at class Vulture field server; tree Server" variableID="60" pinch="false" width="narrow" editable="true" id="e499" buzzsaw="false">
     <from>
      <noderef id="n614" port="1"/>
     </from>
     <to>
      <noderef id="n616" port="0"/>
     </to>
     <edge-layout>
      <point>
       <x>2.29167</x>
       <y>16.44444</y>
      </point>
      <point>
       <x>2.29167</x>
       <y>17.35833</y>
      </point>
      <point>
       <x>2.81944</x>
       <y>18.43056</y>
      </point>
      <point>
       <x>2.81944</x>
       <y>18.43056</y>
      </point>
     </edge-layout>
    </edge>
    <edge description="Variable 60 at class Vulture field server; tree Server" variableID="60" pinch="false" width="narrow" editable="true" id="e500" buzzsaw="false">
     <from>
      <noderef id="n612" port="0"/>
     </from>
     <to>
      <noderef id="n616" port="1"/>
     </to>
     <edge-layout>
      <point>
       <x>3.54167</x>
       <y>15.72222</y>
      </point>
      <point>
       <x>3.54167</x>
       <y>15.72222</y>
      </point>
      <point>
       <x>2.81944</x>
       <y>18.43056</y>
      </point>
      <point>
       <x>2.81944</x>
       <y>18.43056</y>
      </point>
     </edge-layout>
    </edge>
    <edge description="Variable 60 at class Vulture field server; tree Server" variableID="60" pinch="true" width="narrow" editable="true" id="e501" buzzsaw="false">
     <from>
      <noderef id="n616" port="0"/>
     </from>
     <to>
      <noderef id="n617" port="0"/>
     </to>
     <edge-layout>
      <point>
       <x>2.81944</x>
       <y>18.45833</y>
      </point>
      <point>
       <x>2.81944</x>
       <y>18.45833</y>
      </point>
      <point>
       <x>2.81944</x>
       <y>20.93056</y>
      </point>
      <point>
       <x>2.81944</x>
       <y>20.93056</y>
      </point>
     </edge-layout>
    </edge>
    <edge description="Variable 60 at class Vulture field server; tree Server" variableID="60" pinch="false" width="narrow" editable="true" id="e502" buzzsaw="false">
     <from>
      <noderef id="n617" port="0"/>
     </from>
     <to>
      <noderef id="n618" port="0"/>
     </to>
     <edge-layout>
      <point>
       <x>2.81944</x>
       <y>20.95833</y>
      </point>
      <point>
       <x>2.81944</x>
       <y>20.95833</y>
      </point>
      <point>
       <x>2.81944</x>
       <y>22.06111</y>
      </point>
      <point>
       <x>2.81944</x>
       <y>22.94444</y>
      </point>
     </edge-layout>
    </edge>
    <edge description="Variable 60 at class Vulture field server; tree Server" variableID="60" pinch="false" width="narrow" editable="true" id="e503" buzzsaw="false">
     <from>
      <noderef id="n618" port="0"/>
     </from>
     <to>
      <noderef id="n619" port="0"/>
     </to>
     <edge-layout>
      <point>
       <x>2.81944</x>
       <y>24.41667</y>
      </point>
      <point>
       <x>2.81944</x>
       <y>25.40417</y>
      </point>
      <point>
       <x>2.81944</x>
       <y>26.63889</y>
      </point>
      <point>
       <x>2.81944</x>
       <y>26.63889</y>
      </point>
     </edge-layout>
    </edge>
    <edge description="Variable 32 at class Server field connections; tree Vector" variableID="32" pinch="false" width="narrow" editable="true" id="e504" buzzsaw="false">
     <from>
      <noderef id="n618" port="1"/>
     </from>
     <to>
      <noderef id="n620" port="0"/>
     </to>
     <edge-layout>
      <point>
       <x>3.81944</x>
       <y>24.41667</y>
      </point>
      <point>
       <x>3.81944</x>
       <y>25.48056</y>
      </point>
      <point>
       <x>4.70833</x>
       <y>26.63889</y>
      </point>
      <point>
       <x>4.70833</x>
       <y>26.63889</y>
      </point>
     </edge-layout>
    </edge>
    <edge description="Variable 32 at class Server field connections; tree Vector" variableID="32" pinch="false" width="narrow" editable="true" id="e505" buzzsaw="false">
     <from>
      <noderef id="n613" port="0"/>
     </from>
     <to>
      <noderef id="n620" port="1"/>
     </to>
     <edge-layout>
      <point>
       <x>4.65278</x>
       <y>17.20833</y>
      </point>
      <point>
       <x>4.65278</x>
       <y>17.20833</y>
      </point>
      <point>
       <x>4.70833</x>
       <y>18.58194</y>
      </point>
      <point>
       <x>4.70833</x>
       <y>19.68056</y>
      </point>
      <point>
       <x>4.70833</x>
       <y>19.68056</y>
      </point>
      <point>
       <x>4.70833</x>
       <y>19.68056</y>
      </point>
      <point>
       <x>4.70833</x>
       <y>23.69444</y>
      </point>
      <point>
       <x>4.70833</x>
       <y>25.00278</y>
      </point>
      <point>
       <x>4.70833</x>
       <y>26.63889</y>
      </point>
      <point>
       <x>4.70833</x>
       <y>26.63889</y>
      </point>
     </edge-layout>
    </edge>
    <edge description="Variable 32 at class Server field connections; tree Vector" variableID="32" pinch="true" width="narrow" editable="true" id="e506" buzzsaw="false">
     <from>
      <noderef id="n620" port="0"/>
     </from>
     <to>
      <noderef id="n621" port="0"/>
     </to>
     <edge-layout>
      <point>
       <x>4.70833</x>
       <y>26.66667</y>
      </point>
      <point>
       <x>4.70833</x>
       <y>26.66667</y>
      </point>
      <point>
       <x>4.73611</x>
       <y>32.34722</y>
      </point>
      <point>
       <x>4.73611</x>
       <y>32.34722</y>
      </point>
     </edge-layout>
    </edge>
    <edge description="Variable 63 at method Vulture#run():V cast 0; tree Connection" variableID="63" pinch="false" width="narrow" editable="true" id="e507" buzzsaw="false">
     <from>
      <noderef id="n51" port="0"/>
     </from>
     <to>
      <noderef id="n623" port="0"/>
     </to>
     <edge-layout>
      <point>
       <x>5.59722</x>
       <y>3.29167</y>
      </point>
      <point>
       <x>5.59722</x>
       <y>3.29167</y>
      </point>
      <point>
       <x>5.59722</x>
       <y>6.23611</y>
      </point>
      <point>
       <x>5.59722</x>
       <y>6.23611</y>
      </point>
     </edge-layout>
    </edge>
    <edge description="Variable 62 at method Vulture#run():V local variable c(0); tree Connection" variableID="62" pinch="false" width="narrow" editable="true" id="e508" buzzsaw="false">
     <from>
      <noderef id="n82" port="0"/>
     </from>
     <to>
      <noderef id="n622" port="0"/>
     </to>
     <edge-layout>
      <point>
       <x>6.77778</x>
       <y>4.77778</y>
      </point>
      <point>
       <x>6.77778</x>
       <y>4.77778</y>
      </point>
      <point>
       <x>6.47222</x>
       <y>8.73611</y>
      </point>
      <point>
       <x>6.47222</x>
       <y>8.73611</y>
      </point>
     </edge-layout>
    </edge>
    <edge description="Variable 63 at method Vulture#run():V cast 0; tree Connection" variableID="63" pinch="false" width="narrow" editable="true" id="e509" buzzsaw="false">
     <from>
      <noderef id="n623" port="1"/>
     </from>
     <to>
      <noderef id="n622" port="1"/>
     </to>
     <edge-layout>
      <point>
       <x>5.59722</x>
       <y>6.26389</y>
      </point>
      <point>
       <x>5.59722</x>
       <y>6.26389</y>
      </point>
      <point>
       <x>6.47222</x>
       <y>8.73611</y>
      </point>
      <point>
       <x>6.47222</x>
       <y>8.73611</y>
      </point>
     </edge-layout>
    </edge>
    <edge description="this" variableID="-1" pinch="false" width="narrow" editable="false" id="e510" buzzsaw="false">
     <from>
      <noderef id="n615" port="0"/>
     </from>
     <to>
      <noderef id="n624" port="0"/>
     </to>
     <edge-layout>
      <point>
       <x>0.84722</x>
       <y>19.70833</y>
      </point>
      <point>
       <x>0.84722</x>
       <y>19.70833</y>
      </point>
      <point>
       <x>0.56944</x>
       <y>23.15417</y>
      </point>
      <point>
       <x>0.56944</x>
       <y>25.91667</y>
      </point>
     </edge-layout>
    </edge>
    <edge description="this" variableID="-1" pinch="false" width="narrow" editable="false" id="e511" buzzsaw="false">
     <from>
      <noderef id="n624" port="0"/>
     </from>
     <to>
      <noderef id="n625" port="0"/>
     </to>
     <edge-layout>
      <point>
       <x>0.56944</x>
       <y>27.38889</y>
      </point>
      <point>
       <x>0.56944</x>
       <y>28.48194</y>
      </point>
      <point>
       <x>0.52778</x>
       <y>29.84722</y>
      </point>
      <point>
       <x>0.52778</x>
       <y>29.84722</y>
      </point>
     </edge-layout>
    </edge>
    <edge description="Variable 60 at class Vulture field server; tree Server" variableID="60" pinch="false" width="narrow" editable="true" id="e512" buzzsaw="false">
     <from>
      <noderef id="n624" port="1"/>
     </from>
     <to>
      <noderef id="n626" port="0"/>
     </to>
     <edge-layout>
      <point>
       <x>1.56944</x>
       <y>27.38889</y>
      </point>
      <point>
       <x>1.56944</x>
       <y>28.14028</y>
      </point>
      <point>
       <x>2.75000</x>
       <y>28.59722</y>
      </point>
      <point>
       <x>2.75000</x>
       <y>28.59722</y>
      </point>
     </edge-layout>
    </edge>
    <edge description="Variable 60 at class Vulture field server; tree Server" variableID="60" pinch="false" width="narrow" editable="true" id="e513" buzzsaw="false">
     <from>
      <noderef id="n619" port="0"/>
     </from>
     <to>
      <noderef id="n626" port="1"/>
     </to>
     <edge-layout>
      <point>
       <x>2.81944</x>
       <y>26.66667</y>
      </point>
      <point>
       <x>2.81944</x>
       <y>26.66667</y>
      </point>
      <point>
       <x>2.75000</x>
       <y>28.59722</y>
      </point>
      <point>
       <x>2.75000</x>
       <y>28.59722</y>
      </point>
     </edge-layout>
    </edge>
    <edge description="Variable 60 at class Vulture field server; tree Server" variableID="60" pinch="true" width="narrow" editable="true" id="e514" buzzsaw="false">
     <from>
      <noderef id="n626" port="0"/>
     </from>
     <to>
      <noderef id="n627" port="0"/>
     </to>
     <edge-layout>
      <point>
       <x>2.75000</x>
       <y>28.62500</y>
      </point>
      <point>
       <x>2.75000</x>
       <y>28.62500</y>
      </point>
      <point>
       <x>2.75000</x>
       <y>31.09722</y>
      </point>
      <point>
       <x>2.75000</x>
       <y>31.09722</y>
      </point>
     </edge-layout>
    </edge>
    <edge description="Variable 60 at class Vulture field server; tree Server" variableID="60" pinch="false" width="narrow" editable="true" id="e515" buzzsaw="false">
     <from>
      <noderef id="n627" port="0"/>
     </from>
     <to>
      <noderef id="n628" port="0"/>
     </to>
     <edge-layout>
      <point>
       <x>2.75000</x>
       <y>31.12500</y>
      </point>
      <point>
       <x>2.75000</x>
       <y>31.12500</y>
      </point>
      <point>
       <x>2.75000</x>
       <y>32.22778</y>
      </point>
      <point>
       <x>2.75000</x>
       <y>33.11111</y>
      </point>
     </edge-layout>
    </edge>
    <edge description="Variable 60 at class Vulture field server; tree Server" variableID="60" pinch="false" width="narrow" editable="true" id="e516" buzzsaw="false">
     <from>
      <noderef id="n628" port="0"/>
     </from>
     <to>
      <noderef id="n629" port="0"/>
     </to>
     <edge-layout>
      <point>
       <x>2.75000</x>
       <y>34.58333</y>
      </point>
      <point>
       <x>2.75000</x>
       <y>35.22500</y>
      </point>
      <point>
       <x>2.75000</x>
       <y>36.02778</y>
      </point>
      <point>
       <x>2.75000</x>
       <y>36.02778</y>
      </point>
     </edge-layout>
    </edge>
    <edge description="Variable 32 at class Server field connections; tree Vector" variableID="32" pinch="false" width="narrow" editable="true" id="e517" buzzsaw="false">
     <from>
      <noderef id="n628" port="1"/>
     </from>
     <to>
      <noderef id="n630" port="0"/>
     </to>
     <edge-layout>
      <point>
       <x>3.75000</x>
       <y>34.58333</y>
      </point>
      <point>
       <x>3.75000</x>
       <y>35.36389</y>
      </point>
      <point>
       <x>4.75000</x>
       <y>36.02778</y>
      </point>
      <point>
       <x>4.75000</x>
       <y>36.02778</y>
      </point>
     </edge-layout>
    </edge>
    <edge description="Variable 32 at class Server field connections; tree Vector" variableID="32" pinch="false" width="narrow" editable="true" id="e518" buzzsaw="false">
     <from>
      <noderef id="n621" port="0"/>
     </from>
     <to>
      <noderef id="n630" port="1"/>
     </to>
     <edge-layout>
      <point>
       <x>4.73611</x>
       <y>32.37500</y>
      </point>
      <point>
       <x>4.73611</x>
       <y>32.37500</y>
      </point>
      <point>
       <x>4.75000</x>
       <y>36.02778</y>
      </point>
      <point>
       <x>4.75000</x>
       <y>36.02778</y>
      </point>
     </edge-layout>
    </edge>
    <edge description="Variable 32 at class Server field connections; tree Vector" variableID="32" pinch="true" width="narrow" editable="true" id="e519" buzzsaw="false">
     <from>
      <noderef id="n630" port="0"/>
     </from>
     <to>
      <noderef id="n631" port="0"/>
     </to>
     <edge-layout>
      <point>
       <x>4.75000</x>
       <y>36.05556</y>
      </point>
      <point>
       <x>4.75000</x>
       <y>36.05556</y>
      </point>
      <point>
       <x>4.75000</x>
       <y>41.73611</y>
      </point>
      <point>
       <x>4.75000</x>
       <y>41.73611</y>
      </point>
     </edge-layout>
    </edge>
    <edge description="Variable 62 at method Vulture#run():V local variable c(0); tree Connection" variableID="62" pinch="true" width="narrow" editable="true" id="e520" buzzsaw="false">
     <from>
      <noderef id="n622" port="0"/>
     </from>
     <to>
      <noderef id="n632" port="0"/>
     </to>
     <edge-layout>
      <point>
       <x>6.47222</x>
       <y>8.76389</y>
      </point>
      <point>
       <x>6.47222</x>
       <y>8.76389</y>
      </point>
      <point>
       <x>6.47222</x>
       <y>11.23611</y>
      </point>
      <point>
       <x>6.47222</x>
       <y>11.23611</y>
      </point>
     </edge-layout>
    </edge>
    <edge description="this" variableID="-1" pinch="false" width="narrow" editable="false" id="e521" buzzsaw="false">
     <from>
      <noderef id="n625" port="0"/>
     </from>
     <to>
      <noderef id="n633" port="0"/>
     </to>
     <edge-layout>
      <point>
       <x>0.52778</x>
       <y>29.87500</y>
      </point>
      <point>
       <x>0.52778</x>
       <y>29.87500</y>
      </point>
      <point>
       <x>0.50000</x>
       <y>32.89167</y>
      </point>
      <point>
       <x>0.50000</x>
       <y>35.30556</y>
      </point>
     </edge-layout>
    </edge>
    <edge description="this" variableID="-1" pinch="false" width="narrow" editable="false" id="e522" buzzsaw="false">
     <from>
      <noderef id="n633" port="0"/>
     </from>
     <to>
      <noderef id="n634" port="0"/>
     </to>
     <edge-layout>
      <point>
       <x>0.50000</x>
       <y>36.77778</y>
      </point>
      <point>
       <x>0.50000</x>
       <y>37.87083</y>
      </point>
      <point>
       <x>0.50000</x>
       <y>39.23611</y>
      </point>
      <point>
       <x>0.50000</x>
       <y>39.23611</y>
      </point>
     </edge-layout>
    </edge>
    <edge description="Variable 60 at class Vulture field server; tree Server" variableID="60" pinch="false" width="narrow" editable="true" id="e523" buzzsaw="false">
     <from>
      <noderef id="n633" port="1"/>
     </from>
     <to>
      <noderef id="n635" port="0"/>
     </to>
     <edge-layout>
      <point>
       <x>1.50000</x>
       <y>36.77778</y>
      </point>
      <point>
       <x>1.50000</x>
       <y>37.55000</y>
      </point>
      <point>
       <x>2.75000</x>
       <y>37.98611</y>
      </point>
      <point>
       <x>2.75000</x>
       <y>37.98611</y>
      </point>
     </edge-layout>
    </edge>
    <edge description="Variable 60 at class Vulture field server; tree Server" variableID="60" pinch="false" width="narrow" editable="true" id="e524" buzzsaw="false">
     <from>
      <noderef id="n629" port="0"/>
     </from>
     <to>
      <noderef id="n635" port="1"/>
     </to>
     <edge-layout>
      <point>
       <x>2.75000</x>
       <y>36.05556</y>
      </point>
      <point>
       <x>2.75000</x>
       <y>36.05556</y>
      </point>
      <point>
       <x>2.75000</x>
       <y>37.98611</y>
      </point>
      <point>
       <x>2.75000</x>
       <y>37.98611</y>
      </point>
     </edge-layout>
    </edge>
    <edge description="Variable 60 at class Vulture field server; tree Server" variableID="60" pinch="true" width="narrow" editable="true" id="e525" buzzsaw="false">
     <from>
      <noderef id="n635" port="0"/>
     </from>
     <to>
      <noderef id="n636" port="0"/>
     </to>
     <edge-layout>
      <point>
       <x>2.75000</x>
       <y>38.01389</y>
      </point>
      <point>
       <x>2.75000</x>
       <y>38.01389</y>
      </point>
      <point>
       <x>2.75000</x>
       <y>40.48611</y>
      </point>
      <point>
       <x>2.75000</x>
       <y>40.48611</y>
      </point>
     </edge-layout>
    </edge>
    <edge description="Variable 60 at class Vulture field server; tree Server" variableID="60" pinch="false" width="narrow" editable="true" id="e526" buzzsaw="false">
     <from>
      <noderef id="n636" port="0"/>
     </from>
     <to>
      <noderef id="n637" port="0"/>
     </to>
     <edge-layout>
      <point>
       <x>2.75000</x>
       <y>40.51389</y>
      </point>
      <point>
       <x>2.75000</x>
       <y>40.51389</y>
      </point>
      <point>
       <x>2.75000</x>
       <y>41.61667</y>
      </point>
      <point>
       <x>2.75000</x>
       <y>42.50000</y>
      </point>
     </edge-layout>
    </edge>
    <edge description="Variable 60 at class Vulture field server; tree Server" variableID="60" pinch="false" width="narrow" editable="true" id="e527" buzzsaw="false">
     <from>
      <noderef id="n637" port="0"/>
     </from>
     <to>
      <noderef id="n638" port="0"/>
     </to>
     <edge-layout>
      <point>
       <x>2.75000</x>
       <y>43.97222</y>
      </point>
      <point>
       <x>2.75000</x>
       <y>44.61389</y>
      </point>
      <point>
       <x>2.75000</x>
       <y>45.41667</y>
      </point>
      <point>
       <x>2.75000</x>
       <y>45.41667</y>
      </point>
     </edge-layout>
    </edge>
    <edge description="Variable 32 at class Server field connections; tree Vector" variableID="32" pinch="false" width="narrow" editable="true" id="e528" buzzsaw="false">
     <from>
      <noderef id="n637" port="1"/>
     </from>
     <to>
      <noderef id="n639" port="0"/>
     </to>
     <edge-layout>
      <point>
       <x>3.75000</x>
       <y>43.97222</y>
      </point>
      <point>
       <x>3.75000</x>
       <y>44.67222</y>
      </point>
      <point>
       <x>4.37500</x>
       <y>45.41667</y>
      </point>
      <point>
       <x>4.37500</x>
       <y>45.41667</y>
      </point>
     </edge-layout>
    </edge>
    <edge description="Variable 32 at class Server field connections; tree Vector" variableID="32" pinch="false" width="narrow" editable="true" id="e529" buzzsaw="false">
     <from>
      <noderef id="n631" port="0"/>
     </from>
     <to>
      <noderef id="n639" port="1"/>
     </to>
     <edge-layout>
      <point>
       <x>4.75000</x>
       <y>41.76389</y>
      </point>
      <point>
       <x>4.75000</x>
       <y>41.76389</y>
      </point>
      <point>
       <x>4.37500</x>
       <y>45.41667</y>
      </point>
      <point>
       <x>4.37500</x>
       <y>45.41667</y>
      </point>
     </edge-layout>
    </edge>
    <edge description="Variable 32 at class Server field connections; tree Vector" variableID="32" pinch="true" width="narrow" editable="true" id="e530" buzzsaw="false">
     <from>
      <noderef id="n639" port="0"/>
     </from>
     <to>
      <noderef id="n640" port="0"/>
     </to>
     <edge-layout>
      <point>
       <x>4.37500</x>
       <y>45.44444</y>
      </point>
      <point>
       <x>4.37500</x>
       <y>45.44444</y>
      </point>
      <point>
       <x>4.37500</x>
       <y>47.37500</y>
      </point>
      <point>
       <x>4.37500</x>
       <y>47.37500</y>
      </point>
     </edge-layout>
    </edge>
    <edge description="this" variableID="-1" pinch="false" width="narrow" editable="false" id="e531" buzzsaw="false">
     <from>
      <noderef id="n634" port="0"/>
     </from>
     <to>
      <noderef id="n641" port="0"/>
     </to>
     <edge-layout>
      <point>
       <x>0.50000</x>
       <y>39.26389</y>
      </point>
      <point>
       <x>0.50000</x>
       <y>39.26389</y>
      </point>
      <point>
       <x>0.50000</x>
       <y>42.28056</y>
      </point>
      <point>
       <x>0.50000</x>
       <y>44.69444</y>
      </point>
     </edge-layout>
    </edge>
    <edge description="this" variableID="-1" pinch="false" width="narrow" editable="false" id="e532" buzzsaw="false">
     <from>
      <noderef id="n641" port="0"/>
     </from>
     <to>
      <noderef id="n642" port="0"/>
     </to>
     <edge-layout>
      <point>
       <x>0.50000</x>
       <y>46.16667</y>
      </point>
      <point>
       <x>0.50000</x>
       <y>47.25931</y>
      </point>
      <point>
       <x>0.50000</x>
       <y>48.62500</y>
      </point>
      <point>
       <x>0.50000</x>
       <y>48.62500</y>
      </point>
     </edge-layout>
    </edge>
    <edge description="Variable 60 at class Vulture field server; tree Server" variableID="60" pinch="false" width="narrow" editable="true" id="e533" buzzsaw="false">
     <from>
      <noderef id="n641" port="1"/>
     </from>
     <to>
      <noderef id="n643" port="0"/>
     </to>
     <edge-layout>
      <point>
       <x>1.50000</x>
       <y>46.16667</y>
      </point>
      <point>
       <x>1.50000</x>
       <y>46.76042</y>
      </point>
      <point>
       <x>2.06944</x>
       <y>47.37500</y>
      </point>
      <point>
       <x>2.06944</x>
       <y>47.37500</y>
      </point>
     </edge-layout>
    </edge>
    <edge description="Variable 60 at class Vulture field server; tree Server" variableID="60" pinch="false" width="narrow" editable="true" id="e534" buzzsaw="false">
     <from>
      <noderef id="n638" port="0"/>
     </from>
     <to>
      <noderef id="n643" port="1"/>
     </to>
     <edge-layout>
      <point>
       <x>2.75000</x>
       <y>45.44444</y>
      </point>
      <point>
       <x>2.75000</x>
       <y>45.44444</y>
      </point>
      <point>
       <x>2.06944</x>
       <y>47.37500</y>
      </point>
      <point>
       <x>2.06944</x>
       <y>47.37500</y>
      </point>
     </edge-layout>
    </edge>
    <edge description="Variable 60 at class Vulture field server; tree Server" variableID="60" pinch="true" width="narrow" editable="true" id="e535" buzzsaw="false">
     <from>
      <noderef id="n643" port="0"/>
     </from>
     <to>
      <noderef id="n644" port="0"/>
     </to>
     <edge-layout>
      <point>
       <x>2.06944</x>
       <y>47.40278</y>
      </point>
      <point>
       <x>2.06944</x>
       <y>47.40278</y>
      </point>
      <point>
       <x>2.06944</x>
       <y>49.87500</y>
      </point>
      <point>
       <x>2.06944</x>
       <y>49.87500</y>
      </point>
     </edge-layout>
    </edge>
    <edge description="Variable 60 at class Vulture field server; tree Server" variableID="60" pinch="false" width="narrow" editable="true" id="e536" buzzsaw="false">
     <from>
      <noderef id="n644" port="0"/>
     </from>
     <to>
      <noderef id="n645" port="0"/>
     </to>
     <edge-layout>
      <point>
       <x>2.06944</x>
       <y>49.90278</y>
      </point>
      <point>
       <x>2.06944</x>
       <y>49.90278</y>
      </point>
      <point>
       <x>2.06944</x>
       <y>50.57403</y>
      </point>
      <point>
       <x>2.06944</x>
       <y>51.11111</y>
      </point>
     </edge-layout>
    </edge>
    <edge description="Variable 60 at class Vulture field server; tree Server" variableID="60" pinch="false" width="narrow" editable="true" id="e537" buzzsaw="false">
     <from>
      <noderef id="n645" port="0"/>
     </from>
     <to>
      <noderef id="n646" port="0"/>
     </to>
     <edge-layout>
      <point>
       <x>2.06944</x>
       <y>52.58333</y>
      </point>
      <point>
       <x>2.06944</x>
       <y>53.46861</y>
      </point>
      <point>
       <x>1.91667</x>
       <y>54.56944</y>
      </point>
      <point>
       <x>1.91667</x>
       <y>54.56944</y>
      </point>
     </edge-layout>
    </edge>
    <edge description="Variable 31 at class Server field connection_list; tree java.awt.List" variableID="31" pinch="false" width="narrow" editable="true" id="e538" buzzsaw="false">
     <from>
      <noderef id="n645" port="1"/>
     </from>
     <to>
      <noderef id="n647" port="0"/>
     </to>
     <edge-layout>
      <point>
       <x>3.06944</x>
       <y>52.58333</y>
      </point>
      <point>
       <x>3.06944</x>
       <y>53.46708</y>
      </point>
      <point>
       <x>3.16667</x>
       <y>54.56944</y>
      </point>
      <point>
       <x>3.16667</x>
       <y>54.56944</y>
      </point>
     </edge-layout>
    </edge>
    <edge description="Variable 31 at class Server field connection_list; tree java.awt.List" variableID="31" pinch="true" width="narrow" editable="true" id="e539" buzzsaw="false">
     <from>
      <noderef id="n647" port="0"/>
     </from>
     <to>
      <noderef id="n648" port="0"/>
     </to>
     <edge-layout>
      <point>
       <x>3.16667</x>
       <y>54.59722</y>
      </point>
      <point>
       <x>3.16667</x>
       <y>54.59722</y>
      </point>
      <point>
       <x>3.16667</x>
       <y>56.29167</y>
      </point>
      <point>
       <x>3.16667</x>
       <y>56.29167</y>
      </point>
     </edge-layout>
    </edge>
    <edge description="Variable 32 at class Server field connections; tree Vector" variableID="32" pinch="true" width="narrow" editable="true" id="e540" buzzsaw="false">
     <from>
      <noderef id="n640" port="0"/>
     </from>
     <to>
      <noderef id="n649" port="0"/>
     </to>
     <edge-layout>
      <point>
       <x>4.37500</x>
       <y>47.40278</y>
      </point>
      <point>
       <x>4.37500</x>
       <y>47.40278</y>
      </point>
      <point>
       <x>4.37500</x>
       <y>49.87500</y>
      </point>
      <point>
       <x>4.37500</x>
       <y>49.87500</y>
      </point>
     </edge-layout>
    </edge>
    <edge description="Variable 31 at class Server field connection_list; tree java.awt.List" variableID="31" pinch="false" width="narrow" editable="true" id="e723" buzzsaw="false">
     <from>
      <noderef id="n648" port="0"/>
     </from>
     <to>
      <noderef id="n813" port="0"/>
     </to>
     <edge-layout>
      <point>
       <x>3.16667</x>
       <y>56.31944</y>
      </point>
      <point>
       <x>3.16667</x>
       <y>56.31944</y>
      </point>
      <point>
       <x>3.16667</x>
       <y>58.79167</y>
      </point>
      <point>
       <x>3.16667</x>
       <y>58.79167</y>
      </point>
     </edge-layout>
    </edge>
    <edge description="Variable 63 at method Vulture#run():V cast 0; tree Connection" variableID="63" pinch="false" width="narrow" editable="true" id="e733" buzzsaw="false">
     <from>
      <noderef id="n623" port="0"/>
     </from>
     <to>
      <noderef id="n823" port="0"/>
     </to>
     <edge-layout>
      <point>
       <x>5.59722</x>
       <y>6.26389</y>
      </point>
      <point>
       <x>5.59722</x>
       <y>6.26389</y>
      </point>
      <point>
       <x>5.45833</x>
       <y>7.63611</y>
      </point>
      <point>
       <x>5.45833</x>
       <y>8.73611</y>
      </point>
      <point>
       <x>5.45833</x>
       <y>8.73611</y>
      </point>
      <point>
       <x>5.45833</x>
       <y>8.73611</y>
      </point>
      <point>
       <x>5.45833</x>
       <y>19.70833</y>
      </point>
      <point>
       <x>5.45833</x>
       <y>20.80694</y>
      </point>
      <point>
       <x>5.45833</x>
       <y>22.18056</y>
      </point>
      <point>
       <x>5.45833</x>
       <y>22.18056</y>
      </point>
     </edge-layout>
    </edge>
    <edge description="Variable 32 at class Server field connections; tree Vector" variableID="32" pinch="false" width="narrow" editable="true" id="e739" buzzsaw="false">
     <from>
      <noderef id="n649" port="0"/>
     </from>
     <to>
      <noderef id="n829" port="0"/>
     </to>
     <edge-layout>
      <point>
       <x>4.37500</x>
       <y>49.90278</y>
      </point>
      <point>
       <x>4.37500</x>
       <y>49.90278</y>
      </point>
      <point>
       <x>4.37500</x>
       <y>53.31944</y>
      </point>
      <point>
       <x>4.37500</x>
       <y>53.31944</y>
      </point>
     </edge-layout>
    </edge>
    <edge description="Variable 60 at class Vulture field server; tree Server" variableID="60" pinch="false" width="narrow" editable="true" id="e744" buzzsaw="false">
     <from>
      <noderef id="n646" port="0"/>
     </from>
     <to>
      <noderef id="n834" port="0"/>
     </to>
     <edge-layout>
      <point>
       <x>1.91667</x>
       <y>54.59722</y>
      </point>
      <point>
       <x>1.91667</x>
       <y>54.59722</y>
      </point>
      <point>
       <x>1.91667</x>
       <y>57.54167</y>
      </point>
      <point>
       <x>1.91667</x>
       <y>57.54167</y>
      </point>
     </edge-layout>
    </edge>
    <edge description="Variable 61 at method Vulture#run():V local variable e(0); tree InterruptedException" variableID="61" pinch="false" width="narrow" editable="true" id="e746" buzzsaw="false">
     <from>
      <noderef id="n317" port="0"/>
     </from>
     <to>
      <noderef id="n836" port="0"/>
     </to>
     <edge-layout>
      <point>
       <x>7.77778</x>
       <y>6.26389</y>
      </point>
      <point>
       <x>7.77778</x>
       <y>6.26389</y>
      </point>
      <point>
       <x>7.77778</x>
       <y>14.20833</y>
      </point>
      <point>
       <x>7.77778</x>
       <y>14.20833</y>
      </point>
     </edge-layout>
    </edge>
    <edge description="Variable 62 at method Vulture#run():V local variable c(0); tree Connection" variableID="62" pinch="false" width="narrow" editable="true" id="e748" buzzsaw="false">
     <from>
      <noderef id="n632" port="0"/>
     </from>
     <to>
      <noderef id="n838" port="0"/>
     </to>
     <edge-layout>
      <point>
       <x>6.47222</x>
       <y>11.26389</y>
      </point>
      <point>
       <x>6.47222</x>
       <y>11.26389</y>
      </point>
      <point>
       <x>6.47222</x>
       <y>12.90000</y>
      </point>
      <point>
       <x>6.47222</x>
       <y>14.20833</y>
      </point>
      <point>
       <x>6.47222</x>
       <y>14.20833</y>
      </point>
      <point>
       <x>6.47222</x>
       <y>14.20833</y>
      </point>
      <point>
       <x>6.47222</x>
       <y>22.20833</y>
      </point>
      <point>
       <x>6.47222</x>
       <y>23.51667</y>
      </point>
      <point>
       <x>6.47222</x>
       <y>25.15278</y>
      </point>
      <point>
       <x>6.47222</x>
       <y>25.15278</y>
      </point>
     </edge-layout>
    </edge>
    <edge description="this" variableID="-1" pinch="false" width="narrow" editable="false" id="e833" buzzsaw="false">
     <from>
      <noderef id="n642" port="0"/>
     </from>
     <to>
      <noderef id="n48" port="0"/>
     </to>
     <edge-layout>
      <point>
       <x>0.50000</x>
       <y>48.65278</y>
      </point>
      <point>
       <x>0.50000</x>
       <y>48.65278</y>
      </point>
      <point>
       <x>0.50000</x>
       <y>49.81014</y>
      </point>
      <point>
       <x>0.50000</x>
       <y>50.73611</y>
      </point>
      <point>
       <x>0.50000</x>
       <y>50.73611</y>
      </point>
      <point>
       <x>0.50000</x>
       <y>50.73611</y>
      </point>
      <point>
       <x>0.50000</x>
       <y>57.56944</y>
      </point>
      <point>
       <x>0.50000</x>
       <y>58.45222</y>
      </point>
      <point>
       <x>0.50000</x>
       <y>58.67278</y>
      </point>
      <point>
       <x>0.50000</x>
       <y>59.55556</y>
      </point>
     </edge-layout>
    </edge>
   </board>
   <board name="Vulture--init--LServer---V">
    <node kind="INCOMING" id="n190">
     <input/>
     <output>
      <port num="0" edge="e94"/>
      <port num="1" edge="e95"/>
     </output>
     <layout>
      <x>0.59722</x>
      <y>0.00000</y>
     </layout>
    </node>
    <node kind="OUTGOING" id="n191">
     <input>
      <port num="0" edge="e804"/>
     </input>
     <output/>
     <layout>
      <x>0.88889</x>
      <y>18.11111</y>
     </layout>
    </node>
    <node kind="CONNECT" id="n192">
     <input>
      <port num="0" edge="e94"/>
     </input>
     <output>
      <port num="0" edge="e483"/>
     </output>
     <layout>
      <x>0.58333</x>
      <y>2.00000</y>
     </layout>
    </node>
    <node kind="CONNECT" id="n193">
     <input>
      <port num="0" edge="e95"/>
     </input>
     <output>
      <port num="0" edge="e479"/>
     </output>
     <layout>
      <x>1.61111</x>
      <y>0.75000</y>
     </layout>
    </node>
    <node kind="CONNECT" id="n597">
     <input>
      <port num="0" edge="e479"/>
     </input>
     <output>
      <port num="0" edge="e480"/>
     </output>
     <layout>
      <x>1.73611</x>
      <y>3.25000</y>
     </layout>
    </node>
    <node kind="SUBBOARD" name="Server-threadgroup--GET" id="n598">
     <input>
      <port num="0" edge="e480"/>
     </input>
     <output>
      <port num="0" edge="e481"/>
      <port num="1" edge="e482"/>
     </output>
     <layout>
      <x>2.66667</x>
      <y>4.97222</y>
     </layout>
    </node>
    <node kind="CONNECT" id="n599">
     <input>
      <port num="0" edge="e481"/>
     </input>
     <output>
      <port num="0" edge="e487"/>
     </output>
     <layout>
      <x>2.66667</x>
      <y>7.40278</y>
     </layout>
    </node>
    <node kind="CONNECT" id="n600">
     <input>
      <port num="0" edge="e482"/>
     </input>
     <output>
      <port num="0" edge="e725"/>
     </output>
     <layout>
      <x>3.66667</x>
      <y>8.88889</y>
     </layout>
    </node>
    <node kind="SUBBOARD" name="Vulture-server--GET" id="n601">
     <input>
      <port num="0" edge="e483"/>
     </input>
     <output>
      <port num="0" edge="e484"/>
      <port num="1" edge="e485"/>
     </output>
     <layout>
      <x>0.41667</x>
      <y>7.16667</y>
     </layout>
    </node>
    <node kind="CONNECT" id="n602">
     <input>
      <port num="0" edge="e484"/>
     </input>
     <output>
      <port num="0" edge="e486"/>
     </output>
     <layout>
      <x>0.43056</x>
      <y>10.13889</y>
     </layout>
    </node>
    <node kind="CONNECT" id="n603">
     <input>
      <port num="0" edge="e485"/>
     </input>
     <output>
      <port num="0" edge="e747"/>
     </output>
     <layout>
      <x>1.29167</x>
      <y>11.38889</y>
     </layout>
    </node>
    <node kind="SUBBOARD" name="Vulture-server--SET" id="n604">
     <input>
      <port num="0" edge="e486"/>
      <port num="1" edge="e488"/>
     </input>
     <output>
      <port num="0" edge="e489"/>
     </output>
     <layout>
      <x>0.88889</x>
      <y>12.63889</y>
     </layout>
    </node>
    <node kind="SPLIT" id="n605">
     <input>
      <port num="0" edge="e487"/>
     </input>
     <output>
      <port num="0" edge="e754"/>
      <port num="1" edge="e488"/>
     </output>
     <layout>
      <x>2.66667</x>
      <y>10.13889</y>
     </layout>
    </node>
    <node kind="CONNECT" id="n606">
     <input>
      <port num="0" edge="e489"/>
     </input>
     <output>
      <port num="0" edge="e804"/>
     </output>
     <layout>
      <x>0.88889</x>
      <y>15.61111</y>
     </layout>
    </node>
    <node kind="END" id="n815">
     <input>
      <port num="0" edge="e725"/>
     </input>
     <output/>
     <layout>
      <x>3.66667</x>
      <y>11.38889</y>
     </layout>
    </node>
    <node kind="END" id="n837">
     <input>
      <port num="0" edge="e747"/>
     </input>
     <output/>
     <layout>
      <x>0.00000</x>
      <y>16.86111</y>
     </layout>
    </node>
    <node kind="END" id="n844">
     <input>
      <port num="0" edge="e754"/>
     </input>
     <output/>
     <layout>
      <x>2.77778</x>
      <y>14.36111</y>
     </layout>
    </node>
    <edge description="this" variableID="-1" pinch="false" width="narrow" editable="false" id="e94" buzzsaw="false">
     <from>
      <noderef id="n190" port="0"/>
     </from>
     <to>
      <noderef id="n192" port="0"/>
     </to>
     <edge-layout>
      <point>
       <x>1.09722</x>
       <y>0.00000</y>
      </point>
      <point>
       <x>1.09722</x>
       <y>1.12083</y>
      </point>
      <point>
       <x>1.08333</x>
       <y>2.48611</y>
      </point>
      <point>
       <x>1.08333</x>
       <y>2.48611</y>
      </point>
     </edge-layout>
    </edge>
    <edge description="Variable 46 at method Vulture#&lt;init&gt;(LServer;):V parameter 0; tree Server" variableID="46" pinch="false" width="narrow" editable="true" id="e95" buzzsaw="false">
     <from>
      <noderef id="n190" port="1"/>
     </from>
     <to>
      <noderef id="n193" port="0"/>
     </to>
     <edge-layout>
      <point>
       <x>2.09722</x>
       <y>0.00000</y>
      </point>
      <point>
       <x>2.09722</x>
       <y>0.56528</y>
      </point>
      <point>
       <x>2.11111</x>
       <y>1.23611</y>
      </point>
      <point>
       <x>2.11111</x>
       <y>1.23611</y>
      </point>
     </edge-layout>
    </edge>
    <edge description="Variable 46 at method Vulture#&lt;init&gt;(LServer;):V parameter 0; tree Server" variableID="46" pinch="true" width="narrow" editable="true" id="e479" buzzsaw="false">
     <from>
      <noderef id="n193" port="0"/>
     </from>
     <to>
      <noderef id="n597" port="0"/>
     </to>
     <edge-layout>
      <point>
       <x>2.11111</x>
       <y>1.26389</y>
      </point>
      <point>
       <x>2.11111</x>
       <y>1.26389</y>
      </point>
      <point>
       <x>2.23611</x>
       <y>3.73611</y>
      </point>
      <point>
       <x>2.23611</x>
       <y>3.73611</y>
      </point>
     </edge-layout>
    </edge>
    <edge description="Variable 46 at method Vulture#&lt;init&gt;(LServer;):V parameter 0; tree Server" variableID="46" pinch="false" width="narrow" editable="true" id="e480" buzzsaw="false">
     <from>
      <noderef id="n597" port="0"/>
     </from>
     <to>
      <noderef id="n598" port="0"/>
     </to>
     <edge-layout>
      <point>
       <x>2.23611</x>
       <y>3.76389</y>
      </point>
      <point>
       <x>2.23611</x>
       <y>3.76389</y>
      </point>
      <point>
       <x>3.16667</x>
       <y>4.29444</y>
      </point>
      <point>
       <x>3.16667</x>
       <y>4.97222</y>
      </point>
     </edge-layout>
    </edge>
    <edge description="Variable 46 at method Vulture#&lt;init&gt;(LServer;):V parameter 0; tree Server" variableID="46" pinch="false" width="narrow" editable="true" id="e481" buzzsaw="false">
     <from>
      <noderef id="n598" port="0"/>
     </from>
     <to>
      <noderef id="n599" port="0"/>
     </to>
     <edge-layout>
      <point>
       <x>3.16667</x>
       <y>6.44444</y>
      </point>
      <point>
       <x>3.16667</x>
       <y>7.08639</y>
      </point>
      <point>
       <x>3.16667</x>
       <y>7.88889</y>
      </point>
      <point>
       <x>3.16667</x>
       <y>7.88889</y>
      </point>
     </edge-layout>
    </edge>
    <edge description="Variable 30 at class Server field threadgroup; tree ThreadGroup" variableID="30" pinch="false" width="narrow" editable="true" id="e482" buzzsaw="false">
     <from>
      <noderef id="n598" port="1"/>
     </from>
     <to>
      <noderef id="n600" port="0"/>
     </to>
     <edge-layout>
      <point>
       <x>4.16667</x>
       <y>6.44444</y>
      </point>
      <point>
       <x>4.16667</x>
       <y>7.74694</y>
      </point>
      <point>
       <x>4.16667</x>
       <y>9.37500</y>
      </point>
      <point>
       <x>4.16667</x>
       <y>9.37500</y>
      </point>
     </edge-layout>
    </edge>
    <edge description="this" variableID="-1" pinch="false" width="narrow" editable="false" id="e483" buzzsaw="false">
     <from>
      <noderef id="n192" port="0"/>
     </from>
     <to>
      <noderef id="n601" port="0"/>
     </to>
     <edge-layout>
      <point>
       <x>1.08333</x>
       <y>2.51389</y>
      </point>
      <point>
       <x>1.08333</x>
       <y>2.51389</y>
      </point>
      <point>
       <x>0.91667</x>
       <y>5.09750</y>
      </point>
      <point>
       <x>0.91667</x>
       <y>7.16667</y>
      </point>
     </edge-layout>
    </edge>
    <edge description="this" variableID="-1" pinch="false" width="narrow" editable="false" id="e484" buzzsaw="false">
     <from>
      <noderef id="n601" port="0"/>
     </from>
     <to>
      <noderef id="n602" port="0"/>
     </to>
     <edge-layout>
      <point>
       <x>0.91667</x>
       <y>8.63889</y>
      </point>
      <point>
       <x>0.91667</x>
       <y>9.52167</y>
      </point>
      <point>
       <x>0.93056</x>
       <y>10.62500</y>
      </point>
      <point>
       <x>0.93056</x>
       <y>10.62500</y>
      </point>
     </edge-layout>
    </edge>
    <edge description="Variable 60 at class Vulture field server; tree Server" variableID="60" pinch="false" width="narrow" editable="true" id="e485" buzzsaw="false">
     <from>
      <noderef id="n601" port="1"/>
     </from>
     <to>
      <noderef id="n603" port="0"/>
     </to>
     <edge-layout>
      <point>
       <x>1.91667</x>
       <y>8.63889</y>
      </point>
      <point>
       <x>1.91667</x>
       <y>10.07819</y>
      </point>
      <point>
       <x>1.79167</x>
       <y>11.87500</y>
      </point>
      <point>
       <x>1.79167</x>
       <y>11.87500</y>
      </point>
     </edge-layout>
    </edge>
    <edge description="this" variableID="-1" pinch="false" width="narrow" editable="false" id="e486" buzzsaw="false">
     <from>
      <noderef id="n602" port="0"/>
     </from>
     <to>
      <noderef id="n604" port="0"/>
     </to>
     <edge-layout>
      <point>
       <x>0.93056</x>
       <y>10.65278</y>
      </point>
      <point>
       <x>0.93056</x>
       <y>10.65278</y>
      </point>
      <point>
       <x>0.46556</x>
       <y>11.73444</y>
      </point>
      <point>
       <x>0.87500</x>
       <y>12.38889</y>
      </point>
      <point>
       <x>1.00972</x>
       <y>12.60417</y>
      </point>
      <point>
       <x>1.38889</x>
       <y>12.38486</y>
      </point>
      <point>
       <x>1.38889</x>
       <y>12.63889</y>
      </point>
     </edge-layout>
    </edge>
    <edge description="Variable 46 at method Vulture#&lt;init&gt;(LServer;):V parameter 0; tree Server" variableID="46" pinch="false" width="narrow" editable="true" id="e487" buzzsaw="false">
     <from>
      <noderef id="n599" port="0"/>
     </from>
     <to>
      <noderef id="n605" port="0"/>
     </to>
     <edge-layout>
      <point>
       <x>3.16667</x>
       <y>7.91667</y>
      </point>
      <point>
       <x>3.16667</x>
       <y>7.91667</y>
      </point>
      <point>
       <x>3.16667</x>
       <y>10.62500</y>
      </point>
      <point>
       <x>3.16667</x>
       <y>10.62500</y>
      </point>
     </edge-layout>
    </edge>
    <edge description="Variable 46 at method Vulture#&lt;init&gt;(LServer;):V parameter 0; tree Server" variableID="46" pinch="false" width="narrow" editable="true" id="e488" buzzsaw="false">
     <from>
      <noderef id="n605" port="1"/>
     </from>
     <to>
      <noderef id="n604" port="1"/>
     </to>
     <edge-layout>
      <point>
       <x>3.16667</x>
       <y>10.65278</y>
      </point>
      <point>
       <x>3.16667</x>
       <y>10.65278</y>
      </point>
      <point>
       <x>2.83556</x>
       <y>11.02875</y>
      </point>
      <point>
       <x>2.68056</x>
       <y>11.38889</y>
      </point>
      <point>
       <x>2.45500</x>
       <y>11.91292</y>
      </point>
      <point>
       <x>2.38889</x>
       <y>12.06847</y>
      </point>
      <point>
       <x>2.38889</x>
       <y>12.63889</y>
      </point>
     </edge-layout>
    </edge>
    <edge description="this" variableID="-1" pinch="false" width="narrow" editable="false" id="e489" buzzsaw="false">
     <from>
      <noderef id="n604" port="0"/>
     </from>
     <to>
      <noderef id="n606" port="0"/>
     </to>
     <edge-layout>
      <point>
       <x>1.38889</x>
       <y>14.11111</y>
      </point>
      <point>
       <x>1.38889</x>
       <y>14.99389</y>
      </point>
      <point>
       <x>1.38889</x>
       <y>16.09722</y>
      </point>
      <point>
       <x>1.38889</x>
       <y>16.09722</y>
      </point>
     </edge-layout>
    </edge>
    <edge description="Variable 30 at class Server field threadgroup; tree ThreadGroup" variableID="30" pinch="false" width="narrow" editable="true" id="e725" buzzsaw="false">
     <from>
      <noderef id="n600" port="0"/>
     </from>
     <to>
      <noderef id="n815" port="0"/>
     </to>
     <edge-layout>
      <point>
       <x>4.16667</x>
       <y>9.40278</y>
      </point>
      <point>
       <x>4.16667</x>
       <y>9.40278</y>
      </point>
      <point>
       <x>4.16667</x>
       <y>11.87500</y>
      </point>
      <point>
       <x>4.16667</x>
       <y>11.87500</y>
      </point>
     </edge-layout>
    </edge>
    <edge description="Variable 60 at class Vulture field server; tree Server" variableID="60" pinch="false" width="narrow" editable="true" id="e747" buzzsaw="false">
     <from>
      <noderef id="n603" port="0"/>
     </from>
     <to>
      <noderef id="n837" port="0"/>
     </to>
     <edge-layout>
      <point>
       <x>1.79167</x>
       <y>11.90278</y>
      </point>
      <point>
       <x>1.79167</x>
       <y>11.90278</y>
      </point>
      <point>
       <x>1.49625</x>
       <y>12.20014</y>
      </point>
      <point>
       <x>1.22222</x>
       <y>12.38889</y>
      </point>
      <point>
       <x>1.03111</x>
       <y>12.52042</y>
      </point>
      <point>
       <x>0.88792</x>
       <y>12.44278</y>
      </point>
      <point>
       <x>0.76389</x>
       <y>12.63889</y>
      </point>
      <point>
       <x>-0.35583</x>
       <y>14.41042</y>
      </point>
      <point>
       <x>0.50000</x>
       <y>17.34722</y>
      </point>
      <point>
       <x>0.50000</x>
       <y>17.34722</y>
      </point>
     </edge-layout>
    </edge>
    <edge description="Variable 46 at method Vulture#&lt;init&gt;(LServer;):V parameter 0; tree Server" variableID="46" pinch="false" width="narrow" editable="true" id="e754" buzzsaw="false">
     <from>
      <noderef id="n605" port="0"/>
     </from>
     <to>
      <noderef id="n844" port="0"/>
     </to>
     <edge-layout>
      <point>
       <x>3.16667</x>
       <y>10.65278</y>
      </point>
      <point>
       <x>3.16667</x>
       <y>10.65278</y>
      </point>
      <point>
       <x>3.27778</x>
       <y>14.84722</y>
      </point>
      <point>
       <x>3.27778</x>
       <y>14.84722</y>
      </point>
     </edge-layout>
    </edge>
    <edge description="this" variableID="-1" pinch="false" width="narrow" editable="false" id="e804" buzzsaw="false">
     <from>
      <noderef id="n606" port="0"/>
     </from>
     <to>
      <noderef id="n191" port="0"/>
     </to>
     <edge-layout>
      <point>
       <x>1.38889</x>
       <y>16.12500</y>
      </point>
      <point>
       <x>1.38889</x>
       <y>16.12500</y>
      </point>
      <point>
       <x>1.38889</x>
       <y>17.22833</y>
      </point>
      <point>
       <x>1.38889</x>
       <y>18.11111</y>
      </point>
     </edge-layout>
    </edge>
   </board>
  </boards>
 </level>
 </world>
