<?xml version="1.0" ?>
<graph id="world">
  <level id="Application">
    <box id="Application39" width="narrow" editable="false"/>
    <box id="EXT__Storage-set-Ljava-lang-Object---V__XIN__1" width="wide" editable="false"/>
    <box id="EXT__Storage-set-Ljava-lang-Object---V__XOUT__0" width="narrow" editable="false"/>
    <box id="EXT__Storage-set-Ljava-lang-Object---V__XIN__0" width="wide" editable="false"/>
    <box id="Application2" width="narrow" editable="true"/>
    <box id="Application3" width="narrow" editable="true"/>
    <box id="Application0" width="narrow" editable="true"/>
    <box id="Application1" width="narrow" editable="true"/>
    <box id="Application4" width="narrow" editable="true"/>
    <box id="Application5" width="narrow" editable="false"/>
    <box id="EXT__Storage-get---Ljava-lang-Object-__XOUT__0" width="narrow" editable="false"/>
    <box id="EXT__Storage-get---Ljava-lang-Object-__XOUT__1" width="narrow" editable="false"/>
    <box id="EXT__Storage-get---Ljava-lang-Object-__XIN__0" width="wide" editable="false"/>
  </level>
</graph>