<graph id="world"><level id="Application"><edge-set id="Application5" pinch="false" width="narrow" editable="false"/><edge-set id="Application1" pinch="true" width="narrow" editable="true"/><edge-set id="Application39" pinch="false" width="narrow" editable="false"/><edge-set id="Application0" pinch="true" width="narrow" editable="true"/><edge-set id="Application2" pinch="true" width="narrow" editable="true"/><edge-set id="Application4" pinch="false" width="narrow" editable="true"/><edge-set id="Application3" pinch="true" width="narrow" editable="true"/></level><level id="Application"><edge-set id="Application0" pinch="true" width="narrow" editable="true"/><edge-set id="Application1" pinch="true" width="narrow" editable="true"/><edge-set id="Application2" pinch="true" width="narrow" editable="true"/><edge-set id="Application3" pinch="true" width="narrow" editable="true"/><edge-set id="Application4" pinch="false" width="narrow" editable="true"/><edge-set id="Application5" pinch="false" width="narrow" editable="false"/><edge-set id="Application39" pinch="false" width="narrow" editable="false"/></level></graph>