<graph id="world">
  <level id="single_straight">
    <box height="1.01" id="Simple0" lines="1" width="1.0" x="0.5" y="2.04"/>
    <box height="1.01" id="Simple1" lines="1" width="1.0" x="2.5" y="2.04"/>
    <box height="1.01" id="Simple2" lines="1" width="1.0" x="4.5" y="2.04"/>
    <box height="1.01" id="Simple3" lines="1" width="1.0" x="6.5" y="2.04"/>
    <joint height="0.51" id="n0" inputs="0" outputs="1" width="1.0" x="0.5" y="0.26"/>
    <joint height="0.51" id="n1" inputs="1" outputs="0" width="1.0" x="0.5" y="3.82"/>
    <joint height="0.51" id="n2" inputs="0" outputs="1" width="1.0" x="2.5" y="0.26"/>
    <joint height="0.51" id="n3" inputs="1" outputs="0" width="1.0" x="2.5" y="3.82"/>
    <joint height="0.51" id="n4" inputs="0" outputs="1" width="1.0" x="4.5" y="0.26"/>
    <joint height="0.51" id="n5" inputs="1" outputs="0" width="1.0" x="4.5" y="3.82"/>
    <joint height="0.51" id="n6" inputs="0" outputs="1" width="1.0" x="6.5" y="0.26"/>
    <joint height="0.51" id="n7" inputs="1" outputs="0" width="1.0" x="6.5" y="3.82"/>
    <line id="e0__IN__">
      <fromjoint id="n0" port="0"/>
      <tobox id="Simple0" port="0"/>
    <point x="0.49" y="0.52"/><point x="0.49" y="1.52"/></line>
    <line id="e0__OUT__">
      <frombox id="Simple0" port="0"/>
      <tojoint id="n1" port="0"/>
    <point x="0.49" y="2.55"/><point x="0.49" y="3.55"/></line>
    <line id="e1__IN__">
      <fromjoint id="n2" port="0"/>
      <tobox id="Simple1" port="0"/>
    <point x="2.49" y="0.52"/><point x="2.49" y="1.52"/></line>
    <line id="e1__OUT__">
      <frombox id="Simple1" port="0"/>
      <tojoint id="n3" port="0"/>
    <point x="2.49" y="2.55"/><point x="2.49" y="3.55"/></line>
    <line id="e2__IN__">
      <fromjoint id="n4" port="0"/>
      <tobox id="Simple2" port="0"/>
    <point x="4.49" y="0.52"/><point x="4.49" y="1.52"/></line>
    <line id="e2__OUT__">
      <frombox id="Simple2" port="0"/>
      <tojoint id="n5" port="0"/>
    <point x="4.49" y="2.55"/><point x="4.49" y="3.55"/></line>
    <line id="e3__IN__">
      <fromjoint id="n6" port="0"/>
      <tobox id="Simple3" port="0"/>
    <point x="6.49" y="0.52"/><point x="6.49" y="1.52"/></line>
    <line id="e3__OUT__">
      <frombox id="Simple3" port="0"/>
      <tojoint id="n7" port="0"/>
    <point x="6.49" y="2.55"/><point x="6.49" y="3.55"/></line>
  </level>
  <level id="adjust">
    <box height="1.01" id="Simple20" lines="1" width="1.0" x="2.5" y="2.04"/>
    <box height="1.01" id="Simple21" lines="1" width="1.0" x="0.5" y="2.04"/>
    <box height="1.01" id="Simple22" lines="1" width="1.0" x="4.5" y="2.04"/>
    <joint height="0.51" id="n23" inputs="1" outputs="0" width="1.0" x="0.5" y="3.82"/>
    <joint height="0.51" id="n22" inputs="0" outputs="1" width="1.0" x="0.5" y="0.26"/>
    <joint height="0.51" id="n21" inputs="1" outputs="0" width="1.0" x="2.5" y="3.82"/>
    <joint height="0.51" id="n20" inputs="0" outputs="1" width="1.0" x="2.5" y="0.26"/>
    <joint height="0.51" id="n25" inputs="1" outputs="0" width="1.0" x="4.5" y="3.82"/>
    <joint height="0.51" id="n24" inputs="0" outputs="1" width="1.0" x="4.5" y="0.26"/>
    <line id="e20__IN__">
      <fromjoint id="n20" port="0"/>
      <tobox id="Simple20" port="0"/>
    <point x="2.49" y="0.52"/><point x="2.49" y="1.52"/></line>
    <line id="e20__OUT__">
      <frombox id="Simple20" port="0"/>
      <tojoint id="n21" port="0"/>
    <point x="2.49" y="2.55"/><point x="2.49" y="3.55"/></line>
    <line id="e21__IN__">
      <fromjoint id="n22" port="0"/>
      <tobox id="Simple21" port="0"/>
    <point x="0.49" y="0.52"/><point x="0.49" y="1.52"/></line>
    <line id="e21__OUT__">
      <frombox id="Simple21" port="0"/>
      <tojoint id="n23" port="0"/>
    <point x="0.49" y="2.55"/><point x="0.49" y="3.55"/></line>
    <line id="e22__IN__">
      <fromjoint id="n24" port="0"/>
      <tobox id="Simple22" port="0"/>
    <point x="4.49" y="0.52"/><point x="4.49" y="1.52"/></line>
    <line id="e22__OUT__">
      <frombox id="Simple22" port="0"/>
      <tojoint id="n25" port="0"/>
    <point x="4.49" y="2.55"/><point x="4.49" y="3.55"/></line>
  </level>
  <level id="StraightConnection">
    <box height="1.01" id="Simple10" lines="1" width="1.0" x="0.5" y="2.04"/>
    <box height="1.01" id="Simple11" lines="1" width="1.0" x="0.5" y="5.6"/>
    <joint height="0.51" id="n12" inputs="1" outputs="1" width="1.0" x="0.5" y="3.82"/>
    <joint height="0.51" id="n13" inputs="1" outputs="0" width="1.0" x="0.5" y="7.38"/>
    <joint height="0.51" id="n11" inputs="0" outputs="1" width="1.0" x="0.5" y="0.26"/>
    <line id="e11__IN__">
      <fromjoint id="n11" port="0"/>
      <tobox id="Simple10" port="0"/>
    <point x="0.49" y="0.53"/><point x="0.49" y="1.53"/></line>
    <line id="e11__OUT__">
      <frombox id="Simple10" port="0"/>
      <tojoint id="n12" port="0"/>
    <point x="0.49" y="2.56"/><point x="0.49" y="3.56"/></line>
    <line id="e12__IN__">
      <fromjoint id="n12" port="0"/>
      <tobox id="Simple11" port="0"/>
    <point x="0.49" y="4.08"/><point x="0.49" y="5.08"/></line>
    <line id="e12__OUT__">
      <frombox id="Simple11" port="0"/>
      <tojoint id="n13" port="0"/>
    <point x="0.49" y="6.11"/><point x="0.49" y="7.11"/></line>
  </level>
  <level id="PinchedRoad">
    <box height="1.01" id="Simple40" lines="1" width="1.0" x="0.5" y="2.04"/>
    <joint height="0.51" id="n41" inputs="0" outputs="1" width="1.0" x="0.5" y="0.26"/>
    <joint height="0.51" id="n42" inputs="1" outputs="0" width="1.0" x="0.5" y="3.82"/>
    <line id="e41__IN__">
      <fromjoint id="n41" port="0"/>
      <tobox id="Simple40" port="0"/>
    <point x="0.49" y="0.52"/><point x="0.49" y="1.52"/></line>
    <line id="e41__OUT__">
      <frombox id="Simple40" port="0"/>
      <tojoint id="n42" port="0"/>
    <point x="0.49" y="2.55"/><point x="0.49" y="3.55"/></line>
  </level>
  <level id="NeedABuzzsaw">
    <box height="1.01" id="Simple50" lines="1" width="1.0" x="2.5" y="2.04"/>
    <box height="1.01" id="Simple51" lines="1" width="1.0" x="2.5" y="5.6"/>
    <box height="1.01" id="Simple52" lines="1" width="1.0" x="0.5" y="2.04"/>
    <joint height="0.51" id="n56" inputs="1" outputs="0" width="1.0" x="0.5" y="3.82"/>
    <joint height="0.51" id="n55" inputs="0" outputs="1" width="1.0" x="0.5" y="0.26"/>
    <joint height="0.51" id="n52" inputs="1" outputs="1" width="1.0" x="2.5" y="3.82"/>
    <joint height="0.51" id="n53" inputs="1" outputs="0" width="1.0" x="2.5" y="7.38"/>
    <joint height="0.51" id="n51" inputs="0" outputs="1" width="1.0" x="2.5" y="0.26"/>
    <line id="e51__IN__">
      <fromjoint id="n51" port="0"/>
      <tobox id="Simple50" port="0"/>
    <point x="2.49" y="0.53"/><point x="2.49" y="1.53"/></line>
    <line id="e51__OUT__">
      <frombox id="Simple50" port="0"/>
      <tojoint id="n52" port="0"/>
    <point x="2.49" y="2.56"/><point x="2.49" y="3.56"/></line>
    <line id="e52__IN__">
      <fromjoint id="n52" port="0"/>
      <tobox id="Simple51" port="0"/>
    <point x="2.49" y="4.08"/><point x="2.49" y="5.08"/></line>
    <line id="e52__OUT__">
      <frombox id="Simple51" port="0"/>
      <tojoint id="n53" port="0"/>
    <point x="2.49" y="6.11"/><point x="2.49" y="7.11"/></line>
    <line id="e55__IN__">
      <fromjoint id="n55" port="0"/>
      <tobox id="Simple52" port="0"/>
    <point x="0.49" y="0.53"/><point x="0.49" y="1.53"/></line>
    <line id="e55__OUT__">
      <frombox id="Simple52" port="0"/>
      <tojoint id="n56" port="0"/>
    <point x="0.49" y="2.56"/><point x="0.49" y="3.56"/></line>
  </level>
  <level id="StarredRoad">
    <box height="1.01" id="Simple60" lines="1" width="1.0" x="0.5" y="2.04"/>
    <box height="1.01" id="Simple61" lines="1" width="1.0" x="0.5" y="5.6"/>
    <joint height="0.51" id="n63" inputs="1" outputs="0" width="1.0" x="0.5" y="7.38"/>
    <joint height="0.51" id="n62" inputs="1" outputs="1" width="1.0" x="0.5" y="3.82"/>
    <joint height="0.51" id="n61" inputs="0" outputs="1" width="1.0" x="0.5" y="0.26"/>
    <line id="e61__IN__">
      <fromjoint id="n61" port="0"/>
      <tobox id="Simple60" port="0"/>
    <point x="0.49" y="0.53"/><point x="0.49" y="1.53"/></line>
    <line id="e61__OUT__">
      <frombox id="Simple60" port="0"/>
      <tojoint id="n62" port="0"/>
    <point x="0.49" y="2.56"/><point x="0.49" y="3.56"/></line>
    <line id="e62__IN__">
      <fromjoint id="n62" port="0"/>
      <tobox id="Simple61" port="0"/>
    <point x="0.49" y="4.08"/><point x="0.49" y="5.08"/></line>
    <line id="e62__OUT__">
      <frombox id="Simple61" port="0"/>
      <tojoint id="n63" port="0"/>
    <point x="0.49" y="6.11"/><point x="0.49" y="7.11"/></line>
  </level>
  <level id="firstTutorialBoard">
    <box height="1.01" id="Simple0" lines="3" width="3.0" x="3.76" y="5.6"/>
    <box height="1.01" id="Simple1" lines="1" width="1.0" x="6.84" y="2.04"/>
    <box height="1.01" id="Simple3" lines="1" width="1.0" x="3.68" y="9.15"/>
    <box height="1.01" id="Simple4" lines="1" width="1.0" x="6.73" y="9.15"/>
    <box height="1.01" id="Simple6" lines="1" width="1.0" x="5.19" y="12.71"/>
    <joint height="0.51" id="n217" inputs="1" outputs="0" width="1.0" x="5.76" y="7.37"/>
    <joint height="0.51" id="n216" inputs="1" outputs="0" width="1.0" x="5.19" y="14.49"/>
    <joint height="0.51" id="n215" inputs="1" outputs="0" width="1.0" x="3.76" y="7.37"/>
    <joint height="0.51" id="n214" inputs="2" outputs="1" width="2.0" x="5.19" y="10.93"/>
    <joint height="0.51" id="n213" inputs="1" outputs="2" width="2.0" x="6.84" y="3.82"/>
    <joint height="0.51" id="n212" inputs="1" outputs="2" width="2.0" x="1.26" y="7.37"/>
    <joint height="0.51" id="n211" inputs="0" outputs="1" width="1.0" x="6.84" y="0.26"/>
    <joint height="0.51" id="n210" inputs="0" outputs="1" width="1.0" x="3.14" y="3.82"/>
    <line id="e210__IN__">
      <fromjoint id="n210" port="0"/>
      <tobox id="Simple0" port="0"/>
    <point x="3.12" y="4.08"/><point x="3.12" y="5.08"/></line>
    <line id="e210__OUT__">
      <frombox id="Simple0" port="0"/>
      <tojoint id="n212" port="0"/>
    <point x="3.12" y="6.11"/><point x="1.25" y="7.11"/></line>
    <line id="e211__IN__">
      <fromjoint id="n211" port="0"/>
      <tobox id="Simple1" port="0"/>
    <point x="6.83" y="0.53"/><point x="6.83" y="1.53"/></line>
    <line id="e211__OUT__">
      <frombox id="Simple1" port="0"/>
      <tojoint id="n213" port="0"/>
    <point x="6.83" y="2.56"/><point x="6.83" y="3.56"/></line>
    <line id="e212__IN__">
      <fromjoint id="n212" port="0"/>
      <tobox id="Simple0" port="1"/>
    <point x="0.97" y="7.64"/><point x="3.76" y="5.08"/></line>
    <line id="e212__OUT__">
      <frombox id="Simple0" port="1"/>
      <tojoint id="n215" port="0"/>
    <point x="3.76" y="6.11"/><point x="3.75" y="7.11"/></line>
    <line id="e213__IN__">
      <fromjoint id="n212" port="1"/>
      <tobox id="Simple3" port="0"/>
    <point x="1.55" y="7.64"/><point x="3.66" y="8.64"/></line>
    <line id="e213__OUT__">
      <frombox id="Simple3" port="0"/>
      <tojoint id="n214" port="0"/>
    <point x="3.66" y="9.67"/><point x="4.91" y="10.67"/></line>
    <line id="e214__IN__">
      <fromjoint id="n213" port="0"/>
      <tobox id="Simple4" port="0"/>
    <point x="6.55" y="4.08"/><point x="6.72" y="8.64"/></line>
    <line id="e214__OUT__">
      <frombox id="Simple4" port="0"/>
      <tojoint id="n214" port="1"/>
    <point x="6.72" y="9.67"/><point x="5.47" y="10.67"/></line>
    <line id="e215__IN__">
      <fromjoint id="n213" port="1"/>
      <tobox id="Simple0" port="2"/>
    <point x="7.14" y="4.08"/><point x="4.4" y="5.08"/></line>
    <line id="e215__OUT__">
      <frombox id="Simple0" port="2"/>
      <tojoint id="n217" port="0"/>
    <point x="4.4" y="6.11"/><point x="5.75" y="7.11"/></line>
    <line id="e216__IN__">
      <fromjoint id="n214" port="0"/>
      <tobox id="Simple6" port="0"/>
    <point x="5.18" y="11.19"/><point x="5.18" y="12.19"/></line>
    <line id="e216__OUT__">
      <frombox id="Simple6" port="0"/>
      <tojoint id="n216" port="0"/>
    <point x="5.18" y="13.22"/><point x="5.18" y="14.22"/></line>
  </level>
  <level id="secondTutorialBoard">
    <box height="1.01" id="Simple0" lines="2" width="2.0" x="1.26" y="5.59"/>
    <box height="1.01" id="Simple1" lines="1" width="1.0" x="6.5" y="2.04"/>
    <box height="1.01" id="Simple3" lines="1" width="1.0" x="3.76" y="5.59"/>
    <box height="1.01" id="Simple4" lines="1" width="1.0" x="5.76" y="5.59"/>
    <box height="1.01" id="Simple5" lines="1" width="1.0" x="7.76" y="5.59"/>
    <box height="1.01" id="Simple6" lines="1" width="1.0" x="4.67" y="9.15"/>
    <joint height="0.51" id="n114" inputs="2" outputs="1" width="2.0" x="4.67" y="7.37"/>
    <joint height="0.51" id="n115" inputs="1" outputs="0" width="1.0" x="1.57" y="7.37"/>
    <joint height="0.51" id="n116" inputs="1" outputs="0" width="1.0" x="4.67" y="10.93"/>
    <joint height="0.51" id="n117" inputs="1" outputs="0" width="1.0" x="7.76" y="7.37"/>
    <joint height="0.51" id="n110" inputs="0" outputs="1" width="1.0" x="0.5" y="3.81"/>
    <joint height="0.51" id="n111" inputs="0" outputs="1" width="1.0" x="6.5" y="0.26"/>
    <joint height="0.51" id="n112" inputs="1" outputs="2" width="2.0" x="3.0" y="3.81"/>
    <joint height="0.51" id="n113" inputs="1" outputs="2" width="2.0" x="6.5" y="3.81"/>
    <line id="e110__IN__">
      <fromjoint id="n110" port="0"/>
      <tobox id="Simple0" port="0"/>
    <point x="0.49" y="4.08"/><point x="0.99" y="5.08"/></line>
    <line id="e110__OUT__">
      <frombox id="Simple0" port="0"/>
      <tojoint id="n112" port="0"/>
    <point x="0.99" y="6.11"/><point x="2.99" y="3.55"/></line>
    <line id="e111__IN__">
      <fromjoint id="n111" port="0"/>
      <tobox id="Simple1" port="0"/>
    <point x="6.49" y="0.52"/><point x="6.49" y="1.52"/></line>
    <line id="e111__OUT__">
      <frombox id="Simple1" port="0"/>
      <tojoint id="n113" port="0"/>
    <point x="6.49" y="2.55"/><point x="6.49" y="3.55"/></line>
    <line id="e112__IN__">
      <fromjoint id="n112" port="0"/>
      <tobox id="Simple0" port="1"/>
    <point x="2.71" y="4.08"/><point x="1.54" y="5.08"/></line>
    <line id="e112__OUT__">
      <frombox id="Simple0" port="1"/>
      <tojoint id="n115" port="0"/>
    <point x="1.54" y="6.11"/><point x="1.56" y="7.11"/></line>
    <line id="e113__IN__">
      <fromjoint id="n112" port="1"/>
      <tobox id="Simple3" port="0"/>
    <point x="3.29" y="4.08"/><point x="3.75" y="5.08"/></line>
    <line id="e113__OUT__">
      <frombox id="Simple3" port="0"/>
      <tojoint id="n114" port="0"/>
    <point x="3.75" y="6.11"/><point x="4.39" y="7.11"/></line>
    <line id="e114__IN__">
      <fromjoint id="n113" port="0"/>
      <tobox id="Simple4" port="0"/>
    <point x="6.21" y="4.08"/><point x="5.75" y="5.08"/></line>
    <line id="e114__OUT__">
      <frombox id="Simple4" port="0"/>
      <tojoint id="n114" port="1"/>
    <point x="5.75" y="6.11"/><point x="4.94" y="7.11"/></line>
    <line id="e115__IN__">
      <fromjoint id="n113" port="1"/>
      <tobox id="Simple5" port="0"/>
    <point x="6.79" y="4.08"/><point x="7.75" y="5.08"/></line>
    <line id="e115__OUT__">
      <frombox id="Simple5" port="0"/>
      <tojoint id="n117" port="0"/>
    <point x="7.75" y="6.11"/><point x="7.75" y="7.11"/></line>
    <line id="e116__IN__">
      <fromjoint id="n114" port="0"/>
      <tobox id="Simple6" port="0"/>
    <point x="4.65" y="7.63"/><point x="4.65" y="8.63"/></line>
    <line id="e116__OUT__">
      <frombox id="Simple6" port="0"/>
      <tojoint id="n116" port="0"/>
    <point x="4.65" y="9.66"/><point x="4.65" y="10.66"/></line>
  </level>
  <level id="Getmap">
    <box height="1.01" id="e1s1" lines="1" width="1.0" x="0.5" y="2.04"/>
    <box height="1.01" id="e1s2" lines="1" width="1.0" x="2.5" y="2.04"/>
    <box height="1.01" id="e1s3" lines="1" width="1.0" x="4.5" y="2.04"/>
    <box height="1.01" id="e1s4" lines="1" width="1.0" x="6.5" y="2.04"/>
    <box height="1.01" id="e1s5" lines="1" width="1.0" x="3.49" y="5.6"/>
    <joint height="0.51" id="n172" inputs="4" outputs="1" width="4.0" x="3.49" y="3.82"/>
    <joint height="0.51" id="n170__OUT__2" inputs="0" outputs="1" width="1.0" x="4.5" y="0.26"/>
    <joint height="0.51" id="n170__OUT__3" inputs="0" outputs="1" width="1.0" x="6.5" y="0.26"/>
    <joint height="0.51" id="n170__OUT__0" inputs="0" outputs="1" width="1.0" x="0.5" y="0.26"/>
    <joint height="0.51" id="n170__OUT__1" inputs="0" outputs="1" width="1.0" x="2.5" y="0.26"/>
    <joint height="0.51" id="n171__IN__0" inputs="1" outputs="0" width="1.0" x="3.49" y="7.38"/>
    <line id="e171__IN__">
      <fromjoint id="n170__OUT__0" port="0"/>
      <tobox id="e1s1" port="0"/>
    <point x="0.49" y="0.53"/><point x="0.49" y="1.53"/></line>
    <line id="e171__OUT__">
      <frombox id="e1s1" port="0"/>
      <tojoint id="n172" port="0"/>
    <point x="0.49" y="2.56"/><point x="2.43" y="3.56"/></line>
    <line id="e172__IN__">
      <fromjoint id="n170__OUT__1" port="0"/>
      <tobox id="e1s2" port="0"/>
    <point x="2.49" y="0.53"/><point x="2.49" y="1.53"/></line>
    <line id="e172__OUT__">
      <frombox id="e1s2" port="0"/>
      <tojoint id="n172" port="1"/>
    <point x="2.49" y="2.56"/><point x="3.13" y="3.56"/></line>
    <line id="e173__IN__">
      <fromjoint id="n170__OUT__2" port="0"/>
      <tobox id="e1s3" port="0"/>
    <point x="4.49" y="0.53"/><point x="4.49" y="1.53"/></line>
    <line id="e173__OUT__">
      <frombox id="e1s3" port="0"/>
      <tojoint id="n172" port="2"/>
    <point x="4.49" y="2.56"/><point x="3.83" y="3.56"/></line>
    <line id="e174__IN__">
      <fromjoint id="n170__OUT__3" port="0"/>
      <tobox id="e1s4" port="0"/>
    <point x="6.49" y="0.53"/><point x="6.49" y="1.53"/></line>
    <line id="e174__OUT__">
      <frombox id="e1s4" port="0"/>
      <tojoint id="n172" port="3"/>
    <point x="6.49" y="2.56"/><point x="4.53" y="3.56"/></line>
    <line id="e175__IN__">
      <fromjoint id="n172" port="0"/>
      <tobox id="e1s5" port="0"/>
    <point x="3.47" y="4.08"/><point x="3.47" y="5.08"/></line>
    <line id="e175__OUT__">
      <frombox id="e1s5" port="0"/>
      <tojoint id="n171__IN__0" port="0"/>
    <point x="3.47" y="6.11"/><point x="3.47" y="7.11"/></line>
  </level>
</graph>