<graph id="world">
  <level id="WidenBoxes" text="Click the boxes.&#13;&#13;Widen the inputs.&#13;&#13;Fix the errors.">
    <box height="1.01" id="WidenBoxes1" lines="1" width="1.0" x="0.54" y="2.04"/>
    <box height="1.01" id="WidenBoxes2" lines="1" width="1.0" x="2.54" y="2.04"/>
    <box height="1.01" id="WidenBoxes3" lines="1" width="1.0" x="4.54" y="2.04"/>
    <box height="1.01" id="WidenBoxes4" lines="1" width="1.0" x="6.54" y="2.04"/>
    <box height="1.01" id="WidenBoxes10" lines="1" width="1.0" x="0.51" y="5.6"/>
    <box height="1.01" id="WidenBoxes20" lines="1" width="1.0" x="2.51" y="5.6"/>
    <box height="1.01" id="WidenBoxes30" lines="2" width="2.0" x="5.61" y="5.6"/>
    <joint height="0.51" id="n10" inputs="0" outputs="1" width="1.0" x="0.53" y="3.82"/>
    <joint height="0.51" id="n20" inputs="0" outputs="1" width="1.0" x="2.53" y="3.82"/>
    <joint height="0.51" id="n300" inputs="1" outputs="0" width="1.0" x="4.9" y="7.38"/>
    <joint height="0.51" id="n40" inputs="0" outputs="1" width="1.0" x="6.53" y="3.82"/>
    <joint height="0.51" id="n400" inputs="1" outputs="0" width="1.0" x="6.9" y="7.38"/>
    <joint height="0.51" id="n200" inputs="1" outputs="0" width="1.0" x="2.5" y="7.38"/>
    <joint height="0.51" id="n100" inputs="1" outputs="0" width="1.0" x="0.5" y="7.38"/>
    <joint height="0.51" id="n30" inputs="0" outputs="1" width="1.0" x="4.53" y="3.82"/>
    <joint height="0.51" id="n1" inputs="0" outputs="1" width="1.0" x="0.56" y="0.26"/>
    <joint height="0.51" id="n2" inputs="0" outputs="1" width="1.0" x="2.56" y="0.26"/>
    <joint height="0.51" id="n3" inputs="0" outputs="1" width="1.0" x="4.56" y="0.26"/>
    <joint height="0.51" id="n4" inputs="0" outputs="1" width="1.0" x="6.56" y="0.26"/>
    <line id="e1__IN__">
      <fromjoint id="n1" port="0"/>
      <tobox id="WidenBoxes1" port="0"/>
    <point x="0.54" y="0.53"/><point x="0.54" y="1.53"/></line>
    <line id="e1__OUT__">
      <frombox id="WidenBoxes1" port="0"/>
      <tojoint id="n10" port="0"/>
    <point x="0.54" y="2.56"/><point x="0.53" y="3.57"/></line>
    <line id="e2__IN__">
      <fromjoint id="n2" port="0"/>
      <tobox id="WidenBoxes2" port="0"/>
    <point x="2.54" y="0.53"/><point x="2.54" y="1.53"/></line>
    <line id="e2__OUT__">
      <frombox id="WidenBoxes2" port="0"/>
      <tojoint id="n20" port="0"/>
    <point x="2.54" y="2.56"/><point x="2.53" y="3.57"/></line>
    <line id="e3__IN__">
      <fromjoint id="n3" port="0"/>
      <tobox id="WidenBoxes3" port="0"/>
    <point x="4.54" y="0.53"/><point x="4.54" y="1.53"/></line>
    <line id="e3__OUT__">
      <frombox id="WidenBoxes3" port="0"/>
      <tojoint id="n30" port="0"/>
    <point x="4.54" y="2.56"/><point x="4.53" y="3.57"/></line>
    <line id="e4__IN__">
      <fromjoint id="n4" port="0"/>
      <tobox id="WidenBoxes4" port="0"/>
    <point x="6.54" y="0.53"/><point x="6.54" y="1.53"/></line>
    <line id="e4__OUT__">
      <frombox id="WidenBoxes4" port="0"/>
      <tojoint id="n40" port="0"/>
    <point x="6.54" y="2.56"/><point x="6.53" y="3.57"/></line>
    <line id="e10__IN__">
      <fromjoint id="n10" port="0"/>
      <tobox id="WidenBoxes10" port="0"/>
    <point x="0.51" y="4.08"/><point x="0.51" y="5.08"/></line>
    <line id="e10__OUT__">
      <frombox id="WidenBoxes10" port="0"/>
      <tojoint id="n100" port="0"/>
    <point x="0.51" y="6.11"/><point x="0.5" y="7.11"/></line>
    <line id="e20__IN__">
      <fromjoint id="n20" port="0"/>
      <tobox id="WidenBoxes20" port="0"/>
    <point x="2.51" y="4.08"/><point x="2.51" y="5.08"/></line>
    <line id="e20__OUT__">
      <frombox id="WidenBoxes20" port="0"/>
      <tojoint id="n200" port="0"/>
    <point x="2.51" y="6.11"/><point x="2.5" y="7.11"/></line>
    <line id="e30__IN__">
      <fromjoint id="n30" port="0"/>
      <tobox id="WidenBoxes30" port="0"/>
    <point x="4.51" y="4.08"/><point x="5.33" y="5.08"/></line>
    <line id="e30__OUT__">
      <frombox id="WidenBoxes30" port="0"/>
      <tojoint id="n300" port="0"/>
    <point x="5.33" y="6.11"/><point x="4.9" y="7.11"/></line>
    <line id="e40__IN__">
      <fromjoint id="n40" port="0"/>
      <tobox id="WidenBoxes30" port="1"/>
    <point x="6.51" y="4.08"/><point x="5.89" y="5.08"/></line>
    <line id="e40__OUT__">
      <frombox id="WidenBoxes30" port="1"/>
      <tojoint id="n400" port="0"/>
    <point x="5.89" y="6.11"/><point x="6.9" y="7.11"/></line>
  </level>
  <level id="NarrowBoxes" text="Some inputs can't be changed.&#13;&#13;Narrow the upper boxes.&#13;&#13;Fix the errors.">
    <box height="1.01" id="NarrowBoxes1" lines="1" width="1.0" x="0.54" y="2.04"/>
    <box height="1.01" id="NarrowBoxes2" lines="1" width="1.0" x="2.54" y="2.04"/>
    <box height="1.01" id="NarrowBoxes3" lines="1" width="1.0" x="4.54" y="2.04"/>
    <box height="1.01" id="NarrowBoxes4" lines="1" width="1.0" x="6.54" y="2.04"/>
    <box height="1.01" id="NarrowBoxes10" lines="1" width="1.0" x="0.51" y="5.6"/>
    <box height="1.01" id="NarrowBoxes20" lines="1" width="1.0" x="2.51" y="5.6"/>
    <box height="1.01" id="NarrowBoxes30" lines="2" width="2.0" x="5.61" y="5.6"/>
    <joint height="0.51" id="n10" inputs="0" outputs="1" width="1.0" x="0.53" y="3.82"/>
    <joint height="0.51" id="n20" inputs="0" outputs="1" width="1.0" x="2.53" y="3.82"/>
    <joint height="0.51" id="n300" inputs="1" outputs="0" width="1.0" x="4.9" y="7.38"/>
    <joint height="0.51" id="n40" inputs="0" outputs="1" width="1.0" x="6.53" y="3.82"/>
    <joint height="0.51" id="n400" inputs="1" outputs="0" width="1.0" x="6.9" y="7.38"/>
    <joint height="0.51" id="n200" inputs="1" outputs="0" width="1.0" x="2.5" y="7.38"/>
    <joint height="0.51" id="n100" inputs="1" outputs="0" width="1.0" x="0.5" y="7.38"/>
    <joint height="0.51" id="n30" inputs="0" outputs="1" width="1.0" x="4.53" y="3.82"/>
    <joint height="0.51" id="n1" inputs="0" outputs="1" width="1.0" x="0.56" y="0.26"/>
    <joint height="0.51" id="n2" inputs="0" outputs="1" width="1.0" x="2.56" y="0.26"/>
    <joint height="0.51" id="n3" inputs="0" outputs="1" width="1.0" x="4.56" y="0.26"/>
    <joint height="0.51" id="n4" inputs="0" outputs="1" width="1.0" x="6.56" y="0.26"/>
    <line id="e1__IN__">
      <fromjoint id="n1" port="0"/>
      <tobox id="NarrowBoxes1" port="0"/>
    <point x="0.54" y="0.53"/><point x="0.54" y="1.53"/></line>
    <line id="e1__OUT__">
      <frombox id="NarrowBoxes1" port="0"/>
      <tojoint id="n10" port="0"/>
    <point x="0.54" y="2.56"/><point x="0.53" y="3.57"/></line>
    <line id="e2__IN__">
      <fromjoint id="n2" port="0"/>
      <tobox id="NarrowBoxes2" port="0"/>
    <point x="2.54" y="0.53"/><point x="2.54" y="1.53"/></line>
    <line id="e2__OUT__">
      <frombox id="NarrowBoxes2" port="0"/>
      <tojoint id="n20" port="0"/>
    <point x="2.54" y="2.56"/><point x="2.53" y="3.57"/></line>
    <line id="e3__IN__">
      <fromjoint id="n3" port="0"/>
      <tobox id="NarrowBoxes3" port="0"/>
    <point x="4.54" y="0.53"/><point x="4.54" y="1.53"/></line>
    <line id="e3__OUT__">
      <frombox id="NarrowBoxes3" port="0"/>
      <tojoint id="n30" port="0"/>
    <point x="4.54" y="2.56"/><point x="4.53" y="3.57"/></line>
    <line id="e4__IN__">
      <fromjoint id="n4" port="0"/>
      <tobox id="NarrowBoxes4" port="0"/>
    <point x="6.54" y="0.53"/><point x="6.54" y="1.53"/></line>
    <line id="e4__OUT__">
      <frombox id="NarrowBoxes4" port="0"/>
      <tojoint id="n40" port="0"/>
    <point x="6.54" y="2.56"/><point x="6.53" y="3.57"/></line>
    <line id="e10__IN__">
      <fromjoint id="n10" port="0"/>
      <tobox id="NarrowBoxes10" port="0"/>
    <point x="0.51" y="4.08"/><point x="0.51" y="5.08"/></line>
    <line id="e10__OUT__">
      <frombox id="NarrowBoxes10" port="0"/>
      <tojoint id="n100" port="0"/>
    <point x="0.51" y="6.11"/><point x="0.5" y="7.11"/></line>
    <line id="e20__IN__">
      <fromjoint id="n20" port="0"/>
      <tobox id="NarrowBoxes20" port="0"/>
    <point x="2.51" y="4.08"/><point x="2.51" y="5.08"/></line>
    <line id="e20__OUT__">
      <frombox id="NarrowBoxes20" port="0"/>
      <tojoint id="n200" port="0"/>
    <point x="2.51" y="6.11"/><point x="2.5" y="7.11"/></line>
    <line id="e30__IN__">
      <fromjoint id="n30" port="0"/>
      <tobox id="NarrowBoxes30" port="0"/>
    <point x="4.51" y="4.08"/><point x="5.33" y="5.08"/></line>
    <line id="e30__OUT__">
      <frombox id="NarrowBoxes30" port="0"/>
      <tojoint id="n300" port="0"/>
    <point x="5.33" y="6.11"/><point x="4.9" y="7.11"/></line>
    <line id="e40__IN__">
      <fromjoint id="n40" port="0"/>
      <tobox id="NarrowBoxes30" port="1"/>
    <point x="6.51" y="4.08"/><point x="5.89" y="5.08"/></line>
    <line id="e40__OUT__">
      <frombox id="NarrowBoxes30" port="1"/>
      <tojoint id="n400" port="0"/>
    <point x="5.89" y="6.11"/><point x="6.9" y="7.11"/></line>
  </level>
</graph>