<graph id="world">
  <level id="WidenBoxes" text="Click the boxes.&#13;&#13;Widen the inputs.&#13;&#13;Fix the errors.">
	<box height="1.01" id="WidenBoxes1" lines="1" width="1.0" x="0.54" y="2.04"/>
	<box height="1.01" id="WidenBoxes2" lines="1" width="1.0" x="2.54" y="2.04"/>
	<box height="1.01" id="WidenBoxes3" lines="1" width="1.0" x="4.54" y="2.04"/>
	<box height="1.01" id="WidenBoxes4" lines="1" width="1.0" x="6.54" y="2.04"/>
	<box height="1.01" id="WidenBoxes10" lines="1" width="1.0" x="0.51" y="5.6"/>
	<box height="1.01" id="WidenBoxes20" lines="1" width="1.0" x="2.51" y="5.6"/>
	<box height="1.01" id="WidenBoxes30" lines="2" width="2.0" x="5.61" y="5.6"/>
	<joint height="0.51" id="n10" inputs="0" outputs="1" width="1.0" x="0.53" y="3.82"/>
	<joint height="0.51" id="n20" inputs="0" outputs="1" width="1.0" x="2.53" y="3.82"/>
	<joint height="0.51" id="n300" inputs="1" outputs="0" width="1.0" x="4.9" y="7.38"/>
	<joint height="0.51" id="n40" inputs="0" outputs="1" width="1.0" x="6.53" y="3.82"/>
	<joint height="0.51" id="n400" inputs="1" outputs="0" width="1.0" x="6.9" y="7.38"/>
	<joint height="0.51" id="n200" inputs="1" outputs="0" width="1.0" x="2.5" y="7.38"/>
	<joint height="0.51" id="n100" inputs="1" outputs="0" width="1.0" x="0.5" y="7.38"/>
	<joint height="0.51" id="n30" inputs="0" outputs="1" width="1.0" x="4.53" y="3.82"/>
	<joint height="0.51" id="n1" inputs="0" outputs="1" width="1.0" x="0.56" y="0.26"/>
	<joint height="0.51" id="n2" inputs="0" outputs="1" width="1.0" x="2.56" y="0.26"/>
	<joint height="0.51" id="n3" inputs="0" outputs="1" width="1.0" x="4.56" y="0.26"/>
	<joint height="0.51" id="n4" inputs="0" outputs="1" width="1.0" x="6.56" y="0.26"/>
	<line id="e1__IN__">
	  <fromjoint id="n1" port="0"/>
	  <tobox id="WidenBoxes1" port="0"/>
	<point x="0.54" y="0.53"/><point x="0.54" y="1.53"/></line>
	<line id="e1__OUT__">
	  <frombox id="WidenBoxes1" port="0"/>
	  <tojoint id="n10" port="0"/>
	<point x="0.54" y="2.56"/><point x="0.53" y="3.57"/></line>
	<line id="e2__IN__">
	  <fromjoint id="n2" port="0"/>
	  <tobox id="WidenBoxes2" port="0"/>
	<point x="2.54" y="0.53"/><point x="2.54" y="1.53"/></line>
	<line id="e2__OUT__">
	  <frombox id="WidenBoxes2" port="0"/>
	  <tojoint id="n20" port="0"/>
	<point x="2.54" y="2.56"/><point x="2.53" y="3.57"/></line>
	<line id="e3__IN__">
	  <fromjoint id="n3" port="0"/>
	  <tobox id="WidenBoxes3" port="0"/>
	<point x="4.54" y="0.53"/><point x="4.54" y="1.53"/></line>
	<line id="e3__OUT__">
	  <frombox id="WidenBoxes3" port="0"/>
	  <tojoint id="n30" port="0"/>
	<point x="4.54" y="2.56"/><point x="4.53" y="3.57"/></line>
	<line id="e4__IN__">
	  <fromjoint id="n4" port="0"/>
	  <tobox id="WidenBoxes4" port="0"/>
	<point x="6.54" y="0.53"/><point x="6.54" y="1.53"/></line>
	<line id="e4__OUT__">
	  <frombox id="WidenBoxes4" port="0"/>
	  <tojoint id="n40" port="0"/>
	<point x="6.54" y="2.56"/><point x="6.53" y="3.57"/></line>
	<line id="e10__IN__">
	  <fromjoint id="n10" port="0"/>
	  <tobox id="WidenBoxes10" port="0"/>
	<point x="0.51" y="4.08"/><point x="0.51" y="5.08"/></line>
	<line id="e10__OUT__">
	  <frombox id="WidenBoxes10" port="0"/>
	  <tojoint id="n100" port="0"/>
	<point x="0.51" y="6.11"/><point x="0.5" y="7.11"/></line>
	<line id="e20__IN__">
	  <fromjoint id="n20" port="0"/>
	  <tobox id="WidenBoxes20" port="0"/>
	<point x="2.51" y="4.08"/><point x="2.51" y="5.08"/></line>
	<line id="e20__OUT__">
	  <frombox id="WidenBoxes20" port="0"/>
	  <tojoint id="n200" port="0"/>
	<point x="2.51" y="6.11"/><point x="2.5" y="7.11"/></line>
	<line id="e30__IN__">
	  <fromjoint id="n30" port="0"/>
	  <tobox id="WidenBoxes30" port="0"/>
	<point x="4.51" y="4.08"/><point x="5.33" y="5.08"/></line>
	<line id="e30__OUT__">
	  <frombox id="WidenBoxes30" port="0"/>
	  <tojoint id="n300" port="0"/>
	<point x="5.33" y="6.11"/><point x="4.9" y="7.11"/></line>
	<line id="e40__IN__">
	  <fromjoint id="n40" port="0"/>
	  <tobox id="WidenBoxes30" port="1"/>
	<point x="6.51" y="4.08"/><point x="5.89" y="5.08"/></line>
	<line id="e40__OUT__">
	  <frombox id="WidenBoxes30" port="1"/>
	  <tojoint id="n400" port="0"/>
	<point x="5.89" y="6.11"/><point x="6.9" y="7.11"/></line>
  </level>
  <level id="NarrowBoxes" text="Some inputs can't be changed.&#13;&#13;Narrow the upper boxes.&#13;&#13;Fix the errors.">
	<box height="1.01" id="NarrowBoxes1" lines="1" width="1.0" x="0.54" y="2.04"/>
	<box height="1.01" id="NarrowBoxes2" lines="1" width="1.0" x="2.54" y="2.04"/>
	<box height="1.01" id="NarrowBoxes3" lines="1" width="1.0" x="4.54" y="2.04"/>
	<box height="1.01" id="NarrowBoxes4" lines="1" width="1.0" x="6.54" y="2.04"/>
	<box height="1.01" id="NarrowBoxes10" lines="1" width="1.0" x="0.51" y="5.6"/>
	<box height="1.01" id="NarrowBoxes20" lines="1" width="1.0" x="2.51" y="5.6"/>
	<box height="1.01" id="NarrowBoxes30" lines="2" width="2.0" x="5.61" y="5.6"/>
	<joint height="0.51" id="n10" inputs="0" outputs="1" width="1.0" x="0.53" y="3.82"/>
	<joint height="0.51" id="n20" inputs="0" outputs="1" width="1.0" x="2.53" y="3.82"/>
	<joint height="0.51" id="n300" inputs="1" outputs="0" width="1.0" x="4.9" y="7.38"/>
	<joint height="0.51" id="n40" inputs="0" outputs="1" width="1.0" x="6.53" y="3.82"/>
	<joint height="0.51" id="n400" inputs="1" outputs="0" width="1.0" x="6.9" y="7.38"/>
	<joint height="0.51" id="n200" inputs="1" outputs="0" width="1.0" x="2.5" y="7.38"/>
	<joint height="0.51" id="n100" inputs="1" outputs="0" width="1.0" x="0.5" y="7.38"/>
	<joint height="0.51" id="n30" inputs="0" outputs="1" width="1.0" x="4.53" y="3.82"/>
	<joint height="0.51" id="n1" inputs="0" outputs="1" width="1.0" x="0.56" y="0.26"/>
	<joint height="0.51" id="n2" inputs="0" outputs="1" width="1.0" x="2.56" y="0.26"/>
	<joint height="0.51" id="n3" inputs="0" outputs="1" width="1.0" x="4.56" y="0.26"/>
	<joint height="0.51" id="n4" inputs="0" outputs="1" width="1.0" x="6.56" y="0.26"/>
	<line id="e1__IN__">
	  <fromjoint id="n1" port="0"/>
	  <tobox id="NarrowBoxes1" port="0"/>
	<point x="0.54" y="0.53"/><point x="0.54" y="1.53"/></line>
	<line id="e1__OUT__">
	  <frombox id="NarrowBoxes1" port="0"/>
	  <tojoint id="n10" port="0"/>
	<point x="0.54" y="2.56"/><point x="0.53" y="3.57"/></line>
	<line id="e2__IN__">
	  <fromjoint id="n2" port="0"/>
	  <tobox id="NarrowBoxes2" port="0"/>
	<point x="2.54" y="0.53"/><point x="2.54" y="1.53"/></line>
	<line id="e2__OUT__">
	  <frombox id="NarrowBoxes2" port="0"/>
	  <tojoint id="n20" port="0"/>
	<point x="2.54" y="2.56"/><point x="2.53" y="3.57"/></line>
	<line id="e3__IN__">
	  <fromjoint id="n3" port="0"/>
	  <tobox id="NarrowBoxes3" port="0"/>
	<point x="4.54" y="0.53"/><point x="4.54" y="1.53"/></line>
	<line id="e3__OUT__">
	  <frombox id="NarrowBoxes3" port="0"/>
	  <tojoint id="n30" port="0"/>
	<point x="4.54" y="2.56"/><point x="4.53" y="3.57"/></line>
	<line id="e4__IN__">
	  <fromjoint id="n4" port="0"/>
	  <tobox id="NarrowBoxes4" port="0"/>
	<point x="6.54" y="0.53"/><point x="6.54" y="1.53"/></line>
	<line id="e4__OUT__">
	  <frombox id="NarrowBoxes4" port="0"/>
	  <tojoint id="n40" port="0"/>
	<point x="6.54" y="2.56"/><point x="6.53" y="3.57"/></line>
	<line id="e10__IN__">
	  <fromjoint id="n10" port="0"/>
	  <tobox id="NarrowBoxes10" port="0"/>
	<point x="0.51" y="4.08"/><point x="0.51" y="5.08"/></line>
	<line id="e10__OUT__">
	  <frombox id="NarrowBoxes10" port="0"/>
	  <tojoint id="n100" port="0"/>
	<point x="0.51" y="6.11"/><point x="0.5" y="7.11"/></line>
	<line id="e20__IN__">
	  <fromjoint id="n20" port="0"/>
	  <tobox id="NarrowBoxes20" port="0"/>
	<point x="2.51" y="4.08"/><point x="2.51" y="5.08"/></line>
	<line id="e20__OUT__">
	  <frombox id="NarrowBoxes20" port="0"/>
	  <tojoint id="n200" port="0"/>
	<point x="2.51" y="6.11"/><point x="2.5" y="7.11"/></line>
	<line id="e30__IN__">
	  <fromjoint id="n30" port="0"/>
	  <tobox id="NarrowBoxes30" port="0"/>
	<point x="4.51" y="4.08"/><point x="5.33" y="5.08"/></line>
	<line id="e30__OUT__">
	  <frombox id="NarrowBoxes30" port="0"/>
	  <tojoint id="n300" port="0"/>
	<point x="5.33" y="6.11"/><point x="4.9" y="7.11"/></line>
	<line id="e40__IN__">
	  <fromjoint id="n40" port="0"/>
	  <tobox id="NarrowBoxes30" port="1"/>
	<point x="6.51" y="4.08"/><point x="5.89" y="5.08"/></line>
	<line id="e40__OUT__">
	  <frombox id="NarrowBoxes30" port="1"/>
	  <tojoint id="n400" port="0"/>
	<point x="5.89" y="6.11"/><point x="6.9" y="7.11"/></line>
  </level>
  <level id="SatisfyBoxes" text="Some boxes want to be a certain color.&#13;&#13;Satisfy the boxes.&#13;&#13;Collect bonus points.">
	<box height="1.01" id="SatisfyBoxes1" lines="1" width="1.0" x="0.54" y="2.04"/>
	<box height="1.01" id="SatisfyBoxes2" lines="1" width="1.0" x="7.08" y="2.04"/>
	<box height="1.01" id="SatisfyBoxes3" lines="2" width="2.0" x="3.54" y="2.04"/>
	<box height="1.01" id="SatisfyBoxes10" lines="1" width="1.0" x="0.51" y="5.6"/>
	<box height="1.01" id="SatisfyBoxes20" lines="1" width="1.0" x="7.06" y="5.6"/>
	<box height="1.01" id="SatisfyBoxes30" lines="1" width="1.0" x="2.88" y="5.6"/>
	<box height="1.01" id="SatisfyBoxes40" lines="1" width="1.0" x="4.88" y="5.6"/>
	<joint height="0.51" id="n10" inputs="0" outputs="1" width="1.0" x="0.53" y="3.82"/>
	<joint height="0.51" id="n1__OUT__1" inputs="0" outputs="1" width="1.0" x="2.83" y="0.26"/>
	<joint height="0.51" id="n1__OUT__0" inputs="0" outputs="1" width="1.0" x="0.56" y="0.26"/>
	<joint height="0.51" id="n1__OUT__2" inputs="0" outputs="1" width="1.0" x="4.83" y="0.26"/>
	<joint height="0.51" id="n40" inputs="0" outputs="1" width="1.0" x="4.89" y="3.82"/>
	<joint height="0.51" id="n400" inputs="1" outputs="0" width="1.0" x="4.86" y="7.38"/>
	<joint height="0.51" id="n100" inputs="1" outputs="0" width="1.0" x="0.5" y="7.38"/>
	<joint height="0.51" id="n30" inputs="0" outputs="1" width="1.0" x="2.89" y="3.82"/>
	<joint height="0.51" id="n200__IN__0" inputs="1" outputs="0" width="1.0" x="7.04" y="7.38"/>
	<joint height="0.51" id="n2" inputs="0" outputs="1" width="1.0" x="7.1" y="0.26"/>
	<joint height="0.51" id="n20" inputs="0" outputs="1" width="1.0" x="7.07" y="3.82"/>
	<joint height="0.51" id="n300" inputs="1" outputs="0" width="1.0" x="2.86" y="7.38"/>
	<line id="e1__IN__">
	  <fromjoint id="n1__OUT__0" port="0"/>
	  <tobox id="SatisfyBoxes1" port="0"/>
	<point x="0.54" y="0.53"/><point x="0.54" y="1.53"/></line>
	<line id="e1__OUT__">
	  <frombox id="SatisfyBoxes1" port="0"/>
	  <tojoint id="n10" port="0"/>
	<point x="0.54" y="2.56"/><point x="0.53" y="3.57"/></line>
	<line id="e2__IN__">
	  <fromjoint id="n2" port="0"/>
	  <tobox id="SatisfyBoxes2" port="0"/>
	<point x="7.08" y="0.53"/><point x="7.08" y="1.53"/></line>
	<line id="e2__OUT__">
	  <frombox id="SatisfyBoxes2" port="0"/>
	  <tojoint id="n20" port="0"/>
	<point x="7.08" y="2.56"/><point x="7.07" y="3.57"/></line>
	<line id="e3__IN__">
	  <fromjoint id="n1__OUT__1" port="0"/>
	  <tobox id="SatisfyBoxes3" port="0"/>
	<point x="2.82" y="0.53"/><point x="3.26" y="1.53"/></line>
	<line id="e3__OUT__">
	  <frombox id="SatisfyBoxes3" port="0"/>
	  <tojoint id="n30" port="0"/>
	<point x="3.26" y="2.56"/><point x="3.01" y="3.57"/></line>
	<line id="e4__IN__">
	  <fromjoint id="n1__OUT__2" port="0"/>
	  <tobox id="SatisfyBoxes3" port="1"/>
	<point x="4.82" y="0.53"/><point x="3.82" y="1.53"/></line>
	<line id="e4__OUT__">
	  <frombox id="SatisfyBoxes3" port="1"/>
	  <tojoint id="n40" port="0"/>
	<point x="3.82" y="2.56"/><point x="4.5" y="3.57"/></line>
	<line id="e10__IN__">
	  <fromjoint id="n10" port="0"/>
	  <tobox id="SatisfyBoxes10" port="0"/>
	<point x="0.51" y="4.08"/><point x="0.51" y="5.08"/></line>
	<line id="e10__OUT__">
	  <frombox id="SatisfyBoxes10" port="0"/>
	  <tojoint id="n100" port="0"/>
	<point x="0.51" y="6.11"/><point x="0.5" y="7.11"/></line>
	<line id="e20__IN__">
	  <fromjoint id="n20" port="0"/>
	  <tobox id="SatisfyBoxes20" port="0"/>
	<point x="7.06" y="4.08"/><point x="7.06" y="5.08"/></line>
	<line id="e20__OUT__">
	  <frombox id="SatisfyBoxes20" port="0"/>
	  <tojoint id="n200__IN__0" port="0"/>
	<point x="7.06" y="6.11"/><point x="7.04" y="7.11"/></line>
	<line id="e30__IN__">
	  <fromjoint id="n30" port="0"/>
	  <tobox id="SatisfyBoxes30" port="0"/>
	<point x="2.88" y="4.08"/><point x="2.88" y="5.08"/></line>
	<line id="e30__OUT__">
	  <frombox id="SatisfyBoxes30" port="0"/>
	  <tojoint id="n300" port="0"/>
	<point x="2.88" y="6.11"/><point x="2.86" y="7.11"/></line>
	<line id="e40__IN__">
	  <fromjoint id="n40" port="0"/>
	  <tobox id="SatisfyBoxes40" port="0"/>
	<point x="4.88" y="4.08"/><point x="4.88" y="5.08"/></line>
	<line id="e40__OUT__">
	  <frombox id="SatisfyBoxes40" port="0"/>
	  <tojoint id="n400" port="0"/>
	<point x="4.88" y="6.11"/><point x="4.86" y="7.11"/></line>
  </level>
	<level id="Optimize" text="Try different configurations.&#xD;&#xD;Optimize the level.&#xD;&#xD;Get the high score.">
	  <box height="1.01" id="Optimize1" lines="2" width="2.0" x="7.12" y="2.17" visible="true"/>
	  <box height="1.01" id="Optimize2" lines="4" width="4.0" x="8.14" y="5.60" visible="true"/>
	  <box height="1.01" id="Optimize3" lines="5" width="5.0" x="8.50" y="9.15" visible="true"/>
	  <box height="1.01" id="Optimize4" lines="2" width="2.0" x="4.66" y="5.62" visible="true"/>
	  <joint height="0.51" id="n12" inputs="0" outputs="1" width="1.0" x="6.82" y="0.26"/>
	  <joint height="0.51" id="n410" inputs="1" outputs="0" width="1.0" x="16.53" y="7.38"/>
	  <joint height="0.51" id="n33" inputs="0" outputs="1" width="1.0" x="8.48" y="7.13" visible="true"/>
	  <joint height="0.51" id="n34" inputs="0" outputs="1" width="1.0" x="10.5" y="7.38"/>
	  <joint height="0.51" id="n35" inputs="0" outputs="1" width="1.0" x="5.20" y="7.15" visible="true"/>
	  <joint height="0.51" id="n240" inputs="1" outputs="0" width="1.0" x="14.53" y="7.38"/>
	  <joint height="0.51" id="n11__OUT__3" inputs="0" outputs="1" width="1.0" x="6.5" y="7.38"/>
	  <joint height="0.51" id="n11__OUT__2" inputs="0" outputs="1" width="1.0" x="4.5" y="7.38"/>
	  <joint height="0.51" id="n11__OUT__1" inputs="0" outputs="1" width="1.0" x="5.81" y="3.82"/>
	  <joint height="0.51" id="n11__OUT__0" inputs="0" outputs="1" width="1.0" x="4.82" y="0.26"/>
	  <joint height="0.51" id="n11__OUT__4" inputs="0" outputs="1" width="1.0" x="16.54" y="3.82"/>
	  <joint height="0.51" id="n110" inputs="1" outputs="0" width="1.0" x="3.81" y="3.82"/>
	  <joint height="0.51" id="n220" inputs="1" outputs="0" width="1.0" x="2.5" y="7.38"/>
	  <joint height="0.51" id="n320" inputs="1" outputs="0" width="1.0" x="6.5" y="10.93"/>
	  <joint height="0.51" id="n42" inputs="0" outputs="1" width="1.0" x="18.54" y="3.82"/>
	  <joint height="0.51" id="n23" inputs="0" outputs="1" width="1.0" x="9.81" y="3.82"/>
	  <joint height="0.51" id="n22" inputs="0" outputs="1" width="1.0" x="7.81" y="3.82" visible="true"/>
	  <joint height="0.51" id="n24" inputs="0" outputs="1" width="1.0" x="10.45" y="10.58" visible="true"/>
	  <joint height="0.51" id="n350" inputs="1" outputs="0" width="1.0" x="10.5" y="10.93"/>
	  <joint height="0.51" id="n310" inputs="1" outputs="0" width="1.0" x="4.5" y="10.93"/>
	  <joint height="0.51" id="n330" inputs="1" outputs="0" width="1.0" x="8.5" y="10.93"/>
	  <joint height="0.51" id="n210" inputs="1" outputs="0" width="1.0" x="0.5" y="7.38"/>
	  <line id="e11__IN__">
		<fromjoint id="n11__OUT__0" port="0"/>
		<tobox id="Optimize1" port="0"/>
		<point x="4.81" y="0.53"/>
		<point x="5.53" y="1.53"/>
	  </line>
	  <line id="e11__OUT__">
		<frombox id="Optimize1" port="0"/>
		<tojoint id="n110" port="0"/>
		<point x="5.53" y="2.56"/>
		<point x="3.81" y="3.56"/>
	  </line>
	  <line id="e12__IN__">
		<fromjoint id="n12" port="0"/>
		<tobox id="Optimize1" port="1"/>
		<point x="6.81" y="0.53"/>
		<point x="6.08" y="1.53"/>
	  </line>
	  <line id="e12__OUT__" visible="true">
		<frombox id="Optimize1" port="0"/>
		<tojoint id="n22" port="-1"/>
		<point x="7.39" y="2.67"/>
		<point x="7.39" y="2.95"/>
		<point x="7.40" y="2.95"/>
		<point x="7.40" y="3.26"/>
		<point x="7.40" y="3.26"/>
		<point x="7.40" y="3.56"/>
	  </line>
	  <line id="e21__IN__">
		<fromjoint id="n11__OUT__1" port="0"/>
		<tobox id="Optimize2" port="0"/>
		<point x="5.79" y="4.08"/>
		<point x="7.1" y="5.08"/>
	  </line>
	  <line id="e21__OUT__">
		<frombox id="Optimize2" port="0"/>
		<tojoint id="n210" port="0"/>
		<point x="7.1" y="6.11"/>
		<point x="0.5" y="7.11"/>
	  </line>
	  <line id="e22__IN__" visible="true">
		<fromjoint id="n22" port="0"/>
		<tobox id="Optimize2" port="0"/>
		<point x="7.79" y="4.08"/>
		<point x="7.79" y="4.35"/>
		<point x="7.79" y="4.35"/>
		<point x="7.79" y="4.82"/>
		<point x="7.79" y="4.82"/>
		<point x="7.79" y="5.10"/>
	  </line>
	  <line id="e22__OUT__">
		<frombox id="Optimize2" port="1"/>
		<tojoint id="n220" port="0"/>
		<point x="7.79" y="6.11"/>
		<point x="2.5" y="7.11"/>
	  </line>
	  <line id="e23__IN__">
		<fromjoint id="n23" port="0"/>
		<tobox id="Optimize2" port="2"/>
		<point x="9.79" y="4.08"/>
		<point x="8.49" y="5.08"/>
	  </line>
	  <line id="e23__OUT__" visible="true">
		<frombox id="Optimize2" port="0"/>
		<tojoint id="n33" port="1"/>
		<point x="8.49" y="6.11"/>
		<point x="8.49" y="6.42"/>
		<point x="8.48" y="6.42"/>
		<point x="8.48" y="6.58"/>
		<point x="8.48" y="6.58"/>
		<point x="8.48" y="6.88"/>
	  </line>
	  <line id="e24__IN__" visible="true">
		<fromjoint id="n24" port="2"/>
		<tobox id="Optimize2" port="0"/>
		<point x="10.44" y="10.83"/>
		<point x="10.44" y="11.13"/>
		<point x="11.29" y="11.13"/>
		<point x="11.29" y="4.76"/>
		<point x="9.18" y="4.76"/>
		<point x="9.18" y="5.10"/>
	  </line>
	  <line id="e24__OUT__">
		<frombox id="Optimize2" port="3"/>
		<tojoint id="n240" port="0"/>
		<point x="9.18" y="6.11"/>
		<point x="14.53" y="7.11"/>
	  </line>
	  <line id="e31__IN__">
		<fromjoint id="n11__OUT__2" port="0"/>
		<tobox id="Optimize3" port="0"/>
		<point x="4.49" y="7.64"/>
		<point x="7.01" y="8.64"/>
	  </line>
	  <line id="e31__OUT__">
		<frombox id="Optimize3" port="0"/>
		<tojoint id="n310" port="0"/>
		<point x="7.01" y="9.67"/>
		<point x="4.5" y="10.67"/>
	  </line>
	  <line id="e32__IN__">
		<fromjoint id="n11__OUT__3" port="0"/>
		<tobox id="Optimize3" port="1"/>
		<point x="6.49" y="7.64"/>
		<point x="7.75" y="8.64"/>
	  </line>
	  <line id="e32__OUT__">
		<frombox id="Optimize3" port="1"/>
		<tojoint id="n320" port="0"/>
		<point x="7.75" y="9.67"/>
		<point x="6.5" y="10.67"/>
	  </line>
	  <line id="e33__IN__" visible="true">
		<fromjoint id="n33" port="1"/>
		<tobox id="Optimize3" port="0"/>
		<point x="8.47" y="7.38"/>
		<point x="8.47" y="7.68"/>
		<point x="8.85" y="7.68"/>
		<point x="8.85" y="8.35"/>
		<point x="9.24" y="8.35"/>
		<point x="9.24" y="8.64"/>
	  </line>
	  <line id="e33__OUT__">
		<frombox id="Optimize3" port="2"/>
		<tojoint id="n330" port="0"/>
		<point x="8.49" y="9.67"/>
		<point x="8.5" y="10.67"/>
	  </line>
	  <line id="e34__IN__">
		<fromjoint id="n34" port="0"/>
		<tobox id="Optimize3" port="3"/>
		<point x="10.49" y="7.64"/>
		<point x="9.24" y="8.64"/>
	  </line>
	  <line id="e34__OUT__" visible="true">
		<frombox id="Optimize3" port="0"/>
		<tojoint id="n24" port="2"/>
		<point x="9.97" y="9.65"/>
		<point x="9.97" y="10.00"/>
		<point x="9.96" y="10.00"/>
		<point x="9.96" y="10.02"/>
		<point x="9.96" y="10.02"/>
		<point x="9.96" y="10.32"/>
	  </line>
	  <line id="e35__IN__" visible="true">
		<fromjoint id="n35" port="0"/>
		<tobox id="Optimize3" port="0"/>
		<point x="5.18" y="7.41"/>
		<point x="5.18" y="7.71"/>
		<point x="6.83" y="7.71"/>
		<point x="6.83" y="8.35"/>
		<point x="8.49" y="8.35"/>
		<point x="8.49" y="8.64"/>
	  </line>
	  <line id="e35__OUT__">
		<frombox id="Optimize3" port="4"/>
		<tojoint id="n350" port="0"/>
		<point x="9.97" y="9.67"/>
		<point x="10.5" y="10.67"/>
	  </line>
	  <line id="e41__IN__">
		<fromjoint id="n11__OUT__4" port="0"/>
		<tobox id="Optimize4" port="0"/>
		<point x="16.53" y="4.08"/>
		<point x="17.25" y="5.08"/>
	  </line>
	  <line id="e41__OUT__">
		<frombox id="Optimize4" port="0"/>
		<tojoint id="n410" port="0"/>
		<point x="17.25" y="6.11"/>
		<point x="16.53" y="7.11"/>
	  </line>
	  <line id="e42__IN__">
		<fromjoint id="n42" port="0"/>
		<tobox id="Optimize4" port="1"/>
		<point x="18.53" y="4.08"/>
		<point x="17.81" y="5.08"/>
	  </line>
	  <line id="e42__OUT__" visible="true">
		<frombox id="Optimize4" port="0"/>
		<tojoint id="n35" port="-1"/>
		<point x="4.93" y="6.13"/>
		<point x="4.93" y="6.41"/>
		<point x="4.94" y="6.41"/>
		<point x="4.94" y="6.60"/>
		<point x="4.95" y="6.60"/>
		<point x="4.95" y="6.90"/>
	  </line>
	</level>
</graph>