<graph id="world"><level id="Connection" top="0.0" left="0.0" bottom="1060.0" right="220.0"><edgeset id="Connection193" top="500.0" left="550.0" bottom="510.0" right="560.0"/><edge from="Connection193" to="Connection195"><point x="555.0" y="510.0"/><point x="555.0" y="520.0"/></edge><edgeset id="Connection190" top="500.0" left="530.0" bottom="510.0" right="540.0"/><edge from="Connection190" to="Connection192"><point x="535.0" y="510.0"/><point x="535.0" y="520.0"/></edge><edgeset id="Connection187" top="500.0" left="510.0" bottom="510.0" right="520.0"/><edge from="Connection187" to="Connection189"><point x="515.0" y="510.0"/><point x="515.0" y="520.0"/></edge><edgeset id="Connection184" top="500.0" left="490.0" bottom="510.0" right="500.0"/><edge from="Connection184" to="Connection186"><point x="495.0" y="510.0"/><point x="495.0" y="520.0"/></edge><edgeset id="Connection181" top="500.0" left="470.0" bottom="510.0" right="480.0"/><edge from="Connection181" to="Connection183"><point x="475.0" y="510.0"/><point x="475.0" y="520.0"/></edge><edgeset id="Connection178" top="500.0" left="450.0" bottom="510.0" right="460.0"/><edge from="Connection178" to="Connection180"><point x="455.0" y="510.0"/><point x="455.0" y="520.0"/></edge><edgeset id="Connection121" top="500.0" left="430.0" bottom="510.0" right="440.0"/><edgeset id="Connection97" top="500.0" left="410.0" bottom="510.0" right="420.0"/><edge from="Connection97" to="Connection99"><point x="415.0" y="510.0"/><point x="415.0" y="520.0"/></edge><edgeset id="Connection94" top="500.0" left="390.0" bottom="510.0" right="400.0"/><edge from="Connection94" to="Connection96"><point x="395.0" y="510.0"/><point x="395.0" y="520.0"/></edge><edgeset id="Connection84" top="500.0" left="370.0" bottom="510.0" right="380.0"/><edge from="Connection84" to="Connection93"><point x="375.0" y="510.0"/><point x="375.0" y="520.0"/></edge><edgeset id="Connection63" top="500.0" left="350.0" bottom="510.0" right="360.0"/><edge from="Connection63" to="Connection66"><point x="355.0" y="510.0"/><point x="133.33333333333334" y="520.0"/></edge><edgeset id="Connection149" top="480.0" left="330.0" bottom="490.0" right="340.0"/><edge from="Connection149" to="Connection13"><point x="335.0" y="490.0"/><point x="266.6666666666667" y="500.0"/></edge><edgeset id="Connection30" top="500.0" left="330.0" bottom="510.0" right="340.0"/><edge from="Connection30" to="Connection33"><point x="335.0" y="510.0"/><point x="48.333333333333336" y="520.0"/></edge><edgeset id="Connection195" top="520.0" left="550.0" bottom="530.0" right="560.0"/><edgeset id="Connection117" top="480.0" left="310.0" bottom="490.0" right="320.0"/><edge from="Connection117" to="Connection11"><point x="315.0" y="490.0"/><point x="222.0" y="500.0"/></edge><edgeset id="Connection15" top="500.0" left="310.0" bottom="510.0" right="320.0"/><edgeset id="Connection192" top="520.0" left="530.0" bottom="530.0" right="540.0"/><edgeset id="Connection113" top="480.0" left="430.0" bottom="490.0" right="440.0"/><edge from="Connection113" to="Connection121"><point x="435.0" y="490.0"/><point x="435.0" y="500.0"/></edge><edgeset id="Connection14" top="500.0" left="290.0" bottom="510.0" right="300.0"/><edgeset id="Connection189" top="520.0" left="510.0" bottom="530.0" right="520.0"/><edgeset id="Connection107" top="480.0" left="265.0" bottom="490.0" right="275.0"/><edge from="Connection107" to="Connection11"><point x="270.0" y="490.0"/><point x="214.0" y="500.0"/></edge><edgeset id="Connection13" top="500.0" left="260.0" bottom="510.0" right="280.0"/><edgeset id="Connection186" top="520.0" left="490.0" bottom="530.0" right="500.0"/><edgeset id="Connection105" top="480.0" left="240.0" bottom="490.0" right="250.0"/><edge from="Connection105" to="Connection11"><point x="245.0" y="490.0"/><point x="206.0" y="500.0"/></edge><edgeset id="Connection12" top="500.0" left="240.0" bottom="510.0" right="250.0"/><edgeset id="Connection183" top="520.0" left="470.0" bottom="530.0" right="480.0"/><edgeset id="Connection103" top="480.0" left="205.0" bottom="490.0" right="215.0"/><edge from="Connection103" to="Connection11"><point x="210.0" y="490.0"/><point x="198.0" y="500.0"/></edge><edgeset id="Connection11" top="500.0" left="190.0" bottom="510.0" right="230.0"/><edgeset id="Connection180" top="520.0" left="450.0" bottom="530.0" right="460.0"/><edgeset id="Connection58" top="480.0" left="95.0" bottom="490.0" right="105.0"/><edge from="Connection58" to="Connection63"><point x="100.0" y="490.0"/><point x="355.0" y="500.0"/></edge><edgeset id="Connection6" top="500.0" left="170.0" bottom="510.0" right="180.0"/><edgeset id="Connection99" top="520.0" left="410.0" bottom="530.0" right="420.0"/><edgeset id="Connection28" top="480.0" left="290.0" bottom="490.0" right="300.0"/><edge from="Connection28" to="Connection30"><point x="295.0" y="490.0"/><point x="335.0" y="500.0"/></edge><edgeset id="Connection3" top="500.0" left="150.0" bottom="510.0" right="160.0"/><edgeset id="Connection96" top="520.0" left="390.0" bottom="530.0" right="400.0"/><edgeset id="Connection160" top="240.0" left="125.0" bottom="250.0" right="135.0"/><edge from="Connection160" to="Connection162"><point x="130.0" y="250.0"/><point x="130.0" y="260.0"/></edge><edgeset id="Connection162" top="260.0" left="120.0" bottom="270.0" right="140.0"/><edge from="Connection162" to="Connection8"><point x="126.66666666666667" y="270.0"/><point x="37.5" y="240.0"/></edge><edge from="Connection162" to="Connection163"><point x="133.33333333333334" y="270.0"/><point x="130.0" y="280.0"/></edge><edgeset id="Connection109" top="440.0" left="125.0" bottom="450.0" right="135.0"/><edge from="Connection109" to="Connection112"><point x="130.0" y="450.0"/><point x="130.0" y="460.0"/></edge><edgeset id="Connection112" top="460.0" left="120.0" bottom="470.0" right="140.0"/><edge from="Connection112" to="Connection7"><point x="126.66666666666667" y="470.0"/><point x="71.25" y="480.0"/></edge><edge from="Connection112" to="Connection113"><point x="133.33333333333334" y="470.0"/><point x="435.0" y="480.0"/></edge><edgeset id="Connection26" top="480.0" left="125.0" bottom="490.0" right="135.0"/><edge from="Connection26" to="Connection1"><point x="130.0" y="490.0"/><point x="100.0" y="500.0"/></edge><edgeset id="Connection2" top="500.0" left="125.0" bottom="510.0" right="135.0"/><edge from="Connection2" to="Connection66"><point x="130.0" y="510.0"/><point x="126.66666666666667" y="520.0"/></edge><edgeset id="Connection93" top="520.0" left="370.0" bottom="530.0" right="380.0"/><edgeset id="Connection129" top="40.0" left="95.0" bottom="50.0" right="105.0"/><edge from="Connection129" to="Connection132"><point x="100.0" y="50.0"/><point x="100.0" y="60.0"/></edge><edgeset id="Connection138" top="120.0" left="95.0" bottom="130.0" right="105.0"/><edge from="Connection138" to="Connection150"><point x="100.0" y="130.0"/><point x="100.0" y="140.0"/></edge><edgeset id="Connection159" top="220.0" left="90.0" bottom="230.0" right="110.0"/><edge from="Connection159" to="Connection8"><point x="96.66666666666667" y="230.0"/><point x="52.5" y="240.0"/></edge><edge from="Connection159" to="Connection160"><point x="103.33333333333333" y="230.0"/><point x="130.0" y="240.0"/></edge><edgeset id="Connection35" top="240.0" left="95.0" bottom="250.0" right="105.0"/><edge from="Connection35" to="Connection37"><point x="100.0" y="250.0"/><point x="100.0" y="260.0"/></edge><edgeset id="Connection37" top="260.0" left="95.0" bottom="270.0" right="105.0"/><edge from="Connection37" to="Connection40"><point x="100.0" y="270.0"/><point x="96.66666666666667" y="280.0"/></edge><edgeset id="Connection163" top="280.0" left="125.0" bottom="290.0" right="135.0"/><edge from="Connection163" to="Connection177"><point x="130.0" y="290.0"/><point x="130.0" y="300.0"/></edge><edgeset id="Connection177" top="300.0" left="125.0" bottom="310.0" right="135.0"/><edgeset id="Connection50" top="380.0" left="95.0" bottom="390.0" right="105.0"/><edge from="Connection50" to="Connection53"><point x="100.0" y="390.0"/><point x="41.666666666666664" y="400.0"/></edge><edgeset id="Connection100" top="400.0" left="95.0" bottom="410.0" right="105.0"/><edge from="Connection100" to="Connection108"><point x="100.0" y="410.0"/><point x="100.0" y="420.0"/></edge><edgeset id="Connection108" top="420.0" left="90.0" bottom="430.0" right="110.0"/><edge from="Connection108" to="Connection7"><point x="96.66666666666667" y="430.0"/><point x="18.75" y="480.0"/></edge><edge from="Connection108" to="Connection109"><point x="103.33333333333333" y="430.0"/><point x="130.0" y="440.0"/></edge><edgeset id="Connection55" top="440.0" left="95.0" bottom="450.0" right="105.0"/><edge from="Connection55" to="Connection57"><point x="100.0" y="450.0"/><point x="100.0" y="460.0"/></edge><edgeset id="Connection57" top="460.0" left="90.0" bottom="470.0" right="110.0"/><edge from="Connection57" to="Connection7"><point x="96.66666666666667" y="470.0"/><point x="36.25" y="480.0"/></edge><edge from="Connection57" to="Connection58"><point x="103.33333333333333" y="470.0"/><point x="100.0" y="480.0"/></edge><edgeset id="Connection16" top="480.0" left="170.0" bottom="490.0" right="180.0"/><edge from="Connection16" to="Connection13"><point x="175.0" y="490.0"/><point x="273.3333333333333" y="500.0"/></edge><edgeset id="Connection1" top="500.0" left="95.0" bottom="510.0" right="105.0"/><edgeset id="Connection66" top="520.0" left="120.0" bottom="530.0" right="140.0"/><edge from="Connection66" to="Connection67"><point x="130.0" y="530.0"/><point x="130.0" y="540.0"/></edge><edgeset id="Connection122" top="0.0" left="40.0" bottom="10.0" right="50.0"/><edge from="Connection122" to="Connection128"><point x="45.0" y="10.0"/><point x="45.0" y="20.0"/></edge><edgeset id="Connection128" top="20.0" left="35.0" bottom="30.0" right="55.0"/><edge from="Connection128" to="Connection10"><point x="41.666666666666664" y="30.0"/><point x="57.0" y="40.0"/></edge><edge from="Connection128" to="Connection129"><point x="48.333333333333336" y="30.0"/><point x="100.0" y="40.0"/></edge><edgeset id="Connection10" top="40.0" left="25.0" bottom="50.0" right="65.0"/><edgeset id="Connection132" top="60.0" left="90.0" bottom="70.0" right="110.0"/><edge from="Connection132" to="Connection10"><point x="96.66666666666667" y="70.0"/><point x="41.0" y="40.0"/></edge><edge from="Connection132" to="Connection133"><point x="103.33333333333333" y="70.0"/><point x="100.0" y="80.0"/></edge><edgeset id="Connection133" top="80.0" left="95.0" bottom="90.0" right="105.0"/><edge from="Connection133" to="Connection137"><point x="100.0" y="90.0"/><point x="100.0" y="100.0"/></edge><edgeset id="Connection137" top="100.0" left="90.0" bottom="110.0" right="110.0"/><edge from="Connection137" to="Connection9"><point x="96.66666666666667" y="110.0"/><point x="48.333333333333336" y="120.0"/></edge><edge from="Connection137" to="Connection138"><point x="103.33333333333333" y="110.0"/><point x="100.0" y="120.0"/></edge><edgeset id="Connection9" top="120.0" left="35.0" bottom="130.0" right="55.0"/><edgeset id="Connection150" top="140.0" left="90.0" bottom="150.0" right="110.0"/><edge from="Connection150" to="Connection10"><point x="96.66666666666667" y="150.0"/><point x="33.0" y="40.0"/></edge><edge from="Connection150" to="Connection151"><point x="103.33333333333333" y="150.0"/><point x="100.0" y="160.0"/></edge><edgeset id="Connection151" top="160.0" left="95.0" bottom="170.0" right="105.0"/><edge from="Connection151" to="Connection155"><point x="100.0" y="170.0"/><point x="100.0" y="180.0"/></edge><edgeset id="Connection155" top="180.0" left="90.0" bottom="190.0" right="110.0"/><edge from="Connection155" to="Connection7"><point x="96.66666666666667" y="190.0"/><point x="62.5" y="480.0"/></edge><edge from="Connection155" to="Connection156"><point x="103.33333333333333" y="190.0"/><point x="100.0" y="200.0"/></edge><edgeset id="Connection156" top="200.0" left="95.0" bottom="210.0" right="105.0"/><edge from="Connection156" to="Connection159"><point x="100.0" y="210.0"/><point x="100.0" y="220.0"/></edge><edgeset id="Connection34" top="220.0" left="35.0" bottom="230.0" right="55.0"/><edge from="Connection34" to="Connection8"><point x="41.666666666666664" y="230.0"/><point x="45.0" y="240.0"/></edge><edge from="Connection34" to="Connection35"><point x="48.333333333333336" y="230.0"/><point x="100.0" y="240.0"/></edge><edgeset id="Connection8" top="240.0" left="30.0" bottom="250.0" right="60.0"/><edgeset id="Connection4" top="260.0" left="40.0" bottom="270.0" right="50.0"/><edge from="Connection4" to="Connection40"><point x="45.0" y="270.0"/><point x="103.33333333333333" y="280.0"/></edge><edgeset id="Connection40" top="280.0" left="90.0" bottom="290.0" right="110.0"/><edge from="Connection40" to="Connection41"><point x="100.0" y="290.0"/><point x="100.0" y="300.0"/></edge><edgeset id="Connection41" top="300.0" left="90.0" bottom="310.0" right="110.0"/><edge from="Connection41" to="Connection9"><point x="96.66666666666667" y="310.0"/><point x="41.666666666666664" y="120.0"/></edge><edge from="Connection41" to="Connection42"><point x="103.33333333333333" y="310.0"/><point x="100.0" y="320.0"/></edge><edgeset id="Connection42" top="320.0" left="95.0" bottom="330.0" right="105.0"/><edge from="Connection42" to="Connection44"><point x="100.0" y="330.0"/><point x="100.0" y="340.0"/></edge><edgeset id="Connection44" top="340.0" left="90.0" bottom="350.0" right="110.0"/><edge from="Connection44" to="Connection7"><point x="96.66666666666667" y="350.0"/><point x="53.75" y="480.0"/></edge><edge from="Connection44" to="Connection45"><point x="103.33333333333333" y="350.0"/><point x="100.0" y="360.0"/></edge><edgeset id="Connection45" top="360.0" left="95.0" bottom="370.0" right="105.0"/><edge from="Connection45" to="Connection50"><point x="100.0" y="370.0"/><point x="100.0" y="380.0"/></edge><edgeset id="Connection5" top="380.0" left="40.0" bottom="390.0" right="50.0"/><edge from="Connection5" to="Connection53"><point x="45.0" y="390.0"/><point x="48.333333333333336" y="400.0"/></edge><edgeset id="Connection53" top="400.0" left="35.0" bottom="410.0" right="55.0"/><edge from="Connection53" to="Connection54"><point x="45.0" y="410.0"/><point x="45.0" y="420.0"/></edge><edgeset id="Connection54" top="420.0" left="35.0" bottom="430.0" right="55.0"/><edge from="Connection54" to="Connection10"><point x="41.666666666666664" y="430.0"/><point x="49.0" y="40.0"/></edge><edge from="Connection54" to="Connection55"><point x="48.333333333333336" y="430.0"/><point x="100.0" y="440.0"/></edge><edgeset id="Connection17" top="440.0" left="40.0" bottom="450.0" right="50.0"/><edge from="Connection17" to="Connection27"><point x="45.0" y="450.0"/><point x="45.0" y="460.0"/></edge><edgeset id="Connection27" top="460.0" left="35.0" bottom="470.0" right="55.0"/><edge from="Connection27" to="Connection7"><point x="41.666666666666664" y="470.0"/><point x="27.5" y="480.0"/></edge><edge from="Connection27" to="Connection28"><point x="48.333333333333336" y="470.0"/><point x="295.0" y="480.0"/></edge><edgeset id="Connection7" top="480.0" left="10.0" bottom="490.0" right="80.0"/><edgeset id="Connection0" top="500.0" left="40.0" bottom="510.0" right="50.0"/><edge from="Connection0" to="Connection33"><point x="45.0" y="510.0"/><point x="41.666666666666664" y="520.0"/></edge><edgeset id="Connection33" top="520.0" left="35.0" bottom="530.0" right="55.0"/><edge from="Connection33" to="Connection34"><point x="45.0" y="530.0"/><point x="45.0" y="220.0"/></edge><edgeset id="Connection67" top="540.0" left="120.0" bottom="550.0" right="140.0"/><edge from="Connection67" to="Connection7"><point x="126.66666666666667" y="550.0"/><point x="45.0" y="480.0"/></edge><edge from="Connection67" to="Connection68"><point x="133.33333333333334" y="550.0"/><point x="130.0" y="560.0"/></edge><edgeset id="Connection68" top="560.0" left="125.0" bottom="570.0" right="135.0"/><edge from="Connection68" to="Connection83"><point x="130.0" y="570.0"/><point x="130.0" y="580.0"/></edge><edgeset id="Connection83" top="580.0" left="125.0" bottom="590.0" right="135.0"/></level><level id="UserData" top="0.0" left="0.0" bottom="140.0" right="70.0"><edgeset id="UserData29" top="60.0" left="155.0" bottom="70.0" right="165.0"/><edge from="UserData29" to="UserData32"><point x="160.0" y="70.0"/><point x="156.66666666666666" y="80.0"/></edge><edgeset id="UserData21" top="60.0" left="130.0" bottom="70.0" right="140.0"/><edge from="UserData21" to="UserData23"><point x="135.0" y="70.0"/><point x="135.0" y="80.0"/></edge><edgeset id="UserData18" top="60.0" left="110.0" bottom="70.0" right="120.0"/><edge from="UserData18" to="UserData20"><point x="115.0" y="70.0"/><point x="115.0" y="80.0"/></edge><edgeset id="UserData14" top="60.0" left="90.0" bottom="70.0" right="100.0"/><edge from="UserData14" to="UserData17"><point x="95.0" y="70.0"/><point x="95.0" y="80.0"/></edge><edgeset id="UserData32" top="80.0" left="150.0" bottom="90.0" right="170.0"/><edge from="UserData32" to="UserData35"><point x="160.0" y="90.0"/><point x="160.0" y="100.0"/></edge><edgeset id="UserData27" top="40.0" left="45.0" bottom="50.0" right="55.0"/><edge from="UserData27" to="UserData29"><point x="50.0" y="50.0"/><point x="160.0" y="60.0"/></edge><edgeset id="UserData13" top="60.0" left="70.0" bottom="70.0" right="80.0"/><edgeset id="UserData23" top="80.0" left="130.0" bottom="90.0" right="140.0"/><edgeset id="UserData24" top="0.0" left="45.0" bottom="10.0" right="55.0"/><edge from="UserData24" to="UserData26"><point x="50.0" y="10.0"/><point x="50.0" y="20.0"/></edge><edgeset id="UserData26" top="20.0" left="40.0" bottom="30.0" right="60.0"/><edge from="UserData26" to="UserData1"><point x="46.666666666666664" y="30.0"/><point x="16.666666666666668" y="40.0"/></edge><edge from="UserData26" to="UserData27"><point x="53.333333333333336" y="30.0"/><point x="50.0" y="40.0"/></edge><edgeset id="UserData6" top="40.0" left="70.0" bottom="50.0" right="80.0"/><edge from="UserData6" to="UserData13"><point x="75.0" y="50.0"/><point x="75.0" y="60.0"/></edge><edgeset id="UserData2" top="60.0" left="45.0" bottom="70.0" right="55.0"/><edge from="UserData2" to="UserData32"><point x="50.0" y="70.0"/><point x="163.33333333333334" y="80.0"/></edge><edgeset id="UserData20" top="80.0" left="110.0" bottom="90.0" right="120.0"/><edgeset id="UserData3" top="0.0" left="15.0" bottom="10.0" right="25.0"/><edge from="UserData3" to="UserData5"><point x="20.0" y="10.0"/><point x="20.0" y="20.0"/></edge><edgeset id="UserData5" top="20.0" left="10.0" bottom="30.0" right="30.0"/><edge from="UserData5" to="UserData1"><point x="16.666666666666668" y="30.0"/><point x="23.333333333333336" y="40.0"/></edge><edge from="UserData5" to="UserData6"><point x="23.333333333333336" y="30.0"/><point x="75.0" y="40.0"/></edge><edgeset id="UserData1" top="40.0" left="10.0" bottom="50.0" right="30.0"/><edge from="UserData1" to="UserData0"><point x="20.0" y="50.0"/><point x="20.0" y="60.0"/></edge><edgeset id="UserData0" top="60.0" left="15.0" bottom="70.0" right="25.0"/><edgeset id="UserData17" top="80.0" left="90.0" bottom="90.0" right="100.0"/><edgeset id="UserData35" top="100.0" left="155.0" bottom="110.0" right="165.0"/></level><level id="Server" top="0.0" left="0.0" bottom="860.0" right="270.0"><edgeset id="Server234" top="380.0" left="630.0" bottom="390.0" right="640.0"/><edge from="Server234" to="Server236"><point x="635.0" y="390.0"/><point x="635.0" y="400.0"/></edge><edgeset id="Server231" top="380.0" left="610.0" bottom="390.0" right="620.0"/><edge from="Server231" to="Server233"><point x="615.0" y="390.0"/><point x="615.0" y="400.0"/></edge><edgeset id="Server228" top="380.0" left="590.0" bottom="390.0" right="600.0"/><edge from="Server228" to="Server230"><point x="595.0" y="390.0"/><point x="595.0" y="400.0"/></edge><edgeset id="Server225" top="380.0" left="570.0" bottom="390.0" right="580.0"/><edge from="Server225" to="Server227"><point x="575.0" y="390.0"/><point x="575.0" y="400.0"/></edge><edgeset id="Server222" top="380.0" left="550.0" bottom="390.0" right="560.0"/><edge from="Server222" to="Server224"><point x="555.0" y="390.0"/><point x="555.0" y="400.0"/></edge><edgeset id="Server219" top="380.0" left="530.0" bottom="390.0" right="540.0"/><edge from="Server219" to="Server221"><point x="535.0" y="390.0"/><point x="535.0" y="400.0"/></edge><edgeset id="Server216" top="380.0" left="510.0" bottom="390.0" right="520.0"/><edge from="Server216" to="Server218"><point x="515.0" y="390.0"/><point x="515.0" y="400.0"/></edge><edgeset id="Server213" top="380.0" left="490.0" bottom="390.0" right="500.0"/><edge from="Server213" to="Server215"><point x="495.0" y="390.0"/><point x="495.0" y="400.0"/></edge><edgeset id="Server210" top="380.0" left="470.0" bottom="390.0" right="480.0"/><edge from="Server210" to="Server212"><point x="475.0" y="390.0"/><point x="475.0" y="400.0"/></edge><edgeset id="Server207" top="380.0" left="450.0" bottom="390.0" right="460.0"/><edge from="Server207" to="Server209"><point x="455.0" y="390.0"/><point x="455.0" y="400.0"/></edge><edgeset id="Server193" top="380.0" left="430.0" bottom="390.0" right="440.0"/><edge from="Server193" to="Server206"><point x="435.0" y="390.0"/><point x="435.0" y="400.0"/></edge><edgeset id="Server167" top="380.0" left="410.0" bottom="390.0" right="420.0"/><edge from="Server167" to="Server170"><point x="415.0" y="390.0"/><point x="273.3333333333333" y="400.0"/></edge><edgeset id="Server236" top="400.0" left="630.0" bottom="410.0" right="640.0"/><edgeset id="Server107" top="380.0" left="390.0" bottom="390.0" right="400.0"/><edge from="Server107" to="Server112"><point x="395.0" y="390.0"/><point x="395.0" y="400.0"/></edge><edgeset id="Server233" top="400.0" left="610.0" bottom="410.0" right="620.0"/><edgeset id="Server92" top="380.0" left="370.0" bottom="390.0" right="380.0"/><edge from="Server92" to="Server106"><point x="375.0" y="390.0"/><point x="375.0" y="400.0"/></edge><edgeset id="Server230" top="400.0" left="590.0" bottom="410.0" right="600.0"/><edgeset id="Server80" top="380.0" left="350.0" bottom="390.0" right="360.0"/><edge from="Server80" to="Server77"><point x="355.0" y="390.0"/><point x="325.0" y="400.0"/></edge><edgeset id="Server227" top="400.0" left="570.0" bottom="410.0" right="580.0"/><edgeset id="Server76" top="380.0" left="320.0" bottom="390.0" right="330.0"/><edge from="Server76" to="Server77"><point x="325.0" y="390.0"/><point x="317.5" y="400.0"/></edge><edgeset id="Server224" top="400.0" left="550.0" bottom="410.0" right="560.0"/><edgeset id="Server19" top="380.0" left="290.0" bottom="390.0" right="300.0"/><edgeset id="Server221" top="400.0" left="530.0" bottom="410.0" right="540.0"/><edgeset id="Server18" top="380.0" left="265.0" bottom="390.0" right="275.0"/><edge from="Server18" to="Server170"><point x="270.0" y="390.0"/><point x="266.6666666666667" y="400.0"/></edge><edgeset id="Server218" top="400.0" left="510.0" bottom="410.0" right="520.0"/><edgeset id="Server15" top="380.0" left="240.0" bottom="390.0" right="250.0"/><edgeset id="Server215" top="400.0" left="490.0" bottom="410.0" right="500.0"/><edgeset id="Server14" top="380.0" left="220.0" bottom="390.0" right="230.0"/><edgeset id="Server212" top="400.0" left="470.0" bottom="410.0" right="480.0"/><edgeset id="Server164" top="360.0" left="410.0" bottom="370.0" right="420.0"/><edge from="Server164" to="Server167"><point x="415.0" y="370.0"/><point x="415.0" y="380.0"/></edge><edgeset id="Server13" top="380.0" left="200.0" bottom="390.0" right="210.0"/><edgeset id="Server209" top="400.0" left="450.0" bottom="410.0" right="460.0"/><edgeset id="Server99" top="360.0" left="180.0" bottom="370.0" right="190.0"/><edge from="Server99" to="Server11"><point x="185.0" y="370.0"/><point x="165.0" y="380.0"/></edge><edgeset id="Server12" top="380.0" left="180.0" bottom="390.0" right="190.0"/><edgeset id="Server206" top="400.0" left="430.0" bottom="410.0" right="440.0"/><edgeset id="Server68" top="360.0" left="320.0" bottom="370.0" right="330.0"/><edge from="Server68" to="Server76"><point x="325.0" y="370.0"/><point x="325.0" y="380.0"/></edge><edgeset id="Server11" top="380.0" left="160.0" bottom="390.0" right="170.0"/><edgeset id="Server170" top="400.0" left="260.0" bottom="410.0" right="280.0"/><edge from="Server170" to="Server171"><point x="270.0" y="410.0"/><point x="270.0" y="420.0"/></edge><edgeset id="Server134" top="100.0" left="140.0" bottom="110.0" right="150.0"/><edge from="Server134" to="Server131"><point x="145.0" y="110.0"/><point x="122.5" y="120.0"/></edge><edgeset id="Server61" top="360.0" left="140.0" bottom="370.0" right="150.0"/><edge from="Server61" to="Server0"><point x="145.0" y="370.0"/><point x="26.666666666666668" y="380.0"/></edge><edgeset id="Server10" top="380.0" left="140.0" bottom="390.0" right="150.0"/><edgeset id="Server112" top="400.0" left="390.0" bottom="410.0" right="400.0"/><edgeset id="Server123" top="40.0" left="110.0" bottom="50.0" right="120.0"/><edge from="Server123" to="Server126"><point x="115.0" y="50.0"/><point x="115.0" y="60.0"/></edge><edgeset id="Server126" top="60.0" left="110.0" bottom="70.0" right="120.0"/><edge from="Server126" to="Server129"><point x="115.0" y="70.0"/><point x="111.66666666666667" y="80.0"/></edge><edgeset id="Server130" top="100.0" left="110.0" bottom="110.0" right="120.0"/><edge from="Server130" to="Server131"><point x="115.0" y="110.0"/><point x="107.5" y="120.0"/></edge><edgeset id="Server200" top="140.0" left="110.0" bottom="150.0" right="120.0"/><edge from="Server200" to="Server5"><point x="115.0" y="150.0"/><point x="42.0" y="160.0"/></edge><edgeset id="Server136" top="160.0" left="110.0" bottom="170.0" right="120.0"/><edge from="Server136" to="Server139"><point x="115.0" y="170.0"/><point x="115.0" y="180.0"/></edge><edgeset id="Server139" top="180.0" left="110.0" bottom="190.0" right="120.0"/><edge from="Server139" to="Server142"><point x="115.0" y="190.0"/><point x="111.66666666666667" y="200.0"/></edge><edgeset id="Server152" top="260.0" left="110.0" bottom="270.0" right="120.0"/><edge from="Server152" to="Server155"><point x="115.0" y="270.0"/><point x="78.33333333333333" y="280.0"/></edge><edgeset id="Server158" top="320.0" left="110.0" bottom="330.0" right="120.0"/><edge from="Server158" to="Server163"><point x="115.0" y="330.0"/><point x="115.0" y="340.0"/></edge><edgeset id="Server23" top="360.0" left="290.0" bottom="370.0" right="300.0"/><edge from="Server23" to="Server19"><point x="295.0" y="370.0"/><point x="295.0" y="380.0"/></edge><edgeset id="Server3" top="380.0" left="110.0" bottom="390.0" right="120.0"/><edge from="Server3" to="Server77"><point x="115.0" y="390.0"/><point x="332.5" y="400.0"/></edge><edgeset id="Server106" top="400.0" left="370.0" bottom="410.0" right="380.0"/><edgeset id="Server113" top="0.0" left="70.0" bottom="10.0" right="80.0"/><edge from="Server113" to="Server122"><point x="75.0" y="10.0"/><point x="75.0" y="20.0"/></edge><edgeset id="Server122" top="20.0" left="65.0" bottom="30.0" right="85.0"/><edge from="Server122" to="Server4"><point x="71.66666666666667" y="30.0"/><point x="30.0" y="40.0"/></edge><edge from="Server122" to="Server123"><point x="78.33333333333333" y="30.0"/><point x="115.0" y="40.0"/></edge><edgeset id="Server30" top="40.0" left="70.0" bottom="50.0" right="80.0"/><edge from="Server30" to="Server33"><point x="75.0" y="50.0"/><point x="75.0" y="60.0"/></edge><edgeset id="Server33" top="60.0" left="65.0" bottom="70.0" right="85.0"/><edge from="Server33" to="Server4"><point x="71.66666666666667" y="70.0"/><point x="22.5" y="40.0"/></edge><edge from="Server33" to="Server34"><point x="78.33333333333333" y="70.0"/><point x="75.0" y="80.0"/></edge><edgeset id="Server129" top="80.0" left="105.0" bottom="90.0" right="125.0"/><edge from="Server129" to="Server130"><point x="115.0" y="90.0"/><point x="115.0" y="100.0"/></edge><edgeset id="Server38" top="100.0" left="65.0" bottom="110.0" right="85.0"/><edge from="Server38" to="Server5"><point x="71.66666666666667" y="110.0"/><point x="34.0" y="160.0"/></edge><edge from="Server38" to="Server39"><point x="78.33333333333333" y="110.0"/><point x="75.0" y="120.0"/></edge><edgeset id="Server131" top="120.0" left="100.0" bottom="130.0" right="130.0"/><edge from="Server131" to="Server135"><point x="115.0" y="130.0"/><point x="75.0" y="140.0"/></edge><edgeset id="Server135" top="140.0" left="65.0" bottom="150.0" right="85.0"/><edge from="Server135" to="Server5"><point x="71.66666666666667" y="150.0"/><point x="26.0" y="160.0"/></edge><edge from="Server135" to="Server136"><point x="78.33333333333333" y="150.0"/><point x="115.0" y="160.0"/></edge><edgeset id="Server42" top="160.0" left="70.0" bottom="170.0" right="80.0"/><edge from="Server42" to="Server48"><point x="75.0" y="170.0"/><point x="75.0" y="180.0"/></edge><edgeset id="Server48" top="180.0" left="65.0" bottom="190.0" right="85.0"/><edge from="Server48" to="Server5"><point x="71.66666666666667" y="190.0"/><point x="18.0" y="160.0"/></edge><edge from="Server48" to="Server49"><point x="78.33333333333333" y="190.0"/><point x="75.0" y="200.0"/></edge><edgeset id="Server142" top="200.0" left="105.0" bottom="210.0" right="125.0"/><edge from="Server142" to="Server148"><point x="115.0" y="210.0"/><point x="115.0" y="220.0"/></edge><edgeset id="Server148" top="220.0" left="105.0" bottom="230.0" right="125.0"/><edge from="Server148" to="Server8"><point x="111.66666666666667" y="230.0"/><point x="30.0" y="320.0"/></edge><edge from="Server148" to="Server149"><point x="118.33333333333333" y="230.0"/><point x="115.0" y="240.0"/></edge><edgeset id="Server149" top="240.0" left="110.0" bottom="250.0" right="120.0"/><edge from="Server149" to="Server152"><point x="115.0" y="250.0"/><point x="115.0" y="260.0"/></edge><edgeset id="Server57" top="260.0" left="65.0" bottom="270.0" right="85.0"/><edge from="Server57" to="Server7"><point x="71.66666666666667" y="270.0"/><point x="82.5" y="360.0"/></edge><edge from="Server57" to="Server58"><point x="78.33333333333333" y="270.0"/><point x="30.0" y="280.0"/></edge><edgeset id="Server155" top="280.0" left="65.0" bottom="290.0" right="85.0"/><edge from="Server155" to="Server157"><point x="75.0" y="290.0"/><point x="75.0" y="300.0"/></edge><edgeset id="Server157" top="300.0" left="65.0" bottom="310.0" right="85.0"/><edge from="Server157" to="Server8"><point x="71.66666666666667" y="310.0"/><point x="37.5" y="320.0"/></edge><edge from="Server157" to="Server158"><point x="78.33333333333333" y="310.0"/><point x="115.0" y="320.0"/></edge><edgeset id="Server63" top="320.0" left="70.0" bottom="330.0" right="80.0"/><edge from="Server63" to="Server67"><point x="75.0" y="330.0"/><point x="75.0" y="340.0"/></edge><edgeset id="Server163" top="340.0" left="105.0" bottom="350.0" right="125.0"/><edge from="Server163" to="Server7"><point x="111.66666666666667" y="350.0"/><point x="75.0" y="360.0"/></edge><edge from="Server163" to="Server164"><point x="118.33333333333333" y="350.0"/><point x="415.0" y="360.0"/></edge><edgeset id="Server7" top="360.0" left="60.0" bottom="370.0" right="90.0"/><edgeset id="Server2" top="380.0" left="70.0" bottom="390.0" right="80.0"/><edgeset id="Server77" top="400.0" left="310.0" bottom="410.0" right="340.0"/><edge from="Server77" to="Server91"><point x="325.0" y="410.0"/><point x="325.0" y="420.0"/></edge><edgeset id="Server171" top="420.0" left="260.0" bottom="430.0" right="280.0"/><edge from="Server171" to="Server6"><point x="266.6666666666667" y="430.0"/><point x="75.0" y="440.0"/></edge><edge from="Server171" to="Server172"><point x="273.3333333333333" y="430.0"/><point x="270.0" y="440.0"/></edge><edgeset id="Server172" top="440.0" left="265.0" bottom="450.0" right="275.0"/><edge from="Server172" to="Server175"><point x="270.0" y="450.0"/><point x="270.0" y="460.0"/></edge><edgeset id="Server175" top="460.0" left="265.0" bottom="470.0" right="275.0"/><edge from="Server175" to="Server178"><point x="270.0" y="470.0"/><point x="33.333333333333336" y="480.0"/></edge><edgeset id="Server24" top="0.0" left="25.0" bottom="10.0" right="35.0"/><edge from="Server24" to="Server29"><point x="30.0" y="10.0"/><point x="30.0" y="20.0"/></edge><edgeset id="Server29" top="20.0" left="20.0" bottom="30.0" right="40.0"/><edge from="Server29" to="Server4"><point x="26.666666666666668" y="30.0"/><point x="37.5" y="40.0"/></edge><edge from="Server29" to="Server30"><point x="33.333333333333336" y="30.0"/><point x="75.0" y="40.0"/></edge><edgeset id="Server4" top="40.0" left="15.0" bottom="50.0" right="45.0"/><edgeset id="Server20" top="60.0" left="25.0" bottom="70.0" right="35.0"/><edge from="Server20" to="Server129"><point x="30.0" y="70.0"/><point x="118.33333333333333" y="80.0"/></edge><edgeset id="Server34" top="80.0" left="70.0" bottom="90.0" right="80.0"/><edge from="Server34" to="Server38"><point x="75.0" y="90.0"/><point x="75.0" y="100.0"/></edge><edgeset id="Server22" top="100.0" left="25.0" bottom="110.0" right="35.0"/><edge from="Server22" to="Server131"><point x="30.0" y="110.0"/><point x="115.0" y="120.0"/></edge><edgeset id="Server39" top="120.0" left="70.0" bottom="130.0" right="80.0"/><edge from="Server39" to="Server41"><point x="75.0" y="130.0"/><point x="30.0" y="140.0"/></edge><edgeset id="Server41" top="140.0" left="20.0" bottom="150.0" right="40.0"/><edge from="Server41" to="Server6"><point x="26.666666666666668" y="150.0"/><point x="82.5" y="440.0"/></edge><edge from="Server41" to="Server42"><point x="33.333333333333336" y="150.0"/><point x="75.0" y="160.0"/></edge><edgeset id="Server5" top="160.0" left="10.0" bottom="170.0" right="50.0"/><edgeset id="Server16" top="180.0" left="25.0" bottom="190.0" right="35.0"/><edge from="Server16" to="Server142"><point x="30.0" y="190.0"/><point x="118.33333333333333" y="200.0"/></edge><edgeset id="Server49" top="200.0" left="70.0" bottom="210.0" right="80.0"/><edge from="Server49" to="Server52"><point x="75.0" y="210.0"/><point x="75.0" y="220.0"/></edge><edgeset id="Server52" top="220.0" left="65.0" bottom="230.0" right="85.0"/><edge from="Server52" to="Server6"><point x="71.66666666666667" y="230.0"/><point x="67.5" y="440.0"/></edge><edge from="Server52" to="Server53"><point x="78.33333333333333" y="230.0"/><point x="75.0" y="240.0"/></edge><edgeset id="Server53" top="240.0" left="70.0" bottom="250.0" right="80.0"/><edge from="Server53" to="Server57"><point x="75.0" y="250.0"/><point x="75.0" y="260.0"/></edge><edgeset id="Server21" top="260.0" left="25.0" bottom="270.0" right="35.0"/><edge from="Server21" to="Server155"><point x="30.0" y="270.0"/><point x="71.66666666666667" y="280.0"/></edge><edgeset id="Server58" top="280.0" left="25.0" bottom="290.0" right="35.0"/><edge from="Server58" to="Server62"><point x="30.0" y="290.0"/><point x="30.0" y="300.0"/></edge><edgeset id="Server62" top="300.0" left="20.0" bottom="310.0" right="40.0"/><edge from="Server62" to="Server7"><point x="26.666666666666668" y="310.0"/><point x="67.5" y="360.0"/></edge><edge from="Server62" to="Server63"><point x="33.333333333333336" y="310.0"/><point x="75.0" y="320.0"/></edge><edgeset id="Server8" top="320.0" left="15.0" bottom="330.0" right="45.0"/><edgeset id="Server67" top="340.0" left="65.0" bottom="350.0" right="85.0"/><edge from="Server67" to="Server8"><point x="71.66666666666667" y="350.0"/><point x="22.5" y="320.0"/></edge><edge from="Server67" to="Server68"><point x="78.33333333333333" y="350.0"/><point x="325.0" y="360.0"/></edge><edgeset id="Server1" top="360.0" left="25.0" bottom="370.0" right="35.0"/><edge from="Server1" to="Server0"><point x="30.0" y="370.0"/><point x="33.333333333333336" y="380.0"/></edge><edgeset id="Server0" top="380.0" left="20.0" bottom="390.0" right="40.0"/><edge from="Server0" to="Server9"><point x="30.0" y="390.0"/><point x="30.0" y="400.0"/></edge><edgeset id="Server9" top="400.0" left="25.0" bottom="410.0" right="35.0"/><edgeset id="Server91" top="420.0" left="320.0" bottom="430.0" right="330.0"/><edgeset id="Server6" top="440.0" left="60.0" bottom="450.0" right="90.0"/><edgeset id="Server17" top="460.0" left="25.0" bottom="470.0" right="35.0"/><edge from="Server17" to="Server178"><point x="30.0" y="470.0"/><point x="26.666666666666668" y="480.0"/></edge><edgeset id="Server178" top="480.0" left="20.0" bottom="490.0" right="40.0"/><edge from="Server178" to="Server192"><point x="30.0" y="490.0"/><point x="30.0" y="500.0"/></edge><edgeset id="Server192" top="500.0" left="25.0" bottom="510.0" right="35.0"/></level><level id="Application1" top="0.0" left="0.0" bottom="120.0" right="40.0"><edgeset id="Application19" top="60.0" left="80.0" bottom="70.0" right="90.0"/><edge from="Application19" to="Application167"><point x="85.0" y="70.0"/><point x="85.0" y="80.0"/></edge><edgeset id="Application14" top="60.0" left="60.0" bottom="70.0" right="70.0"/><edge from="Application14" to="Application17"><point x="65.0" y="70.0"/><point x="65.0" y="80.0"/></edge><edgeset id="Application167" top="80.0" left="80.0" bottom="90.0" right="90.0"/><edgeset id="Application15" top="0.0" left="40.0" bottom="10.0" right="50.0"/><edge from="Application15" to="Application13"><point x="45.0" y="10.0"/><point x="23.333333333333336" y="20.0"/></edge><edgeset id="Application11" top="60.0" left="40.0" bottom="70.0" right="50.0"/><edgeset id="Application17" top="80.0" left="60.0" bottom="90.0" right="70.0"/><edgeset id="Application12" top="0.0" left="15.0" bottom="10.0" right="25.0"/><edge from="Application12" to="Application13"><point x="20.0" y="10.0"/><point x="16.666666666666668" y="20.0"/></edge><edgeset id="Application13" top="20.0" left="10.0" bottom="30.0" right="30.0"/><edge from="Application13" to="Application18"><point x="20.0" y="30.0"/><point x="20.0" y="40.0"/></edge><edgeset id="Application18" top="40.0" left="15.0" bottom="50.0" right="25.0"/><edge from="Application18" to="Application11"><point x="20.0" y="50.0"/><point x="45.0" y="60.0"/></edge><edgeset id="Application10" top="60.0" left="15.0" bottom="70.0" right="25.0"/><edge from="Application10" to="Application16"><point x="20.0" y="70.0"/><point x="20.0" y="80.0"/></edge><edgeset id="Application16" top="80.0" left="15.0" bottom="90.0" right="25.0"/></level><level id="Vulture" top="0.0" left="0.0" bottom="440.0" right="90.0"><edgeset id="Vulture89" top="220.0" left="245.0" bottom="230.0" right="255.0"/><edge from="Vulture89" to="Vulture92"><point x="250.0" y="230.0"/><point x="246.66666666666666" y="240.0"/></edge><edgeset id="Vulture87" top="200.0" left="245.0" bottom="210.0" right="255.0"/><edge from="Vulture87" to="Vulture89"><point x="250.0" y="210.0"/><point x="250.0" y="220.0"/></edge><edgeset id="Vulture79" top="220.0" left="220.0" bottom="230.0" right="230.0"/><edgeset id="Vulture64" top="200.0" left="220.0" bottom="210.0" right="230.0"/><edge from="Vulture64" to="Vulture79"><point x="225.0" y="210.0"/><point x="225.0" y="220.0"/></edge><edgeset id="Vulture17" top="220.0" left="200.0" bottom="230.0" right="210.0"/><edgeset id="Vulture15" top="200.0" left="200.0" bottom="210.0" right="210.0"/><edge from="Vulture15" to="Vulture17"><point x="205.0" y="210.0"/><point x="205.0" y="220.0"/></edge><edgeset id="Vulture14" top="220.0" left="180.0" bottom="230.0" right="190.0"/><edgeset id="Vulture12" top="200.0" left="180.0" bottom="210.0" right="190.0"/><edge from="Vulture12" to="Vulture14"><point x="185.0" y="210.0"/><point x="185.0" y="220.0"/></edge><edgeset id="Vulture11" top="220.0" left="160.0" bottom="230.0" right="170.0"/><edgeset id="Vulture8" top="200.0" left="160.0" bottom="210.0" right="170.0"/><edge from="Vulture8" to="Vulture11"><point x="165.0" y="210.0"/><point x="165.0" y="220.0"/></edge><edgeset id="Vulture6" top="220.0" left="130.0" bottom="230.0" right="150.0"/><edge from="Vulture6" to="Vulture7"><point x="136.66666666666666" y="230.0"/><point x="140.0" y="240.0"/></edge><edge from="Vulture6" to="Vulture92"><point x="143.33333333333334" y="230.0"/><point x="253.33333333333334" y="240.0"/></edge><edgeset id="Vulture3" top="200.0" left="110.0" bottom="210.0" right="120.0"/><edgeset id="Vulture5" top="220.0" left="110.0" bottom="230.0" right="120.0"/><edgeset id="Vulture80" top="160.0" left="85.0" bottom="170.0" right="95.0"/><edge from="Vulture80" to="Vulture86"><point x="90.0" y="170.0"/><point x="90.0" y="180.0"/></edge><edgeset id="Vulture86" top="180.0" left="80.0" bottom="190.0" right="100.0"/><edge from="Vulture86" to="Vulture0"><point x="86.66666666666667" y="190.0"/><point x="52.857142857142854" y="200.0"/></edge><edge from="Vulture86" to="Vulture87"><point x="93.33333333333333" y="190.0"/><point x="250.0" y="200.0"/></edge><edgeset id="Vulture1" top="200.0" left="85.0" bottom="210.0" right="95.0"/><edge from="Vulture1" to="Vulture2"><point x="90.0" y="210.0"/><point x="40.0" y="220.0"/></edge><edgeset id="Vulture4" top="220.0" left="85.0" bottom="230.0" right="95.0"/><edgeset id="Vulture92" top="240.0" left="240.0" bottom="250.0" right="260.0"/><edge from="Vulture92" to="Vulture96"><point x="250.0" y="250.0"/><point x="250.0" y="260.0"/></edge><edgeset id="Vulture18" top="0.0" left="35.0" bottom="10.0" right="45.0"/><edge from="Vulture18" to="Vulture22"><point x="40.0" y="10.0"/><point x="40.0" y="20.0"/></edge><edgeset id="Vulture22" top="20.0" left="30.0" bottom="30.0" right="50.0"/><edge from="Vulture22" to="Vulture0"><point x="36.666666666666664" y="30.0"/><point x="18.57142857142857" y="200.0"/></edge><edge from="Vulture22" to="Vulture23"><point x="43.333333333333336" y="30.0"/><point x="40.0" y="40.0"/></edge><edgeset id="Vulture23" top="40.0" left="35.0" bottom="50.0" right="45.0"/><edge from="Vulture23" to="Vulture29"><point x="40.0" y="50.0"/><point x="40.0" y="60.0"/></edge><edgeset id="Vulture29" top="60.0" left="30.0" bottom="70.0" right="50.0"/><edge from="Vulture29" to="Vulture0"><point x="36.666666666666664" y="70.0"/><point x="61.42857142857143" y="200.0"/></edge><edge from="Vulture29" to="Vulture30"><point x="43.333333333333336" y="70.0"/><point x="40.0" y="80.0"/></edge><edgeset id="Vulture30" top="80.0" left="35.0" bottom="90.0" right="45.0"/><edge from="Vulture30" to="Vulture42"><point x="40.0" y="90.0"/><point x="40.0" y="100.0"/></edge><edgeset id="Vulture42" top="100.0" left="30.0" bottom="110.0" right="50.0"/><edge from="Vulture42" to="Vulture0"><point x="36.666666666666664" y="110.0"/><point x="35.714285714285715" y="200.0"/></edge><edge from="Vulture42" to="Vulture43"><point x="43.333333333333336" y="110.0"/><point x="40.0" y="120.0"/></edge><edgeset id="Vulture43" top="120.0" left="35.0" bottom="130.0" right="45.0"/><edge from="Vulture43" to="Vulture53"><point x="40.0" y="130.0"/><point x="40.0" y="140.0"/></edge><edgeset id="Vulture53" top="140.0" left="30.0" bottom="150.0" right="50.0"/><edge from="Vulture53" to="Vulture0"><point x="36.666666666666664" y="150.0"/><point x="44.285714285714285" y="200.0"/></edge><edge from="Vulture53" to="Vulture54"><point x="43.333333333333336" y="150.0"/><point x="40.0" y="160.0"/></edge><edgeset id="Vulture54" top="160.0" left="35.0" bottom="170.0" right="45.0"/><edge from="Vulture54" to="Vulture63"><point x="40.0" y="170.0"/><point x="40.0" y="180.0"/></edge><edgeset id="Vulture63" top="180.0" left="30.0" bottom="190.0" right="50.0"/><edge from="Vulture63" to="Vulture0"><point x="36.666666666666664" y="190.0"/><point x="27.142857142857142" y="200.0"/></edge><edge from="Vulture63" to="Vulture64"><point x="43.333333333333336" y="190.0"/><point x="225.0" y="200.0"/></edge><edgeset id="Vulture0" top="200.0" left="10.0" bottom="210.0" right="70.0"/><edge from="Vulture0" to="Vulture4"><point x="30.0" y="210.0"/><point x="90.0" y="220.0"/></edge><edge from="Vulture0" to="Vulture5"><point x="50.0" y="210.0"/><point x="115.0" y="220.0"/></edge><edgeset id="Vulture2" top="220.0" left="35.0" bottom="230.0" right="45.0"/><edgeset id="Vulture7" top="240.0" left="135.0" bottom="250.0" right="145.0"/><edgeset id="Vulture96" top="260.0" left="245.0" bottom="270.0" right="255.0"/></level><level id="Scribble" top="0.0" left="0.0" bottom="660.0" right="200.0"><edgeset id="Scribble206" top="260.0" left="570.0" bottom="270.0" right="580.0"/><edge from="Scribble206" to="Scribble208"><point x="575.0" y="270.0"/><point x="575.0" y="280.0"/></edge><edgeset id="Scribble203" top="260.0" left="550.0" bottom="270.0" right="560.0"/><edge from="Scribble203" to="Scribble205"><point x="555.0" y="270.0"/><point x="555.0" y="280.0"/></edge><edgeset id="Scribble200" top="260.0" left="530.0" bottom="270.0" right="540.0"/><edge from="Scribble200" to="Scribble202"><point x="535.0" y="270.0"/><point x="535.0" y="280.0"/></edge><edgeset id="Scribble197" top="260.0" left="510.0" bottom="270.0" right="520.0"/><edge from="Scribble197" to="Scribble199"><point x="515.0" y="270.0"/><point x="515.0" y="280.0"/></edge><edgeset id="Scribble193" top="260.0" left="490.0" bottom="270.0" right="500.0"/><edge from="Scribble193" to="Scribble196"><point x="495.0" y="270.0"/><point x="495.0" y="280.0"/></edge><edgeset id="Scribble178" top="260.0" left="470.0" bottom="270.0" right="480.0"/><edge from="Scribble178" to="Scribble180"><point x="475.0" y="270.0"/><point x="475.0" y="280.0"/></edge><edgeset id="Scribble175" top="260.0" left="450.0" bottom="270.0" right="460.0"/><edge from="Scribble175" to="Scribble177"><point x="455.0" y="270.0"/><point x="455.0" y="280.0"/></edge><edgeset id="Scribble165" top="260.0" left="430.0" bottom="270.0" right="440.0"/><edge from="Scribble165" to="Scribble174"><point x="435.0" y="270.0"/><point x="435.0" y="280.0"/></edge><edgeset id="Scribble136" top="260.0" left="400.0" bottom="270.0" right="420.0"/><edge from="Scribble136" to="Scribble11"><point x="406.6666666666667" y="270.0"/><point x="157.14285714285714" y="360.0"/></edge><edge from="Scribble136" to="Scribble137"><point x="413.3333333333333" y="270.0"/><point x="410.0" y="280.0"/></edge><edgeset id="Scribble74" top="260.0" left="370.0" bottom="270.0" right="390.0"/><edge from="Scribble74" to="Scribble4"><point x="376.6666666666667" y="270.0"/><point x="64.0" y="80.0"/></edge><edge from="Scribble74" to="Scribble75"><point x="383.3333333333333" y="270.0"/><point x="380.0" y="280.0"/></edge><edgeset id="Scribble208" top="280.0" left="570.0" bottom="290.0" right="580.0"/><edgeset id="Scribble45" top="260.0" left="345.0" bottom="270.0" right="355.0"/><edge from="Scribble45" to="Scribble48"><point x="350.0" y="270.0"/><point x="346.6666666666667" y="280.0"/></edge><edgeset id="Scribble205" top="280.0" left="550.0" bottom="290.0" right="560.0"/><edgeset id="Scribble14" top="260.0" left="320.0" bottom="270.0" right="330.0"/><edgeset id="Scribble202" top="280.0" left="530.0" bottom="290.0" right="540.0"/><edgeset id="Scribble13" top="260.0" left="300.0" bottom="270.0" right="310.0"/><edgeset id="Scribble199" top="280.0" left="510.0" bottom="290.0" right="520.0"/><edgeset id="Scribble12" top="260.0" left="280.0" bottom="270.0" right="290.0"/><edgeset id="Scribble196" top="280.0" left="490.0" bottom="290.0" right="500.0"/><edgeset id="Scribble9" top="260.0" left="260.0" bottom="270.0" right="270.0"/><edgeset id="Scribble180" top="280.0" left="470.0" bottom="290.0" right="480.0"/><edgeset id="Scribble133" top="220.0" left="240.0" bottom="230.0" right="250.0"/><edge from="Scribble133" to="Scribble134"><point x="245.0" y="230.0"/><point x="413.3333333333333" y="240.0"/></edge><edgeset id="Scribble152" top="240.0" left="240.0" bottom="250.0" right="250.0"/><edge from="Scribble152" to="Scribble5"><point x="245.0" y="250.0"/><point x="170.0" y="260.0"/></edge><edgeset id="Scribble8" top="260.0" left="240.0" bottom="270.0" right="250.0"/><edgeset id="Scribble177" top="280.0" left="450.0" bottom="290.0" right="460.0"/><edgeset id="Scribble108" top="60.0" left="210.0" bottom="70.0" right="230.0"/><edge from="Scribble108" to="Scribble4"><point x="216.66666666666666" y="70.0"/><point x="19.0" y="80.0"/></edge><edge from="Scribble108" to="Scribble109"><point x="223.33333333333334" y="70.0"/><point x="220.0" y="80.0"/></edge><edgeset id="Scribble109" top="80.0" left="215.0" bottom="90.0" right="225.0"/><edge from="Scribble109" to="Scribble121"><point x="220.0" y="90.0"/><point x="220.0" y="100.0"/></edge><edgeset id="Scribble125" top="140.0" left="215.0" bottom="150.0" right="225.0"/><edge from="Scribble125" to="Scribble126"><point x="220.0" y="150.0"/><point x="173.33333333333334" y="160.0"/></edge><edgeset id="Scribble154" top="200.0" left="215.0" bottom="210.0" right="225.0"/><edge from="Scribble154" to="Scribble7"><point x="220.0" y="210.0"/><point x="55.0" y="220.0"/></edge><edgeset id="Scribble132" top="220.0" left="215.0" bottom="230.0" right="225.0"/><edge from="Scribble132" to="Scribble134"><point x="220.0" y="230.0"/><point x="406.6666666666667" y="240.0"/></edge><edgeset id="Scribble134" top="240.0" left="400.0" bottom="250.0" right="420.0"/><edge from="Scribble134" to="Scribble136"><point x="410.0" y="250.0"/><point x="410.0" y="260.0"/></edge><edgeset id="Scribble6" top="260.0" left="215.0" bottom="270.0" right="225.0"/><edgeset id="Scribble174" top="280.0" left="430.0" bottom="290.0" right="440.0"/><edgeset id="Scribble185" top="340.0" left="210.0" bottom="350.0" right="230.0"/><edge from="Scribble185" to="Scribble11"><point x="216.66666666666666" y="350.0"/><point x="191.42857142857144" y="360.0"/></edge><edge from="Scribble185" to="Scribble186"><point x="223.33333333333334" y="350.0"/><point x="220.0" y="360.0"/></edge><edgeset id="Scribble99" top="40.0" left="215.0" bottom="50.0" right="225.0"/><edge from="Scribble99" to="Scribble108"><point x="220.0" y="50.0"/><point x="220.0" y="60.0"/></edge><edgeset id="Scribble49" top="60.0" left="160.0" bottom="70.0" right="180.0"/><edge from="Scribble49" to="Scribble4"><point x="166.66666666666666" y="70.0"/><point x="37.0" y="80.0"/></edge><edge from="Scribble49" to="Scribble50"><point x="173.33333333333334" y="70.0"/><point x="170.0" y="80.0"/></edge><edgeset id="Scribble50" top="80.0" left="165.0" bottom="90.0" right="175.0"/><edge from="Scribble50" to="Scribble54"><point x="170.0" y="90.0"/><point x="170.0" y="100.0"/></edge><edgeset id="Scribble121" top="100.0" left="210.0" bottom="110.0" right="230.0"/><edge from="Scribble121" to="Scribble11"><point x="216.66666666666666" y="110.0"/><point x="148.57142857142858" y="360.0"/></edge><edge from="Scribble121" to="Scribble122"><point x="223.33333333333334" y="110.0"/><point x="220.0" y="120.0"/></edge><edgeset id="Scribble122" top="120.0" left="215.0" bottom="130.0" right="225.0"/><edge from="Scribble122" to="Scribble124"><point x="220.0" y="130.0"/><point x="170.0" y="140.0"/></edge><edgeset id="Scribble124" top="140.0" left="165.0" bottom="150.0" right="175.0"/><edge from="Scribble124" to="Scribble126"><point x="170.0" y="150.0"/><point x="166.66666666666666" y="160.0"/></edge><edgeset id="Scribble126" top="160.0" left="160.0" bottom="170.0" right="180.0"/><edge from="Scribble126" to="Scribble128"><point x="170.0" y="170.0"/><point x="170.0" y="180.0"/></edge><edgeset id="Scribble128" top="180.0" left="160.0" bottom="190.0" right="180.0"/><edge from="Scribble128" to="Scribble11"><point x="166.66666666666666" y="190.0"/><point x="165.71428571428572" y="360.0"/></edge><edge from="Scribble128" to="Scribble129"><point x="173.33333333333334" y="190.0"/><point x="170.0" y="200.0"/></edge><edgeset id="Scribble129" top="200.0" left="165.0" bottom="210.0" right="175.0"/><edge from="Scribble129" to="Scribble132"><point x="170.0" y="210.0"/><point x="220.0" y="220.0"/></edge><edgeset id="Scribble69" top="220.0" left="160.0" bottom="230.0" right="180.0"/><edge from="Scribble69" to="Scribble4"><point x="166.66666666666666" y="230.0"/><point x="91.0" y="80.0"/></edge><edge from="Scribble69" to="Scribble70"><point x="173.33333333333334" y="230.0"/><point x="170.0" y="240.0"/></edge><edgeset id="Scribble70" top="240.0" left="165.0" bottom="250.0" right="175.0"/><edge from="Scribble70" to="Scribble74"><point x="170.0" y="250.0"/><point x="380.0" y="260.0"/></edge><edgeset id="Scribble5" top="260.0" left="165.0" bottom="270.0" right="175.0"/><edgeset id="Scribble137" top="280.0" left="405.0" bottom="290.0" right="415.0"/><edge from="Scribble137" to="Scribble140"><point x="410.0" y="290.0"/><point x="410.0" y="300.0"/></edge><edgeset id="Scribble141" top="300.0" left="165.0" bottom="310.0" right="175.0"/><edge from="Scribble141" to="Scribble142"><point x="170.0" y="310.0"/><point x="413.3333333333333" y="320.0"/></edge><edgeset id="Scribble181" top="320.0" left="215.0" bottom="330.0" right="225.0"/><edge from="Scribble181" to="Scribble185"><point x="220.0" y="330.0"/><point x="220.0" y="340.0"/></edge><edgeset id="Scribble170" top="340.0" left="165.0" bottom="350.0" right="175.0"/><edge from="Scribble170" to="Scribble11"><point x="170.0" y="350.0"/><point x="182.85714285714286" y="360.0"/></edge><edgeset id="Scribble186" top="360.0" left="215.0" bottom="370.0" right="225.0"/><edge from="Scribble186" to="Scribble192"><point x="220.0" y="370.0"/><point x="220.0" y="380.0"/></edge><edgeset id="Scribble192" top="380.0" left="215.0" bottom="390.0" right="225.0"/><edgeset id="Scribble90" top="0.0" left="115.0" bottom="10.0" right="125.0"/><edge from="Scribble90" to="Scribble98"><point x="120.0" y="10.0"/><point x="120.0" y="20.0"/></edge><edgeset id="Scribble98" top="20.0" left="110.0" bottom="30.0" right="130.0"/><edge from="Scribble98" to="Scribble3"><point x="116.66666666666667" y="30.0"/><point x="38.333333333333336" y="40.0"/></edge><edge from="Scribble98" to="Scribble99"><point x="123.33333333333333" y="30.0"/><point x="220.0" y="40.0"/></edge><edgeset id="Scribble20" top="40.0" left="115.0" bottom="50.0" right="125.0"/><edge from="Scribble20" to="Scribble23"><point x="120.0" y="50.0"/><point x="120.0" y="60.0"/></edge><edgeset id="Scribble23" top="60.0" left="115.0" bottom="70.0" right="125.0"/><edge from="Scribble23" to="Scribble26"><point x="120.0" y="70.0"/><point x="123.33333333333333" y="80.0"/></edge><edgeset id="Scribble26" top="80.0" left="110.0" bottom="90.0" right="130.0"/><edge from="Scribble26" to="Scribble27"><point x="120.0" y="90.0"/><point x="120.0" y="100.0"/></edge><edgeset id="Scribble54" top="100.0" left="160.0" bottom="110.0" right="180.0"/><edge from="Scribble54" to="Scribble4"><point x="166.66666666666666" y="110.0"/><point x="46.0" y="80.0"/></edge><edge from="Scribble54" to="Scribble55"><point x="173.33333333333334" y="110.0"/><point x="170.0" y="120.0"/></edge><edgeset id="Scribble55" top="120.0" left="165.0" bottom="130.0" right="175.0"/><edge from="Scribble55" to="Scribble59"><point x="170.0" y="130.0"/><point x="120.0" y="140.0"/></edge><edgeset id="Scribble59" top="140.0" left="110.0" bottom="150.0" right="130.0"/><edge from="Scribble59" to="Scribble4"><point x="116.66666666666667" y="150.0"/><point x="55.0" y="80.0"/></edge><edge from="Scribble59" to="Scribble60"><point x="123.33333333333333" y="150.0"/><point x="120.0" y="160.0"/></edge><edgeset id="Scribble60" top="160.0" left="115.0" bottom="170.0" right="125.0"/><edge from="Scribble60" to="Scribble64"><point x="120.0" y="170.0"/><point x="120.0" y="180.0"/></edge><edgeset id="Scribble64" top="180.0" left="110.0" bottom="190.0" right="130.0"/><edge from="Scribble64" to="Scribble4"><point x="116.66666666666667" y="190.0"/><point x="82.0" y="80.0"/></edge><edge from="Scribble64" to="Scribble65"><point x="123.33333333333333" y="190.0"/><point x="120.0" y="200.0"/></edge><edgeset id="Scribble65" top="200.0" left="115.0" bottom="210.0" right="125.0"/><edge from="Scribble65" to="Scribble69"><point x="120.0" y="210.0"/><point x="170.0" y="220.0"/></edge><edgeset id="Scribble41" top="220.0" left="110.0" bottom="230.0" right="130.0"/><edge from="Scribble41" to="Scribble4"><point x="116.66666666666667" y="230.0"/><point x="28.0" y="80.0"/></edge><edge from="Scribble41" to="Scribble42"><point x="123.33333333333333" y="230.0"/><point x="120.0" y="240.0"/></edge><edgeset id="Scribble42" top="240.0" left="115.0" bottom="250.0" right="125.0"/><edge from="Scribble42" to="Scribble45"><point x="120.0" y="250.0"/><point x="350.0" y="260.0"/></edge><edgeset id="Scribble2" top="260.0" left="115.0" bottom="270.0" right="125.0"/><edgeset id="Scribble75" top="280.0" left="375.0" bottom="290.0" right="385.0"/><edge from="Scribble75" to="Scribble80"><point x="380.0" y="290.0"/><point x="380.0" y="300.0"/></edge><edgeset id="Scribble140" top="300.0" left="405.0" bottom="310.0" right="415.0"/><edge from="Scribble140" to="Scribble142"><point x="410.0" y="310.0"/><point x="406.6666666666667" y="320.0"/></edge><edgeset id="Scribble142" top="320.0" left="400.0" bottom="330.0" right="420.0"/><edge from="Scribble142" to="Scribble144"><point x="410.0" y="330.0"/><point x="410.0" y="340.0"/></edge><edgeset id="Scribble144" top="340.0" left="400.0" bottom="350.0" right="420.0"/><edge from="Scribble144" to="Scribble11"><point x="406.6666666666667" y="350.0"/><point x="174.28571428571428" y="360.0"/></edge><edge from="Scribble144" to="Scribble145"><point x="413.3333333333333" y="350.0"/><point x="410.0" y="360.0"/></edge><edgeset id="Scribble145" top="360.0" left="405.0" bottom="370.0" right="415.0"/><edge from="Scribble145" to="Scribble148"><point x="410.0" y="370.0"/><point x="410.0" y="380.0"/></edge><edgeset id="Scribble149" top="380.0" left="115.0" bottom="390.0" right="125.0"/><edge from="Scribble149" to="Scribble150"><point x="120.0" y="390.0"/><point x="413.3333333333333" y="400.0"/></edge><edgeset id="Scribble15" top="0.0" left="50.0" bottom="10.0" right="60.0"/><edge from="Scribble15" to="Scribble19"><point x="55.0" y="10.0"/><point x="55.0" y="20.0"/></edge><edgeset id="Scribble19" top="20.0" left="45.0" bottom="30.0" right="65.0"/><edge from="Scribble19" to="Scribble3"><point x="51.666666666666664" y="30.0"/><point x="46.66666666666667" y="40.0"/></edge><edge from="Scribble19" to="Scribble20"><point x="58.333333333333336" y="30.0"/><point x="120.0" y="40.0"/></edge><edgeset id="Scribble3" top="40.0" left="30.0" bottom="50.0" right="80.0"/><edgeset id="Scribble1" top="60.0" left="50.0" bottom="70.0" right="60.0"/><edge from="Scribble1" to="Scribble26"><point x="55.0" y="70.0"/><point x="116.66666666666667" y="80.0"/></edge><edgeset id="Scribble4" top="80.0" left="10.0" bottom="90.0" right="100.0"/><edgeset id="Scribble27" top="100.0" left="110.0" bottom="110.0" right="130.0"/><edge from="Scribble27" to="Scribble3"><point x="116.66666666666667" y="110.0"/><point x="55.0" y="40.0"/></edge><edge from="Scribble27" to="Scribble28"><point x="123.33333333333333" y="110.0"/><point x="120.0" y="120.0"/></edge><edgeset id="Scribble28" top="120.0" left="115.0" bottom="130.0" right="125.0"/><edge from="Scribble28" to="Scribble32"><point x="120.0" y="130.0"/><point x="55.0" y="140.0"/></edge><edgeset id="Scribble32" top="140.0" left="45.0" bottom="150.0" right="65.0"/><edge from="Scribble32" to="Scribble3"><point x="51.666666666666664" y="150.0"/><point x="63.333333333333336" y="40.0"/></edge><edge from="Scribble32" to="Scribble33"><point x="58.333333333333336" y="150.0"/><point x="55.0" y="160.0"/></edge><edgeset id="Scribble33" top="160.0" left="50.0" bottom="170.0" right="60.0"/><edge from="Scribble33" to="Scribble37"><point x="55.0" y="170.0"/><point x="55.0" y="180.0"/></edge><edgeset id="Scribble37" top="180.0" left="45.0" bottom="190.0" right="65.0"/><edge from="Scribble37" to="Scribble3"><point x="51.666666666666664" y="190.0"/><point x="71.66666666666666" y="40.0"/></edge><edge from="Scribble37" to="Scribble38"><point x="58.333333333333336" y="190.0"/><point x="55.0" y="200.0"/></edge><edgeset id="Scribble38" top="200.0" left="50.0" bottom="210.0" right="60.0"/><edge from="Scribble38" to="Scribble41"><point x="55.0" y="210.0"/><point x="120.0" y="220.0"/></edge><edgeset id="Scribble7" top="220.0" left="50.0" bottom="230.0" right="60.0"/><edge from="Scribble7" to="Scribble10"><point x="55.0" y="230.0"/><point x="55.0" y="240.0"/></edge><edgeset id="Scribble10" top="240.0" left="50.0" bottom="250.0" right="60.0"/><edge from="Scribble10" to="Scribble6"><point x="55.0" y="250.0"/><point x="220.0" y="260.0"/></edge><edgeset id="Scribble0" top="260.0" left="50.0" bottom="270.0" right="60.0"/><edge from="Scribble0" to="Scribble48"><point x="55.0" y="270.0"/><point x="353.3333333333333" y="280.0"/></edge><edgeset id="Scribble48" top="280.0" left="340.0" bottom="290.0" right="360.0"/><edge from="Scribble48" to="Scribble49"><point x="350.0" y="290.0"/><point x="170.0" y="60.0"/></edge><edgeset id="Scribble80" top="300.0" left="370.0" bottom="310.0" right="390.0"/><edge from="Scribble80" to="Scribble4"><point x="376.6666666666667" y="310.0"/><point x="73.0" y="80.0"/></edge><edge from="Scribble80" to="Scribble81"><point x="383.3333333333333" y="310.0"/><point x="380.0" y="320.0"/></edge><edgeset id="Scribble81" top="320.0" left="375.0" bottom="330.0" right="385.0"/><edge from="Scribble81" to="Scribble89"><point x="380.0" y="330.0"/><point x="380.0" y="340.0"/></edge><edgeset id="Scribble89" top="340.0" left="375.0" bottom="350.0" right="385.0"/><edgeset id="Scribble11" top="360.0" left="140.0" bottom="370.0" right="200.0"/><edgeset id="Scribble148" top="380.0" left="405.0" bottom="390.0" right="415.0"/><edge from="Scribble148" to="Scribble150"><point x="410.0" y="390.0"/><point x="406.6666666666667" y="400.0"/></edge><edgeset id="Scribble150" top="400.0" left="400.0" bottom="410.0" right="420.0"/><edge from="Scribble150" to="Scribble164"><point x="410.0" y="410.0"/><point x="410.0" y="420.0"/></edge><edgeset id="Scribble164" top="420.0" left="405.0" bottom="430.0" right="415.0"/></level><level id="Storage" top="0.0" left="0.0" bottom="140.0" right="70.0"><edgeset id="Storage31" top="60.0" left="155.0" bottom="70.0" right="165.0"/><edge from="Storage31" to="Storage34"><point x="160.0" y="70.0"/><point x="156.66666666666666" y="80.0"/></edge><edgeset id="Storage21" top="60.0" left="130.0" bottom="70.0" right="140.0"/><edge from="Storage21" to="Storage23"><point x="135.0" y="70.0"/><point x="135.0" y="80.0"/></edge><edgeset id="Storage18" top="60.0" left="110.0" bottom="70.0" right="120.0"/><edge from="Storage18" to="Storage20"><point x="115.0" y="70.0"/><point x="115.0" y="80.0"/></edge><edgeset id="Storage29" top="40.0" left="155.0" bottom="50.0" right="165.0"/><edge from="Storage29" to="Storage31"><point x="160.0" y="50.0"/><point x="160.0" y="60.0"/></edge><edgeset id="Storage14" top="60.0" left="90.0" bottom="70.0" right="100.0"/><edge from="Storage14" to="Storage17"><point x="95.0" y="70.0"/><point x="95.0" y="80.0"/></edge><edgeset id="Storage34" top="80.0" left="150.0" bottom="90.0" right="170.0"/><edge from="Storage34" to="Storage37"><point x="160.0" y="90.0"/><point x="160.0" y="100.0"/></edge><edgeset id="Storage27" top="40.0" left="70.0" bottom="50.0" right="80.0"/><edge from="Storage27" to="Storage2"><point x="75.0" y="50.0"/><point x="50.0" y="60.0"/></edge><edgeset id="Storage13" top="60.0" left="70.0" bottom="70.0" right="80.0"/><edgeset id="Storage23" top="80.0" left="130.0" bottom="90.0" right="140.0"/><edgeset id="Storage24" top="0.0" left="45.0" bottom="10.0" right="55.0"/><edge from="Storage24" to="Storage28"><point x="50.0" y="10.0"/><point x="50.0" y="20.0"/></edge><edgeset id="Storage28" top="20.0" left="40.0" bottom="30.0" right="60.0"/><edge from="Storage28" to="Storage1"><point x="46.666666666666664" y="30.0"/><point x="23.333333333333336" y="40.0"/></edge><edge from="Storage28" to="Storage29"><point x="53.333333333333336" y="30.0"/><point x="160.0" y="40.0"/></edge><edgeset id="Storage6" top="40.0" left="45.0" bottom="50.0" right="55.0"/><edge from="Storage6" to="Storage13"><point x="50.0" y="50.0"/><point x="75.0" y="60.0"/></edge><edgeset id="Storage2" top="60.0" left="45.0" bottom="70.0" right="55.0"/><edge from="Storage2" to="Storage34"><point x="50.0" y="70.0"/><point x="163.33333333333334" y="80.0"/></edge><edgeset id="Storage20" top="80.0" left="110.0" bottom="90.0" right="120.0"/><edgeset id="Storage3" top="0.0" left="15.0" bottom="10.0" right="25.0"/><edge from="Storage3" to="Storage5"><point x="20.0" y="10.0"/><point x="20.0" y="20.0"/></edge><edgeset id="Storage5" top="20.0" left="10.0" bottom="30.0" right="30.0"/><edge from="Storage5" to="Storage1"><point x="16.666666666666668" y="30.0"/><point x="16.666666666666668" y="40.0"/></edge><edge from="Storage5" to="Storage6"><point x="23.333333333333336" y="30.0"/><point x="50.0" y="40.0"/></edge><edgeset id="Storage1" top="40.0" left="10.0" bottom="50.0" right="30.0"/><edge from="Storage1" to="Storage0"><point x="20.0" y="50.0"/><point x="20.0" y="60.0"/></edge><edgeset id="Storage0" top="60.0" left="15.0" bottom="70.0" right="25.0"/><edgeset id="Storage17" top="80.0" left="90.0" bottom="90.0" right="100.0"/><edgeset id="Storage37" top="100.0" left="155.0" bottom="110.0" right="165.0"/></level><level id="Application" top="0.0" left="0.0" bottom="60.0" right="30.0"><edgeset id="Application5" top="0.0" left="60.0" bottom="10.0" right="70.0"/><edge from="Application5" to="Application39"><point x="65.0" y="10.0"/><point x="65.0" y="20.0"/></edge><edgeset id="Application1" top="0.0" left="40.0" bottom="10.0" right="50.0"/><edge from="Application1" to="Application2"><point x="45.0" y="10.0"/><point x="23.333333333333336" y="20.0"/></edge><edgeset id="Application39" top="20.0" left="60.0" bottom="30.0" right="70.0"/><edgeset id="Application0" top="0.0" left="15.0" bottom="10.0" right="25.0"/><edge from="Application0" to="Application2"><point x="20.0" y="10.0"/><point x="16.666666666666668" y="20.0"/></edge><edgeset id="Application2" top="20.0" left="10.0" bottom="30.0" right="30.0"/><edge from="Application2" to="Application4"><point x="20.0" y="30.0"/><point x="20.0" y="40.0"/></edge><edgeset id="Application4" top="40.0" left="15.0" bottom="50.0" right="25.0"/><edge from="Application4" to="Application3"><point x="20.0" y="50.0"/><point x="20.0" y="60.0"/></edge><edgeset id="Application3" top="60.0" left="15.0" bottom="70.0" right="25.0"/></level><level id="Application2" top="0.0" left="0.0" bottom="40.0" right="20.0"><edgeset id="Application213" top="0.0" left="40.0" bottom="10.0" right="50.0"/><edge from="Application213" to="Application20"><point x="45.0" y="10.0"/><point x="23.333333333333336" y="20.0"/></edge><edgeset id="Application22" top="20.0" left="40.0" bottom="30.0" right="50.0"/><edge from="Application22" to="Application217"><point x="45.0" y="30.0"/><point x="45.0" y="40.0"/></edge><edgeset id="Application21" top="0.0" left="15.0" bottom="10.0" right="25.0"/><edge from="Application21" to="Application20"><point x="20.0" y="10.0"/><point x="16.666666666666668" y="20.0"/></edge><edgeset id="Application20" top="20.0" left="10.0" bottom="30.0" right="30.0"/><edgeset id="Application217" top="40.0" left="40.0" bottom="50.0" right="50.0"/></level></graph>