<?xml version="1.0" ?>
<graph id="world">
  <level id="Storage">
    <box id="Storage20" width="narrow" editable="false"/>
    <box id="Storage18" width="narrow" editable="false"/>
    <box id="Storage23" width="narrow" editable="false"/>
    <box id="Storage24" width="narrow" editable="false"/>
    <box id="Storage34" width="narrow" editable="false"/>
    <box id="Storage21" width="narrow" editable="false"/>
    <box id="Storage28" width="narrow" editable="false"/>
    <box id="Storage29" width="narrow" editable="false"/>
    <box id="Storage13" width="narrow" editable="false"/>
    <box id="Storage27" width="narrow" editable="false"/>
    <box id="Storage14" width="narrow" editable="false"/>
    <box id="Storage17" width="narrow" editable="false"/>
    <box id="Storage37" width="narrow" editable="false"/>
    <box id="Storage31" width="narrow" editable="false"/>
    <box id="Storage1" width="narrow" editable="true"/>
    <box id="Storage0" width="narrow" editable="true"/>
    <box id="Storage3" width="narrow" editable="false"/>
    <box id="Storage2" width="narrow" editable="true"/>
    <box id="Storage5" width="narrow" editable="false"/>
    <box id="Storage6" width="narrow" editable="false"/>
  </level>
</graph>