<graph id="world">
  <level id="MapGet">
    <box height="1.0" id="32" lines="1" width="1.81" x="14.93" y="7.1"/>
    <box height="1.0" id="2" lines="1" width="1.81" x="9.32" y="7.1"/>
    <box height="1.0" id="3" lines="1" width="1.81" x="3.71" y="7.1"/>
    <box height="1.0" id="4" lines="1" width="1.81" x="0.9" y="7.1"/>
    <box height="1.0" id="5" lines="1" width="1.81" x="6.51" y="7.1"/>
    <box height="1.0" id="6" lines="1" width="1.81" x="5.11" y="11.15"/>
    <box height="1.0" id="20" lines="1" width="1.81" x="15.71" y="2.67"/>
    <box height="1.0" id="21" lines="2" width="2.4" x="12.6" y="2.67"/>
    <box height="1.0" id="31" lines="1" width="1.81" x="12.13" y="7.1"/>
    <joint height="0.51" id="10" inputs="0" kind="START_PIPE_DEPENDENT_BALL" outputs="1" width="0.59" x="3.68" y="5.07"/>
    <joint height="0.51" id="24__OUT__incoming" inputs="0" kind="INCOMING" outputs="1" width="0.59" x="15.68" y="0.26"/>
    <joint height="0.51" id="25__OUT__incoming" inputs="0" kind="INCOMING" outputs="1" width="0.59" x="13.38" y="0.26"/>
    <joint height="0.51" id="14" inputs="1" kind="END" outputs="0" width="0.59" x="5.08" y="13.18"/>
    <joint height="0.51" id="23" inputs="2" kind="MERGE" outputs="1" width="1.19" x="14.47" y="5.07"/>
    <joint height="0.51" id="30" inputs="1" kind="SPLIT" outputs="2" width="1.19" x="12.28" y="5.07"/>
    <joint height="0.51" id="35__IN__outgoing" inputs="1" kind="OUTGOING" outputs="0" width="0.59" x="14.9" y="9.13"/>
    <joint height="0.51" id="1" inputs="4" kind="GET" outputs="1" width="2.4" x="5.1" y="9.13"/>
    <joint height="0.51" id="29__OUT__incoming" inputs="0" kind="INCOMING" outputs="1" width="0.59" x="11.78" y="0.26"/>
    <joint height="0.51" id="9" inputs="0" kind="START_PIPE_DEPENDENT_BALL" outputs="1" width="0.59" x="0.88" y="5.07"/>
    <joint height="0.51" id="8" inputs="0" kind="START_PIPE_DEPENDENT_BALL" outputs="1" width="0.59" x="9.29" y="5.07"/>
    <joint height="0.51" id="34" inputs="1" kind="END" outputs="0" width="0.59" x="12.1" y="9.13"/>
    <line id="16__IN__">
      <fromjoint id="9" port="output"/>
      <tobox id="4" port="0"/>
    <point x="0.89" y="5.33"/><point x="0.89" y="5.71"/><point x="0.89" y="6.21"/><point x="0.89" y="6.58"/></line>
    <line id="16__OUT__">
      <frombox id="4" port="0"/>
      <tojoint id="1" port="1"/>
    <point x="0.89" y="7.61"/><point x="0.89" y="7.99"/><point x="2.67" y="7.99"/><point x="2.67" y="8.48"/><point x="4.46" y="8.48"/><point x="4.46" y="8.86"/></line>
    <line id="17__IN__">
      <fromjoint id="10" port="output"/>
      <tobox id="3" port="0"/>
    <point x="3.69" y="5.33"/><point x="3.69" y="5.71"/><point x="3.69" y="6.21"/><point x="3.69" y="6.58"/></line>
    <line id="17__OUT__">
      <frombox id="3" port="0"/>
      <tojoint id="1" port="2"/>
    <point x="3.69" y="7.61"/><point x="3.69" y="7.99"/><point x="4.29" y="7.99"/><point x="4.29" y="8.48"/><point x="4.88" y="8.48"/><point x="4.88" y="8.86"/></line>
    <line id="19__IN__">
      <fromjoint id="1" port="output"/>
      <tobox id="6" port="0"/>
    <point x="5.1" y="9.39"/><point x="5.1" y="9.77"/><point x="5.1" y="10.27"/><point x="5.1" y="10.64"/></line>
    <line id="19__OUT__">
      <frombox id="6" port="0"/>
      <tojoint id="14" port="input"/>
    <point x="5.1" y="11.67"/><point x="5.1" y="12.04"/><point x="5.1" y="12.54"/><point x="5.1" y="12.92"/></line>
    <line id="36__IN__">
      <fromjoint id="30" port="right"/>
      <tobox id="31" port="0"/>
    <point x="12.11" y="5.33"/><point x="12.11" y="5.71"/><point x="12.11" y="6.21"/><point x="12.11" y="6.58"/></line>
    <line id="36__OUT__">
      <frombox id="31" port="0"/>
      <tojoint id="34" port="input"/>
    <point x="12.11" y="7.61"/><point x="12.11" y="7.99"/><point x="12.11" y="8.48"/><point x="12.11" y="8.86"/></line>
    <line id="37__IN__">
      <fromjoint id="30" port="left"/>
      <tobox id="32" port="0"/>
    <point x="12.44" y="5.33"/><point x="12.44" y="5.71"/><point x="13.68" y="5.71"/><point x="13.68" y="6.21"/><point x="14.92" y="6.21"/><point x="14.92" y="6.58"/></line>
    <line id="37__OUT__">
      <frombox id="32" port="0"/>
      <tojoint id="35__IN__outgoing" port="0"/>
    <point x="14.92" y="7.61"/><point x="14.92" y="7.99"/><point x="14.92" y="8.48"/><point x="14.92" y="8.86"/></line>
    <line id="33__IN__">
      <fromjoint id="29__OUT__incoming" port="0"/>
      <tobox id="21" port="1"/>
    <point x="11.79" y="0.53"/><point x="11.79" y="0.91"/><point x="12.04" y="0.91"/><point x="12.04" y="1.41"/><point x="12.28" y="1.41"/><point x="12.28" y="2.155"/></line>
    <line id="33__OUT__">
      <frombox id="21" port="1"/>
      <tojoint id="30" port="input"/>
    <point x="12.28" y="3.185"/><point x="12.28" y="3.94"/><point x="12.27" y="3.94"/><point x="12.27" y="4.43"/><point x="12.26" y="4.43"/><point x="12.26" y="4.81"/></line>
    <line id="26__IN__">
      <fromjoint id="25__OUT__incoming" port="0"/>
      <tobox id="21" port="0"/>
    <point x="13.39" y="0.53"/><point x="13.39" y="0.91"/><point x="13.14" y="0.91"/><point x="13.14" y="1.78"/><point x="12.9" y="1.78"/><point x="12.9" y="2.155"/></line>
    <line id="26__OUT__">
      <frombox id="21" port="0"/>
      <tojoint id="23" port="left"/>
    <point x="12.9" y="3.185"/><point x="12.9" y="3.56"/><point x="13.61" y="3.56"/><point x="13.61" y="4.43"/><point x="14.31" y="4.43"/><point x="14.31" y="4.81"/></line>
    <line id="27__IN__">
      <fromjoint id="24__OUT__incoming" port="0"/>
      <tobox id="20" port="0"/>
    <point x="15.69" y="0.53"/><point x="15.69" y="0.91"/><point x="15.69" y="1.77"/><point x="15.69" y="2.15"/></line>
    <line id="27__OUT__">
      <frombox id="20" port="0"/>
      <tojoint id="23" port="right"/>
    <point x="15.69" y="3.18"/><point x="15.69" y="3.56"/><point x="15.16" y="3.56"/><point x="15.16" y="4.43"/><point x="14.64" y="4.43"/><point x="14.64" y="4.81"/></line>
    <line id="28__IN__">
      <fromjoint id="23" port="output"/>
      <tobox id="5" port="0"/>
    <point x="14.47" y="5.33"/><point x="14.47" y="5.71"/><point x="10.48" y="5.71"/><point x="10.48" y="6.21"/><point x="6.5" y="6.21"/><point x="6.5" y="6.58"/></line>
    <line id="28__OUT__">
      <frombox id="5" port="0"/>
      <tojoint id="1" port="3"/>
    <point x="6.5" y="7.61"/><point x="6.5" y="7.99"/><point x="5.9" y="7.99"/><point x="5.9" y="8.48"/><point x="5.31" y="8.48"/><point x="5.31" y="8.86"/></line>
    <line id="15__IN__">
      <fromjoint id="8" port="output"/>
      <tobox id="2" port="0"/>
    <point x="9.31" y="5.33"/><point x="9.31" y="5.71"/><point x="9.31" y="6.21"/><point x="9.31" y="6.58"/></line>
    <line id="15__OUT__">
      <frombox id="2" port="0"/>
      <tojoint id="1" port="0"/>
    <point x="9.31" y="7.61"/><point x="9.31" y="7.99"/><point x="7.52" y="7.99"/><point x="7.52" y="8.48"/><point x="5.72" y="8.48"/><point x="5.72" y="8.86"/></line>
  </level>
</graph>