<graph id="world">
  <level id="Storage">
    <box height="1.01" id="Storage0" lines="3" width="3.0" x="4.36" y="12.7"/>
    <box height="1.01" id="Storage1" lines="11" width="11.0" x="13.42" y="9.15"/>
    <box height="1.01" id="Storage2" lines="5" width="5.0" x="17.76" y="5.59"/>
    <box height="1.01" id="Storage3" lines="1" width="1.0" x="26.75" y="2.04"/>
    <box height="1.01" id="Storage5" lines="1" width="1.0" x="26.72" y="5.59"/>
    <box height="1.01" id="Storage6" lines="1" width="1.0" x="25.01" y="16.26"/>
    <box height="1.01" id="Storage13" lines="1" width="1.0" x="24.99" y="19.82"/>
    <box height="1.01" id="Storage14" lines="1" width="1.0" x="30.75" y="2.04"/>
    <box height="1.01" id="Storage17" lines="1" width="1.0" x="30.72" y="5.59"/>
    <box height="1.01" id="Storage18" lines="3" width="3.0" x="26.71" y="9.15"/>
    <box height="1.01" id="Storage20" lines="1" width="1.0" x="26.03" y="12.7"/>
    <box height="1.01" id="Storage21" lines="2" width="2.0" x="24.96" y="23.37"/>
    <box height="1.01" id="Storage23" lines="1" width="1.0" x="24.65" y="26.93"/>
    <box height="1.01" id="Storage24" lines="1" width="1.0" x="28.75" y="2.04"/>
    <box height="1.01" id="Storage27" lines="1" width="1.0" x="18.06" y="2.04"/>
    <box height="1.01" id="Storage28" lines="1" width="1.0" x="28.72" y="5.59"/>
    <box height="1.01" id="Storage29" lines="1" width="1.0" x="27.01" y="16.26"/>
    <box height="1.01" id="Storage31" lines="1" width="1.0" x="26.99" y="19.82"/>
    <box height="1.01" id="Storage34" lines="1" width="1.0" x="24.63" y="30.48"/>
    <box height="1.01" id="Storage37" lines="1" width="1.0" x="24.6" y="34.04"/>
    <joint height="0.51" id="n449" inputs="2" outputs="1" width="2.0" x="17.76" y="3.82"/>
    <joint height="0.51" id="n448" inputs="0" outputs="1" width="1.0" x="18.07" y="0.26"/>
    <joint height="0.51" id="n269__OUT__1" inputs="0" outputs="1" width="1.0" x="15.71" y="7.37"/>
    <joint height="0.51" id="n269__OUT__0" inputs="0" outputs="1" width="1.0" x="22.97" y="21.59"/>
    <joint height="0.51" id="n270__IN__0" inputs="1" outputs="1" width="1.0" x="24.64" y="28.7"/>
    <joint height="0.51" id="n203__IN__1" inputs="1" outputs="0" width="1.0" x="5.69" y="14.48"/>
    <joint height="0.51" id="n203__IN__0" inputs="1" outputs="0" width="1.0" x="24.97" y="21.59"/>
    <joint height="0.51" id="n461" inputs="1" outputs="1" width="1.0" x="24.61" y="32.26"/>
    <joint height="0.51" id="n453" inputs="1" outputs="1" width="1.0" x="2.5" y="10.93"/>
    <joint height="0.51" id="n452" inputs="1" outputs="1" width="1.0" x="25.0" y="18.04"/>
    <joint height="0.51" id="n455" inputs="1" outputs="2" width="2.0" x="8.0" y="10.93"/>
    <joint height="0.51" id="n454" inputs="2" outputs="1" width="2.0" x="5.0" y="10.93"/>
    <joint height="0.51" id="n824" inputs="1" outputs="0" width="1.0" x="14.5" y="10.93"/>
    <joint height="0.51" id="n268" inputs="0" outputs="1" width="1.0" x="13.71" y="7.37"/>
    <joint height="0.51" id="n267" inputs="1" outputs="1" width="1.0" x="26.04" y="10.93"/>
    <joint height="0.51" id="n264" inputs="1" outputs="1" width="1.0" x="12.5" y="10.93"/>
    <joint height="0.51" id="n263" inputs="1" outputs="1" width="1.0" x="30.74" y="3.82"/>
    <joint height="0.51" id="n261__OUT__1" inputs="0" outputs="1" width="1.0" x="9.71" y="7.37"/>
    <joint height="0.51" id="n261__OUT__0" inputs="0" outputs="1" width="1.0" x="30.76" y="0.26"/>
    <joint height="0.51" id="n262__IN__0" inputs="1" outputs="0" width="1.0" x="30.71" y="7.37"/>
    <joint height="0.51" id="n457" inputs="1" outputs="1" width="1.0" x="27.0" y="18.04"/>
    <joint height="0.51" id="n325__IN__0" inputs="1" outputs="0" width="1.0" x="24.58" y="35.82"/>
    <joint height="0.51" id="n204" inputs="1" outputs="1" width="1.0" x="26.74" y="3.82"/>
    <joint height="0.51" id="n205" inputs="0" outputs="1" width="1.0" x="0.5" y="10.93"/>
    <joint height="0.51" id="n206" inputs="1" outputs="1" width="1.0" x="3.69" y="14.48"/>
    <joint height="0.51" id="n848" inputs="1" outputs="0" width="1.0" x="23.5" y="10.93"/>
    <joint height="0.51" id="n459__IN__0" inputs="1" outputs="1" width="1.0" x="26.97" y="21.59"/>
    <joint height="0.51" id="n202__OUT__0" inputs="0" outputs="1" width="1.0" x="26.76" y="0.26"/>
    <joint height="0.51" id="n451__IN__0" inputs="1" outputs="1" width="1.0" x="26.71" y="7.37"/>
    <joint height="0.51" id="n460" inputs="1" outputs="2" width="2.0" x="18.21" y="7.37"/>
    <joint height="0.51" id="n327" inputs="1" outputs="1" width="1.0" x="11.71" y="7.37"/>
    <joint height="0.51" id="n324__OUT__1" inputs="0" outputs="1" width="1.0" x="15.26" y="3.82"/>
    <joint height="0.51" id="n324__OUT__0" inputs="0" outputs="1" width="1.0" x="28.76" y="0.26"/>
    <joint height="0.51" id="n266__IN__0" inputs="1" outputs="2" width="2.0" x="26.01" y="14.48"/>
    <joint height="0.51" id="n266__IN__1" inputs="1" outputs="2" width="2.0" x="17.0" y="10.93"/>
    <joint height="0.51" id="n871" inputs="1" outputs="0" width="1.0" x="22.71" y="7.37"/>
    <joint height="0.51" id="n458" inputs="1" outputs="1" width="1.0" x="21.5" y="10.93"/>
    <joint height="0.51" id="n459__IN__1" inputs="1" outputs="1" width="1.0" x="20.71" y="7.37"/>
    <joint height="0.51" id="n265__OUT__0" inputs="0" outputs="1" width="1.0" x="24.71" y="7.37"/>
    <joint height="0.51" id="n271" inputs="1" outputs="1" width="1.0" x="24.67" y="25.15"/>
    <joint height="0.51" id="n326" inputs="1" outputs="1" width="1.0" x="28.74" y="3.82"/>
    <joint height="0.51" id="n272" inputs="1" outputs="0" width="1.0" x="19.5" y="10.93"/>
    <joint height="0.51" id="n456__IN__0" inputs="1" outputs="1" width="1.0" x="28.71" y="7.37"/>
    <joint height="0.51" id="n882" inputs="1" outputs="0" width="1.0" x="10.5" y="10.93"/>
    <line id="e100__IN__">
      <fromjoint id="n202__OUT__0" port="0"/>
      <tobox id="Storage3" port="0"/>
    <point x="26.75" y="0.52"/><point x="26.75" y="1.52"/></line>
    <line id="e100__OUT__">
      <frombox id="Storage3" port="0"/>
      <tojoint id="n204" port="0"/>
    <point x="26.75" y="2.55"/><point x="26.74" y="3.55"/></line>
    <line id="e101__IN__">
      <fromjoint id="n205" port="0"/>
      <tobox id="Storage0" port="0"/>
    <point x="0.49" y="11.19"/><point x="3.72" y="12.19"/></line>
    <line id="e101__OUT__">
      <frombox id="Storage0" port="0"/>
      <tojoint id="n206" port="0"/>
    <point x="3.72" y="13.22"/><point x="3.69" y="14.22"/></line>
    <line id="e309__IN__">
      <fromjoint id="n204" port="0"/>
      <tobox id="Storage5" port="0"/>
    <point x="26.72" y="4.08"/><point x="26.72" y="5.08"/></line>
    <line id="e309__OUT__">
      <frombox id="Storage5" port="0"/>
      <tojoint id="n451__IN__0" port="0"/>
    <point x="26.72" y="6.11"/><point x="26.71" y="7.11"/></line>
    <line id="e310__IN__">
      <fromjoint id="n266__IN__0" port="0"/>
      <tobox id="Storage6" port="0"/>
    <point x="25.72" y="14.75"/><point x="25.01" y="15.75"/></line>
    <line id="e310__OUT__">
      <frombox id="Storage6" port="0"/>
      <tojoint id="n452" port="0"/>
    <point x="25.01" y="16.77"/><point x="25.0" y="17.77"/></line>
    <line id="e311__IN__">
      <fromjoint id="n266__IN__1" port="0"/>
      <tobox id="Storage1" port="0"/>
    <point x="16.71" y="11.19"/><point x="9.1" y="8.64"/></line>
    <line id="e311__OUT__">
      <frombox id="Storage1" port="0"/>
      <tojoint id="n453" port="0"/>
    <point x="9.1" y="9.66"/><point x="2.5" y="10.66"/></line>
    <line id="e312__IN__">
      <fromjoint id="n453" port="0"/>
      <tobox id="Storage1" port="1"/>
    <point x="2.49" y="11.19"/><point x="9.94" y="8.64"/></line>
    <line id="e312__OUT__">
      <frombox id="Storage1" port="1"/>
      <tojoint id="n455" port="0"/>
    <point x="9.94" y="9.66"/><point x="8.0" y="10.66"/></line>
    <line id="e313__IN__">
      <fromjoint id="n206" port="0"/>
      <tobox id="Storage0" port="1"/>
    <point x="3.68" y="14.75"/><point x="4.35" y="12.19"/></line>
    <line id="e313__OUT__">
      <frombox id="Storage0" port="1"/>
      <tojoint id="n454" port="0"/>
    <point x="4.35" y="13.22"/><point x="4.72" y="10.66"/></line>
    <line id="e314__IN__">
      <fromjoint id="n455" port="1"/>
      <tobox id="Storage1" port="2"/>
    <point x="8.29" y="11.19"/><point x="10.81" y="8.64"/></line>
    <line id="e314__OUT__">
      <frombox id="Storage1" port="2"/>
      <tojoint id="n454" port="1"/>
    <point x="10.81" y="9.66"/><point x="5.28" y="10.66"/></line>
    <line id="e315__IN__">
      <fromjoint id="n454" port="0"/>
      <tobox id="Storage0" port="2"/>
    <point x="4.99" y="11.19"/><point x="4.99" y="12.19"/></line>
    <line id="e315__OUT__">
      <frombox id="Storage0" port="2"/>
      <tojoint id="n203__IN__1" port="0"/>
    <point x="4.99" y="13.22"/><point x="5.69" y="14.22"/></line>
    <line id="e792__IN__">
      <fromjoint id="n455" port="0"/>
      <tobox id="Storage1" port="3"/>
    <point x="7.71" y="11.19"/><point x="11.65" y="8.64"/></line>
    <line id="e792__OUT__">
      <frombox id="Storage1" port="3"/>
      <tojoint id="n882" port="0"/>
    <point x="11.65" y="9.66"/><point x="10.5" y="10.66"/></line>
    <line id="e837__IN__">
      <fromjoint id="n452" port="0"/>
      <tobox id="Storage13" port="0"/>
    <point x="24.99" y="18.3"/><point x="24.99" y="19.3"/></line>
    <line id="e837__OUT__">
      <frombox id="Storage13" port="0"/>
      <tojoint id="n203__IN__0" port="0"/>
    <point x="24.99" y="20.33"/><point x="24.97" y="21.33"/></line>
    <line id="e131__IN__">
      <fromjoint id="n261__OUT__0" port="0"/>
      <tobox id="Storage14" port="0"/>
    <point x="30.75" y="0.52"/><point x="30.75" y="1.52"/></line>
    <line id="e131__OUT__">
      <frombox id="Storage14" port="0"/>
      <tojoint id="n263" port="0"/>
    <point x="30.75" y="2.55"/><point x="30.74" y="3.55"/></line>
    <line id="e132__IN__">
      <fromjoint id="n261__OUT__1" port="0"/>
      <tobox id="Storage1" port="4"/>
    <point x="9.69" y="7.64"/><point x="12.5" y="8.64"/></line>
    <line id="e132__OUT__">
      <frombox id="Storage1" port="4"/>
      <tojoint id="n264" port="0"/>
    <point x="12.5" y="9.66"/><point x="12.5" y="10.66"/></line>
    <line id="e734__IN__">
      <fromjoint id="n264" port="0"/>
      <tobox id="Storage1" port="5"/>
    <point x="12.49" y="11.19"/><point x="13.36" y="8.64"/></line>
    <line id="e734__OUT__">
      <frombox id="Storage1" port="5"/>
      <tojoint id="n824" port="0"/>
    <point x="13.36" y="9.66"/><point x="14.5" y="10.66"/></line>
    <line id="e852__IN__">
      <fromjoint id="n263" port="0"/>
      <tobox id="Storage17" port="0"/>
    <point x="30.72" y="4.08"/><point x="30.72" y="5.08"/></line>
    <line id="e852__OUT__">
      <frombox id="Storage17" port="0"/>
      <tojoint id="n262__IN__0" port="0"/>
    <point x="30.72" y="6.11"/><point x="30.71" y="7.11"/></line>
    <line id="e133__IN__">
      <fromjoint id="n265__OUT__0" port="0"/>
      <tobox id="Storage18" port="0"/>
    <point x="24.69" y="7.64"/><point x="26.07" y="8.64"/></line>
    <line id="e133__OUT__">
      <frombox id="Storage18" port="0"/>
      <tojoint id="n267" port="0"/>
    <point x="26.07" y="9.66"/><point x="26.04" y="10.66"/></line>
    <line id="e134__IN__">
      <fromjoint id="n268" port="0"/>
      <tobox id="Storage1" port="6"/>
    <point x="13.69" y="7.64"/><point x="14.22" y="8.64"/></line>
    <line id="e134__OUT__">
      <frombox id="Storage1" port="6"/>
      <tojoint id="n266__IN__1" port="0"/>
    <point x="14.22" y="9.66"/><point x="17.0" y="10.66"/></line>
    <line id="e841__IN__">
      <fromjoint id="n267" port="0"/>
      <tobox id="Storage20" port="0"/>
    <point x="26.03" y="11.19"/><point x="26.03" y="12.19"/></line>
    <line id="e841__OUT__">
      <frombox id="Storage20" port="0"/>
      <tojoint id="n266__IN__0" port="0"/>
    <point x="26.03" y="13.22"/><point x="26.01" y="14.22"/></line>
    <line id="e135__IN__">
      <fromjoint id="n269__OUT__0" port="0"/>
      <tobox id="Storage21" port="0"/>
    <point x="22.96" y="21.86"/><point x="24.68" y="22.86"/></line>
    <line id="e135__OUT__">
      <frombox id="Storage21" port="0"/>
      <tojoint id="n271" port="0"/>
    <point x="24.68" y="23.89"/><point x="24.67" y="24.89"/></line>
    <line id="e136__IN__">
      <fromjoint id="n269__OUT__1" port="0"/>
      <tobox id="Storage1" port="7"/>
    <point x="15.69" y="7.64"/><point x="15.07" y="8.64"/></line>
    <line id="e136__OUT__">
      <frombox id="Storage1" port="7"/>
      <tojoint id="n272" port="0"/>
    <point x="15.07" y="9.66"/><point x="19.5" y="10.66"/></line>
    <line id="e819__IN__">
      <fromjoint id="n271" port="0"/>
      <tobox id="Storage23" port="0"/>
    <point x="24.65" y="25.41"/><point x="24.65" y="26.41"/></line>
    <line id="e819__OUT__">
      <frombox id="Storage23" port="0"/>
      <tojoint id="n270__IN__0" port="0"/>
    <point x="24.65" y="27.44"/><point x="24.64" y="28.44"/></line>
    <line id="e165__IN__">
      <fromjoint id="n324__OUT__0" port="0"/>
      <tobox id="Storage24" port="0"/>
    <point x="28.75" y="0.52"/><point x="28.75" y="1.52"/></line>
    <line id="e165__OUT__">
      <frombox id="Storage24" port="0"/>
      <tojoint id="n326" port="0"/>
    <point x="28.75" y="2.55"/><point x="28.74" y="3.55"/></line>
    <line id="e166__IN__">
      <fromjoint id="n324__OUT__1" port="0"/>
      <tobox id="Storage2" port="0"/>
    <point x="15.25" y="4.08"/><point x="16.28" y="5.08"/></line>
    <line id="e166__OUT__">
      <frombox id="Storage2" port="0"/>
      <tojoint id="n327" port="0"/>
    <point x="16.28" y="6.11"/><point x="11.71" y="7.11"/></line>
    <line id="e307__IN__">
      <fromjoint id="n327" port="0"/>
      <tobox id="Storage2" port="1"/>
    <point x="11.69" y="7.64"/><point x="17.01" y="5.08"/></line>
    <line id="e307__OUT__">
      <frombox id="Storage2" port="1"/>
      <tojoint id="n449" port="0"/>
    <point x="17.01" y="6.11"/><point x="17.49" y="3.55"/></line>
    <line id="e306__IN__">
      <fromjoint id="n448" port="0"/>
      <tobox id="Storage27" port="0"/>
    <point x="18.06" y="0.52"/><point x="18.06" y="1.52"/></line>
    <line id="e306__OUT__">
      <frombox id="Storage27" port="0"/>
      <tojoint id="n449" port="1"/>
    <point x="18.06" y="2.55"/><point x="18.04" y="3.55"/></line>
    <line id="e316__IN__">
      <fromjoint id="n326" port="0"/>
      <tobox id="Storage28" port="0"/>
    <point x="28.72" y="4.08"/><point x="28.72" y="5.08"/></line>
    <line id="e316__OUT__">
      <frombox id="Storage28" port="0"/>
      <tojoint id="n456__IN__0" port="0"/>
    <point x="28.72" y="6.11"/><point x="28.71" y="7.11"/></line>
    <line id="e317__IN__">
      <fromjoint id="n266__IN__0" port="1"/>
      <tobox id="Storage29" port="0"/>
    <point x="26.31" y="14.75"/><point x="27.01" y="15.75"/></line>
    <line id="e317__OUT__">
      <frombox id="Storage29" port="0"/>
      <tojoint id="n457" port="0"/>
    <point x="27.01" y="16.77"/><point x="27.0" y="17.77"/></line>
    <line id="e318__IN__">
      <fromjoint id="n266__IN__1" port="1"/>
      <tobox id="Storage1" port="8"/>
    <point x="17.29" y="11.19"/><point x="15.92" y="8.64"/></line>
    <line id="e318__OUT__">
      <frombox id="Storage1" port="8"/>
      <tojoint id="n458" port="0"/>
    <point x="15.92" y="9.66"/><point x="21.5" y="10.66"/></line>
    <line id="e319__IN__">
      <fromjoint id="n457" port="0"/>
      <tobox id="Storage31" port="0"/>
    <point x="26.99" y="18.3"/><point x="26.99" y="19.3"/></line>
    <line id="e319__OUT__">
      <frombox id="Storage31" port="0"/>
      <tojoint id="n459__IN__0" port="0"/>
    <point x="26.99" y="20.33"/><point x="26.97" y="21.33"/></line>
    <line id="e320__IN__">
      <fromjoint id="n449" port="0"/>
      <tobox id="Storage2" port="2"/>
    <point x="17.75" y="4.08"/><point x="17.75" y="5.08"/></line>
    <line id="e320__OUT__">
      <frombox id="Storage2" port="2"/>
      <tojoint id="n460" port="0"/>
    <point x="17.75" y="6.11"/><point x="18.21" y="7.11"/></line>
    <line id="e321__IN__">
      <fromjoint id="n460" port="1"/>
      <tobox id="Storage2" port="3"/>
    <point x="18.5" y="7.64"/><point x="18.5" y="5.08"/></line>
    <line id="e321__OUT__">
      <frombox id="Storage2" port="3"/>
      <tojoint id="n459__IN__1" port="0"/>
    <point x="18.5" y="6.11"/><point x="20.71" y="7.11"/></line>
    <line id="e322__IN__">
      <fromjoint id="n270__IN__0" port="0"/>
      <tobox id="Storage34" port="0"/>
    <point x="24.63" y="28.97"/><point x="24.63" y="29.97"/></line>
    <line id="e322__OUT__">
      <frombox id="Storage34" port="0"/>
      <tojoint id="n461" port="0"/>
    <point x="24.63" y="31.0"/><point x="24.61" y="32.0"/></line>
    <line id="e758__IN__">
      <fromjoint id="n458" port="0"/>
      <tobox id="Storage1" port="9"/>
    <point x="21.49" y="11.19"/><point x="16.78" y="8.64"/></line>
    <line id="e758__OUT__">
      <frombox id="Storage1" port="9"/>
      <tojoint id="n848" port="0"/>
    <point x="16.78" y="9.66"/><point x="23.5" y="10.66"/></line>
    <line id="e781__IN__">
      <fromjoint id="n460" port="0"/>
      <tobox id="Storage2" port="4"/>
    <point x="17.92" y="7.64"/><point x="19.24" y="5.08"/></line>
    <line id="e781__OUT__">
      <frombox id="Storage2" port="4"/>
      <tojoint id="n871" port="0"/>
    <point x="19.24" y="6.11"/><point x="22.71" y="7.11"/></line>
    <line id="e803__IN__">
      <fromjoint id="n461" port="0"/>
      <tobox id="Storage37" port="0"/>
    <point x="24.6" y="32.52"/><point x="24.6" y="33.52"/></line>
    <line id="e803__OUT__">
      <frombox id="Storage37" port="0"/>
      <tojoint id="n325__IN__0" port="0"/>
    <point x="24.6" y="34.55"/><point x="24.58" y="35.55"/></line>
    <line id="e309__OUT__CPY">
      <fromjoint id="n451__IN__0" port="0"/>
      <tobox id="Storage18" port="1"/>
    <point x="26.69" y="7.64"/><point x="26.69" y="8.64"/></line>
    <line id="e316__OUT__CPY">
      <fromjoint id="n456__IN__0" port="0"/>
      <tobox id="Storage18" port="2"/>
    <point x="28.69" y="7.64"/><point x="27.33" y="8.64"/></line>
    <line id="e319__OUT__CPY">
      <fromjoint id="n459__IN__0" port="0"/>
      <tobox id="Storage21" port="1"/>
    <point x="26.96" y="21.86"/><point x="25.24" y="22.86"/></line>
    <line id="e321__OUT__CPY">
      <fromjoint id="n459__IN__1" port="0"/>
      <tobox id="Storage1" port="10"/>
    <point x="20.69" y="7.64"/><point x="17.67" y="8.64"/></line>
  </level>
</graph>