<graph id="world">
  <level id="Storage">
    <box height="1.0139" id="Storage0" lines="3" width="3.0" x="8.41666666667" y="5.59722222222"/>
    <box height="1.0139" id="Storage1" lines="13" width="13.0" x="23.5833333333" y="5.59722222222"/>
    <box height="1.0139" id="Storage2" lines="5" width="5.0" x="27.4861111111" y="2.04166666667"/>
    <box height="1.0139" id="Storage3" lines="1" width="1.0" x="2.59722222222" y="2.04166666667"/>
    <box height="1.0139" id="Storage5" lines="1" width="1.0" x="2.56944444444" y="5.59722222222"/>
    <box height="1.0139" id="Storage6" lines="1" width="1.0" x="2.48611111111" y="16.2638888889"/>
    <box height="1.0139" id="Storage13" lines="1" width="1.0" x="1.45833333333" y="19.8194444444"/>
    <box height="1.0139" id="Storage14" lines="1" width="1.0" x="38.9583333333" y="2.04166666667"/>
    <box height="1.0139" id="Storage17" lines="1" width="1.0" x="38.9305555556" y="5.59722222222"/>
    <box height="1.0139" id="Storage18" lines="3" width="3.0" x="2.55555555556" y="9.15277777778"/>
    <box height="1.0139" id="Storage20" lines="3" width="3.0" x="2.51388888889" y="12.7083333333"/>
    <box height="1.0139" id="Storage21" lines="2" width="2.0" x="3.93055555556" y="23.375"/>
    <box height="1.0139" id="Storage23" lines="2" width="2.0" x="3.90277777778" y="26.9305555556"/>
    <box height="1.0139" id="Storage24" lines="1" width="1.0" x="4.59722222222" y="2.04166666667"/>
    <box height="1.0139" id="Storage27" lines="1" width="1.0" x="23.4861111111" y="2.04166666667"/>
    <box height="1.0139" id="Storage28" lines="1" width="1.0" x="4.56944444444" y="5.59722222222"/>
    <box height="1.0139" id="Storage29" lines="1" width="1.0" x="4.48611111111" y="16.2638888889"/>
    <box height="1.0139" id="Storage31" lines="1" width="1.0" x="4.45833333333" y="19.8194444444"/>
    <box height="1.0139" id="Storage34" lines="1" width="1.0" x="4.88888888889" y="30.4861111111"/>
    <box height="1.0139" id="Storage37" lines="1" width="1.0" x="4.86111111111" y="34.0416666667"/>
    <joint height="0.51389" id="n202__OUT__0" inputs="0" outputs="1" width="1.0" x="2.61111111111" y="0.263888888889"/>
    <joint height="0.51389" id="n203__IN__0" inputs="1" outputs="0" width="1.0" x="0.944444444444" y="21.5972222222"/>
    <joint height="0.51389" id="n203__IN__1" inputs="1" outputs="0" width="1.0" x="11.5555555556" y="7.375"/>
    <joint height="0.51389" id="n204" inputs="1" outputs="1" width="1.0" x="2.58333333333" y="3.81944444444"/>
    <joint height="0.51389" id="n205" inputs="0" outputs="1" width="1.0" x="7.79166666667" y="3.81944444444"/>
    <joint height="0.51389" id="n206" inputs="1" outputs="1" width="1.0" x="6.55555555556" y="7.375"/>
    <joint height="0.51389" id="n451__IN__0" inputs="1" outputs="1" width="1.0" x="2.55555555556" y="7.375"/>
    <joint height="0.51389" id="n451__OUT__0" inputs="1" outputs="1" width="1.0" x="2.5" y="14.4861111111"/>
    <joint height="0.51389" id="n451__OUT__1" inputs="1" outputs="1" width="1.0" x="15.5555555556" y="7.375"/>
    <joint height="0.51389" id="n452" inputs="1" outputs="1" width="1.0" x="2.47222222222" y="18.0416666667"/>
    <joint height="0.51389" id="n453" inputs="1" outputs="1" width="1.0" x="13.5555555556" y="7.375"/>
    <joint height="0.51389" id="n454" inputs="2" outputs="1" width="2.0" x="9.05555555556" y="7.375"/>
    <joint height="0.51389" id="n455" inputs="1" outputs="2" width="2.0" x="18.0555555556" y="7.375"/>
    <joint height="0.51389" id="n882" inputs="1" outputs="0" width="1.0" x="20.5555555556" y="7.375"/>
    <joint height="0.51389" id="n261__OUT__0" inputs="0" outputs="1" width="1.0" x="38.9722222222" y="0.263888888889"/>
    <joint height="0.51389" id="n261__OUT__1" inputs="0" outputs="1" width="1.0" x="19.0833333333" y="3.81944444444"/>
    <joint height="0.51389" id="n262__IN__0" inputs="1" outputs="0" width="1.0" x="38.9166666667" y="7.375"/>
    <joint height="0.51389" id="n263" inputs="1" outputs="1" width="1.0" x="38.9444444444" y="3.81944444444"/>
    <joint height="0.51389" id="n264" inputs="1" outputs="1" width="1.0" x="24.5555555556" y="7.375"/>
    <joint height="0.51389" id="n824" inputs="1" outputs="0" width="1.0" x="22.5555555556" y="7.375"/>
    <joint height="0.51389" id="n265__OUT__0" inputs="0" outputs="1" width="1.0" x="0.555555555556" y="7.375"/>
    <joint height="0.51389" id="n266__IN__0" inputs="1" outputs="0" width="1.0" x="0.5" y="14.4861111111"/>
    <joint height="0.51389" id="n266__IN__1" inputs="1" outputs="0" width="1.0" x="26.5555555556" y="7.375"/>
    <joint height="0.51389" id="n267" inputs="1" outputs="1" width="1.0" x="1.88888888889" y="10.9305555556"/>
    <joint height="0.51389" id="n268" inputs="0" outputs="1" width="1.0" x="21.0833333333" y="3.81944444444"/>
    <joint height="0.51389" id="n269__OUT__0" inputs="0" outputs="1" width="1.0" x="2.94444444444" y="21.5972222222"/>
    <joint height="0.51389" id="n269__OUT__1" inputs="0" outputs="1" width="1.0" x="31.0833333333" y="3.81944444444"/>
    <joint height="0.51389" id="n270__IN__0" inputs="1" outputs="0" width="1.0" x="2.90277777778" y="28.7083333333"/>
    <joint height="0.51389" id="n271" inputs="1" outputs="1" width="1.0" x="3.63888888889" y="25.1527777778"/>
    <joint height="0.51389" id="n272" inputs="1" outputs="0" width="1.0" x="28.5555555556" y="7.375"/>
    <joint height="0.51389" id="n324__OUT__0" inputs="0" outputs="1" width="1.0" x="4.61111111111" y="0.263888888889"/>
    <joint height="0.51389" id="n324__OUT__1" inputs="0" outputs="1" width="1.0" x="26.0138888889" y="0.263888888889"/>
    <joint height="0.51389" id="n325__IN__0" inputs="1" outputs="0" width="1.0" x="4.84722222222" y="35.8194444444"/>
    <joint height="0.51389" id="n326" inputs="1" outputs="1" width="1.0" x="4.58333333333" y="3.81944444444"/>
    <joint height="0.51389" id="n327" inputs="1" outputs="1" width="1.0" x="23.0833333333" y="3.81944444444"/>
    <joint height="0.51389" id="n448" inputs="0" outputs="1" width="1.0" x="23.5" y="0.263888888889"/>
    <joint height="0.51389" id="n449" inputs="2" outputs="1" width="2.0" x="25.5833333333" y="3.81944444444"/>
    <joint height="0.51389" id="n456__IN__0" inputs="1" outputs="1" width="1.0" x="4.55555555556" y="7.375"/>
    <joint height="0.51389" id="n456__OUT__0" inputs="1" outputs="1" width="1.0" x="4.5" y="14.4861111111"/>
    <joint height="0.51389" id="n456__OUT__1" inputs="1" outputs="1" width="1.0" x="30.5555555556" y="7.375"/>
    <joint height="0.51389" id="n457" inputs="1" outputs="1" width="1.0" x="4.47222222222" y="18.0416666667"/>
    <joint height="0.51389" id="n458" inputs="1" outputs="1" width="1.0" x="32.5555555556" y="7.375"/>
    <joint height="0.51389" id="n459__IN__0" inputs="1" outputs="1" width="1.0" x="4.94444444444" y="21.5972222222"/>
    <joint height="0.51389" id="n459__IN__1" inputs="1" outputs="1" width="1.0" x="33.0833333333" y="3.81944444444"/>
    <joint height="0.51389" id="n459__OUT__0" inputs="1" outputs="1" width="1.0" x="4.90277777778" y="28.7083333333"/>
    <joint height="0.51389" id="n460" inputs="1" outputs="2" width="2.0" x="28.5833333333" y="3.81944444444"/>
    <joint height="0.51389" id="n461" inputs="1" outputs="1" width="1.0" x="4.875" y="32.2638888889"/>
    <joint height="0.51389" id="n848" inputs="1" outputs="0" width="1.0" x="34.5555555556" y="7.375"/>
    <joint height="0.51389" id="n871" inputs="1" outputs="0" width="1.0" x="35.0833333333" y="3.81944444444"/>
    <line id="e100__IN__">
      <fromjoint id="n202__OUT__0" port="0"/>
      <tobox id="Storage3" port="0"/>
    <point x="2.59722222222" y="0.527777777778"/><point x="2.59722222222" y="0.972222222222"/><point x="2.59722222222" y="1.08333333333"/><point x="2.59722222222" y="1.52777777778"/></line>
    <line id="e100__OUT__">
      <frombox id="Storage3" port="0"/>
      <tojoint id="n204" port="0"/>
    <point x="2.58333333333" y="2.55555555556"/><point x="2.58333333333" y="3.0"/><point x="2.58333333333" y="3.11111111111"/><point x="2.58333333333" y="3.55555555556"/></line>
    <line id="e101__IN__">
      <fromjoint id="n205" port="0"/>
      <tobox id="Storage0" port="0"/>
    <point x="7.77777777778" y="4.08333333333"/><point x="7.77777777778" y="4.52777777778"/><point x="7.77777777778" y="4.63888888889"/><point x="7.77777777778" y="5.08333333333"/></line>
    <line id="e101__OUT__">
      <frombox id="Storage0" port="0"/>
      <tojoint id="n206" port="0"/>
    <point x="7.75" y="6.11111111111"/><point x="7.75" y="6.80277777778"/><point x="6.55555555556" y="6.41944444444"/><point x="6.55555555556" y="7.11111111111"/></line>
    <line id="e309__IN__">
      <fromjoint id="n204" port="0"/>
      <tobox id="Storage5" port="0"/>
    <point x="2.56944444444" y="4.08333333333"/><point x="2.56944444444" y="4.52777777778"/><point x="2.56944444444" y="4.63888888889"/><point x="2.56944444444" y="5.08333333333"/></line>
    <line id="e309__OUT__">
      <frombox id="Storage5" port="0"/>
      <tojoint id="n451__IN__0" port="0"/>
    <point x="2.55555555556" y="6.11111111111"/><point x="2.55555555556" y="6.55555555556"/><point x="2.55555555556" y="6.66666666667"/><point x="2.55555555556" y="7.11111111111"/></line>
    <line id="e310__IN__">
      <fromjoint id="n451__OUT__0" port="0"/>
      <tobox id="Storage6" port="0"/>
    <point x="2.48611111111" y="14.75"/><point x="2.48611111111" y="15.1944444444"/><point x="2.48611111111" y="15.3055555556"/><point x="2.48611111111" y="15.75"/></line>
    <line id="e310__OUT__">
      <frombox id="Storage6" port="0"/>
      <tojoint id="n452" port="0"/>
    <point x="2.47222222222" y="16.7777777778"/><point x="2.47222222222" y="17.2222222222"/><point x="2.47222222222" y="17.3333333333"/><point x="2.47222222222" y="17.7777777778"/></line>
    <line id="e311__IN__">
      <fromjoint id="n451__OUT__1" port="0"/>
      <tobox id="Storage1" port="0"/>
    <point x="15.5416666667" y="7.63888888889"/><point x="15.5416666667" y="8.27777777778"/><point x="14.5930555556" y="8.22361111111"/><point x="15.0555555556" y="7.11111111111"/><point x="15.5430555556" y="5.93888888889"/><point x="15.9125" y="5.5875"/><point x="17.0833333333" y="5.09722222222"/><point x="17.5736111111" y="4.89166666667"/><point x="18.2777777778" y="4.55277777778"/><point x="18.2777777778" y="5.08333333333"/></line>
    <line id="e311__OUT__">
      <frombox id="Storage1" port="0"/>
      <tojoint id="n453" port="0"/>
    <point x="18.2222222222" y="6.11111111111"/><point x="18.2222222222" y="8.23194444444"/><point x="13.5555555556" y="4.99027777778"/><point x="13.5555555556" y="7.11111111111"/></line>
    <line id="e312__IN__">
      <fromjoint id="n453" port="0"/>
      <tobox id="Storage1" port="1"/>
    <point x="13.5416666667" y="7.63888888889"/><point x="13.5416666667" y="8.33611111111"/><point x="9.96847222222" y="6.80277777778"/><point x="17.0833333333" y="5.09722222222"/><point x="17.9722222222" y="4.88472222222"/><point x="19.1388888889" y="4.16944444444"/><point x="19.1388888889" y="5.08333333333"/></line>
    <line id="e312__OUT__">
      <frombox id="Storage1" port="1"/>
      <tojoint id="n455" port="0"/>
    <point x="19.0833333333" y="6.11111111111"/><point x="19.0833333333" y="6.74861111111"/><point x="18.0555555556" y="6.47361111111"/><point x="18.0555555556" y="7.11111111111"/></line>
    <line id="e313__IN__">
      <fromjoint id="n206" port="0"/>
      <tobox id="Storage0" port="1"/>
    <point x="6.54166666667" y="7.63888888889"/><point x="6.54166666667" y="7.85555555556"/><point x="6.20625" y="7.78055555556"/><point x="6.05555555556" y="7.625"/><point x="5.22833333333" y="6.77361111111"/><point x="5.92916666667" y="5.75555555556"/><point x="6.91666666667" y="5.09722222222"/><point x="7.46625" y="4.73055555556"/><point x="8.40277777778" y="4.42222222222"/><point x="8.40277777778" y="5.08333333333"/></line>
    <line id="e313__OUT__">
      <frombox id="Storage0" port="1"/>
      <tojoint id="n454" port="0"/>
    <point x="8.40277777778" y="6.11111111111"/><point x="8.40277777778" y="6.58611111111"/><point x="8.77777777778" y="6.63611111111"/><point x="8.77777777778" y="7.11111111111"/></line>
    <line id="e314__IN__">
      <fromjoint id="n455" port="1"/>
      <tobox id="Storage1" port="2"/>
    <point x="18.3472222222" y="7.63888888889"/><point x="18.3472222222" y="8.19305555556"/><point x="19.9055555556" y="8.49583333333"/><point x="19.0555555556" y="7.11111111111"/><point x="18.8625" y="6.79722222222"/><point x="15.6041666667" y="6.58333333333"/><point x="17.0833333333" y="5.09722222222"/><point x="17.5402777778" y="4.6375"/><point x="20.0" y="4.43472222222"/><point x="20.0" y="5.08333333333"/></line>
    <line id="e314__OUT__">
      <frombox id="Storage1" port="2"/>
      <tojoint id="n454" port="1"/>
    <point x="19.9583333333" y="6.11111111111"/><point x="19.9583333333" y="8.48333333333"/><point x="9.33333333333" y="4.73888888889"/><point x="9.33333333333" y="7.11111111111"/></line>
    <line id="e315__IN__">
      <fromjoint id="n454" port="0"/>
      <tobox id="Storage0" port="2"/>
    <point x="9.04166666667" y="7.63888888889"/><point x="9.04166666667" y="8.08611111111"/><point x="7.25138888889" y="8.45555555556"/><point x="8.05555555556" y="7.11111111111"/><point x="8.53736111111" y="6.30555555556"/><point x="9.43486111111" y="6.91666666667"/><point x="9.91666666667" y="6.11111111111"/><point x="10.1479166667" y="5.725"/><point x="10.2327777778" y="5.41805555556"/><point x="9.91666666667" y="5.09722222222"/><point x="9.64388888889" y="4.81944444444"/><point x="9.04166666667" y="4.69444444444"/><point x="9.04166666667" y="5.08333333333"/></line>
    <line id="e315__OUT__">
      <frombox id="Storage0" port="2"/>
      <tojoint id="n203__IN__1" port="0"/>
    <point x="9.06944444444" y="6.11111111111"/><point x="9.06944444444" y="7.30277777778"/><point x="11.5555555556" y="5.91944444444"/><point x="11.5555555556" y="7.11111111111"/></line>
    <line id="e792__IN__">
      <fromjoint id="n455" port="0"/>
      <tobox id="Storage1" port="3"/>
    <point x="17.7638888889" y="7.63888888889"/><point x="17.7638888889" y="7.95416666667"/><point x="17.2763888889" y="7.85"/><point x="17.0555555556" y="7.625"/><point x="16.2694444444" y="6.82222222222"/><point x="16.2847222222" y="5.8875"/><point x="17.0833333333" y="5.09722222222"/><point x="17.3819444444" y="4.80138888889"/><point x="20.8611111111" y="4.66388888889"/><point x="20.8611111111" y="5.08333333333"/></line>
    <line id="e792__OUT__">
      <frombox id="Storage1" port="3"/>
      <tojoint id="n882" port="0"/>
    <point x="20.8194444444" y="6.11111111111"/><point x="20.8194444444" y="6.57083333333"/><point x="20.5555555556" y="6.65138888889"/><point x="20.5555555556" y="7.11111111111"/></line>
    <line id="e837__IN__">
      <fromjoint id="n452" port="0"/>
      <tobox id="Storage13" port="0"/>
    <point x="2.45833333333" y="18.3055555556"/><point x="2.45833333333" y="18.9347222222"/><point x="1.45833333333" y="18.6763888889"/><point x="1.45833333333" y="19.3055555556"/></line>
    <line id="e837__OUT__">
      <frombox id="Storage13" port="0"/>
      <tojoint id="n203__IN__0" port="0"/>
    <point x="1.44444444444" y="20.3333333333"/><point x="1.44444444444" y="20.8305555556"/><point x="0.944444444444" y="20.8361111111"/><point x="0.944444444444" y="21.3333333333"/></line>
    <line id="e131__IN__">
      <fromjoint id="n261__OUT__0" port="0"/>
      <tobox id="Storage14" port="0"/>
    <point x="38.9583333333" y="0.527777777778"/><point x="38.9583333333" y="0.972222222222"/><point x="38.9583333333" y="1.08333333333"/><point x="38.9583333333" y="1.52777777778"/></line>
    <line id="e131__OUT__">
      <frombox id="Storage14" port="0"/>
      <tojoint id="n263" port="0"/>
    <point x="38.9444444444" y="2.55555555556"/><point x="38.9444444444" y="3.0"/><point x="38.9444444444" y="3.11111111111"/><point x="38.9444444444" y="3.55555555556"/></line>
    <line id="e132__IN__">
      <fromjoint id="n261__OUT__1" port="0"/>
      <tobox id="Storage1" port="4"/>
    <point x="19.0694444444" y="4.08333333333"/><point x="19.0694444444" y="5.3375"/><point x="21.7083333333" y="3.82916666667"/><point x="21.7083333333" y="5.08333333333"/></line>
    <line id="e132__OUT__">
      <frombox id="Storage1" port="4"/>
      <tojoint id="n264" port="0"/>
    <point x="21.6944444444" y="6.11111111111"/><point x="21.6944444444" y="7.45833333333"/><point x="24.5555555556" y="5.76388888889"/><point x="24.5555555556" y="7.11111111111"/></line>
    <line id="e734__IN__">
      <fromjoint id="n264" port="0"/>
      <tobox id="Storage1" port="5"/>
    <point x="24.5416666667" y="7.63888888889"/><point x="24.5416666667" y="7.85555555556"/><point x="24.2541666667" y="7.71111111111"/><point x="24.0555555556" y="7.625"/><point x="23.7583333333" y="7.49722222222"/><point x="23.8291666667" y="7.25694444444"/><point x="23.5416666667" y="7.11111111111"/><point x="20.9513888889" y="5.79722222222"/><point x="18.9736111111" y="8.31666666667"/><point x="17.0833333333" y="6.11111111111"/><point x="16.7902777778" y="5.76944444444"/><point x="16.7652777778" y="5.41666666667"/><point x="17.0833333333" y="5.09722222222"/><point x="17.5138888889" y="4.66527777778"/><point x="22.5694444444" y="4.47361111111"/><point x="22.5694444444" y="5.08333333333"/></line>
    <line id="e734__OUT__">
      <frombox id="Storage1" port="5"/>
      <tojoint id="n824" port="0"/>
    <point x="22.5555555556" y="6.11111111111"/><point x="22.5555555556" y="6.55555555556"/><point x="22.5555555556" y="6.66666666667"/><point x="22.5555555556" y="7.11111111111"/></line>
    <line id="e852__IN__">
      <fromjoint id="n263" port="0"/>
      <tobox id="Storage17" port="0"/>
    <point x="38.9305555556" y="4.08333333333"/><point x="38.9305555556" y="4.52777777778"/><point x="38.9305555556" y="4.63888888889"/><point x="38.9305555556" y="5.08333333333"/></line>
    <line id="e852__OUT__">
      <frombox id="Storage17" port="0"/>
      <tojoint id="n262__IN__0" port="0"/>
    <point x="38.9166666667" y="6.11111111111"/><point x="38.9166666667" y="6.55555555556"/><point x="38.9166666667" y="6.66666666667"/><point x="38.9166666667" y="7.11111111111"/></line>
    <line id="e133__IN__">
      <fromjoint id="n265__OUT__0" port="0"/>
      <tobox id="Storage18" port="0"/>
    <point x="0.541666666667" y="7.63888888889"/><point x="0.541666666667" y="8.39444444444"/><point x="1.91666666667" y="7.88333333333"/><point x="1.91666666667" y="8.63888888889"/></line>
    <line id="e133__OUT__">
      <frombox id="Storage18" port="0"/>
      <tojoint id="n267" port="0"/>
    <point x="1.88888888889" y="9.66666666667"/><point x="1.88888888889" y="10.1111111111"/><point x="1.88888888889" y="10.2222222222"/><point x="1.88888888889" y="10.6666666667"/></line>
    <line id="e134__IN__">
      <fromjoint id="n268" port="0"/>
      <tobox id="Storage1" port="6"/>
    <point x="21.0694444444" y="4.08333333333"/><point x="21.0694444444" y="5.22361111111"/><point x="23.4305555556" y="3.94305555556"/><point x="23.4305555556" y="5.08333333333"/></line>
    <line id="e134__OUT__">
      <frombox id="Storage1" port="6"/>
      <tojoint id="n266__IN__1" port="0"/>
    <point x="23.4305555556" y="6.11111111111"/><point x="23.4305555556" y="7.56944444444"/><point x="26.5555555556" y="5.65277777778"/><point x="26.5555555556" y="7.11111111111"/></line>
    <line id="e841__IN__">
      <fromjoint id="n267" port="0"/>
      <tobox id="Storage20" port="0"/>
    <point x="1.875" y="11.1944444444"/><point x="1.875" y="11.6388888889"/><point x="1.875" y="11.75"/><point x="1.875" y="12.1944444444"/></line>
    <line id="e841__OUT__">
      <frombox id="Storage20" port="0"/>
      <tojoint id="n266__IN__0" port="0"/>
    <point x="1.84722222222" y="13.2222222222"/><point x="1.84722222222" y="13.9680555556"/><point x="0.5" y="13.4763888889"/><point x="0.5" y="14.2222222222"/></line>
    <line id="e135__IN__">
      <fromjoint id="n269__OUT__0" port="0"/>
      <tobox id="Storage21" port="0"/>
    <point x="2.93055555556" y="21.8611111111"/><point x="2.93055555556" y="22.4093055556"/><point x="3.65277777778" y="22.3129166667"/><point x="3.65277777778" y="22.8611111111"/></line>
    <line id="e135__OUT__">
      <frombox id="Storage21" port="0"/>
      <tojoint id="n271" port="0"/>
    <point x="3.63888888889" y="23.8888888889"/><point x="3.63888888889" y="24.3333333333"/><point x="3.63888888889" y="24.4444444444"/><point x="3.63888888889" y="24.8888888889"/></line>
    <line id="e136__IN__">
      <fromjoint id="n269__OUT__1" port="0"/>
      <tobox id="Storage1" port="7"/>
    <point x="31.0694444444" y="4.08333333333"/><point x="31.0694444444" y="5.60555555556"/><point x="24.2916666667" y="3.56111111111"/><point x="24.2916666667" y="5.08333333333"/></line>
    <line id="e136__OUT__">
      <frombox id="Storage1" port="7"/>
      <tojoint id="n272" port="0"/>
    <point x="24.3055555556" y="6.11111111111"/><point x="24.3055555556" y="8.05138888889"/><point x="28.5555555556" y="5.17083333333"/><point x="28.5555555556" y="7.11111111111"/></line>
    <line id="e819__IN__">
      <fromjoint id="n271" port="0"/>
      <tobox id="Storage23" port="0"/>
    <point x="3.625" y="25.4166666667"/><point x="3.625" y="25.8611111111"/><point x="3.625" y="25.9722222222"/><point x="3.625" y="26.4166666667"/></line>
    <line id="e819__OUT__">
      <frombox id="Storage23" port="0"/>
      <tojoint id="n270__IN__0" port="0"/>
    <point x="3.61111111111" y="27.4444444444"/><point x="3.61111111111" y="27.9890277778"/><point x="2.90277777778" y="27.8998611111"/><point x="2.90277777778" y="28.4444444444"/></line>
    <line id="e165__IN__">
      <fromjoint id="n324__OUT__0" port="0"/>
      <tobox id="Storage24" port="0"/>
    <point x="4.59722222222" y="0.527777777778"/><point x="4.59722222222" y="0.972222222222"/><point x="4.59722222222" y="1.08333333333"/><point x="4.59722222222" y="1.52777777778"/></line>
    <line id="e165__OUT__">
      <frombox id="Storage24" port="0"/>
      <tojoint id="n326" port="0"/>
    <point x="4.58333333333" y="2.55555555556"/><point x="4.58333333333" y="3.0"/><point x="4.58333333333" y="3.11111111111"/><point x="4.58333333333" y="3.55555555556"/></line>
    <line id="e166__IN__">
      <fromjoint id="n324__OUT__1" port="0"/>
      <tobox id="Storage2" port="0"/>
    <point x="26.0" y="0.527777777778"/><point x="26.0" y="0.972222222222"/><point x="26.0" y="1.08333333333"/><point x="26.0" y="1.52777777778"/></line>
    <line id="e166__OUT__">
      <frombox id="Storage2" port="0"/>
      <tojoint id="n327" port="0"/>
    <point x="25.9583333333" y="2.55555555556"/><point x="25.9583333333" y="3.90833333333"/><point x="23.0833333333" y="2.20277777778"/><point x="23.0833333333" y="3.55555555556"/></line>
    <line id="e307__IN__">
      <fromjoint id="n327" port="0"/>
      <tobox id="Storage2" port="1"/>
    <point x="23.0694444444" y="4.08333333333"/><point x="23.0694444444" y="4.39722222222"/><point x="22.1208333333" y="4.325"/><point x="22.5833333333" y="3.55555555556"/><point x="23.0736111111" y="2.74166666667"/><point x="23.8069444444" y="3.23333333333"/><point x="24.4722222222" y="2.55555555556"/><point x="24.8263888889" y="2.19583333333"/><point x="24.5569444444" y="1.80833333333"/><point x="24.9861111111" y="1.54166666667"/><point x="25.6472222222" y="1.13194444444"/><point x="26.7361111111" y="0.75"/><point x="26.7361111111" y="1.52777777778"/></line>
    <line id="e307__OUT__">
      <frombox id="Storage2" port="1"/>
      <tojoint id="n449" port="0"/>
    <point x="26.7222222222" y="2.55555555556"/><point x="26.7222222222" y="3.32638888889"/><point x="25.3055555556" y="2.78472222222"/><point x="25.3055555556" y="3.55555555556"/></line>
    <line id="e306__IN__">
      <fromjoint id="n448" port="0"/>
      <tobox id="Storage27" port="0"/>
    <point x="23.4861111111" y="0.527777777778"/><point x="23.4861111111" y="0.972222222222"/><point x="23.4861111111" y="1.08333333333"/><point x="23.4861111111" y="1.52777777778"/></line>
    <line id="e306__OUT__">
      <frombox id="Storage27" port="0"/>
      <tojoint id="n449" port="1"/>
    <point x="23.4722222222" y="2.55555555556"/><point x="23.4722222222" y="3.70694444444"/><point x="25.8611111111" y="2.40416666667"/><point x="25.8611111111" y="3.55555555556"/></line>
    <line id="e316__IN__">
      <fromjoint id="n326" port="0"/>
      <tobox id="Storage28" port="0"/>
    <point x="4.56944444444" y="4.08333333333"/><point x="4.56944444444" y="4.52777777778"/><point x="4.56944444444" y="4.63888888889"/><point x="4.56944444444" y="5.08333333333"/></line>
    <line id="e316__OUT__">
      <frombox id="Storage28" port="0"/>
      <tojoint id="n456__IN__0" port="0"/>
    <point x="4.55555555556" y="6.11111111111"/><point x="4.55555555556" y="6.55555555556"/><point x="4.55555555556" y="6.66666666667"/><point x="4.55555555556" y="7.11111111111"/></line>
    <line id="e317__IN__">
      <fromjoint id="n456__OUT__0" port="0"/>
      <tobox id="Storage29" port="0"/>
    <point x="4.48611111111" y="14.75"/><point x="4.48611111111" y="15.1944444444"/><point x="4.48611111111" y="15.3055555556"/><point x="4.48611111111" y="15.75"/></line>
    <line id="e317__OUT__">
      <frombox id="Storage29" port="0"/>
      <tojoint id="n457" port="0"/>
    <point x="4.47222222222" y="16.7777777778"/><point x="4.47222222222" y="17.2222222222"/><point x="4.47222222222" y="17.3333333333"/><point x="4.47222222222" y="17.7777777778"/></line>
    <line id="e318__IN__">
      <fromjoint id="n456__OUT__1" port="0"/>
      <tobox id="Storage1" port="8"/>
    <point x="30.5416666667" y="7.63888888889"/><point x="30.5416666667" y="7.85555555556"/><point x="30.2055555556" y="7.78055555556"/><point x="30.0555555556" y="7.625"/><point x="29.2722222222" y="6.81944444444"/><point x="30.8763888889" y="5.89305555556"/><point x="30.0833333333" y="5.09722222222"/><point x="29.6958333333" y="4.70972222222"/><point x="25.1527777778" y="4.53611111111"/><point x="25.1527777778" y="5.08333333333"/></line>
    <line id="e318__OUT__">
      <frombox id="Storage1" port="8"/>
      <tojoint id="n458" port="0"/>
    <point x="25.1666666667" y="6.11111111111"/><point x="25.1666666667" y="7.76805555556"/><point x="32.5555555556" y="5.45416666667"/><point x="32.5555555556" y="7.11111111111"/></line>
    <line id="e319__IN__">
      <fromjoint id="n457" port="0"/>
      <tobox id="Storage31" port="0"/>
    <point x="4.45833333333" y="18.3055555556"/><point x="4.45833333333" y="18.75"/><point x="4.45833333333" y="18.8611111111"/><point x="4.45833333333" y="19.3055555556"/></line>
    <line id="e319__OUT__">
      <frombox id="Storage31" port="0"/>
      <tojoint id="n459__IN__0" port="0"/>
    <point x="4.44444444444" y="20.3333333333"/><point x="4.44444444444" y="20.8305555556"/><point x="4.94444444444" y="20.8361111111"/><point x="4.94444444444" y="21.3333333333"/></line>
    <line id="e320__IN__">
      <fromjoint id="n449" port="0"/>
      <tobox id="Storage2" port="2"/>
    <point x="25.5694444444" y="4.08333333333"/><point x="25.5694444444" y="4.52222222222"/><point x="24.8916666667" y="4.38194444444"/><point x="24.5833333333" y="4.06944444444"/><point x="24.1833333333" y="3.66388888889"/><point x="24.5472222222" y="1.90416666667"/><point x="24.9861111111" y="1.54166666667"/><point x="25.4125" y="1.19027777778"/><point x="27.4722222222" y="0.975"/><point x="27.4722222222" y="1.52777777778"/></line>
    <line id="e320__OUT__">
      <frombox id="Storage2" port="2"/>
      <tojoint id="n460" port="0"/>
    <point x="27.4722222222" y="2.55555555556"/><point x="27.4722222222" y="3.21944444444"/><point x="28.5833333333" y="2.89166666667"/><point x="28.5833333333" y="3.55555555556"/></line>
    <line id="e321__IN__">
      <fromjoint id="n460" port="1"/>
      <tobox id="Storage2" port="3"/>
    <point x="28.875" y="4.08333333333"/><point x="28.875" y="4.39861111111"/><point x="29.3361111111" y="4.26388888889"/><point x="29.5833333333" y="4.06944444444"/><point x="29.6125" y="4.04583333333"/><point x="30.4277777778" y="1.98611111111"/><point x="29.9861111111" y="1.54166666667"/><point x="29.7097222222" y="1.26388888889"/><point x="28.2222222222" y="1.13611111111"/><point x="28.2222222222" y="1.52777777778"/></line>
    <line id="e321__OUT__">
      <frombox id="Storage2" port="3"/>
      <tojoint id="n459__IN__1" port="0"/>
    <point x="28.2361111111" y="2.55555555556"/><point x="28.2361111111" y="4.75555555556"/><point x="33.0833333333" y="1.35555555556"/><point x="33.0833333333" y="3.55555555556"/></line>
    <line id="e322__IN__">
      <fromjoint id="n459__OUT__0" port="0"/>
      <tobox id="Storage34" port="0"/>
    <point x="4.88888888889" y="28.9722222222"/><point x="4.88888888889" y="29.4166666667"/><point x="4.88888888889" y="29.5277777778"/><point x="4.88888888889" y="29.9722222222"/></line>
    <line id="e322__OUT__">
      <frombox id="Storage34" port="0"/>
      <tojoint id="n461" port="0"/>
    <point x="4.875" y="31.0"/><point x="4.875" y="31.4444444444"/><point x="4.875" y="31.5555555556"/><point x="4.875" y="32.0"/></line>
    <line id="e758__IN__">
      <fromjoint id="n458" port="0"/>
      <tobox id="Storage1" port="9"/>
    <point x="32.5416666667" y="7.63888888889"/><point x="32.5416666667" y="7.85555555556"/><point x="32.2486111111" y="7.72222222222"/><point x="32.0555555556" y="7.625"/><point x="31.4194444444" y="7.30277777778"/><point x="30.7236111111" y="5.41111111111"/><point x="30.0833333333" y="5.09722222222"/><point x="29.6777777778" y="4.89861111111"/><point x="26.0138888889" y="4.63055555556"/><point x="26.0138888889" y="5.08333333333"/></line>
    <line id="e758__OUT__">
      <frombox id="Storage1" port="9"/>
      <tojoint id="n848" port="0"/>
    <point x="26.0416666667" y="6.11111111111"/><point x="26.0416666667" y="8.01666666667"/><point x="34.5555555556" y="5.20555555556"/><point x="34.5555555556" y="7.11111111111"/></line>
    <line id="e781__IN__">
      <fromjoint id="n460" port="0"/>
      <tobox id="Storage2" port="4"/>
    <point x="28.2916666667" y="4.08333333333"/><point x="28.2916666667" y="4.48611111111"/><point x="26.7333333333" y="4.83055555556"/><point x="27.5833333333" y="3.55555555556"/><point x="28.225" y="2.59305555556"/><point x="29.3444444444" y="3.51805555556"/><point x="29.9861111111" y="2.55555555556"/><point x="30.2361111111" y="2.18055555556"/><point x="30.3027777778" y="1.8625"/><point x="29.9861111111" y="1.54166666667"/><point x="29.6652777778" y="1.21666666667"/><point x="28.9583333333" y="1.07083333333"/><point x="28.9583333333" y="1.52777777778"/></line>
    <line id="e781__OUT__">
      <frombox id="Storage2" port="4"/>
      <tojoint id="n871" port="0"/>
    <point x="29.0" y="2.55555555556"/><point x="29.0" y="5.29583333333"/><point x="35.0833333333" y="0.815277777778"/><point x="35.0833333333" y="3.55555555556"/></line>
    <line id="e803__IN__">
      <fromjoint id="n461" port="0"/>
      <tobox id="Storage37" port="0"/>
    <point x="4.86111111111" y="32.5277777778"/><point x="4.86111111111" y="32.9722222222"/><point x="4.86111111111" y="33.0833333333"/><point x="4.86111111111" y="33.5277777778"/></line>
    <line id="e803__OUT__">
      <frombox id="Storage37" port="0"/>
      <tojoint id="n325__IN__0" port="0"/>
    <point x="4.84722222222" y="34.5555555556"/><point x="4.84722222222" y="35.0"/><point x="4.84722222222" y="35.1111111111"/><point x="4.84722222222" y="35.5555555556"/></line>
    <line id="e309__OUT__CPY">
      <fromjoint id="n451__IN__0" port="0"/>
      <tobox id="Storage18" port="1"/>
    <point x="2.54166666667" y="7.63888888889"/><point x="2.54166666667" y="8.08333333333"/><point x="2.54166666667" y="8.19444444444"/><point x="2.54166666667" y="8.63888888889"/></line>
    <line id="e310__IN__CPY">
      <frombox id="Storage20" port="1"/>
      <tojoint id="n451__OUT__0" port="0"/>
    <point x="2.5" y="13.2222222222"/><point x="2.5" y="13.6666666667"/><point x="2.5" y="13.7777777778"/><point x="2.5" y="14.2222222222"/></line>
    <line id="e311__IN__CPY">
      <frombox id="Storage1" port="10"/>
      <tojoint id="n451__OUT__1" port="0"/>
    <point x="26.9583333333" y="6.11111111111"/><point x="26.9583333333" y="8.65416666667"/><point x="15.5555555556" y="4.56805555556"/><point x="15.5555555556" y="7.11111111111"/></line>
    <line id="e316__OUT__CPY">
      <fromjoint id="n456__IN__0" port="0"/>
      <tobox id="Storage18" port="2"/>
    <point x="4.54166666667" y="7.63888888889"/><point x="4.54166666667" y="8.38888888889"/><point x="3.18055555556" y="7.88888888889"/><point x="3.18055555556" y="8.63888888889"/></line>
    <line id="e317__IN__CPY">
      <frombox id="Storage20" port="2"/>
      <tojoint id="n456__OUT__0" port="0"/>
    <point x="3.16666666667" y="13.2222222222"/><point x="3.16666666667" y="13.9625"/><point x="4.5" y="13.4819444444"/><point x="4.5" y="14.2222222222"/></line>
    <line id="e318__IN__CPY">
      <frombox id="Storage1" port="11"/>
      <tojoint id="n456__OUT__1" port="0"/>
    <point x="27.9166666667" y="6.11111111111"/><point x="27.9166666667" y="7.36527777778"/><point x="30.5555555556" y="5.85694444444"/><point x="30.5555555556" y="7.11111111111"/></line>
    <line id="e319__OUT__CPY">
      <fromjoint id="n459__IN__0" port="0"/>
      <tobox id="Storage21" port="1"/>
    <point x="4.93055555556" y="21.8611111111"/><point x="4.93055555556" y="22.4093055556"/><point x="4.20833333333" y="22.3129166667"/><point x="4.20833333333" y="22.8611111111"/></line>
    <line id="e321__OUT__CPY">
      <fromjoint id="n459__IN__1" port="0"/>
      <tobox id="Storage1" port="12"/>
    <point x="33.0694444444" y="4.08333333333"/><point x="33.0694444444" y="6.01805555556"/><point x="28.8333333333" y="3.14861111111"/><point x="28.8333333333" y="5.08333333333"/></line>
    <line id="e322__IN__CPY">
      <frombox id="Storage23" port="1"/>
      <tojoint id="n459__OUT__0" port="0"/>
    <point x="4.19444444444" y="27.4444444444"/><point x="4.19444444444" y="27.9890277778"/><point x="4.90277777778" y="27.8998611111"/><point x="4.90277777778" y="28.4444444444"/></line>
  </level>
</graph>