<graph id="world">
  <level id="Storage">
    <box height="1.01" id="Storage0" lines="3" width="3.0" x="8.42" y="5.59"/>
    <box height="1.01" id="Storage1" lines="13" width="13.0" x="23.58" y="5.59"/>
    <box height="1.01" id="Storage2" lines="5" width="5.0" x="27.49" y="2.04"/>
    <box height="1.01" id="Storage3" lines="1" width="1.0" x="2.6" y="2.04"/>
    <box height="1.01" id="Storage5" lines="1" width="1.0" x="2.57" y="5.59"/>
    <box height="1.01" id="Storage6" lines="1" width="1.0" x="2.49" y="16.26"/>
    <box height="1.01" id="Storage13" lines="1" width="1.0" x="1.46" y="19.82"/>
    <box height="1.01" id="Storage14" lines="1" width="1.0" x="38.96" y="2.04"/>
    <box height="1.01" id="Storage17" lines="1" width="1.0" x="38.93" y="5.59"/>
    <box height="1.01" id="Storage18" lines="3" width="3.0" x="2.56" y="9.15"/>
    <box height="1.01" id="Storage20" lines="3" width="3.0" x="2.51" y="12.7"/>
    <box height="1.01" id="Storage21" lines="2" width="2.0" x="3.93" y="23.37"/>
    <box height="1.01" id="Storage23" lines="2" width="2.0" x="3.9" y="26.93"/>
    <box height="1.01" id="Storage24" lines="1" width="1.0" x="4.6" y="2.04"/>
    <box height="1.01" id="Storage27" lines="1" width="1.0" x="23.49" y="2.04"/>
    <box height="1.01" id="Storage28" lines="1" width="1.0" x="4.57" y="5.59"/>
    <box height="1.01" id="Storage29" lines="1" width="1.0" x="4.49" y="16.26"/>
    <box height="1.01" id="Storage31" lines="1" width="1.0" x="4.46" y="19.82"/>
    <box height="1.01" id="Storage34" lines="1" width="1.0" x="4.89" y="30.48"/>
    <box height="1.01" id="Storage37" lines="1" width="1.0" x="4.86" y="34.04"/>
    <joint height="0.51" id="n202__OUT__0" inputs="0" outputs="1" width="1.0" x="2.61" y="0.26"/>
    <joint height="0.51" id="n203__IN__0" inputs="1" outputs="0" width="1.0" x="0.94" y="21.59"/>
    <joint height="0.51" id="n203__IN__1" inputs="1" outputs="0" width="1.0" x="11.56" y="7.37"/>
    <joint height="0.51" id="n204" inputs="1" outputs="1" width="1.0" x="2.58" y="3.82"/>
    <joint height="0.51" id="n205" inputs="0" outputs="1" width="1.0" x="7.79" y="3.82"/>
    <joint height="0.51" id="n206" inputs="1" outputs="1" width="1.0" x="6.56" y="7.37"/>
    <joint height="0.51" id="n451__IN__0" inputs="1" outputs="1" width="1.0" x="2.56" y="7.37"/>
    <joint height="0.51" id="n451__OUT__0" inputs="1" outputs="1" width="1.0" x="2.5" y="14.48"/>
    <joint height="0.51" id="n451__OUT__1" inputs="1" outputs="1" width="1.0" x="15.56" y="7.37"/>
    <joint height="0.51" id="n452" inputs="1" outputs="1" width="1.0" x="2.47" y="18.04"/>
    <joint height="0.51" id="n453" inputs="1" outputs="1" width="1.0" x="13.56" y="7.37"/>
    <joint height="0.51" id="n454" inputs="2" outputs="1" width="2.0" x="9.06" y="7.37"/>
    <joint height="0.51" id="n455" inputs="1" outputs="2" width="2.0" x="18.06" y="7.37"/>
    <joint height="0.51" id="n882" inputs="1" outputs="0" width="1.0" x="20.56" y="7.37"/>
    <joint height="0.51" id="n261__OUT__0" inputs="0" outputs="1" width="1.0" x="38.97" y="0.26"/>
    <joint height="0.51" id="n261__OUT__1" inputs="0" outputs="1" width="1.0" x="19.08" y="3.82"/>
    <joint height="0.51" id="n262__IN__0" inputs="1" outputs="0" width="1.0" x="38.92" y="7.37"/>
    <joint height="0.51" id="n263" inputs="1" outputs="1" width="1.0" x="38.94" y="3.82"/>
    <joint height="0.51" id="n264" inputs="1" outputs="1" width="1.0" x="24.56" y="7.37"/>
    <joint height="0.51" id="n824" inputs="1" outputs="0" width="1.0" x="22.56" y="7.37"/>
    <joint height="0.51" id="n265__OUT__0" inputs="0" outputs="1" width="1.0" x="0.56" y="7.37"/>
    <joint height="0.51" id="n266__IN__0" inputs="1" outputs="0" width="1.0" x="0.5" y="14.48"/>
    <joint height="0.51" id="n266__IN__1" inputs="1" outputs="0" width="1.0" x="26.56" y="7.37"/>
    <joint height="0.51" id="n267" inputs="1" outputs="1" width="1.0" x="1.89" y="10.93"/>
    <joint height="0.51" id="n268" inputs="0" outputs="1" width="1.0" x="21.08" y="3.82"/>
    <joint height="0.51" id="n269__OUT__0" inputs="0" outputs="1" width="1.0" x="2.94" y="21.59"/>
    <joint height="0.51" id="n269__OUT__1" inputs="0" outputs="1" width="1.0" x="31.08" y="3.82"/>
    <joint height="0.51" id="n270__IN__0" inputs="1" outputs="0" width="1.0" x="2.9" y="28.7"/>
    <joint height="0.51" id="n271" inputs="1" outputs="1" width="1.0" x="3.64" y="25.15"/>
    <joint height="0.51" id="n272" inputs="1" outputs="0" width="1.0" x="28.56" y="7.37"/>
    <joint height="0.51" id="n324__OUT__0" inputs="0" outputs="1" width="1.0" x="4.61" y="0.26"/>
    <joint height="0.51" id="n324__OUT__1" inputs="0" outputs="1" width="1.0" x="26.01" y="0.26"/>
    <joint height="0.51" id="n325__IN__0" inputs="1" outputs="0" width="1.0" x="4.85" y="35.82"/>
    <joint height="0.51" id="n326" inputs="1" outputs="1" width="1.0" x="4.58" y="3.82"/>
    <joint height="0.51" id="n327" inputs="1" outputs="1" width="1.0" x="23.08" y="3.82"/>
    <joint height="0.51" id="n448" inputs="0" outputs="1" width="1.0" x="23.5" y="0.26"/>
    <joint height="0.51" id="n449" inputs="2" outputs="1" width="2.0" x="25.58" y="3.82"/>
    <joint height="0.51" id="n456__IN__0" inputs="1" outputs="1" width="1.0" x="4.56" y="7.37"/>
    <joint height="0.51" id="n456__OUT__0" inputs="1" outputs="1" width="1.0" x="4.5" y="14.48"/>
    <joint height="0.51" id="n456__OUT__1" inputs="1" outputs="1" width="1.0" x="30.56" y="7.37"/>
    <joint height="0.51" id="n457" inputs="1" outputs="1" width="1.0" x="4.47" y="18.04"/>
    <joint height="0.51" id="n458" inputs="1" outputs="1" width="1.0" x="32.56" y="7.37"/>
    <joint height="0.51" id="n459__IN__0" inputs="1" outputs="1" width="1.0" x="4.94" y="21.59"/>
    <joint height="0.51" id="n459__IN__1" inputs="1" outputs="1" width="1.0" x="33.08" y="3.82"/>
    <joint height="0.51" id="n459__OUT__0" inputs="1" outputs="1" width="1.0" x="4.9" y="28.7"/>
    <joint height="0.51" id="n460" inputs="1" outputs="2" width="2.0" x="28.58" y="3.82"/>
    <joint height="0.51" id="n461" inputs="1" outputs="1" width="1.0" x="4.88" y="32.26"/>
    <joint height="0.51" id="n848" inputs="1" outputs="0" width="1.0" x="34.56" y="7.37"/>
    <joint height="0.51" id="n871" inputs="1" outputs="0" width="1.0" x="35.08" y="3.82"/>
    <line id="e100__IN__">
      <fromjoint id="n202__OUT__0" port="0"/>
      <tobox id="Storage3" port="0"/>
    <point x="2.6" y="0.52"/><point x="2.6" y="1.52"/></line>
    <line id="e100__OUT__">
      <frombox id="Storage3" port="0"/>
      <tojoint id="n204" port="0"/>
    <point x="2.6" y="2.55"/><point x="2.58" y="3.55"/></line>
    <line id="e101__IN__">
      <fromjoint id="n205" port="0"/>
      <tobox id="Storage0" port="0"/>
    <point x="7.78" y="4.08"/><point x="7.78" y="5.08"/></line>
    <line id="e101__OUT__">
      <frombox id="Storage0" port="0"/>
      <tojoint id="n206" port="0"/>
    <point x="7.78" y="6.11"/><point x="6.56" y="7.11"/></line>
    <line id="e309__IN__">
      <fromjoint id="n204" port="0"/>
      <tobox id="Storage5" port="0"/>
    <point x="2.57" y="4.08"/><point x="2.57" y="5.08"/></line>
    <line id="e309__OUT__">
      <frombox id="Storage5" port="0"/>
      <tojoint id="n451__IN__0" port="0"/>
    <point x="2.57" y="6.11"/><point x="2.56" y="7.11"/></line>
    <line id="e310__IN__">
      <fromjoint id="n451__OUT__0" port="0"/>
      <tobox id="Storage6" port="0"/>
    <point x="2.49" y="14.75"/><point x="2.49" y="15.75"/></line>
    <line id="e310__OUT__">
      <frombox id="Storage6" port="0"/>
      <tojoint id="n452" port="0"/>
    <point x="2.49" y="16.77"/><point x="2.47" y="17.77"/></line>
    <line id="e311__IN__">
      <fromjoint id="n451__OUT__1" port="0"/>
      <tobox id="Storage1" port="0"/>
    <point x="15.54" y="7.64"/><point x="18.28" y="5.08"/></line>
    <line id="e311__OUT__">
      <frombox id="Storage1" port="0"/>
      <tojoint id="n453" port="0"/>
    <point x="18.28" y="6.11"/><point x="13.56" y="7.11"/></line>
    <line id="e312__IN__">
      <fromjoint id="n453" port="0"/>
      <tobox id="Storage1" port="1"/>
    <point x="13.54" y="7.64"/><point x="19.14" y="5.08"/></line>
    <line id="e312__OUT__">
      <frombox id="Storage1" port="1"/>
      <tojoint id="n455" port="0"/>
    <point x="19.14" y="6.11"/><point x="18.06" y="7.11"/></line>
    <line id="e313__IN__">
      <fromjoint id="n206" port="0"/>
      <tobox id="Storage0" port="1"/>
    <point x="6.54" y="7.64"/><point x="8.4" y="5.08"/></line>
    <line id="e313__OUT__">
      <frombox id="Storage0" port="1"/>
      <tojoint id="n454" port="0"/>
    <point x="8.4" y="6.11"/><point x="8.78" y="7.11"/></line>
    <line id="e314__IN__">
      <fromjoint id="n455" port="1"/>
      <tobox id="Storage1" port="2"/>
    <point x="18.35" y="7.64"/><point x="20.0" y="5.08"/></line>
    <line id="e314__OUT__">
      <frombox id="Storage1" port="2"/>
      <tojoint id="n454" port="1"/>
    <point x="20.0" y="6.11"/><point x="9.33" y="7.11"/></line>
    <line id="e315__IN__">
      <fromjoint id="n454" port="0"/>
      <tobox id="Storage0" port="2"/>
    <point x="9.04" y="7.64"/><point x="9.04" y="5.08"/></line>
    <line id="e315__OUT__">
      <frombox id="Storage0" port="2"/>
      <tojoint id="n203__IN__1" port="0"/>
    <point x="9.04" y="6.11"/><point x="11.56" y="7.11"/></line>
    <line id="e792__IN__">
      <fromjoint id="n455" port="0"/>
      <tobox id="Storage1" port="3"/>
    <point x="17.76" y="7.64"/><point x="20.86" y="5.08"/></line>
    <line id="e792__OUT__">
      <frombox id="Storage1" port="3"/>
      <tojoint id="n882" port="0"/>
    <point x="20.86" y="6.11"/><point x="20.56" y="7.11"/></line>
    <line id="e837__IN__">
      <fromjoint id="n452" port="0"/>
      <tobox id="Storage13" port="0"/>
    <point x="2.46" y="18.3"/><point x="1.46" y="19.3"/></line>
    <line id="e837__OUT__">
      <frombox id="Storage13" port="0"/>
      <tojoint id="n203__IN__0" port="0"/>
    <point x="1.46" y="20.33"/><point x="0.94" y="21.33"/></line>
    <line id="e131__IN__">
      <fromjoint id="n261__OUT__0" port="0"/>
      <tobox id="Storage14" port="0"/>
    <point x="38.96" y="0.52"/><point x="38.96" y="1.52"/></line>
    <line id="e131__OUT__">
      <frombox id="Storage14" port="0"/>
      <tojoint id="n263" port="0"/>
    <point x="38.96" y="2.55"/><point x="38.94" y="3.55"/></line>
    <line id="e132__IN__">
      <fromjoint id="n261__OUT__1" port="0"/>
      <tobox id="Storage1" port="4"/>
    <point x="19.07" y="4.08"/><point x="21.71" y="5.08"/></line>
    <line id="e132__OUT__">
      <frombox id="Storage1" port="4"/>
      <tojoint id="n264" port="0"/>
    <point x="21.71" y="6.11"/><point x="24.56" y="7.11"/></line>
    <line id="e734__IN__">
      <fromjoint id="n264" port="0"/>
      <tobox id="Storage1" port="5"/>
    <point x="24.54" y="7.64"/><point x="22.57" y="5.08"/></line>
    <line id="e734__OUT__">
      <frombox id="Storage1" port="5"/>
      <tojoint id="n824" port="0"/>
    <point x="22.57" y="6.11"/><point x="22.56" y="7.11"/></line>
    <line id="e852__IN__">
      <fromjoint id="n263" port="0"/>
      <tobox id="Storage17" port="0"/>
    <point x="38.93" y="4.08"/><point x="38.93" y="5.08"/></line>
    <line id="e852__OUT__">
      <frombox id="Storage17" port="0"/>
      <tojoint id="n262__IN__0" port="0"/>
    <point x="38.93" y="6.11"/><point x="38.92" y="7.11"/></line>
    <line id="e133__IN__">
      <fromjoint id="n265__OUT__0" port="0"/>
      <tobox id="Storage18" port="0"/>
    <point x="0.54" y="7.64"/><point x="1.92" y="8.64"/></line>
    <line id="e133__OUT__">
      <frombox id="Storage18" port="0"/>
      <tojoint id="n267" port="0"/>
    <point x="1.92" y="9.66"/><point x="1.89" y="10.66"/></line>
    <line id="e134__IN__">
      <fromjoint id="n268" port="0"/>
      <tobox id="Storage1" port="6"/>
    <point x="21.07" y="4.08"/><point x="23.43" y="5.08"/></line>
    <line id="e134__OUT__">
      <frombox id="Storage1" port="6"/>
      <tojoint id="n266__IN__1" port="0"/>
    <point x="23.43" y="6.11"/><point x="26.56" y="7.11"/></line>
    <line id="e841__IN__">
      <fromjoint id="n267" port="0"/>
      <tobox id="Storage20" port="0"/>
    <point x="1.88" y="11.19"/><point x="1.88" y="12.19"/></line>
    <line id="e841__OUT__">
      <frombox id="Storage20" port="0"/>
      <tojoint id="n266__IN__0" port="0"/>
    <point x="1.88" y="13.22"/><point x="0.5" y="14.22"/></line>
    <line id="e135__IN__">
      <fromjoint id="n269__OUT__0" port="0"/>
      <tobox id="Storage21" port="0"/>
    <point x="2.93" y="21.86"/><point x="3.65" y="22.86"/></line>
    <line id="e135__OUT__">
      <frombox id="Storage21" port="0"/>
      <tojoint id="n271" port="0"/>
    <point x="3.65" y="23.89"/><point x="3.64" y="24.89"/></line>
    <line id="e136__IN__">
      <fromjoint id="n269__OUT__1" port="0"/>
      <tobox id="Storage1" port="7"/>
    <point x="31.07" y="4.08"/><point x="24.29" y="5.08"/></line>
    <line id="e136__OUT__">
      <frombox id="Storage1" port="7"/>
      <tojoint id="n272" port="0"/>
    <point x="24.29" y="6.11"/><point x="28.56" y="7.11"/></line>
    <line id="e819__IN__">
      <fromjoint id="n271" port="0"/>
      <tobox id="Storage23" port="0"/>
    <point x="3.63" y="25.41"/><point x="3.63" y="26.41"/></line>
    <line id="e819__OUT__">
      <frombox id="Storage23" port="0"/>
      <tojoint id="n270__IN__0" port="0"/>
    <point x="3.63" y="27.44"/><point x="2.9" y="28.44"/></line>
    <line id="e165__IN__">
      <fromjoint id="n324__OUT__0" port="0"/>
      <tobox id="Storage24" port="0"/>
    <point x="4.6" y="0.52"/><point x="4.6" y="1.52"/></line>
    <line id="e165__OUT__">
      <frombox id="Storage24" port="0"/>
      <tojoint id="n326" port="0"/>
    <point x="4.6" y="2.55"/><point x="4.58" y="3.55"/></line>
    <line id="e166__IN__">
      <fromjoint id="n324__OUT__1" port="0"/>
      <tobox id="Storage2" port="0"/>
    <point x="26.0" y="0.52"/><point x="26.0" y="1.52"/></line>
    <line id="e166__OUT__">
      <frombox id="Storage2" port="0"/>
      <tojoint id="n327" port="0"/>
    <point x="26.0" y="2.55"/><point x="23.08" y="3.55"/></line>
    <line id="e307__IN__">
      <fromjoint id="n327" port="0"/>
      <tobox id="Storage2" port="1"/>
    <point x="23.07" y="4.08"/><point x="26.74" y="1.52"/></line>
    <line id="e307__OUT__">
      <frombox id="Storage2" port="1"/>
      <tojoint id="n449" port="0"/>
    <point x="26.74" y="2.55"/><point x="25.31" y="3.55"/></line>
    <line id="e306__IN__">
      <fromjoint id="n448" port="0"/>
      <tobox id="Storage27" port="0"/>
    <point x="23.49" y="0.52"/><point x="23.49" y="1.52"/></line>
    <line id="e306__OUT__">
      <frombox id="Storage27" port="0"/>
      <tojoint id="n449" port="1"/>
    <point x="23.49" y="2.55"/><point x="25.86" y="3.55"/></line>
    <line id="e316__IN__">
      <fromjoint id="n326" port="0"/>
      <tobox id="Storage28" port="0"/>
    <point x="4.57" y="4.08"/><point x="4.57" y="5.08"/></line>
    <line id="e316__OUT__">
      <frombox id="Storage28" port="0"/>
      <tojoint id="n456__IN__0" port="0"/>
    <point x="4.57" y="6.11"/><point x="4.56" y="7.11"/></line>
    <line id="e317__IN__">
      <fromjoint id="n456__OUT__0" port="0"/>
      <tobox id="Storage29" port="0"/>
    <point x="4.49" y="14.75"/><point x="4.49" y="15.75"/></line>
    <line id="e317__OUT__">
      <frombox id="Storage29" port="0"/>
      <tojoint id="n457" port="0"/>
    <point x="4.49" y="16.77"/><point x="4.47" y="17.77"/></line>
    <line id="e318__IN__">
      <fromjoint id="n456__OUT__1" port="0"/>
      <tobox id="Storage1" port="8"/>
    <point x="30.54" y="7.64"/><point x="25.15" y="5.08"/></line>
    <line id="e318__OUT__">
      <frombox id="Storage1" port="8"/>
      <tojoint id="n458" port="0"/>
    <point x="25.15" y="6.11"/><point x="32.56" y="7.11"/></line>
    <line id="e319__IN__">
      <fromjoint id="n457" port="0"/>
      <tobox id="Storage31" port="0"/>
    <point x="4.46" y="18.3"/><point x="4.46" y="19.3"/></line>
    <line id="e319__OUT__">
      <frombox id="Storage31" port="0"/>
      <tojoint id="n459__IN__0" port="0"/>
    <point x="4.46" y="20.33"/><point x="4.94" y="21.33"/></line>
    <line id="e320__IN__">
      <fromjoint id="n449" port="0"/>
      <tobox id="Storage2" port="2"/>
    <point x="25.57" y="4.08"/><point x="27.47" y="1.52"/></line>
    <line id="e320__OUT__">
      <frombox id="Storage2" port="2"/>
      <tojoint id="n460" port="0"/>
    <point x="27.47" y="2.55"/><point x="28.58" y="3.55"/></line>
    <line id="e321__IN__">
      <fromjoint id="n460" port="1"/>
      <tobox id="Storage2" port="3"/>
    <point x="28.88" y="4.08"/><point x="28.22" y="1.52"/></line>
    <line id="e321__OUT__">
      <frombox id="Storage2" port="3"/>
      <tojoint id="n459__IN__1" port="0"/>
    <point x="28.22" y="2.55"/><point x="33.08" y="3.55"/></line>
    <line id="e322__IN__">
      <fromjoint id="n459__OUT__0" port="0"/>
      <tobox id="Storage34" port="0"/>
    <point x="4.89" y="28.97"/><point x="4.89" y="29.97"/></line>
    <line id="e322__OUT__">
      <frombox id="Storage34" port="0"/>
      <tojoint id="n461" port="0"/>
    <point x="4.89" y="31.0"/><point x="4.88" y="32.0"/></line>
    <line id="e758__IN__">
      <fromjoint id="n458" port="0"/>
      <tobox id="Storage1" port="9"/>
    <point x="32.54" y="7.64"/><point x="26.01" y="5.08"/></line>
    <line id="e758__OUT__">
      <frombox id="Storage1" port="9"/>
      <tojoint id="n848" port="0"/>
    <point x="26.01" y="6.11"/><point x="34.56" y="7.11"/></line>
    <line id="e781__IN__">
      <fromjoint id="n460" port="0"/>
      <tobox id="Storage2" port="4"/>
    <point x="28.29" y="4.08"/><point x="28.96" y="1.52"/></line>
    <line id="e781__OUT__">
      <frombox id="Storage2" port="4"/>
      <tojoint id="n871" port="0"/>
    <point x="28.96" y="2.55"/><point x="35.08" y="3.55"/></line>
    <line id="e803__IN__">
      <fromjoint id="n461" port="0"/>
      <tobox id="Storage37" port="0"/>
    <point x="4.86" y="32.52"/><point x="4.86" y="33.52"/></line>
    <line id="e803__OUT__">
      <frombox id="Storage37" port="0"/>
      <tojoint id="n325__IN__0" port="0"/>
    <point x="4.86" y="34.55"/><point x="4.85" y="35.55"/></line>
    <line id="e309__OUT__CPY">
      <fromjoint id="n451__IN__0" port="0"/>
      <tobox id="Storage18" port="1"/>
    <point x="2.54" y="7.64"/><point x="2.54" y="8.64"/></line>
    <line id="e310__IN__CPY">
      <frombox id="Storage20" port="1"/>
      <tojoint id="n451__OUT__0" port="0"/>
    <point x="2.5" y="13.22"/><point x="2.5" y="14.22"/></line>
    <line id="e311__IN__CPY">
      <frombox id="Storage1" port="10"/>
      <tojoint id="n451__OUT__1" port="0"/>
    <point x="26.96" y="6.11"/><point x="15.56" y="7.11"/></line>
    <line id="e316__OUT__CPY">
      <fromjoint id="n456__IN__0" port="0"/>
      <tobox id="Storage18" port="2"/>
    <point x="4.54" y="7.64"/><point x="3.18" y="8.64"/></line>
    <line id="e317__IN__CPY">
      <frombox id="Storage20" port="2"/>
      <tojoint id="n456__OUT__0" port="0"/>
    <point x="3.17" y="13.22"/><point x="4.5" y="14.22"/></line>
    <line id="e318__IN__CPY">
      <frombox id="Storage1" port="11"/>
      <tojoint id="n456__OUT__1" port="0"/>
    <point x="27.92" y="6.11"/><point x="30.56" y="7.11"/></line>
    <line id="e319__OUT__CPY">
      <fromjoint id="n459__IN__0" port="0"/>
      <tobox id="Storage21" port="1"/>
    <point x="4.93" y="21.86"/><point x="4.21" y="22.86"/></line>
    <line id="e321__OUT__CPY">
      <fromjoint id="n459__IN__1" port="0"/>
      <tobox id="Storage1" port="12"/>
    <point x="33.07" y="4.08"/><point x="28.83" y="5.08"/></line>
    <line id="e322__IN__CPY">
      <frombox id="Storage23" port="1"/>
      <tojoint id="n459__OUT__0" port="0"/>
    <point x="4.19" y="27.44"/><point x="4.9" y="28.44"/></line>
  </level>
</graph>