<graph id="world">
  <level id="UserData">
    <box height="1.0139" id="UserData0" lines="3" width="3.0" x="8.41666666667" y="5.59722222222"/>
    <box height="1.0139" id="UserData1" lines="13" width="13.0" x="23.5833333333" y="5.59722222222"/>
    <box height="1.0139" id="UserData2" lines="4" width="4.0" x="26.0972222222" y="2.04166666667"/>
    <box height="1.0139" id="UserData3" lines="1" width="1.0" x="2.59722222222" y="2.04166666667"/>
    <box height="1.0139" id="UserData5" lines="1" width="1.0" x="2.56944444444" y="5.59722222222"/>
    <box height="1.0139" id="UserData6" lines="1" width="1.0" x="2.48611111111" y="16.2638888889"/>
    <box height="1.0139" id="UserData13" lines="1" width="1.0" x="1.45833333333" y="19.8194444444"/>
    <box height="1.0139" id="UserData14" lines="1" width="1.0" x="36.5972222222" y="2.04166666667"/>
    <box height="1.0139" id="UserData17" lines="1" width="1.0" x="36.5694444444" y="5.59722222222"/>
    <box height="1.0139" id="UserData18" lines="3" width="3.0" x="2.55555555556" y="9.15277777778"/>
    <box height="1.0139" id="UserData20" lines="3" width="3.0" x="2.51388888889" y="12.7083333333"/>
    <box height="1.0139" id="UserData21" lines="2" width="2.0" x="3.93055555556" y="23.375"/>
    <box height="1.0139" id="UserData23" lines="2" width="2.0" x="3.90277777778" y="26.9305555556"/>
    <box height="1.0139" id="UserData24" lines="1" width="1.0" x="4.59722222222" y="2.04166666667"/>
    <box height="1.0139" id="UserData26" lines="1" width="1.0" x="4.56944444444" y="5.59722222222"/>
    <box height="1.0139" id="UserData27" lines="1" width="1.0" x="4.48611111111" y="16.2638888889"/>
    <box height="1.0139" id="UserData29" lines="1" width="1.0" x="4.45833333333" y="19.8194444444"/>
    <box height="1.0139" id="UserData32" lines="1" width="1.0" x="4.88888888889" y="30.4861111111"/>
    <box height="1.0139" id="UserData35" lines="1" width="1.0" x="4.86111111111" y="34.0416666667"/>
    <joint height="0.51389" id="n12__OUT__0" inputs="0" outputs="1" width="1.0" x="2.61111111111" y="0.263888888889"/>
    <joint height="0.51389" id="n13__IN__0" inputs="1" outputs="0" width="1.0" x="0.944444444444" y="21.5972222222"/>
    <joint height="0.51389" id="n13__IN__1" inputs="1" outputs="0" width="1.0" x="11.5555555556" y="7.375"/>
    <joint height="0.51389" id="n14" inputs="1" outputs="1" width="1.0" x="2.58333333333" y="3.81944444444"/>
    <joint height="0.51389" id="n15" inputs="0" outputs="1" width="1.0" x="7.79166666667" y="3.81944444444"/>
    <joint height="0.51389" id="n16" inputs="1" outputs="1" width="1.0" x="6.55555555556" y="7.375"/>
    <joint height="0.51389" id="n468__IN__0" inputs="1" outputs="1" width="1.0" x="2.55555555556" y="7.375"/>
    <joint height="0.51389" id="n468__OUT__0" inputs="1" outputs="1" width="1.0" x="2.5" y="14.4861111111"/>
    <joint height="0.51389" id="n468__OUT__1" inputs="1" outputs="1" width="1.0" x="15.5555555556" y="7.375"/>
    <joint height="0.51389" id="n469" inputs="1" outputs="1" width="1.0" x="2.47222222222" y="18.0416666667"/>
    <joint height="0.51389" id="n470" inputs="1" outputs="1" width="1.0" x="13.5555555556" y="7.375"/>
    <joint height="0.51389" id="n471" inputs="2" outputs="1" width="2.0" x="9.05555555556" y="7.375"/>
    <joint height="0.51389" id="n472" inputs="1" outputs="2" width="2.0" x="18.0555555556" y="7.375"/>
    <joint height="0.51389" id="n775" inputs="1" outputs="0" width="1.0" x="20.5555555556" y="7.375"/>
    <joint height="0.51389" id="n57__OUT__0" inputs="0" outputs="1" width="1.0" x="36.6111111111" y="0.263888888889"/>
    <joint height="0.51389" id="n57__OUT__1" inputs="0" outputs="1" width="1.0" x="19.6527777778" y="3.81944444444"/>
    <joint height="0.51389" id="n58__IN__0" inputs="1" outputs="0" width="1.0" x="36.5555555556" y="7.375"/>
    <joint height="0.51389" id="n59" inputs="1" outputs="1" width="1.0" x="36.5833333333" y="3.81944444444"/>
    <joint height="0.51389" id="n60" inputs="1" outputs="1" width="1.0" x="24.5555555556" y="7.375"/>
    <joint height="0.51389" id="n833" inputs="1" outputs="0" width="1.0" x="22.5555555556" y="7.375"/>
    <joint height="0.51389" id="n61__OUT__0" inputs="0" outputs="1" width="1.0" x="0.555555555556" y="7.375"/>
    <joint height="0.51389" id="n62__IN__0" inputs="1" outputs="0" width="1.0" x="0.5" y="14.4861111111"/>
    <joint height="0.51389" id="n62__IN__1" inputs="1" outputs="0" width="1.0" x="26.5555555556" y="7.375"/>
    <joint height="0.51389" id="n63" inputs="1" outputs="1" width="1.0" x="1.88888888889" y="10.9305555556"/>
    <joint height="0.51389" id="n64" inputs="0" outputs="1" width="1.0" x="21.6527777778" y="3.81944444444"/>
    <joint height="0.51389" id="n65__OUT__0" inputs="0" outputs="1" width="1.0" x="2.94444444444" y="21.5972222222"/>
    <joint height="0.51389" id="n65__OUT__1" inputs="0" outputs="1" width="1.0" x="28.6527777778" y="3.81944444444"/>
    <joint height="0.51389" id="n66__IN__0" inputs="1" outputs="0" width="1.0" x="2.90277777778" y="28.7083333333"/>
    <joint height="0.51389" id="n67" inputs="1" outputs="1" width="1.0" x="3.63888888889" y="25.1527777778"/>
    <joint height="0.51389" id="n68" inputs="1" outputs="0" width="1.0" x="28.5555555556" y="7.375"/>
    <joint height="0.51389" id="n253__OUT__0" inputs="0" outputs="1" width="1.0" x="4.61111111111" y="0.263888888889"/>
    <joint height="0.51389" id="n253__OUT__1" inputs="0" outputs="1" width="1.0" x="25.0694444444" y="0.263888888889"/>
    <joint height="0.51389" id="n254__IN__0" inputs="1" outputs="0" width="1.0" x="4.84722222222" y="35.8194444444"/>
    <joint height="0.51389" id="n255" inputs="1" outputs="1" width="1.0" x="4.58333333333" y="3.81944444444"/>
    <joint height="0.51389" id="n256" inputs="1" outputs="1" width="1.0" x="23.6527777778" y="3.81944444444"/>
    <joint height="0.51389" id="n462__IN__0" inputs="1" outputs="1" width="1.0" x="4.55555555556" y="7.375"/>
    <joint height="0.51389" id="n462__OUT__0" inputs="1" outputs="1" width="1.0" x="4.5" y="14.4861111111"/>
    <joint height="0.51389" id="n462__OUT__1" inputs="1" outputs="1" width="1.0" x="30.5555555556" y="7.375"/>
    <joint height="0.51389" id="n463" inputs="1" outputs="1" width="1.0" x="4.47222222222" y="18.0416666667"/>
    <joint height="0.51389" id="n464" inputs="1" outputs="1" width="1.0" x="32.5555555556" y="7.375"/>
    <joint height="0.51389" id="n465__IN__0" inputs="1" outputs="1" width="1.0" x="4.94444444444" y="21.5972222222"/>
    <joint height="0.51389" id="n465__IN__1" inputs="1" outputs="1" width="1.0" x="30.6527777778" y="3.81944444444"/>
    <joint height="0.51389" id="n465__OUT__0" inputs="1" outputs="1" width="1.0" x="4.90277777778" y="28.7083333333"/>
    <joint height="0.51389" id="n466" inputs="1" outputs="2" width="2.0" x="26.1527777778" y="3.81944444444"/>
    <joint height="0.51389" id="n467" inputs="1" outputs="1" width="1.0" x="4.875" y="32.2638888889"/>
    <joint height="0.51389" id="n863" inputs="1" outputs="0" width="1.0" x="34.5555555556" y="7.375"/>
    <joint height="0.51389" id="n865" inputs="1" outputs="0" width="1.0" x="32.6527777778" y="3.81944444444"/>
    <line id="e7__IN__">
      <fromjoint id="n12__OUT__0" port="0"/>
      <tobox id="UserData3" port="0"/>
    <point x="2.59722222222" y="0.527777777778"/><point x="2.59722222222" y="0.972222222222"/><point x="2.59722222222" y="1.08333333333"/><point x="2.59722222222" y="1.52777777778"/></line>
    <line id="e7__OUT__">
      <frombox id="UserData3" port="0"/>
      <tojoint id="n14" port="0"/>
    <point x="2.58333333333" y="2.55555555556"/><point x="2.58333333333" y="3.0"/><point x="2.58333333333" y="3.11111111111"/><point x="2.58333333333" y="3.55555555556"/></line>
    <line id="e8__IN__">
      <fromjoint id="n15" port="0"/>
      <tobox id="UserData0" port="0"/>
    <point x="7.77777777778" y="4.08333333333"/><point x="7.77777777778" y="4.52777777778"/><point x="7.77777777778" y="4.63888888889"/><point x="7.77777777778" y="5.08333333333"/></line>
    <line id="e8__OUT__">
      <frombox id="UserData0" port="0"/>
      <tojoint id="n16" port="0"/>
    <point x="7.75" y="6.11111111111"/><point x="7.75" y="6.80277777778"/><point x="6.55555555556" y="6.41944444444"/><point x="6.55555555556" y="7.11111111111"/></line>
    <line id="e330__IN__">
      <fromjoint id="n14" port="0"/>
      <tobox id="UserData5" port="0"/>
    <point x="2.56944444444" y="4.08333333333"/><point x="2.56944444444" y="4.52777777778"/><point x="2.56944444444" y="4.63888888889"/><point x="2.56944444444" y="5.08333333333"/></line>
    <line id="e330__OUT__">
      <frombox id="UserData5" port="0"/>
      <tojoint id="n468__IN__0" port="0"/>
    <point x="2.55555555556" y="6.11111111111"/><point x="2.55555555556" y="6.55555555556"/><point x="2.55555555556" y="6.66666666667"/><point x="2.55555555556" y="7.11111111111"/></line>
    <line id="e331__IN__">
      <fromjoint id="n468__OUT__0" port="0"/>
      <tobox id="UserData6" port="0"/>
    <point x="2.48611111111" y="14.75"/><point x="2.48611111111" y="15.1944444444"/><point x="2.48611111111" y="15.3055555556"/><point x="2.48611111111" y="15.75"/></line>
    <line id="e331__OUT__">
      <frombox id="UserData6" port="0"/>
      <tojoint id="n469" port="0"/>
    <point x="2.47222222222" y="16.7777777778"/><point x="2.47222222222" y="17.2222222222"/><point x="2.47222222222" y="17.3333333333"/><point x="2.47222222222" y="17.7777777778"/></line>
    <line id="e332__IN__">
      <fromjoint id="n468__OUT__1" port="0"/>
      <tobox id="UserData1" port="0"/>
    <point x="15.5416666667" y="7.63888888889"/><point x="15.5416666667" y="8.27777777778"/><point x="14.5930555556" y="8.22361111111"/><point x="15.0555555556" y="7.11111111111"/><point x="15.5430555556" y="5.93888888889"/><point x="15.9125" y="5.5875"/><point x="17.0833333333" y="5.09722222222"/><point x="17.5736111111" y="4.89166666667"/><point x="18.2777777778" y="4.55277777778"/><point x="18.2777777778" y="5.08333333333"/></line>
    <line id="e332__OUT__">
      <frombox id="UserData1" port="0"/>
      <tojoint id="n470" port="0"/>
    <point x="18.2222222222" y="6.11111111111"/><point x="18.2222222222" y="8.23194444444"/><point x="13.5555555556" y="4.99027777778"/><point x="13.5555555556" y="7.11111111111"/></line>
    <line id="e333__IN__">
      <fromjoint id="n470" port="0"/>
      <tobox id="UserData1" port="1"/>
    <point x="13.5416666667" y="7.63888888889"/><point x="13.5416666667" y="8.33611111111"/><point x="9.96847222222" y="6.80277777778"/><point x="17.0833333333" y="5.09722222222"/><point x="17.9722222222" y="4.88472222222"/><point x="19.1388888889" y="4.16944444444"/><point x="19.1388888889" y="5.08333333333"/></line>
    <line id="e333__OUT__">
      <frombox id="UserData1" port="1"/>
      <tojoint id="n472" port="0"/>
    <point x="19.0833333333" y="6.11111111111"/><point x="19.0833333333" y="6.74861111111"/><point x="18.0555555556" y="6.47361111111"/><point x="18.0555555556" y="7.11111111111"/></line>
    <line id="e334__IN__">
      <fromjoint id="n16" port="0"/>
      <tobox id="UserData0" port="1"/>
    <point x="6.54166666667" y="7.63888888889"/><point x="6.54166666667" y="7.85555555556"/><point x="6.20625" y="7.78055555556"/><point x="6.05555555556" y="7.625"/><point x="5.22833333333" y="6.77361111111"/><point x="5.92916666667" y="5.75555555556"/><point x="6.91666666667" y="5.09722222222"/><point x="7.46625" y="4.73055555556"/><point x="8.40277777778" y="4.42222222222"/><point x="8.40277777778" y="5.08333333333"/></line>
    <line id="e334__OUT__">
      <frombox id="UserData0" port="1"/>
      <tojoint id="n471" port="0"/>
    <point x="8.40277777778" y="6.11111111111"/><point x="8.40277777778" y="6.58611111111"/><point x="8.77777777778" y="6.63611111111"/><point x="8.77777777778" y="7.11111111111"/></line>
    <line id="e335__IN__">
      <fromjoint id="n472" port="1"/>
      <tobox id="UserData1" port="2"/>
    <point x="18.3472222222" y="7.63888888889"/><point x="18.3472222222" y="8.19305555556"/><point x="19.9055555556" y="8.49583333333"/><point x="19.0555555556" y="7.11111111111"/><point x="18.8625" y="6.79722222222"/><point x="15.6041666667" y="6.58333333333"/><point x="17.0833333333" y="5.09722222222"/><point x="17.5402777778" y="4.6375"/><point x="20.0" y="4.43472222222"/><point x="20.0" y="5.08333333333"/></line>
    <line id="e335__OUT__">
      <frombox id="UserData1" port="2"/>
      <tojoint id="n471" port="1"/>
    <point x="19.9583333333" y="6.11111111111"/><point x="19.9583333333" y="8.48333333333"/><point x="9.33333333333" y="4.73888888889"/><point x="9.33333333333" y="7.11111111111"/></line>
    <line id="e336__IN__">
      <fromjoint id="n471" port="0"/>
      <tobox id="UserData0" port="2"/>
    <point x="9.04166666667" y="7.63888888889"/><point x="9.04166666667" y="8.08611111111"/><point x="7.25138888889" y="8.45555555556"/><point x="8.05555555556" y="7.11111111111"/><point x="8.53736111111" y="6.30555555556"/><point x="9.43486111111" y="6.91666666667"/><point x="9.91666666667" y="6.11111111111"/><point x="10.1479166667" y="5.725"/><point x="10.2327777778" y="5.41805555556"/><point x="9.91666666667" y="5.09722222222"/><point x="9.64388888889" y="4.81944444444"/><point x="9.04166666667" y="4.69444444444"/><point x="9.04166666667" y="5.08333333333"/></line>
    <line id="e336__OUT__">
      <frombox id="UserData0" port="2"/>
      <tojoint id="n13__IN__1" port="0"/>
    <point x="9.06944444444" y="6.11111111111"/><point x="9.06944444444" y="7.30277777778"/><point x="11.5555555556" y="5.91944444444"/><point x="11.5555555556" y="7.11111111111"/></line>
    <line id="e685__IN__">
      <fromjoint id="n472" port="0"/>
      <tobox id="UserData1" port="3"/>
    <point x="17.7638888889" y="7.63888888889"/><point x="17.7638888889" y="7.95416666667"/><point x="17.2763888889" y="7.85"/><point x="17.0555555556" y="7.625"/><point x="16.2694444444" y="6.82222222222"/><point x="16.2847222222" y="5.8875"/><point x="17.0833333333" y="5.09722222222"/><point x="17.3819444444" y="4.80138888889"/><point x="20.8611111111" y="4.66388888889"/><point x="20.8611111111" y="5.08333333333"/></line>
    <line id="e685__OUT__">
      <frombox id="UserData1" port="3"/>
      <tojoint id="n775" port="0"/>
    <point x="20.8194444444" y="6.11111111111"/><point x="20.8194444444" y="6.57083333333"/><point x="20.5555555556" y="6.65138888889"/><point x="20.5555555556" y="7.11111111111"/></line>
    <line id="e822__IN__">
      <fromjoint id="n469" port="0"/>
      <tobox id="UserData13" port="0"/>
    <point x="2.45833333333" y="18.3055555556"/><point x="2.45833333333" y="18.9347222222"/><point x="1.45833333333" y="18.6763888889"/><point x="1.45833333333" y="19.3055555556"/></line>
    <line id="e822__OUT__">
      <frombox id="UserData13" port="0"/>
      <tojoint id="n13__IN__0" port="0"/>
    <point x="1.44444444444" y="20.3333333333"/><point x="1.44444444444" y="20.8305555556"/><point x="0.944444444444" y="20.8361111111"/><point x="0.944444444444" y="21.3333333333"/></line>
    <line id="e27__IN__">
      <fromjoint id="n57__OUT__0" port="0"/>
      <tobox id="UserData14" port="0"/>
    <point x="36.5972222222" y="0.527777777778"/><point x="36.5972222222" y="0.972222222222"/><point x="36.5972222222" y="1.08333333333"/><point x="36.5972222222" y="1.52777777778"/></line>
    <line id="e27__OUT__">
      <frombox id="UserData14" port="0"/>
      <tojoint id="n59" port="0"/>
    <point x="36.5833333333" y="2.55555555556"/><point x="36.5833333333" y="3.0"/><point x="36.5833333333" y="3.11111111111"/><point x="36.5833333333" y="3.55555555556"/></line>
    <line id="e28__IN__">
      <fromjoint id="n57__OUT__1" port="0"/>
      <tobox id="UserData1" port="4"/>
    <point x="19.6388888889" y="4.08333333333"/><point x="19.6388888889" y="5.10416666667"/><point x="21.7083333333" y="4.0625"/><point x="21.7083333333" y="5.08333333333"/></line>
    <line id="e28__OUT__">
      <frombox id="UserData1" port="4"/>
      <tojoint id="n60" port="0"/>
    <point x="21.6944444444" y="6.11111111111"/><point x="21.6944444444" y="7.45833333333"/><point x="24.5555555556" y="5.76388888889"/><point x="24.5555555556" y="7.11111111111"/></line>
    <line id="e743__IN__">
      <fromjoint id="n60" port="0"/>
      <tobox id="UserData1" port="5"/>
    <point x="24.5416666667" y="7.63888888889"/><point x="24.5416666667" y="7.85555555556"/><point x="24.2541666667" y="7.71111111111"/><point x="24.0555555556" y="7.625"/><point x="23.7583333333" y="7.49722222222"/><point x="23.8291666667" y="7.25694444444"/><point x="23.5416666667" y="7.11111111111"/><point x="20.9513888889" y="5.79722222222"/><point x="18.9736111111" y="8.31666666667"/><point x="17.0833333333" y="6.11111111111"/><point x="16.7902777778" y="5.76944444444"/><point x="16.7652777778" y="5.41666666667"/><point x="17.0833333333" y="5.09722222222"/><point x="17.5138888889" y="4.66527777778"/><point x="22.5694444444" y="4.47361111111"/><point x="22.5694444444" y="5.08333333333"/></line>
    <line id="e743__OUT__">
      <frombox id="UserData1" port="5"/>
      <tojoint id="n833" port="0"/>
    <point x="22.5555555556" y="6.11111111111"/><point x="22.5555555556" y="6.55555555556"/><point x="22.5555555556" y="6.66666666667"/><point x="22.5555555556" y="7.11111111111"/></line>
    <line id="e823__IN__">
      <fromjoint id="n59" port="0"/>
      <tobox id="UserData17" port="0"/>
    <point x="36.5694444444" y="4.08333333333"/><point x="36.5694444444" y="4.52777777778"/><point x="36.5694444444" y="4.63888888889"/><point x="36.5694444444" y="5.08333333333"/></line>
    <line id="e823__OUT__">
      <frombox id="UserData17" port="0"/>
      <tojoint id="n58__IN__0" port="0"/>
    <point x="36.5555555556" y="6.11111111111"/><point x="36.5555555556" y="6.55555555556"/><point x="36.5555555556" y="6.66666666667"/><point x="36.5555555556" y="7.11111111111"/></line>
    <line id="e29__IN__">
      <fromjoint id="n61__OUT__0" port="0"/>
      <tobox id="UserData18" port="0"/>
    <point x="0.541666666667" y="7.63888888889"/><point x="0.541666666667" y="8.39444444444"/><point x="1.91666666667" y="7.88333333333"/><point x="1.91666666667" y="8.63888888889"/></line>
    <line id="e29__OUT__">
      <frombox id="UserData18" port="0"/>
      <tojoint id="n63" port="0"/>
    <point x="1.88888888889" y="9.66666666667"/><point x="1.88888888889" y="10.1111111111"/><point x="1.88888888889" y="10.2222222222"/><point x="1.88888888889" y="10.6666666667"/></line>
    <line id="e30__IN__">
      <fromjoint id="n64" port="0"/>
      <tobox id="UserData1" port="6"/>
    <point x="21.6388888889" y="4.08333333333"/><point x="21.6388888889" y="4.99583333333"/><point x="23.4305555556" y="4.17083333333"/><point x="23.4305555556" y="5.08333333333"/></line>
    <line id="e30__OUT__">
      <frombox id="UserData1" port="6"/>
      <tojoint id="n62__IN__1" port="0"/>
    <point x="23.4305555556" y="6.11111111111"/><point x="23.4305555556" y="7.56944444444"/><point x="26.5555555556" y="5.65277777778"/><point x="26.5555555556" y="7.11111111111"/></line>
    <line id="e831__IN__">
      <fromjoint id="n63" port="0"/>
      <tobox id="UserData20" port="0"/>
    <point x="1.875" y="11.1944444444"/><point x="1.875" y="11.6388888889"/><point x="1.875" y="11.75"/><point x="1.875" y="12.1944444444"/></line>
    <line id="e831__OUT__">
      <frombox id="UserData20" port="0"/>
      <tojoint id="n62__IN__0" port="0"/>
    <point x="1.84722222222" y="13.2222222222"/><point x="1.84722222222" y="13.9680555556"/><point x="0.5" y="13.4763888889"/><point x="0.5" y="14.2222222222"/></line>
    <line id="e31__IN__">
      <fromjoint id="n65__OUT__0" port="0"/>
      <tobox id="UserData21" port="0"/>
    <point x="2.93055555556" y="21.8611111111"/><point x="2.93055555556" y="22.4093055556"/><point x="3.65277777778" y="22.3129166667"/><point x="3.65277777778" y="22.8611111111"/></line>
    <line id="e31__OUT__">
      <frombox id="UserData21" port="0"/>
      <tojoint id="n67" port="0"/>
    <point x="3.63888888889" y="23.8888888889"/><point x="3.63888888889" y="24.3333333333"/><point x="3.63888888889" y="24.4444444444"/><point x="3.63888888889" y="24.8888888889"/></line>
    <line id="e32__IN__">
      <fromjoint id="n65__OUT__1" port="0"/>
      <tobox id="UserData1" port="7"/>
    <point x="28.6388888889" y="4.08333333333"/><point x="28.6388888889" y="6.06527777778"/><point x="24.2916666667" y="3.10138888889"/><point x="24.2916666667" y="5.08333333333"/></line>
    <line id="e32__OUT__">
      <frombox id="UserData1" port="7"/>
      <tojoint id="n68" port="0"/>
    <point x="24.3055555556" y="6.11111111111"/><point x="24.3055555556" y="8.05138888889"/><point x="28.5555555556" y="5.17083333333"/><point x="28.5555555556" y="7.11111111111"/></line>
    <line id="e798__IN__">
      <fromjoint id="n67" port="0"/>
      <tobox id="UserData23" port="0"/>
    <point x="3.625" y="25.4166666667"/><point x="3.625" y="25.8611111111"/><point x="3.625" y="25.9722222222"/><point x="3.625" y="26.4166666667"/></line>
    <line id="e798__OUT__">
      <frombox id="UserData23" port="0"/>
      <tojoint id="n66__IN__0" port="0"/>
    <point x="3.61111111111" y="27.4444444444"/><point x="3.61111111111" y="27.9890277778"/><point x="2.90277777778" y="27.8998611111"/><point x="2.90277777778" y="28.4444444444"/></line>
    <line id="e127__IN__">
      <fromjoint id="n253__OUT__0" port="0"/>
      <tobox id="UserData24" port="0"/>
    <point x="4.59722222222" y="0.527777777778"/><point x="4.59722222222" y="0.972222222222"/><point x="4.59722222222" y="1.08333333333"/><point x="4.59722222222" y="1.52777777778"/></line>
    <line id="e127__OUT__">
      <frombox id="UserData24" port="0"/>
      <tojoint id="n255" port="0"/>
    <point x="4.58333333333" y="2.55555555556"/><point x="4.58333333333" y="3.0"/><point x="4.58333333333" y="3.11111111111"/><point x="4.58333333333" y="3.55555555556"/></line>
    <line id="e128__IN__">
      <fromjoint id="n253__OUT__1" port="0"/>
      <tobox id="UserData2" port="0"/>
    <point x="25.0555555556" y="0.527777777778"/><point x="25.0555555556" y="0.972222222222"/><point x="25.0555555556" y="1.08333333333"/><point x="25.0555555556" y="1.52777777778"/></line>
    <line id="e128__OUT__">
      <frombox id="UserData2" port="0"/>
      <tojoint id="n256" port="0"/>
    <point x="25.0138888889" y="2.55555555556"/><point x="25.0138888889" y="3.30555555556"/><point x="23.6527777778" y="2.80555555556"/><point x="23.6527777778" y="3.55555555556"/></line>
    <line id="e323__IN__">
      <fromjoint id="n255" port="0"/>
      <tobox id="UserData26" port="0"/>
    <point x="4.56944444444" y="4.08333333333"/><point x="4.56944444444" y="4.52777777778"/><point x="4.56944444444" y="4.63888888889"/><point x="4.56944444444" y="5.08333333333"/></line>
    <line id="e323__OUT__">
      <frombox id="UserData26" port="0"/>
      <tojoint id="n462__IN__0" port="0"/>
    <point x="4.55555555556" y="6.11111111111"/><point x="4.55555555556" y="6.55555555556"/><point x="4.55555555556" y="6.66666666667"/><point x="4.55555555556" y="7.11111111111"/></line>
    <line id="e324__IN__">
      <fromjoint id="n462__OUT__0" port="0"/>
      <tobox id="UserData27" port="0"/>
    <point x="4.48611111111" y="14.75"/><point x="4.48611111111" y="15.1944444444"/><point x="4.48611111111" y="15.3055555556"/><point x="4.48611111111" y="15.75"/></line>
    <line id="e324__OUT__">
      <frombox id="UserData27" port="0"/>
      <tojoint id="n463" port="0"/>
    <point x="4.47222222222" y="16.7777777778"/><point x="4.47222222222" y="17.2222222222"/><point x="4.47222222222" y="17.3333333333"/><point x="4.47222222222" y="17.7777777778"/></line>
    <line id="e325__IN__">
      <fromjoint id="n462__OUT__1" port="0"/>
      <tobox id="UserData1" port="8"/>
    <point x="30.5416666667" y="7.63888888889"/><point x="30.5416666667" y="7.85555555556"/><point x="30.2055555556" y="7.78055555556"/><point x="30.0555555556" y="7.625"/><point x="29.2722222222" y="6.81944444444"/><point x="30.8763888889" y="5.89305555556"/><point x="30.0833333333" y="5.09722222222"/><point x="29.6958333333" y="4.70972222222"/><point x="25.1527777778" y="4.53611111111"/><point x="25.1527777778" y="5.08333333333"/></line>
    <line id="e325__OUT__">
      <frombox id="UserData1" port="8"/>
      <tojoint id="n464" port="0"/>
    <point x="25.1666666667" y="6.11111111111"/><point x="25.1666666667" y="7.76805555556"/><point x="32.5555555556" y="5.45416666667"/><point x="32.5555555556" y="7.11111111111"/></line>
    <line id="e326__IN__">
      <fromjoint id="n463" port="0"/>
      <tobox id="UserData29" port="0"/>
    <point x="4.45833333333" y="18.3055555556"/><point x="4.45833333333" y="18.75"/><point x="4.45833333333" y="18.8611111111"/><point x="4.45833333333" y="19.3055555556"/></line>
    <line id="e326__OUT__">
      <frombox id="UserData29" port="0"/>
      <tojoint id="n465__IN__0" port="0"/>
    <point x="4.44444444444" y="20.3333333333"/><point x="4.44444444444" y="20.8305555556"/><point x="4.94444444444" y="20.8361111111"/><point x="4.94444444444" y="21.3333333333"/></line>
    <line id="e327__IN__">
      <fromjoint id="n256" port="0"/>
      <tobox id="UserData2" port="1"/>
    <point x="23.6388888889" y="4.08333333333"/><point x="23.6388888889" y="4.3"/><point x="23.3027777778" y="4.225"/><point x="23.1527777778" y="4.06944444444"/><point x="22.3166666667" y="3.20972222222"/><point x="23.0875" y="2.18888888889"/><point x="24.0972222222" y="1.54166666667"/><point x="24.7152777778" y="1.14444444444"/><point x="25.75" y="0.793055555556"/><point x="25.75" y="1.52777777778"/></line>
    <line id="e327__OUT__">
      <frombox id="UserData2" port="1"/>
      <tojoint id="n466" port="0"/>
    <point x="25.7361111111" y="2.55555555556"/><point x="25.7361111111" y="3.0375"/><point x="26.1527777778" y="3.07361111111"/><point x="26.1527777778" y="3.55555555556"/></line>
    <line id="e328__IN__">
      <fromjoint id="n466" port="1"/>
      <tobox id="UserData2" port="2"/>
    <point x="26.4444444444" y="4.08333333333"/><point x="26.4444444444" y="4.39861111111"/><point x="26.8791666667" y="4.225"/><point x="27.1527777778" y="4.06944444444"/><point x="27.4972222222" y="3.87361111111"/><point x="27.9875" y="2.93611111111"/><point x="28.0972222222" y="2.55555555556"/><point x="28.2208333333" y="2.12222222222"/><point x="28.4138888889" y="1.86111111111"/><point x="28.0972222222" y="1.54166666667"/><point x="27.5805555556" y="1.01944444444"/><point x="26.4444444444" y="0.793055555556"/><point x="26.4444444444" y="1.52777777778"/></line>
    <line id="e328__OUT__">
      <frombox id="UserData2" port="2"/>
      <tojoint id="n465__IN__1" port="0"/>
    <point x="26.4583333333" y="2.55555555556"/><point x="26.4583333333" y="4.47222222222"/><point x="30.6527777778" y="1.63888888889"/><point x="30.6527777778" y="3.55555555556"/></line>
    <line id="e329__IN__">
      <fromjoint id="n465__OUT__0" port="0"/>
      <tobox id="UserData32" port="0"/>
    <point x="4.88888888889" y="28.9722222222"/><point x="4.88888888889" y="29.4166666667"/><point x="4.88888888889" y="29.5277777778"/><point x="4.88888888889" y="29.9722222222"/></line>
    <line id="e329__OUT__">
      <frombox id="UserData32" port="0"/>
      <tojoint id="n467" port="0"/>
    <point x="4.875" y="31.0"/><point x="4.875" y="31.4444444444"/><point x="4.875" y="31.5555555556"/><point x="4.875" y="32.0"/></line>
    <line id="e773__IN__">
      <fromjoint id="n464" port="0"/>
      <tobox id="UserData1" port="9"/>
    <point x="32.5416666667" y="7.63888888889"/><point x="32.5416666667" y="7.85555555556"/><point x="32.2486111111" y="7.72222222222"/><point x="32.0555555556" y="7.625"/><point x="31.4194444444" y="7.30277777778"/><point x="30.7236111111" y="5.41111111111"/><point x="30.0833333333" y="5.09722222222"/><point x="29.6777777778" y="4.89861111111"/><point x="26.0138888889" y="4.63055555556"/><point x="26.0138888889" y="5.08333333333"/></line>
    <line id="e773__OUT__">
      <frombox id="UserData1" port="9"/>
      <tojoint id="n863" port="0"/>
    <point x="26.0416666667" y="6.11111111111"/><point x="26.0416666667" y="8.01666666667"/><point x="34.5555555556" y="5.20555555556"/><point x="34.5555555556" y="7.11111111111"/></line>
    <line id="e775__IN__">
      <fromjoint id="n466" port="0"/>
      <tobox id="UserData2" port="3"/>
    <point x="25.8611111111" y="4.08333333333"/><point x="25.8611111111" y="4.36388888889"/><point x="24.3027777778" y="4.74305555556"/><point x="25.1527777778" y="3.55555555556"/><point x="25.9583333333" y="2.43194444444"/><point x="27.2916666667" y="3.67916666667"/><point x="28.0972222222" y="2.55555555556"/><point x="28.3597222222" y="2.18888888889"/><point x="28.4138888889" y="1.8625"/><point x="28.0972222222" y="1.54166666667"/><point x="27.7986111111" y="1.23888888889"/><point x="27.1388888889" y="1.10138888889"/><point x="27.1388888889" y="1.52777777778"/></line>
    <line id="e775__OUT__">
      <frombox id="UserData2" port="3"/>
      <tojoint id="n865" port="0"/>
    <point x="27.1666666667" y="2.55555555556"/><point x="27.1666666667" y="5.03333333333"/><point x="32.6527777778" y="1.07777777778"/><point x="32.6527777778" y="3.55555555556"/></line>
    <line id="e846__IN__">
      <fromjoint id="n467" port="0"/>
      <tobox id="UserData35" port="0"/>
    <point x="4.86111111111" y="32.5277777778"/><point x="4.86111111111" y="32.9722222222"/><point x="4.86111111111" y="33.0833333333"/><point x="4.86111111111" y="33.5277777778"/></line>
    <line id="e846__OUT__">
      <frombox id="UserData35" port="0"/>
      <tojoint id="n254__IN__0" port="0"/>
    <point x="4.84722222222" y="34.5555555556"/><point x="4.84722222222" y="35.0"/><point x="4.84722222222" y="35.1111111111"/><point x="4.84722222222" y="35.5555555556"/></line>
    <line id="e330__OUT__CPY">
      <fromjoint id="n468__IN__0" port="0"/>
      <tobox id="UserData18" port="1"/>
    <point x="2.54166666667" y="7.63888888889"/><point x="2.54166666667" y="8.08333333333"/><point x="2.54166666667" y="8.19444444444"/><point x="2.54166666667" y="8.63888888889"/></line>
    <line id="e331__IN__CPY">
      <frombox id="UserData20" port="1"/>
      <tojoint id="n468__OUT__0" port="0"/>
    <point x="2.5" y="13.2222222222"/><point x="2.5" y="13.6666666667"/><point x="2.5" y="13.7777777778"/><point x="2.5" y="14.2222222222"/></line>
    <line id="e332__IN__CPY">
      <frombox id="UserData1" port="10"/>
      <tojoint id="n468__OUT__1" port="0"/>
    <point x="26.9583333333" y="6.11111111111"/><point x="26.9583333333" y="8.65416666667"/><point x="15.5555555556" y="4.56805555556"/><point x="15.5555555556" y="7.11111111111"/></line>
    <line id="e323__OUT__CPY">
      <fromjoint id="n462__IN__0" port="0"/>
      <tobox id="UserData18" port="2"/>
    <point x="4.54166666667" y="7.63888888889"/><point x="4.54166666667" y="8.38888888889"/><point x="3.18055555556" y="7.88888888889"/><point x="3.18055555556" y="8.63888888889"/></line>
    <line id="e324__IN__CPY">
      <frombox id="UserData20" port="2"/>
      <tojoint id="n462__OUT__0" port="0"/>
    <point x="3.16666666667" y="13.2222222222"/><point x="3.16666666667" y="13.9625"/><point x="4.5" y="13.4819444444"/><point x="4.5" y="14.2222222222"/></line>
    <line id="e325__IN__CPY">
      <frombox id="UserData1" port="11"/>
      <tojoint id="n462__OUT__1" port="0"/>
    <point x="27.9166666667" y="6.11111111111"/><point x="27.9166666667" y="7.36527777778"/><point x="30.5555555556" y="5.85694444444"/><point x="30.5555555556" y="7.11111111111"/></line>
    <line id="e326__OUT__CPY">
      <fromjoint id="n465__IN__0" port="0"/>
      <tobox id="UserData21" port="1"/>
    <point x="4.93055555556" y="21.8611111111"/><point x="4.93055555556" y="22.4093055556"/><point x="4.20833333333" y="22.3129166667"/><point x="4.20833333333" y="22.8611111111"/></line>
    <line id="e328__OUT__CPY">
      <fromjoint id="n465__IN__1" port="0"/>
      <tobox id="UserData1" port="12"/>
    <point x="30.6388888889" y="4.08333333333"/><point x="30.6388888889" y="5.0"/><point x="28.8333333333" y="4.16666666667"/><point x="28.8333333333" y="5.08333333333"/></line>
    <line id="e329__IN__CPY">
      <frombox id="UserData23" port="1"/>
      <tojoint id="n465__OUT__0" port="0"/>
    <point x="4.19444444444" y="27.4444444444"/><point x="4.19444444444" y="27.9890277778"/><point x="4.90277777778" y="27.8998611111"/><point x="4.90277777778" y="28.4444444444"/></line>
  </level>
</graph>