<graph id="world">
  <level id="UserData">
    <box height="1.01" id="UserData0" lines="3" width="3.0" x="8.42" y="5.59"/>
    <box height="1.01" id="UserData1" lines="13" width="13.0" x="23.58" y="5.59"/>
    <box height="1.01" id="UserData2" lines="4" width="4.0" x="26.1" y="2.04"/>
    <box height="1.01" id="UserData3" lines="1" width="1.0" x="2.6" y="2.04"/>
    <box height="1.01" id="UserData5" lines="1" width="1.0" x="2.57" y="5.59"/>
    <box height="1.01" id="UserData6" lines="1" width="1.0" x="2.49" y="16.26"/>
    <box height="1.01" id="UserData13" lines="1" width="1.0" x="1.46" y="19.82"/>
    <box height="1.01" id="UserData14" lines="1" width="1.0" x="36.6" y="2.04"/>
    <box height="1.01" id="UserData17" lines="1" width="1.0" x="36.57" y="5.59"/>
    <box height="1.01" id="UserData18" lines="3" width="3.0" x="2.56" y="9.15"/>
    <box height="1.01" id="UserData20" lines="3" width="3.0" x="2.51" y="12.7"/>
    <box height="1.01" id="UserData21" lines="2" width="2.0" x="3.93" y="23.37"/>
    <box height="1.01" id="UserData23" lines="2" width="2.0" x="3.9" y="26.93"/>
    <box height="1.01" id="UserData24" lines="1" width="1.0" x="4.6" y="2.04"/>
    <box height="1.01" id="UserData26" lines="1" width="1.0" x="4.57" y="5.59"/>
    <box height="1.01" id="UserData27" lines="1" width="1.0" x="4.49" y="16.26"/>
    <box height="1.01" id="UserData29" lines="1" width="1.0" x="4.46" y="19.82"/>
    <box height="1.01" id="UserData32" lines="1" width="1.0" x="4.89" y="30.48"/>
    <box height="1.01" id="UserData35" lines="1" width="1.0" x="4.86" y="34.04"/>
    <joint height="0.51" id="n12__OUT__0" inputs="0" outputs="1" width="1.0" x="2.61" y="0.26"/>
    <joint height="0.51" id="n13__IN__0" inputs="1" outputs="0" width="1.0" x="0.94" y="21.59"/>
    <joint height="0.51" id="n13__IN__1" inputs="1" outputs="0" width="1.0" x="11.56" y="7.37"/>
    <joint height="0.51" id="n14" inputs="1" outputs="1" width="1.0" x="2.58" y="3.82"/>
    <joint height="0.51" id="n15" inputs="0" outputs="1" width="1.0" x="7.79" y="3.82"/>
    <joint height="0.51" id="n16" inputs="1" outputs="1" width="1.0" x="6.56" y="7.37"/>
    <joint height="0.51" id="n468__IN__0" inputs="1" outputs="1" width="1.0" x="2.56" y="7.37"/>
    <joint height="0.51" id="n468__OUT__0" inputs="1" outputs="1" width="1.0" x="2.5" y="14.48"/>
    <joint height="0.51" id="n468__OUT__1" inputs="1" outputs="1" width="1.0" x="15.56" y="7.37"/>
    <joint height="0.51" id="n469" inputs="1" outputs="1" width="1.0" x="2.47" y="18.04"/>
    <joint height="0.51" id="n470" inputs="1" outputs="1" width="1.0" x="13.56" y="7.37"/>
    <joint height="0.51" id="n471" inputs="2" outputs="1" width="2.0" x="9.06" y="7.37"/>
    <joint height="0.51" id="n472" inputs="1" outputs="2" width="2.0" x="18.06" y="7.37"/>
    <joint height="0.51" id="n775" inputs="1" outputs="0" width="1.0" x="20.56" y="7.37"/>
    <joint height="0.51" id="n57__OUT__0" inputs="0" outputs="1" width="1.0" x="36.61" y="0.26"/>
    <joint height="0.51" id="n57__OUT__1" inputs="0" outputs="1" width="1.0" x="19.65" y="3.82"/>
    <joint height="0.51" id="n58__IN__0" inputs="1" outputs="0" width="1.0" x="36.56" y="7.37"/>
    <joint height="0.51" id="n59" inputs="1" outputs="1" width="1.0" x="36.58" y="3.82"/>
    <joint height="0.51" id="n60" inputs="1" outputs="1" width="1.0" x="24.56" y="7.37"/>
    <joint height="0.51" id="n833" inputs="1" outputs="0" width="1.0" x="22.56" y="7.37"/>
    <joint height="0.51" id="n61__OUT__0" inputs="0" outputs="1" width="1.0" x="0.56" y="7.37"/>
    <joint height="0.51" id="n62__IN__0" inputs="1" outputs="0" width="1.0" x="0.5" y="14.48"/>
    <joint height="0.51" id="n62__IN__1" inputs="1" outputs="0" width="1.0" x="26.56" y="7.37"/>
    <joint height="0.51" id="n63" inputs="1" outputs="1" width="1.0" x="1.89" y="10.93"/>
    <joint height="0.51" id="n64" inputs="0" outputs="1" width="1.0" x="21.65" y="3.82"/>
    <joint height="0.51" id="n65__OUT__0" inputs="0" outputs="1" width="1.0" x="2.94" y="21.59"/>
    <joint height="0.51" id="n65__OUT__1" inputs="0" outputs="1" width="1.0" x="28.65" y="3.82"/>
    <joint height="0.51" id="n66__IN__0" inputs="1" outputs="0" width="1.0" x="2.9" y="28.7"/>
    <joint height="0.51" id="n67" inputs="1" outputs="1" width="1.0" x="3.64" y="25.15"/>
    <joint height="0.51" id="n68" inputs="1" outputs="0" width="1.0" x="28.56" y="7.37"/>
    <joint height="0.51" id="n253__OUT__0" inputs="0" outputs="1" width="1.0" x="4.61" y="0.26"/>
    <joint height="0.51" id="n253__OUT__1" inputs="0" outputs="1" width="1.0" x="25.07" y="0.26"/>
    <joint height="0.51" id="n254__IN__0" inputs="1" outputs="0" width="1.0" x="4.85" y="35.82"/>
    <joint height="0.51" id="n255" inputs="1" outputs="1" width="1.0" x="4.58" y="3.82"/>
    <joint height="0.51" id="n256" inputs="1" outputs="1" width="1.0" x="23.65" y="3.82"/>
    <joint height="0.51" id="n462__IN__0" inputs="1" outputs="1" width="1.0" x="4.56" y="7.37"/>
    <joint height="0.51" id="n462__OUT__0" inputs="1" outputs="1" width="1.0" x="4.5" y="14.48"/>
    <joint height="0.51" id="n462__OUT__1" inputs="1" outputs="1" width="1.0" x="30.56" y="7.37"/>
    <joint height="0.51" id="n463" inputs="1" outputs="1" width="1.0" x="4.47" y="18.04"/>
    <joint height="0.51" id="n464" inputs="1" outputs="1" width="1.0" x="32.56" y="7.37"/>
    <joint height="0.51" id="n465__IN__0" inputs="1" outputs="1" width="1.0" x="4.94" y="21.59"/>
    <joint height="0.51" id="n465__IN__1" inputs="1" outputs="1" width="1.0" x="30.65" y="3.82"/>
    <joint height="0.51" id="n465__OUT__0" inputs="1" outputs="1" width="1.0" x="4.9" y="28.7"/>
    <joint height="0.51" id="n466" inputs="1" outputs="2" width="2.0" x="26.15" y="3.82"/>
    <joint height="0.51" id="n467" inputs="1" outputs="1" width="1.0" x="4.88" y="32.26"/>
    <joint height="0.51" id="n863" inputs="1" outputs="0" width="1.0" x="34.56" y="7.37"/>
    <joint height="0.51" id="n865" inputs="1" outputs="0" width="1.0" x="32.65" y="3.82"/>
    <line id="e7__IN__">
      <fromjoint id="n12__OUT__0" port="0"/>
      <tobox id="UserData3" port="0"/>
    <point x="2.6" y="0.52"/><point x="2.6" y="1.52"/></line>
    <line id="e7__OUT__">
      <frombox id="UserData3" port="0"/>
      <tojoint id="n14" port="0"/>
    <point x="2.6" y="2.55"/><point x="2.58" y="3.55"/></line>
    <line id="e8__IN__">
      <fromjoint id="n15" port="0"/>
      <tobox id="UserData0" port="0"/>
    <point x="7.78" y="4.08"/><point x="7.78" y="5.08"/></line>
    <line id="e8__OUT__">
      <frombox id="UserData0" port="0"/>
      <tojoint id="n16" port="0"/>
    <point x="7.78" y="6.11"/><point x="6.56" y="7.11"/></line>
    <line id="e330__IN__">
      <fromjoint id="n14" port="0"/>
      <tobox id="UserData5" port="0"/>
    <point x="2.57" y="4.08"/><point x="2.57" y="5.08"/></line>
    <line id="e330__OUT__">
      <frombox id="UserData5" port="0"/>
      <tojoint id="n468__IN__0" port="0"/>
    <point x="2.57" y="6.11"/><point x="2.56" y="7.11"/></line>
    <line id="e331__IN__">
      <fromjoint id="n468__OUT__0" port="0"/>
      <tobox id="UserData6" port="0"/>
    <point x="2.49" y="14.75"/><point x="2.49" y="15.75"/></line>
    <line id="e331__OUT__">
      <frombox id="UserData6" port="0"/>
      <tojoint id="n469" port="0"/>
    <point x="2.49" y="16.77"/><point x="2.47" y="17.77"/></line>
    <line id="e332__IN__">
      <fromjoint id="n468__OUT__1" port="0"/>
      <tobox id="UserData1" port="0"/>
    <point x="15.54" y="7.64"/><point x="18.28" y="5.08"/></line>
    <line id="e332__OUT__">
      <frombox id="UserData1" port="0"/>
      <tojoint id="n470" port="0"/>
    <point x="18.28" y="6.11"/><point x="13.56" y="7.11"/></line>
    <line id="e333__IN__">
      <fromjoint id="n470" port="0"/>
      <tobox id="UserData1" port="1"/>
    <point x="13.54" y="7.64"/><point x="19.14" y="5.08"/></line>
    <line id="e333__OUT__">
      <frombox id="UserData1" port="1"/>
      <tojoint id="n472" port="0"/>
    <point x="19.14" y="6.11"/><point x="18.06" y="7.11"/></line>
    <line id="e334__IN__">
      <fromjoint id="n16" port="0"/>
      <tobox id="UserData0" port="1"/>
    <point x="6.54" y="7.64"/><point x="8.4" y="5.08"/></line>
    <line id="e334__OUT__">
      <frombox id="UserData0" port="1"/>
      <tojoint id="n471" port="0"/>
    <point x="8.4" y="6.11"/><point x="8.78" y="7.11"/></line>
    <line id="e335__IN__">
      <fromjoint id="n472" port="1"/>
      <tobox id="UserData1" port="2"/>
    <point x="18.35" y="7.64"/><point x="20.0" y="5.08"/></line>
    <line id="e335__OUT__">
      <frombox id="UserData1" port="2"/>
      <tojoint id="n471" port="1"/>
    <point x="20.0" y="6.11"/><point x="9.33" y="7.11"/></line>
    <line id="e336__IN__">
      <fromjoint id="n471" port="0"/>
      <tobox id="UserData0" port="2"/>
    <point x="9.04" y="7.64"/><point x="9.04" y="5.08"/></line>
    <line id="e336__OUT__">
      <frombox id="UserData0" port="2"/>
      <tojoint id="n13__IN__1" port="0"/>
    <point x="9.04" y="6.11"/><point x="11.56" y="7.11"/></line>
    <line id="e685__IN__">
      <fromjoint id="n472" port="0"/>
      <tobox id="UserData1" port="3"/>
    <point x="17.76" y="7.64"/><point x="20.86" y="5.08"/></line>
    <line id="e685__OUT__">
      <frombox id="UserData1" port="3"/>
      <tojoint id="n775" port="0"/>
    <point x="20.86" y="6.11"/><point x="20.56" y="7.11"/></line>
    <line id="e822__IN__">
      <fromjoint id="n469" port="0"/>
      <tobox id="UserData13" port="0"/>
    <point x="2.46" y="18.3"/><point x="1.46" y="19.3"/></line>
    <line id="e822__OUT__">
      <frombox id="UserData13" port="0"/>
      <tojoint id="n13__IN__0" port="0"/>
    <point x="1.46" y="20.33"/><point x="0.94" y="21.33"/></line>
    <line id="e27__IN__">
      <fromjoint id="n57__OUT__0" port="0"/>
      <tobox id="UserData14" port="0"/>
    <point x="36.6" y="0.52"/><point x="36.6" y="1.52"/></line>
    <line id="e27__OUT__">
      <frombox id="UserData14" port="0"/>
      <tojoint id="n59" port="0"/>
    <point x="36.6" y="2.55"/><point x="36.58" y="3.55"/></line>
    <line id="e28__IN__">
      <fromjoint id="n57__OUT__1" port="0"/>
      <tobox id="UserData1" port="4"/>
    <point x="19.64" y="4.08"/><point x="21.71" y="5.08"/></line>
    <line id="e28__OUT__">
      <frombox id="UserData1" port="4"/>
      <tojoint id="n60" port="0"/>
    <point x="21.71" y="6.11"/><point x="24.56" y="7.11"/></line>
    <line id="e743__IN__">
      <fromjoint id="n60" port="0"/>
      <tobox id="UserData1" port="5"/>
    <point x="24.54" y="7.64"/><point x="22.57" y="5.08"/></line>
    <line id="e743__OUT__">
      <frombox id="UserData1" port="5"/>
      <tojoint id="n833" port="0"/>
    <point x="22.57" y="6.11"/><point x="22.56" y="7.11"/></line>
    <line id="e823__IN__">
      <fromjoint id="n59" port="0"/>
      <tobox id="UserData17" port="0"/>
    <point x="36.57" y="4.08"/><point x="36.57" y="5.08"/></line>
    <line id="e823__OUT__">
      <frombox id="UserData17" port="0"/>
      <tojoint id="n58__IN__0" port="0"/>
    <point x="36.57" y="6.11"/><point x="36.56" y="7.11"/></line>
    <line id="e29__IN__">
      <fromjoint id="n61__OUT__0" port="0"/>
      <tobox id="UserData18" port="0"/>
    <point x="0.54" y="7.64"/><point x="1.92" y="8.64"/></line>
    <line id="e29__OUT__">
      <frombox id="UserData18" port="0"/>
      <tojoint id="n63" port="0"/>
    <point x="1.92" y="9.66"/><point x="1.89" y="10.66"/></line>
    <line id="e30__IN__">
      <fromjoint id="n64" port="0"/>
      <tobox id="UserData1" port="6"/>
    <point x="21.64" y="4.08"/><point x="23.43" y="5.08"/></line>
    <line id="e30__OUT__">
      <frombox id="UserData1" port="6"/>
      <tojoint id="n62__IN__1" port="0"/>
    <point x="23.43" y="6.11"/><point x="26.56" y="7.11"/></line>
    <line id="e831__IN__">
      <fromjoint id="n63" port="0"/>
      <tobox id="UserData20" port="0"/>
    <point x="1.88" y="11.19"/><point x="1.88" y="12.19"/></line>
    <line id="e831__OUT__">
      <frombox id="UserData20" port="0"/>
      <tojoint id="n62__IN__0" port="0"/>
    <point x="1.88" y="13.22"/><point x="0.5" y="14.22"/></line>
    <line id="e31__IN__">
      <fromjoint id="n65__OUT__0" port="0"/>
      <tobox id="UserData21" port="0"/>
    <point x="2.93" y="21.86"/><point x="3.65" y="22.86"/></line>
    <line id="e31__OUT__">
      <frombox id="UserData21" port="0"/>
      <tojoint id="n67" port="0"/>
    <point x="3.65" y="23.89"/><point x="3.64" y="24.89"/></line>
    <line id="e32__IN__">
      <fromjoint id="n65__OUT__1" port="0"/>
      <tobox id="UserData1" port="7"/>
    <point x="28.64" y="4.08"/><point x="24.29" y="5.08"/></line>
    <line id="e32__OUT__">
      <frombox id="UserData1" port="7"/>
      <tojoint id="n68" port="0"/>
    <point x="24.29" y="6.11"/><point x="28.56" y="7.11"/></line>
    <line id="e798__IN__">
      <fromjoint id="n67" port="0"/>
      <tobox id="UserData23" port="0"/>
    <point x="3.63" y="25.41"/><point x="3.63" y="26.41"/></line>
    <line id="e798__OUT__">
      <frombox id="UserData23" port="0"/>
      <tojoint id="n66__IN__0" port="0"/>
    <point x="3.63" y="27.44"/><point x="2.9" y="28.44"/></line>
    <line id="e127__IN__">
      <fromjoint id="n253__OUT__0" port="0"/>
      <tobox id="UserData24" port="0"/>
    <point x="4.6" y="0.52"/><point x="4.6" y="1.52"/></line>
    <line id="e127__OUT__">
      <frombox id="UserData24" port="0"/>
      <tojoint id="n255" port="0"/>
    <point x="4.6" y="2.55"/><point x="4.58" y="3.55"/></line>
    <line id="e128__IN__">
      <fromjoint id="n253__OUT__1" port="0"/>
      <tobox id="UserData2" port="0"/>
    <point x="25.06" y="0.52"/><point x="25.06" y="1.52"/></line>
    <line id="e128__OUT__">
      <frombox id="UserData2" port="0"/>
      <tojoint id="n256" port="0"/>
    <point x="25.06" y="2.55"/><point x="23.65" y="3.55"/></line>
    <line id="e323__IN__">
      <fromjoint id="n255" port="0"/>
      <tobox id="UserData26" port="0"/>
    <point x="4.57" y="4.08"/><point x="4.57" y="5.08"/></line>
    <line id="e323__OUT__">
      <frombox id="UserData26" port="0"/>
      <tojoint id="n462__IN__0" port="0"/>
    <point x="4.57" y="6.11"/><point x="4.56" y="7.11"/></line>
    <line id="e324__IN__">
      <fromjoint id="n462__OUT__0" port="0"/>
      <tobox id="UserData27" port="0"/>
    <point x="4.49" y="14.75"/><point x="4.49" y="15.75"/></line>
    <line id="e324__OUT__">
      <frombox id="UserData27" port="0"/>
      <tojoint id="n463" port="0"/>
    <point x="4.49" y="16.77"/><point x="4.47" y="17.77"/></line>
    <line id="e325__IN__">
      <fromjoint id="n462__OUT__1" port="0"/>
      <tobox id="UserData1" port="8"/>
    <point x="30.54" y="7.64"/><point x="25.15" y="5.08"/></line>
    <line id="e325__OUT__">
      <frombox id="UserData1" port="8"/>
      <tojoint id="n464" port="0"/>
    <point x="25.15" y="6.11"/><point x="32.56" y="7.11"/></line>
    <line id="e326__IN__">
      <fromjoint id="n463" port="0"/>
      <tobox id="UserData29" port="0"/>
    <point x="4.46" y="18.3"/><point x="4.46" y="19.3"/></line>
    <line id="e326__OUT__">
      <frombox id="UserData29" port="0"/>
      <tojoint id="n465__IN__0" port="0"/>
    <point x="4.46" y="20.33"/><point x="4.94" y="21.33"/></line>
    <line id="e327__IN__">
      <fromjoint id="n256" port="0"/>
      <tobox id="UserData2" port="1"/>
    <point x="23.64" y="4.08"/><point x="25.75" y="1.52"/></line>
    <line id="e327__OUT__">
      <frombox id="UserData2" port="1"/>
      <tojoint id="n466" port="0"/>
    <point x="25.75" y="2.55"/><point x="26.15" y="3.55"/></line>
    <line id="e328__IN__">
      <fromjoint id="n466" port="1"/>
      <tobox id="UserData2" port="2"/>
    <point x="26.44" y="4.08"/><point x="26.44" y="1.52"/></line>
    <line id="e328__OUT__">
      <frombox id="UserData2" port="2"/>
      <tojoint id="n465__IN__1" port="0"/>
    <point x="26.44" y="2.55"/><point x="30.65" y="3.55"/></line>
    <line id="e329__IN__">
      <fromjoint id="n465__OUT__0" port="0"/>
      <tobox id="UserData32" port="0"/>
    <point x="4.89" y="28.97"/><point x="4.89" y="29.97"/></line>
    <line id="e329__OUT__">
      <frombox id="UserData32" port="0"/>
      <tojoint id="n467" port="0"/>
    <point x="4.89" y="31.0"/><point x="4.88" y="32.0"/></line>
    <line id="e773__IN__">
      <fromjoint id="n464" port="0"/>
      <tobox id="UserData1" port="9"/>
    <point x="32.54" y="7.64"/><point x="26.01" y="5.08"/></line>
    <line id="e773__OUT__">
      <frombox id="UserData1" port="9"/>
      <tojoint id="n863" port="0"/>
    <point x="26.01" y="6.11"/><point x="34.56" y="7.11"/></line>
    <line id="e775__IN__">
      <fromjoint id="n466" port="0"/>
      <tobox id="UserData2" port="3"/>
    <point x="25.86" y="4.08"/><point x="27.14" y="1.52"/></line>
    <line id="e775__OUT__">
      <frombox id="UserData2" port="3"/>
      <tojoint id="n865" port="0"/>
    <point x="27.14" y="2.55"/><point x="32.65" y="3.55"/></line>
    <line id="e846__IN__">
      <fromjoint id="n467" port="0"/>
      <tobox id="UserData35" port="0"/>
    <point x="4.86" y="32.52"/><point x="4.86" y="33.52"/></line>
    <line id="e846__OUT__">
      <frombox id="UserData35" port="0"/>
      <tojoint id="n254__IN__0" port="0"/>
    <point x="4.86" y="34.55"/><point x="4.85" y="35.55"/></line>
    <line id="e330__OUT__CPY">
      <fromjoint id="n468__IN__0" port="0"/>
      <tobox id="UserData18" port="1"/>
    <point x="2.54" y="7.64"/><point x="2.54" y="8.64"/></line>
    <line id="e331__IN__CPY">
      <frombox id="UserData20" port="1"/>
      <tojoint id="n468__OUT__0" port="0"/>
    <point x="2.5" y="13.22"/><point x="2.5" y="14.22"/></line>
    <line id="e332__IN__CPY">
      <frombox id="UserData1" port="10"/>
      <tojoint id="n468__OUT__1" port="0"/>
    <point x="26.96" y="6.11"/><point x="15.56" y="7.11"/></line>
    <line id="e323__OUT__CPY">
      <fromjoint id="n462__IN__0" port="0"/>
      <tobox id="UserData18" port="2"/>
    <point x="4.54" y="7.64"/><point x="3.18" y="8.64"/></line>
    <line id="e324__IN__CPY">
      <frombox id="UserData20" port="2"/>
      <tojoint id="n462__OUT__0" port="0"/>
    <point x="3.17" y="13.22"/><point x="4.5" y="14.22"/></line>
    <line id="e325__IN__CPY">
      <frombox id="UserData1" port="11"/>
      <tojoint id="n462__OUT__1" port="0"/>
    <point x="27.92" y="6.11"/><point x="30.56" y="7.11"/></line>
    <line id="e326__OUT__CPY">
      <fromjoint id="n465__IN__0" port="0"/>
      <tobox id="UserData21" port="1"/>
    <point x="4.93" y="21.86"/><point x="4.21" y="22.86"/></line>
    <line id="e328__OUT__CPY">
      <fromjoint id="n465__IN__1" port="0"/>
      <tobox id="UserData1" port="12"/>
    <point x="30.64" y="4.08"/><point x="28.83" y="5.08"/></line>
    <line id="e329__IN__CPY">
      <frombox id="UserData23" port="1"/>
      <tojoint id="n465__OUT__0" port="0"/>
    <point x="4.19" y="27.44"/><point x="4.9" y="28.44"/></line>
  </level>
</graph>