<?xml version="1.0" encoding="UTF-8"?>
<!DOCTYPE world SYSTEM "world.dtd">
<world version="1">
 <level name="UserData">
  <linked-edges>
   <edge-set id="UserData0">
    <edgeref id="e8"/>
    <edgeref id="e334"/>
    <edgeref id="e336"/>
   </edge-set>
   <edge-set id="UserData1">
    <edgeref id="e332"/>
    <edgeref id="e333"/>
    <edgeref id="e335"/>
    <edgeref id="e685"/>
    <edgeref id="e28"/>
    <edgeref id="e743"/>
    <edgeref id="e30"/>
    <edgeref id="e32"/>
    <edgeref id="e325"/>
    <edgeref id="e773"/>
   </edge-set>
   <edge-set id="UserData2">
    <edgeref id="e128"/>
    <edgeref id="e327"/>
    <edgeref id="e328"/>
    <edgeref id="e775"/>
   </edge-set>
   <edge-set id="UserData3">
    <edgeref id="e7"/>
   </edge-set>
   <edge-set id="UserData5">
    <edgeref id="e330"/>
   </edge-set>
   <edge-set id="UserData6">
    <edgeref id="e331"/>
   </edge-set>
   <edge-set id="UserData13">
    <edgeref id="e822"/>
   </edge-set>
   <edge-set id="UserData14">
    <edgeref id="e27"/>
   </edge-set>
   <edge-set id="UserData17">
    <edgeref id="e823"/>
   </edge-set>
   <edge-set id="UserData18">
    <edgeref id="e29"/>
   </edge-set>
   <edge-set id="UserData20">
    <edgeref id="e831"/>
   </edge-set>
   <edge-set id="UserData21">
    <edgeref id="e31"/>
   </edge-set>
   <edge-set id="UserData23">
    <edgeref id="e798"/>
   </edge-set>
   <edge-set id="UserData24">
    <edgeref id="e127"/>
   </edge-set>
   <edge-set id="UserData26">
    <edgeref id="e323"/>
   </edge-set>
   <edge-set id="UserData27">
    <edgeref id="e324"/>
   </edge-set>
   <edge-set id="UserData29">
    <edgeref id="e326"/>
   </edge-set>
   <edge-set id="UserData32">
    <edgeref id="e329"/>
   </edge-set>
   <edge-set id="UserData35">
    <edgeref id="e846"/>
   </edge-set>
  </linked-edges>
  <boards>
   <board name="UserData-getName---Ljava-lang-String-">
    <node kind="INCOMING" id="n12">
     <input/>
     <output>
      <port num="0" edge="e7"/>
     </output>
     <layout>
      <x>0.00000</x>
      <y>0.00000</y>
     </layout>
    </node>
    <node kind="OUTGOING" id="n13">
     <input>
      <port num="0" edge="e822"/>
      <port num="1" edge="e336"/>
     </input>
     <output/>
     <layout>
      <x>0.37500</x>
      <y>12.94444</y>
     </layout>
    </node>
    <node kind="CONNECT" id="n14">
     <input>
      <port num="0" edge="e7"/>
     </input>
     <output>
      <port num="0" edge="e330"/>
     </output>
     <layout>
      <x>0.00000</x>
      <y>0.75000</y>
     </layout>
    </node>
    <node kind="START_NO_BALL" id="n15">
     <input/>
     <output>
      <port num="0" edge="e8"/>
     </output>
     <layout>
      <x>2.00000</x>
      <y>2.00000</y>
     </layout>
    </node>
    <node kind="CONNECT" id="n16">
     <input>
      <port num="0" edge="e8"/>
     </input>
     <output>
      <port num="0" edge="e334"/>
     </output>
     <layout>
      <x>1.97222</x>
      <y>4.97222</y>
     </layout>
    </node>
    <node kind="SUBBOARD" name="UserData-name--GET" id="n468">
     <input>
      <port num="0" edge="e330"/>
     </input>
     <output>
      <port num="0" edge="e331"/>
      <port num="1" edge="e332"/>
     </output>
     <layout>
      <x>0.00000</x>
      <y>3.25000</y>
     </layout>
    </node>
    <node kind="CONNECT" id="n469">
     <input>
      <port num="0" edge="e331"/>
     </input>
     <output>
      <port num="0" edge="e822"/>
     </output>
     <layout>
      <x>0.09722</x>
      <y>7.47222</y>
     </layout>
    </node>
    <node kind="CONNECT" id="n470">
     <input>
      <port num="0" edge="e332"/>
     </input>
     <output>
      <port num="0" edge="e333"/>
     </output>
     <layout>
      <x>1.00000</x>
      <y>6.22222</y>
     </layout>
    </node>
    <node kind="MERGE" id="n471">
     <input>
      <port num="0" edge="e334"/>
      <port num="1" edge="e335"/>
     </input>
     <output>
      <port num="0" edge="e336"/>
     </output>
     <layout>
      <x>1.69444</x>
      <y>10.44444</y>
     </layout>
    </node>
    <node kind="SPLIT" id="n472">
     <input>
      <port num="0" edge="e333"/>
     </input>
     <output>
      <port num="0" edge="e685"/>
      <port num="1" edge="e335"/>
     </output>
     <layout>
      <x>1.00000</x>
      <y>8.72222</y>
     </layout>
    </node>
    <node kind="END" id="n775">
     <input>
      <port num="0" edge="e685"/>
     </input>
     <output/>
     <layout>
      <x>0.80556</x>
      <y>11.69444</y>
     </layout>
    </node>
    <edge description="this" variableID="-1" pinch="false" width="narrow" editable="false" id="e7" buzzsaw="false">
     <from>
      <noderef id="n12" port="0"/>
     </from>
     <to>
      <noderef id="n14" port="0"/>
     </to>
     <edge-layout>
      <point>
       <x>0.50000</x>
       <y>0.00000</y>
      </point>
      <point>
       <x>0.50000</x>
       <y>0.56486</y>
      </point>
      <point>
       <x>0.50000</x>
       <y>1.23611</y>
      </point>
      <point>
       <x>0.50000</x>
       <y>1.23611</y>
      </point>
     </edge-layout>
    </edge>
    <edge description="Variable 23 at method UserData#getName():Ljava/lang/String; return type; tree String" variableID="23" pinch="false" width="narrow" editable="true" id="e8" buzzsaw="false">
     <from>
      <noderef id="n15" port="0"/>
     </from>
     <to>
      <noderef id="n16" port="0"/>
     </to>
     <edge-layout>
      <point>
       <x>2.50000</x>
       <y>2.51389</y>
      </point>
      <point>
       <x>2.50000</x>
       <y>2.51389</y>
      </point>
      <point>
       <x>2.47222</x>
       <y>5.45833</y>
      </point>
      <point>
       <x>2.47222</x>
       <y>5.45833</y>
      </point>
     </edge-layout>
    </edge>
    <edge description="this" variableID="-1" pinch="false" width="narrow" editable="false" id="e330" buzzsaw="false">
     <from>
      <noderef id="n14" port="0"/>
     </from>
     <to>
      <noderef id="n468" port="0"/>
     </to>
     <edge-layout>
      <point>
       <x>0.50000</x>
       <y>1.26389</y>
      </point>
      <point>
       <x>0.50000</x>
       <y>1.26389</y>
      </point>
      <point>
       <x>0.50000</x>
       <y>2.36722</y>
      </point>
      <point>
       <x>0.50000</x>
       <y>3.25000</y>
      </point>
     </edge-layout>
    </edge>
    <edge description="this" variableID="-1" pinch="false" width="narrow" editable="false" id="e331" buzzsaw="false">
     <from>
      <noderef id="n468" port="0"/>
     </from>
     <to>
      <noderef id="n469" port="0"/>
     </to>
     <edge-layout>
      <point>
       <x>0.50000</x>
       <y>4.72222</y>
      </point>
      <point>
       <x>0.50000</x>
       <y>6.16111</y>
      </point>
      <point>
       <x>0.59722</x>
       <y>7.95833</y>
      </point>
      <point>
       <x>0.59722</x>
       <y>7.95833</y>
      </point>
     </edge-layout>
    </edge>
    <edge description="Variable 21 at class UserData field name; tree String" variableID="21" pinch="false" width="narrow" editable="true" id="e332" buzzsaw="false">
     <from>
      <noderef id="n468" port="1"/>
     </from>
     <to>
      <noderef id="n470" port="0"/>
     </to>
     <edge-layout>
      <point>
       <x>1.50000</x>
       <y>4.72222</y>
      </point>
      <point>
       <x>1.50000</x>
       <y>5.60500</y>
      </point>
      <point>
       <x>1.50000</x>
       <y>6.70833</y>
      </point>
      <point>
       <x>1.50000</x>
       <y>6.70833</y>
      </point>
     </edge-layout>
    </edge>
    <edge description="Variable 21 at class UserData field name; tree String" variableID="21" pinch="false" width="narrow" editable="true" id="e333" buzzsaw="false">
     <from>
      <noderef id="n470" port="0"/>
     </from>
     <to>
      <noderef id="n472" port="0"/>
     </to>
     <edge-layout>
      <point>
       <x>1.50000</x>
       <y>6.73611</y>
      </point>
      <point>
       <x>1.50000</x>
       <y>6.73611</y>
      </point>
      <point>
       <x>1.50000</x>
       <y>9.20833</y>
      </point>
      <point>
       <x>1.50000</x>
       <y>9.20833</y>
      </point>
     </edge-layout>
    </edge>
    <edge description="Variable 23 at method UserData#getName():Ljava/lang/String; return type; tree String" variableID="23" pinch="false" width="narrow" editable="true" id="e334" buzzsaw="false">
     <from>
      <noderef id="n16" port="0"/>
     </from>
     <to>
      <noderef id="n471" port="0"/>
     </to>
     <edge-layout>
      <point>
       <x>2.47222</x>
       <y>5.48611</y>
      </point>
      <point>
       <x>2.47222</x>
       <y>5.48611</y>
      </point>
      <point>
       <x>2.19444</x>
       <y>10.93056</y>
      </point>
      <point>
       <x>2.19444</x>
       <y>10.93056</y>
      </point>
     </edge-layout>
    </edge>
    <edge description="Variable 21 at class UserData field name; tree String" variableID="21" pinch="false" width="narrow" editable="true" id="e335" buzzsaw="false">
     <from>
      <noderef id="n472" port="1"/>
     </from>
     <to>
      <noderef id="n471" port="1"/>
     </to>
     <edge-layout>
      <point>
       <x>1.50000</x>
       <y>9.23611</y>
      </point>
      <point>
       <x>1.50000</x>
       <y>9.23611</y>
      </point>
      <point>
       <x>2.19444</x>
       <y>10.93056</y>
      </point>
      <point>
       <x>2.19444</x>
       <y>10.93056</y>
      </point>
     </edge-layout>
    </edge>
    <edge description="Variable 23 at method UserData#getName():Ljava/lang/String; return type; tree String" variableID="23" pinch="false" width="narrow" editable="true" id="e336" buzzsaw="false">
     <from>
      <noderef id="n471" port="0"/>
     </from>
     <to>
      <noderef id="n13" port="1"/>
     </to>
     <edge-layout>
      <point>
       <x>2.19444</x>
       <y>10.95833</y>
      </point>
      <point>
       <x>2.19444</x>
       <y>10.95833</y>
      </point>
      <point>
       <x>1.87500</x>
       <y>12.05042</y>
      </point>
      <point>
       <x>1.87500</x>
       <y>12.94444</y>
      </point>
     </edge-layout>
    </edge>
    <edge description="Variable 21 at class UserData field name; tree String" variableID="21" pinch="false" width="narrow" editable="true" id="e685" buzzsaw="false">
     <from>
      <noderef id="n472" port="0"/>
     </from>
     <to>
      <noderef id="n775" port="0"/>
     </to>
     <edge-layout>
      <point>
       <x>1.50000</x>
       <y>9.23611</y>
      </point>
      <point>
       <x>1.50000</x>
       <y>9.23611</y>
      </point>
      <point>
       <x>1.30556</x>
       <y>12.18056</y>
      </point>
      <point>
       <x>1.30556</x>
       <y>12.18056</y>
      </point>
     </edge-layout>
    </edge>
    <edge description="this" variableID="-1" pinch="false" width="narrow" editable="false" id="e822" buzzsaw="false">
     <from>
      <noderef id="n469" port="0"/>
     </from>
     <to>
      <noderef id="n13" port="0"/>
     </to>
     <edge-layout>
      <point>
       <x>0.59722</x>
       <y>7.98611</y>
      </point>
      <point>
       <x>0.59722</x>
       <y>7.98611</y>
      </point>
      <point>
       <x>0.41361</x>
       <y>10.63444</y>
      </point>
      <point>
       <x>0.79167</x>
       <y>12.69444</y>
      </point>
      <point>
       <x>0.81278</x>
       <y>12.80958</y>
      </point>
      <point>
       <x>0.87500</x>
       <y>12.82736</y>
      </point>
      <point>
       <x>0.87500</x>
       <y>12.94444</y>
      </point>
     </edge-layout>
    </edge>
   </board>
   <board name="UserData">
    <node kind="INCOMING" id="n57">
     <input/>
     <output>
      <port num="0" edge="e27"/>
      <port num="1" edge="e28"/>
     </output>
     <layout>
      <x>0.01389</x>
      <y>0.00000</y>
     </layout>
    </node>
    <node kind="OUTGOING" id="n58">
     <input>
      <port num="0" edge="e823"/>
     </input>
     <output/>
     <layout>
      <x>0.00000</x>
      <y>7.68000</y>
     </layout>
    </node>
    <node kind="CONNECT" id="n59">
     <input>
      <port num="0" edge="e27"/>
     </input>
     <output>
      <port num="0" edge="e823"/>
     </output>
     <layout>
      <x>0.00000</x>
      <y>3.41333</y>
     </layout>
    </node>
    <node kind="CONNECT" id="n60">
     <input>
      <port num="0" edge="e28"/>
     </input>
     <output>
      <port num="0" edge="e743"/>
     </output>
     <layout>
      <x>1.04167</x>
      <y>1.28000</y>
     </layout>
    </node>
    <node kind="END" id="n833">
     <input>
      <port num="0" edge="e743"/>
     </input>
     <output/>
     <layout>
      <x>1.04167</x>
      <y>5.54667</y>
     </layout>
    </node>
    <edge description="this" variableID="-1" pinch="false" width="narrow" editable="false" id="e27" buzzsaw="false">
     <from>
      <noderef id="n57" port="0"/>
     </from>
     <to>
      <noderef id="n59" port="0"/>
     </to>
     <edge-layout>
      <point>
       <x>0.51389</x>
       <y>0.00000</y>
      </point>
      <point>
       <x>0.51389</x>
       <y>1.53829</y>
      </point>
      <point>
       <x>0.50000</x>
       <y>3.41333</y>
      </point>
      <point>
       <x>0.50000</x>
       <y>3.41333</y>
      </point>
     </edge-layout>
    </edge>
    <edge description="Variable 21 at class UserData field name; tree String" variableID="21" pinch="false" width="narrow" editable="true" id="e28" buzzsaw="false">
     <from>
      <noderef id="n57" port="1"/>
     </from>
     <to>
      <noderef id="n60" port="0"/>
     </to>
     <edge-layout>
      <point>
       <x>1.51389</x>
       <y>0.00000</y>
      </point>
      <point>
       <x>1.51389</x>
       <y>0.58506</y>
      </point>
      <point>
       <x>1.54167</x>
       <y>1.28000</y>
      </point>
      <point>
       <x>1.54167</x>
       <y>1.28000</y>
      </point>
     </edge-layout>
    </edge>
    <edge description="Variable 21 at class UserData field name; tree String" variableID="21" pinch="false" width="narrow" editable="true" id="e743" buzzsaw="false">
     <from>
      <noderef id="n60" port="0"/>
     </from>
     <to>
      <noderef id="n833" port="0"/>
     </to>
     <edge-layout>
      <point>
       <x>1.54167</x>
       <y>1.28000</y>
      </point>
      <point>
       <x>1.54167</x>
       <y>1.28000</y>
      </point>
      <point>
       <x>1.54167</x>
       <y>5.54667</y>
      </point>
      <point>
       <x>1.54167</x>
       <y>5.54667</y>
      </point>
     </edge-layout>
    </edge>
    <edge description="this" variableID="-1" pinch="false" width="narrow" editable="false" id="e823" buzzsaw="false">
     <from>
      <noderef id="n59" port="0"/>
     </from>
     <to>
      <noderef id="n58" port="0"/>
     </to>
     <edge-layout>
      <point>
       <x>0.50000</x>
       <y>3.41333</y>
      </point>
      <point>
       <x>0.50000</x>
       <y>3.41333</y>
      </point>
      <point>
       <x>0.50000</x>
       <y>5.78357</y>
      </point>
      <point>
       <x>0.50000</x>
       <y>7.68000</y>
      </point>
     </edge-layout>
    </edge>
   </board>
   <board name="UserData-name--GET">
    <node kind="INCOMING" id="n61">
     <input/>
     <output>
      <port num="0" edge="e29"/>
     </output>
     <layout>
      <x>0.00000</x>
      <y>0.00000</y>
     </layout>
    </node>
    <node kind="OUTGOING" id="n62">
     <input>
      <port num="0" edge="e831"/>
      <port num="1" edge="e30"/>
     </input>
     <output/>
     <layout>
      <x>0.00000</x>
      <y>7.68000</y>
     </layout>
    </node>
    <node kind="CONNECT" id="n63">
     <input>
      <port num="0" edge="e29"/>
     </input>
     <output>
      <port num="0" edge="e831"/>
     </output>
     <layout>
      <x>0.00000</x>
      <y>3.61026</y>
     </layout>
    </node>
    <node kind="START_PIPE_DEPENDENT_BALL" id="n64">
     <input/>
     <output>
      <port num="0" edge="e30"/>
     </output>
     <layout>
      <x>1.00000</x>
      <y>0.65641</y>
     </layout>
    </node>
    <edge description="this" variableID="-1" pinch="false" width="narrow" editable="false" id="e29" buzzsaw="false">
     <from>
      <noderef id="n61" port="0"/>
     </from>
     <to>
      <noderef id="n63" port="0"/>
     </to>
     <edge-layout>
      <point>
       <x>0.50000</x>
       <y>0.00000</y>
      </point>
      <point>
       <x>0.50000</x>
       <y>1.63233</y>
      </point>
      <point>
       <x>0.50000</x>
       <y>3.61026</y>
      </point>
      <point>
       <x>0.50000</x>
       <y>3.61026</y>
      </point>
     </edge-layout>
    </edge>
    <edge description="Variable 21 at class UserData field name; tree String" variableID="21" pinch="false" width="narrow" editable="true" id="e30" buzzsaw="false">
     <from>
      <noderef id="n64" port="0"/>
     </from>
     <to>
      <noderef id="n62" port="1"/>
     </to>
     <edge-layout>
      <point>
       <x>1.50000</x>
       <y>0.65641</y>
      </point>
      <point>
       <x>1.50000</x>
       <y>0.65641</y>
      </point>
      <point>
       <x>1.50000</x>
       <y>4.55827</y>
      </point>
      <point>
       <x>1.50000</x>
       <y>7.68000</y>
      </point>
     </edge-layout>
    </edge>
    <edge description="this" variableID="-1" pinch="false" width="narrow" editable="false" id="e831" buzzsaw="false">
     <from>
      <noderef id="n63" port="0"/>
     </from>
     <to>
      <noderef id="n62" port="0"/>
     </to>
     <edge-layout>
      <point>
       <x>0.50000</x>
       <y>3.61026</y>
      </point>
      <point>
       <x>0.50000</x>
       <y>3.61026</y>
      </point>
      <point>
       <x>0.50000</x>
       <y>5.87107</y>
      </point>
      <point>
       <x>0.50000</x>
       <y>7.68000</y>
      </point>
     </edge-layout>
    </edge>
   </board>
   <board name="UserData-name--SET">
    <node kind="INCOMING" id="n65">
     <input/>
     <output>
      <port num="0" edge="e31"/>
      <port num="1" edge="e32"/>
     </output>
     <layout>
      <x>0.00000</x>
      <y>0.00000</y>
     </layout>
    </node>
    <node kind="OUTGOING" id="n66">
     <input>
      <port num="0" edge="e798"/>
     </input>
     <output/>
     <layout>
      <x>0.00000</x>
      <y>7.68000</y>
     </layout>
    </node>
    <node kind="CONNECT" id="n67">
     <input>
      <port num="0" edge="e31"/>
     </input>
     <output>
      <port num="0" edge="e798"/>
     </output>
     <layout>
      <x>0.00000</x>
      <y>1.77231</y>
     </layout>
    </node>
    <node kind="END" id="n68">
     <input>
      <port num="0" edge="e32"/>
     </input>
     <output/>
     <layout>
      <x>1.00000</x>
      <y>4.72615</y>
     </layout>
    </node>
    <edge description="this" variableID="-1" pinch="false" width="narrow" editable="false" id="e31" buzzsaw="false">
     <from>
      <noderef id="n65" port="0"/>
     </from>
     <to>
      <noderef id="n67" port="0"/>
     </to>
     <edge-layout>
      <point>
       <x>0.50000</x>
       <y>0.00000</y>
      </point>
      <point>
       <x>0.50000</x>
       <y>0.80988</y>
      </point>
      <point>
       <x>0.50000</x>
       <y>1.77231</y>
      </point>
      <point>
       <x>0.50000</x>
       <y>1.77231</y>
      </point>
     </edge-layout>
    </edge>
    <edge description="Variable 21 at class UserData field name; tree String" variableID="21" pinch="false" width="narrow" editable="true" id="e32" buzzsaw="false">
     <from>
      <noderef id="n65" port="1"/>
     </from>
     <to>
      <noderef id="n68" port="0"/>
     </to>
     <edge-layout>
      <point>
       <x>1.50000</x>
       <y>0.00000</y>
      </point>
      <point>
       <x>1.50000</x>
       <y>2.12994</y>
      </point>
      <point>
       <x>1.50000</x>
       <y>4.72615</y>
      </point>
      <point>
       <x>1.50000</x>
       <y>4.72615</y>
      </point>
     </edge-layout>
    </edge>
    <edge description="this" variableID="-1" pinch="false" width="narrow" editable="false" id="e798" buzzsaw="false">
     <from>
      <noderef id="n67" port="0"/>
     </from>
     <to>
      <noderef id="n66" port="0"/>
     </to>
     <edge-layout>
      <point>
       <x>0.50000</x>
       <y>1.77231</y>
      </point>
      <point>
       <x>0.50000</x>
       <y>1.77231</y>
      </point>
      <point>
       <x>0.50000</x>
       <y>5.05418</y>
      </point>
      <point>
       <x>0.50000</x>
       <y>7.68000</y>
      </point>
     </edge-layout>
    </edge>
   </board>
   <board name="UserData--init--Ljava-lang-String-I--V">
    <node kind="INCOMING" id="n253">
     <input/>
     <output>
      <port num="0" edge="e127"/>
      <port num="1" edge="e128"/>
     </output>
     <layout>
      <x>0.83333</x>
      <y>0.00000</y>
     </layout>
    </node>
    <node kind="OUTGOING" id="n254">
     <input>
      <port num="0" edge="e846"/>
     </input>
     <output/>
     <layout>
      <x>0.00000</x>
      <y>13.41667</y>
     </layout>
    </node>
    <node kind="CONNECT" id="n255">
     <input>
      <port num="0" edge="e127"/>
     </input>
     <output>
      <port num="0" edge="e323"/>
     </output>
     <layout>
      <x>0.76389</x>
      <y>0.75000</y>
     </layout>
    </node>
    <node kind="CONNECT" id="n256">
     <input>
      <port num="0" edge="e128"/>
     </input>
     <output>
      <port num="0" edge="e327"/>
     </output>
     <layout>
      <x>2.11111</x>
      <y>2.00000</y>
     </layout>
    </node>
    <node kind="SUBBOARD" name="UserData-name--GET" id="n462">
     <input>
      <port num="0" edge="e323"/>
     </input>
     <output>
      <port num="0" edge="e324"/>
      <port num="1" edge="e325"/>
     </output>
     <layout>
      <x>0.13889</x>
      <y>3.25000</y>
     </layout>
    </node>
    <node kind="CONNECT" id="n463">
     <input>
      <port num="0" edge="e324"/>
     </input>
     <output>
      <port num="0" edge="e326"/>
     </output>
     <layout>
      <x>0.08333</x>
      <y>5.44444</y>
     </layout>
    </node>
    <node kind="CONNECT" id="n464">
     <input>
      <port num="0" edge="e325"/>
     </input>
     <output>
      <port num="0" edge="e773"/>
     </output>
     <layout>
      <x>1.15278</x>
      <y>6.69444</y>
     </layout>
    </node>
    <node kind="SUBBOARD" name="UserData-name--SET" id="n465">
     <input>
      <port num="0" edge="e326"/>
      <port num="1" edge="e328"/>
     </input>
     <output>
      <port num="0" edge="e329"/>
     </output>
     <layout>
      <x>0.00000</x>
      <y>7.94444</y>
     </layout>
    </node>
    <node kind="SPLIT" id="n466">
     <input>
      <port num="0" edge="e327"/>
     </input>
     <output>
      <port num="0" edge="e775"/>
      <port num="1" edge="e328"/>
     </output>
     <layout>
      <x>2.13889</x>
      <y>5.44444</y>
     </layout>
    </node>
    <node kind="CONNECT" id="n467">
     <input>
      <port num="0" edge="e329"/>
     </input>
     <output>
      <port num="0" edge="e846"/>
     </output>
     <layout>
      <x>0.00000</x>
      <y>10.91667</y>
     </layout>
    </node>
    <node kind="END" id="n863">
     <input>
      <port num="0" edge="e773"/>
     </input>
     <output/>
     <layout>
      <x>2.00000</x>
      <y>9.66667</y>
     </layout>
    </node>
    <node kind="END" id="n865">
     <input>
      <port num="0" edge="e775"/>
     </input>
     <output/>
     <layout>
      <x>2.79167</x>
      <y>12.16667</y>
     </layout>
    </node>
    <edge description="this" variableID="-1" pinch="false" width="narrow" editable="false" id="e127" buzzsaw="false">
     <from>
      <noderef id="n253" port="0"/>
     </from>
     <to>
      <noderef id="n255" port="0"/>
     </to>
     <edge-layout>
      <point>
       <x>1.33333</x>
       <y>0.00000</y>
      </point>
      <point>
       <x>1.33333</x>
       <y>0.56569</y>
      </point>
      <point>
       <x>1.26389</x>
       <y>1.23611</y>
      </point>
      <point>
       <x>1.26389</x>
       <y>1.23611</y>
      </point>
     </edge-layout>
    </edge>
    <edge description="Variable 22 at method UserData#&lt;init&gt;(Ljava/lang/String;I):V parameter 0; tree String" variableID="22" pinch="false" width="narrow" editable="true" id="e128" buzzsaw="false">
     <from>
      <noderef id="n253" port="1"/>
     </from>
     <to>
      <noderef id="n256" port="0"/>
     </to>
     <edge-layout>
      <point>
       <x>2.33333</x>
       <y>0.00000</y>
      </point>
      <point>
       <x>2.33333</x>
       <y>1.12736</y>
      </point>
      <point>
       <x>2.61111</x>
       <y>2.48611</y>
      </point>
      <point>
       <x>2.61111</x>
       <y>2.48611</y>
      </point>
     </edge-layout>
    </edge>
    <edge description="this" variableID="-1" pinch="false" width="narrow" editable="false" id="e323" buzzsaw="false">
     <from>
      <noderef id="n255" port="0"/>
     </from>
     <to>
      <noderef id="n462" port="0"/>
     </to>
     <edge-layout>
      <point>
       <x>1.26389</x>
       <y>1.26389</y>
      </point>
      <point>
       <x>1.26389</x>
       <y>1.26389</y>
      </point>
      <point>
       <x>0.63889</x>
       <y>2.32458</y>
      </point>
      <point>
       <x>0.63889</x>
       <y>3.25000</y>
      </point>
     </edge-layout>
    </edge>
    <edge description="this" variableID="-1" pinch="false" width="narrow" editable="false" id="e324" buzzsaw="false">
     <from>
      <noderef id="n462" port="0"/>
     </from>
     <to>
      <noderef id="n463" port="0"/>
     </to>
     <edge-layout>
      <point>
       <x>0.63889</x>
       <y>4.72222</y>
      </point>
      <point>
       <x>0.63889</x>
       <y>5.25986</y>
      </point>
      <point>
       <x>0.58333</x>
       <y>5.93056</y>
      </point>
      <point>
       <x>0.58333</x>
       <y>5.93056</y>
      </point>
     </edge-layout>
    </edge>
    <edge description="Variable 21 at class UserData field name; tree String" variableID="21" pinch="false" width="narrow" editable="true" id="e325" buzzsaw="false">
     <from>
      <noderef id="n462" port="1"/>
     </from>
     <to>
      <noderef id="n464" port="0"/>
     </to>
     <edge-layout>
      <point>
       <x>1.63889</x>
       <y>4.72222</y>
      </point>
      <point>
       <x>1.63889</x>
       <y>5.81486</y>
      </point>
      <point>
       <x>1.65278</x>
       <y>7.18056</y>
      </point>
      <point>
       <x>1.65278</x>
       <y>7.18056</y>
      </point>
     </edge-layout>
    </edge>
    <edge description="this" variableID="-1" pinch="false" width="narrow" editable="false" id="e326" buzzsaw="false">
     <from>
      <noderef id="n463" port="0"/>
     </from>
     <to>
      <noderef id="n465" port="0"/>
     </to>
     <edge-layout>
      <point>
       <x>0.58333</x>
       <y>5.95833</y>
      </point>
      <point>
       <x>0.58333</x>
       <y>5.95833</y>
      </point>
      <point>
       <x>0.50000</x>
       <y>7.06097</y>
      </point>
      <point>
       <x>0.50000</x>
       <y>7.94444</y>
      </point>
     </edge-layout>
    </edge>
    <edge description="Variable 22 at method UserData#&lt;init&gt;(Ljava/lang/String;I):V parameter 0; tree String" variableID="22" pinch="false" width="narrow" editable="true" id="e327" buzzsaw="false">
     <from>
      <noderef id="n256" port="0"/>
     </from>
     <to>
      <noderef id="n466" port="0"/>
     </to>
     <edge-layout>
      <point>
       <x>2.61111</x>
       <y>2.51389</y>
      </point>
      <point>
       <x>2.61111</x>
       <y>2.51389</y>
      </point>
      <point>
       <x>2.63889</x>
       <y>5.93056</y>
      </point>
      <point>
       <x>2.63889</x>
       <y>5.93056</y>
      </point>
     </edge-layout>
    </edge>
    <edge description="Variable 22 at method UserData#&lt;init&gt;(Ljava/lang/String;I):V parameter 0; tree String" variableID="22" pinch="false" width="narrow" editable="true" id="e328" buzzsaw="false">
     <from>
      <noderef id="n466" port="1"/>
     </from>
     <to>
      <noderef id="n465" port="1"/>
     </to>
     <edge-layout>
      <point>
       <x>2.63889</x>
       <y>5.95833</y>
      </point>
      <point>
       <x>2.63889</x>
       <y>5.95833</y>
      </point>
      <point>
       <x>2.78014</x>
       <y>7.10764</y>
      </point>
      <point>
       <x>2.25000</x>
       <y>7.69444</y>
      </point>
      <point>
       <x>2.01444</x>
       <y>7.95514</y>
      </point>
      <point>
       <x>1.50000</x>
       <y>7.59306</y>
      </point>
      <point>
       <x>1.50000</x>
       <y>7.94444</y>
      </point>
     </edge-layout>
    </edge>
    <edge description="this" variableID="-1" pinch="false" width="narrow" editable="false" id="e329" buzzsaw="false">
     <from>
      <noderef id="n465" port="0"/>
     </from>
     <to>
      <noderef id="n467" port="0"/>
     </to>
     <edge-layout>
      <point>
       <x>0.50000</x>
       <y>9.41667</y>
      </point>
      <point>
       <x>0.50000</x>
       <y>10.29944</y>
      </point>
      <point>
       <x>0.50000</x>
       <y>11.40278</y>
      </point>
      <point>
       <x>0.50000</x>
       <y>11.40278</y>
      </point>
     </edge-layout>
    </edge>
    <edge description="Variable 21 at class UserData field name; tree String" variableID="21" pinch="false" width="narrow" editable="true" id="e773" buzzsaw="false">
     <from>
      <noderef id="n464" port="0"/>
     </from>
     <to>
      <noderef id="n863" port="0"/>
     </to>
     <edge-layout>
      <point>
       <x>1.65278</x>
       <y>7.20833</y>
      </point>
      <point>
       <x>1.65278</x>
       <y>7.20833</y>
      </point>
      <point>
       <x>1.98472</x>
       <y>7.58194</y>
      </point>
      <point>
       <x>2.12500</x>
       <y>7.94444</y>
      </point>
      <point>
       <x>2.48431</x>
       <y>8.87292</y>
      </point>
      <point>
       <x>2.50000</x>
       <y>10.15278</y>
      </point>
      <point>
       <x>2.50000</x>
       <y>10.15278</y>
      </point>
     </edge-layout>
    </edge>
    <edge description="Variable 22 at method UserData#&lt;init&gt;(Ljava/lang/String;I):V parameter 0; tree String" variableID="22" pinch="false" width="narrow" editable="true" id="e775" buzzsaw="false">
     <from>
      <noderef id="n466" port="0"/>
     </from>
     <to>
      <noderef id="n865" port="0"/>
     </to>
     <edge-layout>
      <point>
       <x>2.63889</x>
       <y>5.95833</y>
      </point>
      <point>
       <x>2.63889</x>
       <y>5.95833</y>
      </point>
      <point>
       <x>2.88708</x>
       <y>6.34556</y>
      </point>
      <point>
       <x>2.97222</x>
       <y>6.69444</y>
      </point>
      <point>
       <x>3.60097</x>
       <y>9.27083</y>
      </point>
      <point>
       <x>3.29167</x>
       <y>12.65278</y>
      </point>
      <point>
       <x>3.29167</x>
       <y>12.65278</y>
      </point>
     </edge-layout>
    </edge>
    <edge description="this" variableID="-1" pinch="false" width="narrow" editable="false" id="e846" buzzsaw="false">
     <from>
      <noderef id="n467" port="0"/>
     </from>
     <to>
      <noderef id="n254" port="0"/>
     </to>
     <edge-layout>
      <point>
       <x>0.50000</x>
       <y>11.43056</y>
      </point>
      <point>
       <x>0.50000</x>
       <y>11.43056</y>
      </point>
      <point>
       <x>0.50000</x>
       <y>12.53389</y>
      </point>
      <point>
       <x>0.50000</x>
       <y>13.41667</y>
      </point>
     </edge-layout>
    </edge>
   </board>
  </boards>
 </level>
 </world>
