<graph id="world">
  <level id="net_sf_picard_analysis_directed_InsertSizeCollectorArgs">
    <box height="1.01" id="net_sf_picard_analysis_directed_InsertSizeCollectorArgs0" lines="4" width="4.0" x="23.81" y="2.04"/>
    <box height="1.01" id="net_sf_picard_analysis_directed_InsertSizeCollectorArgs1" lines="11" width="11.0" x="18.0" y="5.59"/>
    <box height="1.01" id="net_sf_picard_analysis_directed_InsertSizeCollectorArgs2" lines="3" width="3.0" x="22.0" y="9.15"/>
    <box height="1.01" id="net_sf_picard_analysis_directed_InsertSizeCollectorArgs3" lines="1" width="1.0" x="4.15" y="2.04"/>
    <box height="1.01" id="net_sf_picard_analysis_directed_InsertSizeCollectorArgs5" lines="1" width="1.0" x="4.15" y="5.59"/>
    <box height="1.01" id="net_sf_picard_analysis_directed_InsertSizeCollectorArgs6" lines="1" width="1.0" x="2.5" y="16.26"/>
    <box height="1.01" id="net_sf_picard_analysis_directed_InsertSizeCollectorArgs8" lines="1" width="1.0" x="2.5" y="19.82"/>
    <box height="1.01" id="net_sf_picard_analysis_directed_InsertSizeCollectorArgs11" lines="1" width="1.0" x="1.21" y="30.48"/>
    <box height="1.01" id="net_sf_picard_analysis_directed_InsertSizeCollectorArgs14" lines="1" width="1.0" x="1.21" y="34.04"/>
    <box height="1.01" id="net_sf_picard_analysis_directed_InsertSizeCollectorArgs15" lines="1" width="1.0" x="6.15" y="2.04"/>
    <box height="1.01" id="net_sf_picard_analysis_directed_InsertSizeCollectorArgs17" lines="1" width="1.0" x="6.15" y="5.59"/>
    <box height="1.01" id="net_sf_picard_analysis_directed_InsertSizeCollectorArgs18" lines="1" width="1.0" x="4.5" y="16.26"/>
    <box height="1.01" id="net_sf_picard_analysis_directed_InsertSizeCollectorArgs25" lines="1" width="1.0" x="4.5" y="19.82"/>
    <box height="1.01" id="net_sf_picard_analysis_directed_InsertSizeCollectorArgs26" lines="1" width="1.0" x="35.15" y="2.04"/>
    <box height="1.01" id="net_sf_picard_analysis_directed_InsertSizeCollectorArgs29" lines="1" width="1.0" x="35.15" y="5.59"/>
    <box height="1.01" id="net_sf_picard_analysis_directed_InsertSizeCollectorArgs30" lines="3" width="3.0" x="4.14" y="9.15"/>
    <box height="1.01" id="net_sf_picard_analysis_directed_InsertSizeCollectorArgs32" lines="1" width="1.0" x="3.49" y="12.7"/>
    <box height="1.01" id="net_sf_picard_analysis_directed_InsertSizeCollectorArgs33" lines="2" width="2.0" x="1.49" y="23.37"/>
    <box height="1.01" id="net_sf_picard_analysis_directed_InsertSizeCollectorArgs35" lines="1" width="1.0" x="1.21" y="26.93"/>
    <box height="1.01" id="net_sf_picard_analysis_directed_InsertSizeCollectorArgs36" lines="1" width="1.0" x="33.15" y="2.04"/>
    <box height="1.01" id="net_sf_picard_analysis_directed_InsertSizeCollectorArgs37" lines="1" width="1.0" x="33.15" y="5.59"/>
    <joint height="0.51" id="n1666__OUT__inReceiver" inputs="0" outputs="1" width="1.0" x="4.15" y="0.26"/>
    <joint height="0.51" id="n24002" inputs="0" outputs="1" width="1.0" x="19.94" y="3.82"/>
    <joint height="0.51" id="n64063" inputs="1" outputs="0" width="1.0" x="28.94" y="3.82"/>
    <joint height="0.51" id="n43116__OUT__inReceiver" inputs="0" outputs="1" width="1.0" x="33.15" y="0.26"/>
    <joint height="0.51" id="n24004__IN__outReceiver" inputs="1" outputs="1" width="1.0" x="1.21" y="28.7"/>
    <joint height="0.51" id="n7896__OUT__inReceiver" inputs="0" outputs="1" width="1.0" x="6.15" y="0.26"/>
    <joint height="0.51" id="n43118" inputs="1" outputs="1" width="1.0" x="33.15" y="3.82"/>
    <joint height="0.51" id="n7897__IN__outReceiver" inputs="1" outputs="0" width="1.0" x="4.5" y="21.59"/>
    <joint height="0.51" id="n43629" inputs="1" outputs="1" width="1.0" x="8.15" y="7.37"/>
    <joint height="0.51" id="n43628" inputs="1" outputs="1" width="1.0" x="2.5" y="18.04"/>
    <joint height="0.51" id="n24001" inputs="1" outputs="1" width="1.0" x="3.49" y="10.93"/>
    <joint height="0.51" id="n24006" inputs="1" outputs="0" width="1.0" x="31.15" y="7.37"/>
    <joint height="0.51" id="n24005" inputs="1" outputs="1" width="1.0" x="1.21" y="25.15"/>
    <joint height="0.51" id="n43623" inputs="1" outputs="1" width="1.0" x="4.5" y="18.04"/>
    <joint height="0.51" id="n43625" inputs="2" outputs="1" width="2.0" x="22.65" y="7.37"/>
    <joint height="0.51" id="n43624" inputs="1" outputs="1" width="1.0" x="15.15" y="7.37"/>
    <joint height="0.51" id="n43626" inputs="1" outputs="2" width="2.0" x="17.65" y="7.37"/>
    <joint height="0.51" id="n72257" inputs="1" outputs="0" width="1.0" x="25.15" y="7.37"/>
    <joint height="0.51" id="n72258" inputs="1" outputs="0" width="1.0" x="10.15" y="7.37"/>
    <joint height="0.51" id="n43630__IN__inReceiver" inputs="1" outputs="1" width="1.0" x="2.5" y="21.59"/>
    <joint height="0.51" id="n43622__IN__inReceiver" inputs="1" outputs="1" width="1.0" x="6.15" y="7.37"/>
    <joint height="0.51" id="n23995__OUT__inReceiver" inputs="0" outputs="1" width="1.0" x="35.15" y="0.26"/>
    <joint height="0.51" id="n7899" inputs="0" outputs="1" width="1.0" x="20.15" y="7.37"/>
    <joint height="0.51" id="n7898" inputs="1" outputs="1" width="1.0" x="6.15" y="3.82"/>
    <joint height="0.51" id="n24003__OUT__output_1" inputs="0" outputs="1" width="1.0" x="21.94" y="3.82"/>
    <joint height="0.51" id="n24003__OUT__inReceiver" inputs="0" outputs="1" width="1.0" x="0.5" y="21.59"/>
    <joint height="0.51" id="n1668" inputs="1" outputs="1" width="1.0" x="4.15" y="3.82"/>
    <joint height="0.51" id="n1669" inputs="1" outputs="1" width="1.0" x="15.94" y="3.82"/>
    <joint height="0.51" id="n24000__IN__outputReturn1" inputs="1" outputs="2" width="2.0" x="12.65" y="7.37"/>
    <joint height="0.51" id="n1666__OUT__inParam1" inputs="0" outputs="1" width="1.0" x="22.76" y="0.26"/>
    <joint height="0.51" id="n43627__IN__inReceiver" inputs="1" outputs="1" width="1.0" x="4.15" y="7.37"/>
    <joint height="0.51" id="n7897__IN__outputReturn1" inputs="1" outputs="0" width="1.0" x="23.35" y="10.93"/>
    <joint height="0.51" id="n23999__OUT__inReceiver" inputs="0" outputs="1" width="1.0" x="2.15" y="7.37"/>
    <joint height="0.51" id="n43117__IN__outReceiver" inputs="1" outputs="0" width="1.0" x="33.15" y="7.37"/>
    <joint height="0.51" id="n43632" inputs="1" outputs="1" width="1.0" x="1.21" y="32.26"/>
    <joint height="0.51" id="n43631" inputs="1" outputs="2" width="2.0" x="24.44" y="3.82"/>
    <joint height="0.51" id="n23995__OUT__output_1" inputs="0" outputs="1" width="1.0" x="17.94" y="3.82"/>
    <joint height="0.51" id="n23996__IN__outReceiver" inputs="1" outputs="0" width="1.0" x="35.15" y="7.37"/>
    <joint height="0.51" id="n23997" inputs="1" outputs="1" width="1.0" x="35.15" y="3.82"/>
    <joint height="0.51" id="n43630__IN__output_1" inputs="1" outputs="1" width="1.0" x="26.94" y="3.82"/>
    <joint height="0.51" id="n24000__IN__outReceiver" inputs="1" outputs="2" width="2.0" x="3.49" y="14.48"/>
    <joint height="0.51" id="n1667__IN__outReceiver" inputs="1" outputs="0" width="1.0" x="1.21" y="35.82"/>
    <joint height="0.51" id="n7900" inputs="1" outputs="1" width="1.0" x="21.35" y="10.93"/>
    <joint height="0.51" id="n23998" inputs="1" outputs="1" width="1.0" x="27.15" y="7.37"/>
    <joint height="0.51" id="n70062" inputs="1" outputs="0" width="1.0" x="29.15" y="7.37"/>
    <line id="e766__IN__">
      <fromjoint id="n1666__OUT__inReceiver" port="0"/>
      <tobox id="net_sf_picard_analysis_directed_InsertSizeCollectorArgs3" port="0"/>
    <point x="4.14" y="0.52"/><point x="4.14" y="1.52"/></line>
    <line id="e766__OUT__">
      <frombox id="net_sf_picard_analysis_directed_InsertSizeCollectorArgs3" port="0"/>
      <tojoint id="n1668" port="input"/>
    <point x="4.14" y="2.55"/><point x="4.14" y="3.55"/></line>
    <line id="e767__IN__">
      <fromjoint id="n1666__OUT__inParam1" port="0"/>
      <tobox id="net_sf_picard_analysis_directed_InsertSizeCollectorArgs0" port="0"/>
    <point x="22.75" y="0.52"/><point x="22.75" y="1.52"/></line>
    <line id="e767__OUT__">
      <frombox id="net_sf_picard_analysis_directed_InsertSizeCollectorArgs0" port="0"/>
      <tojoint id="n1669" port="input"/>
    <point x="22.75" y="2.55"/><point x="15.93" y="3.55"/></line>
    <line id="e32740__IN__">
      <fromjoint id="n1668" port="output"/>
      <tobox id="net_sf_picard_analysis_directed_InsertSizeCollectorArgs5" port="0"/>
    <point x="4.14" y="4.08"/><point x="4.14" y="5.08"/></line>
    <line id="e32740__OUT__">
      <frombox id="net_sf_picard_analysis_directed_InsertSizeCollectorArgs5" port="0"/>
      <tojoint id="n43627__IN__inReceiver" port="0"/>
    <point x="4.14" y="6.11"/><point x="4.14" y="7.11"/></line>
    <line id="e32741__IN__">
      <fromjoint id="n24000__IN__outReceiver" port="0"/>
      <tobox id="net_sf_picard_analysis_directed_InsertSizeCollectorArgs6" port="0"/>
    <point x="3.19" y="14.75"/><point x="2.49" y="15.75"/></line>
    <line id="e32741__OUT__">
      <frombox id="net_sf_picard_analysis_directed_InsertSizeCollectorArgs6" port="0"/>
      <tojoint id="n43628" port="input"/>
    <point x="2.49" y="16.77"/><point x="2.49" y="17.77"/></line>
    <line id="e32742__IN__">
      <fromjoint id="n24000__IN__outputReturn1" port="0"/>
      <tobox id="net_sf_picard_analysis_directed_InsertSizeCollectorArgs1" port="0"/>
    <point x="12.36" y="7.64"/><point x="13.67" y="5.08"/></line>
    <line id="e32742__OUT__">
      <frombox id="net_sf_picard_analysis_directed_InsertSizeCollectorArgs1" port="0"/>
      <tojoint id="n43629" port="input"/>
    <point x="13.67" y="6.11"/><point x="8.14" y="7.11"/></line>
    <line id="e32743__IN__">
      <fromjoint id="n43628" port="output"/>
      <tobox id="net_sf_picard_analysis_directed_InsertSizeCollectorArgs8" port="0"/>
    <point x="2.49" y="18.3"/><point x="2.49" y="19.3"/></line>
    <line id="e32743__OUT__">
      <frombox id="net_sf_picard_analysis_directed_InsertSizeCollectorArgs8" port="0"/>
      <tojoint id="n43630__IN__inReceiver" port="0"/>
    <point x="2.49" y="20.33"/><point x="2.49" y="21.33"/></line>
    <line id="e32744__IN__">
      <fromjoint id="n1669" port="output"/>
      <tobox id="net_sf_picard_analysis_directed_InsertSizeCollectorArgs0" port="1"/>
    <point x="15.93" y="4.08"/><point x="23.44" y="1.52"/></line>
    <line id="e32744__OUT__">
      <frombox id="net_sf_picard_analysis_directed_InsertSizeCollectorArgs0" port="1"/>
      <tojoint id="n43631" port="input"/>
    <point x="23.44" y="2.55"/><point x="24.43" y="3.55"/></line>
    <line id="e32745__IN__">
      <fromjoint id="n43631" port="split"/>
      <tobox id="net_sf_picard_analysis_directed_InsertSizeCollectorArgs0" port="2"/>
    <point x="24.15" y="4.08"/><point x="24.15" y="1.52"/></line>
    <line id="e32745__OUT__">
      <frombox id="net_sf_picard_analysis_directed_InsertSizeCollectorArgs0" port="2"/>
      <tojoint id="n43630__IN__output_1" port="0"/>
    <point x="24.15" y="2.55"/><point x="26.93" y="3.55"/></line>
    <line id="e32746__IN__">
      <fromjoint id="n24004__IN__outReceiver" port="0"/>
      <tobox id="net_sf_picard_analysis_directed_InsertSizeCollectorArgs11" port="0"/>
    <point x="1.19" y="28.97"/><point x="1.19" y="29.97"/></line>
    <line id="e32746__OUT__">
      <frombox id="net_sf_picard_analysis_directed_InsertSizeCollectorArgs11" port="0"/>
      <tojoint id="n43632" port="input"/>
    <point x="1.19" y="31.0"/><point x="1.19" y="32.0"/></line>
    <line id="e54594__IN__">
      <fromjoint id="n43631" port="output"/>
      <tobox id="net_sf_picard_analysis_directed_InsertSizeCollectorArgs0" port="3"/>
    <point x="24.74" y="4.08"/><point x="24.85" y="1.52"/></line>
    <line id="e54594__OUT__">
      <frombox id="net_sf_picard_analysis_directed_InsertSizeCollectorArgs0" port="3"/>
      <tojoint id="n64063" port="input"/>
    <point x="24.85" y="2.55"/><point x="28.93" y="3.55"/></line>
    <line id="e63454__IN__">
      <fromjoint id="n43629" port="output"/>
      <tobox id="net_sf_picard_analysis_directed_InsertSizeCollectorArgs1" port="1"/>
    <point x="8.14" y="7.64"/><point x="14.53" y="5.08"/></line>
    <line id="e63454__OUT__">
      <frombox id="net_sf_picard_analysis_directed_InsertSizeCollectorArgs1" port="1"/>
      <tojoint id="n72258" port="input"/>
    <point x="14.53" y="6.11"/><point x="10.14" y="7.11"/></line>
    <line id="e65431__IN__">
      <fromjoint id="n43632" port="output"/>
      <tobox id="net_sf_picard_analysis_directed_InsertSizeCollectorArgs14" port="0"/>
    <point x="1.19" y="32.52"/><point x="1.19" y="33.52"/></line>
    <line id="e65431__OUT__">
      <frombox id="net_sf_picard_analysis_directed_InsertSizeCollectorArgs14" port="0"/>
      <tojoint id="n1667__IN__outReceiver" port="0"/>
    <point x="1.19" y="34.55"/><point x="1.19" y="35.55"/></line>
    <line id="e3804__IN__">
      <fromjoint id="n7896__OUT__inReceiver" port="0"/>
      <tobox id="net_sf_picard_analysis_directed_InsertSizeCollectorArgs15" port="0"/>
    <point x="6.14" y="0.52"/><point x="6.14" y="1.52"/></line>
    <line id="e3804__OUT__">
      <frombox id="net_sf_picard_analysis_directed_InsertSizeCollectorArgs15" port="0"/>
      <tojoint id="n7898" port="input"/>
    <point x="6.14" y="2.55"/><point x="6.14" y="3.55"/></line>
    <line id="e3805__IN__">
      <fromjoint id="n7899" port="output"/>
      <tobox id="net_sf_picard_analysis_directed_InsertSizeCollectorArgs2" port="0"/>
    <point x="20.14" y="7.64"/><point x="21.36" y="8.64"/></line>
    <line id="e3805__OUT__">
      <frombox id="net_sf_picard_analysis_directed_InsertSizeCollectorArgs2" port="0"/>
      <tojoint id="n7900" port="input"/>
    <point x="21.36" y="9.66"/><point x="21.33" y="10.66"/></line>
    <line id="e32734__IN__">
      <fromjoint id="n7898" port="output"/>
      <tobox id="net_sf_picard_analysis_directed_InsertSizeCollectorArgs17" port="0"/>
    <point x="6.14" y="4.08"/><point x="6.14" y="5.08"/></line>
    <line id="e32734__OUT__">
      <frombox id="net_sf_picard_analysis_directed_InsertSizeCollectorArgs17" port="0"/>
      <tojoint id="n43622__IN__inReceiver" port="0"/>
    <point x="6.14" y="6.11"/><point x="6.14" y="7.11"/></line>
    <line id="e32735__IN__">
      <fromjoint id="n24000__IN__outReceiver" port="1"/>
      <tobox id="net_sf_picard_analysis_directed_InsertSizeCollectorArgs18" port="0"/>
    <point x="3.78" y="14.75"/><point x="4.49" y="15.75"/></line>
    <line id="e32735__OUT__">
      <frombox id="net_sf_picard_analysis_directed_InsertSizeCollectorArgs18" port="0"/>
      <tojoint id="n43623" port="input"/>
    <point x="4.49" y="16.77"/><point x="4.49" y="17.77"/></line>
    <line id="e32736__IN__">
      <fromjoint id="n24000__IN__outputReturn1" port="1"/>
      <tobox id="net_sf_picard_analysis_directed_InsertSizeCollectorArgs1" port="2"/>
    <point x="12.94" y="7.64"/><point x="15.38" y="5.08"/></line>
    <line id="e32736__OUT__">
      <frombox id="net_sf_picard_analysis_directed_InsertSizeCollectorArgs1" port="2"/>
      <tojoint id="n43624" port="input"/>
    <point x="15.38" y="6.11"/><point x="15.14" y="7.11"/></line>
    <line id="e32737__IN__">
      <fromjoint id="n43624" port="output"/>
      <tobox id="net_sf_picard_analysis_directed_InsertSizeCollectorArgs1" port="3"/>
    <point x="15.14" y="7.64"/><point x="16.24" y="5.08"/></line>
    <line id="e32737__OUT__">
      <frombox id="net_sf_picard_analysis_directed_InsertSizeCollectorArgs1" port="3"/>
      <tojoint id="n43626" port="input"/>
    <point x="16.24" y="6.11"/><point x="17.64" y="7.11"/></line>
    <line id="e32738__IN__">
      <fromjoint id="n7900" port="output"/>
      <tobox id="net_sf_picard_analysis_directed_InsertSizeCollectorArgs2" port="1"/>
    <point x="21.33" y="11.19"/><point x="22.0" y="8.64"/></line>
    <line id="e32738__OUT__">
      <frombox id="net_sf_picard_analysis_directed_InsertSizeCollectorArgs2" port="1"/>
      <tojoint id="n43625" port="left"/>
    <point x="22.0" y="9.66"/><point x="22.38" y="7.11"/></line>
    <line id="e32739__IN__">
      <fromjoint id="n43626" port="split"/>
      <tobox id="net_sf_picard_analysis_directed_InsertSizeCollectorArgs1" port="4"/>
    <point x="17.36" y="7.64"/><point x="17.08" y="5.08"/></line>
    <line id="e32739__OUT__">
      <frombox id="net_sf_picard_analysis_directed_InsertSizeCollectorArgs1" port="4"/>
      <tojoint id="n43625" port="right"/>
    <point x="17.08" y="6.11"/><point x="22.93" y="7.11"/></line>
    <line id="e56121__IN__">
      <fromjoint id="n43625" port="output"/>
      <tobox id="net_sf_picard_analysis_directed_InsertSizeCollectorArgs2" port="2"/>
    <point x="22.64" y="7.64"/><point x="22.64" y="8.64"/></line>
    <line id="e56121__OUT__">
      <frombox id="net_sf_picard_analysis_directed_InsertSizeCollectorArgs2" port="2"/>
      <tojoint id="n7897__IN__outputReturn1" port="0"/>
    <point x="22.64" y="9.66"/><point x="23.33" y="10.66"/></line>
    <line id="e63453__IN__">
      <fromjoint id="n43626" port="output"/>
      <tobox id="net_sf_picard_analysis_directed_InsertSizeCollectorArgs1" port="5"/>
    <point x="17.94" y="7.64"/><point x="17.94" y="5.08"/></line>
    <line id="e63453__OUT__">
      <frombox id="net_sf_picard_analysis_directed_InsertSizeCollectorArgs1" port="5"/>
      <tojoint id="n72257" port="input"/>
    <point x="17.94" y="6.11"/><point x="25.14" y="7.11"/></line>
    <line id="e66522__IN__">
      <fromjoint id="n43623" port="output"/>
      <tobox id="net_sf_picard_analysis_directed_InsertSizeCollectorArgs25" port="0"/>
    <point x="4.49" y="18.3"/><point x="4.49" y="19.3"/></line>
    <line id="e66522__OUT__">
      <frombox id="net_sf_picard_analysis_directed_InsertSizeCollectorArgs25" port="0"/>
      <tojoint id="n7897__IN__outReceiver" port="0"/>
    <point x="4.49" y="20.33"/><point x="4.49" y="21.33"/></line>
    <line id="e12501__IN__">
      <fromjoint id="n23995__OUT__inReceiver" port="0"/>
      <tobox id="net_sf_picard_analysis_directed_InsertSizeCollectorArgs26" port="0"/>
    <point x="35.14" y="0.52"/><point x="35.14" y="1.52"/></line>
    <line id="e12501__OUT__">
      <frombox id="net_sf_picard_analysis_directed_InsertSizeCollectorArgs26" port="0"/>
      <tojoint id="n23997" port="input"/>
    <point x="35.14" y="2.55"/><point x="35.14" y="3.55"/></line>
    <line id="e12502__IN__">
      <fromjoint id="n23995__OUT__output_1" port="0"/>
      <tobox id="net_sf_picard_analysis_directed_InsertSizeCollectorArgs1" port="6"/>
    <point x="17.93" y="4.08"/><point x="18.81" y="5.08"/></line>
    <line id="e12502__OUT__">
      <frombox id="net_sf_picard_analysis_directed_InsertSizeCollectorArgs1" port="6"/>
      <tojoint id="n23998" port="input"/>
    <point x="18.81" y="6.11"/><point x="27.14" y="7.11"/></line>
    <line id="e61231__IN__">
      <fromjoint id="n23998" port="output"/>
      <tobox id="net_sf_picard_analysis_directed_InsertSizeCollectorArgs1" port="7"/>
    <point x="27.14" y="7.64"/><point x="19.65" y="5.08"/></line>
    <line id="e61231__OUT__">
      <frombox id="net_sf_picard_analysis_directed_InsertSizeCollectorArgs1" port="7"/>
      <tojoint id="n70062" port="input"/>
    <point x="19.65" y="6.11"/><point x="29.14" y="7.11"/></line>
    <line id="e68597__IN__">
      <fromjoint id="n23997" port="output"/>
      <tobox id="net_sf_picard_analysis_directed_InsertSizeCollectorArgs29" port="0"/>
    <point x="35.14" y="4.08"/><point x="35.14" y="5.08"/></line>
    <line id="e68597__OUT__">
      <frombox id="net_sf_picard_analysis_directed_InsertSizeCollectorArgs29" port="0"/>
      <tojoint id="n23996__IN__outReceiver" port="0"/>
    <point x="35.14" y="6.11"/><point x="35.14" y="7.11"/></line>
    <line id="e12503__IN__">
      <fromjoint id="n23999__OUT__inReceiver" port="0"/>
      <tobox id="net_sf_picard_analysis_directed_InsertSizeCollectorArgs30" port="0"/>
    <point x="2.14" y="7.64"/><point x="3.5" y="8.64"/></line>
    <line id="e12503__OUT__">
      <frombox id="net_sf_picard_analysis_directed_InsertSizeCollectorArgs30" port="0"/>
      <tojoint id="n24001" port="input"/>
    <point x="3.5" y="9.66"/><point x="3.47" y="10.66"/></line>
    <line id="e12504__IN__">
      <fromjoint id="n24002" port="output"/>
      <tobox id="net_sf_picard_analysis_directed_InsertSizeCollectorArgs1" port="8"/>
    <point x="19.93" y="4.08"/><point x="20.51" y="5.08"/></line>
    <line id="e12504__OUT__">
      <frombox id="net_sf_picard_analysis_directed_InsertSizeCollectorArgs1" port="8"/>
      <tojoint id="n24000__IN__outputReturn1" port="0"/>
    <point x="20.51" y="6.11"/><point x="12.64" y="7.11"/></line>
    <line id="e68598__IN__">
      <fromjoint id="n24001" port="output"/>
      <tobox id="net_sf_picard_analysis_directed_InsertSizeCollectorArgs32" port="0"/>
    <point x="3.47" y="11.19"/><point x="3.47" y="12.19"/></line>
    <line id="e68598__OUT__">
      <frombox id="net_sf_picard_analysis_directed_InsertSizeCollectorArgs32" port="0"/>
      <tojoint id="n24000__IN__outReceiver" port="0"/>
    <point x="3.47" y="13.22"/><point x="3.47" y="14.22"/></line>
    <line id="e12505__IN__">
      <fromjoint id="n24003__OUT__inReceiver" port="0"/>
      <tobox id="net_sf_picard_analysis_directed_InsertSizeCollectorArgs33" port="0"/>
    <point x="0.49" y="21.86"/><point x="1.21" y="22.86"/></line>
    <line id="e12505__OUT__">
      <frombox id="net_sf_picard_analysis_directed_InsertSizeCollectorArgs33" port="0"/>
      <tojoint id="n24005" port="input"/>
    <point x="1.21" y="23.89"/><point x="1.19" y="24.89"/></line>
    <line id="e12506__IN__">
      <fromjoint id="n24003__OUT__output_1" port="0"/>
      <tobox id="net_sf_picard_analysis_directed_InsertSizeCollectorArgs1" port="9"/>
    <point x="21.93" y="4.08"/><point x="21.36" y="5.08"/></line>
    <line id="e12506__OUT__">
      <frombox id="net_sf_picard_analysis_directed_InsertSizeCollectorArgs1" port="9"/>
      <tojoint id="n24006" port="input"/>
    <point x="21.36" y="6.11"/><point x="31.14" y="7.11"/></line>
    <line id="e68599__IN__">
      <fromjoint id="n24005" port="output"/>
      <tobox id="net_sf_picard_analysis_directed_InsertSizeCollectorArgs35" port="0"/>
    <point x="1.19" y="25.41"/><point x="1.19" y="26.41"/></line>
    <line id="e68599__OUT__">
      <frombox id="net_sf_picard_analysis_directed_InsertSizeCollectorArgs35" port="0"/>
      <tojoint id="n24004__IN__outReceiver" port="0"/>
    <point x="1.19" y="27.44"/><point x="1.19" y="28.44"/></line>
    <line id="e32188__IN__">
      <fromjoint id="n43116__OUT__inReceiver" port="0"/>
      <tobox id="net_sf_picard_analysis_directed_InsertSizeCollectorArgs36" port="0"/>
    <point x="33.14" y="0.52"/><point x="33.14" y="1.52"/></line>
    <line id="e32188__OUT__">
      <frombox id="net_sf_picard_analysis_directed_InsertSizeCollectorArgs36" port="0"/>
      <tojoint id="n43118" port="input"/>
    <point x="33.14" y="2.55"/><point x="33.14" y="3.55"/></line>
    <line id="e68979__IN__">
      <fromjoint id="n43118" port="output"/>
      <tobox id="net_sf_picard_analysis_directed_InsertSizeCollectorArgs37" port="0"/>
    <point x="33.14" y="4.08"/><point x="33.14" y="5.08"/></line>
    <line id="e68979__OUT__">
      <frombox id="net_sf_picard_analysis_directed_InsertSizeCollectorArgs37" port="0"/>
      <tojoint id="n43117__IN__outReceiver" port="0"/>
    <point x="33.14" y="6.11"/><point x="33.14" y="7.11"/></line>
    <line id="e32740__OUT__CPY">
      <fromjoint id="n43627__IN__inReceiver" port="0"/>
      <tobox id="net_sf_picard_analysis_directed_InsertSizeCollectorArgs30" port="1"/>
    <point x="4.14" y="7.64"/><point x="4.14" y="8.64"/></line>
    <line id="e32743__OUT__CPY">
      <fromjoint id="n43630__IN__inReceiver" port="0"/>
      <tobox id="net_sf_picard_analysis_directed_InsertSizeCollectorArgs33" port="1"/>
    <point x="2.49" y="21.86"/><point x="1.76" y="22.86"/></line>
    <line id="e32745__OUT__CPY">
      <fromjoint id="n43630__IN__output_1" port="0"/>
      <tobox id="net_sf_picard_analysis_directed_InsertSizeCollectorArgs1" port="10"/>
    <point x="26.93" y="4.08"/><point x="22.26" y="5.08"/></line>
    <line id="e32734__OUT__CPY">
      <fromjoint id="n43622__IN__inReceiver" port="0"/>
      <tobox id="net_sf_picard_analysis_directed_InsertSizeCollectorArgs30" port="2"/>
    <point x="6.14" y="7.64"/><point x="4.78" y="8.64"/></line>
  </level>
</graph>