
{
  "id": "p_000806_00000602",
  "qid": 2012,
  "version": "2",
  "default": "type:1",
  "scoring": {
    "variables": {"type:0": 0, "type:1": 0},
    "constraints": 1
  },
  "variables":{},
  "constraints":[
    "c:21673 <= var:3803",
    "c:33028 <= var:208",
    "c:220298 <= var:2892",
    "var:1999 <= c:23272",
    "var:1286 <= c:25582",
    "var:1994 <= c:23210",
    "var:1990 <= c:40885",
    "var:1990 <= c:23195",
    "c:24396 <= var:2265",
    "c:97661 <= var:3961",
    "c:25023 <= var:3341",
    "c:65023 <= var:116816",
    "c:7391 <= var:636",
    "var:1846 <= c:232470",
    "var:1846 <= c:158373",
    "c:7395 <= var:535",
    "var:1842 <= c:1136",
    "var:1842 <= c:19060",
    "var:1842 <= c:19143",
    "c:34900 <= var:3000",
    "c:13962 <= var:1318",
    "c:328 <= var:467",
    "c:13967 <= var:1319",
    "c:322 <= var:541",
    "c:452 <= var:1042",
    "c:321 <= var:542",
    "c:454 <= var:692",
    "c:327 <= var:535",
    "var:1324 <= c:15798",
    "var:1324 <= c:13843",
    "c:32463 <= var:3214",
    "var:1194 <= c:1310",
    "var:1194 <= c:11895",
    "var:1194 <= c:12122",
    "c:5957 <= var:535",
    "c:693 <= var:1179",
    "c:697 <= var:1181",
    "c:33441 <= var:658",
    "var:1199 <= c:12257",
    "var:1199 <= c:12134",
    "var:4011 <= c:41118",
    "var:4011 <= c:41437",
    "var:4011 <= c:41148",
    "c:13760 <= var:1400",
    "c:168398 <= var:2120",
    "c:93938 <= var:116810",
    "c:19506 <= var:884",
    "c:174036 <= var:3169",
    "c:15570 <= var:1400",
    "c:174031 <= var:3184",
    "c:37164 <= var:1179",
    "c:7601 <= var:753",
    "var:1996 <= c:23229",
    "c:15425 <= var:1400",
    "c:33203 <= var:1002",
    "c:12363 <= var:1002",
    "c:38771 <= var:3684",
    "var:1266 <= c:25116",
    "c:16427 <= var:1642",
    "c:16886 <= var:1642",
    "c:37581 <= var:1527",
    "c:1029 <= var:3326",
    "c:22838 <= var:2265",
    "c:38590 <= var:3710",
    "c:173121 <= var:944",
    "var:747 <= c:7827",
    "var:747 <= c:7918",
    "c:5736 <= var:3444",
    "c:38600 <= var:3711",
    "c:38601 <= var:3710",
    "var:205 <= c:2629",
    "var:205 <= c:2654",
    "c:38353 <= var:3706",
    "c:38351 <= var:3710",
    "c:24964 <= var:2527",
    "var:2362 <= c:26765",
    "c:22594 <= var:2184",
    "var:2364 <= c:101300",
    "var:2364 <= c:26763",
    "var:2364 <= c:24640",
    "c:22592 <= var:2183",
    "var:2366 <= c:26978",
    "var:2366 <= c:26789",
    "var:2366 <= c:26992",
    "c:37301 <= var:1260",
    "var:857 <= c:9433",
    "c:31082 <= var:1519",
    "var:2345 <= c:24582",
    "var:2345 <= c:67948",
    "var:2345 <= c:26659",
    "c:40889 <= var:3282",
    "c:7956 <= var:3004",
    "c:40885 <= var:2088",
    "c:19270 <= var:1824",
    "c:19271 <= var:1842",
    "c:28824 <= var:2527",
    "c:100647 <= var:3467",
    "c:6422 <= var:653",
    "c:36613 <= var:1819",
    "c:22572 <= var:2265",
    "c:18273 <= var:1642",
    "c:36618 <= var:1900",
    "c:9823 <= var:1002",
    "c:9394 <= var:760",
    "c:15357 <= var:808",
    "c:7876 <= var:3068",
    "c:11984 <= var:1184",
    "c:10057 <= var:926",
    "c:172745 <= var:2199",
    "c:10058 <= var:928",
    "c:2385 <= var:208",
    "c:24763 <= var:2424",
    "var:923 <= c:10057",
    "var:923 <= c:10058",
    "var:923 <= c:10308",
    "var:923 <= c:11515",
    "var:923 <= c:18955",
    "c:42710 <= var:3790",
    "var:926 <= c:9978",
    "var:926 <= c:10298",
    "var:926 <= c:10383",
    "var:926 <= c:9720",
    "var:926 <= c:11753",
    "var:926 <= c:11752",
    "var:926 <= c:11756",
    "var:926 <= c:10110",
    "var:926 <= c:65023",
    "var:3969 <= c:98634",
    "c:19879 <= var:187",
    "var:3961 <= c:97660",
    "c:39175 <= var:1898",
    "var:3965 <= c:103102",
    "var:2162 <= c:102011",
    "var:2162 <= c:22152",
    "var:2163 <= c:44055",
    "c:10129 <= var:972",
    "var:2161 <= c:43324",
    "var:2161 <= c:43939",
    "var:2161 <= c:22121",
    "var:2166 <= c:1842",
    "var:2166 <= c:22153",
    "var:2167 <= c:17612",
    "var:2164 <= c:230925",
    "var:2168 <= c:55820",
    "var:2168 <= c:168398",
    "var:2168 <= c:168346",
    "var:2169 <= c:155168",
    "var:2169 <= c:102019",
    "c:10126 <= var:965",
    "c:10125 <= var:970",
    "c:10273 <= var:1160",
    "var:2219 <= c:22838",
    "c:10277 <= var:919",
    "c:24548 <= var:2265",
    "c:25366 <= var:2527",
    "var:2214 <= c:49542",
    "var:2215 <= c:49612",
    "var:2215 <= c:22855",
    "var:2189 <= c:22655",
    "var:2189 <= c:22519",
    "var:636 <= c:6514",
    "var:636 <= c:6461",
    "var:636 <= c:6477",
    "var:632 <= c:6517",
    "c:18707 <= var:1642",
    "var:2182 <= c:22594",
    "var:2182 <= c:22592",
    "var:2182 <= c:22602",
    "var:2183 <= c:22491",
    "var:2183 <= c:22301",
    "var:2183 <= c:22269",
    "var:2183 <= c:22535",
    "var:2183 <= c:22572",
    "var:2183 <= c:51541",
    "var:2184 <= c:22525",
    "c:172690 <= var:2040",
    "c:152047 <= var:2265",
    "c:1815 <= var:168",
    "c:1816 <= var:3445",
    "c:1817 <= var:2197",
    "c:1810 <= var:170",
    "c:1811 <= var:173",
    "c:1812 <= var:2976",
    "c:2254 <= var:208",
    "c:36762 <= var:1642",
    "c:17612 <= var:2168",
    "c:453 <= var:366",
    "c:10473 <= var:923",
    "c:455 <= var:694",
    "var:2981 <= c:2043",
    "var:2981 <= c:1803",
    "var:2984 <= c:30397",
    "var:2984 <= c:30555",
    "var:2984 <= c:29972",
    "var:2986 <= c:1805",
    "var:2986 <= c:2029",
    "var:2989 <= c:30396",
    "var:2989 <= c:30639",
    "var:2989 <= c:31023",
    "c:197598 <= var:3194",
    "var:709 <= c:15327",
    "c:698 <= var:1204",
    "c:169129 <= var:3345",
    "c:42130 <= var:3838",
    "c:35869 <= var:2265",
    "c:31522 <= var:2758",
    "c:34114 <= var:2984",
    "c:39349 <= var:1944",
    "var:1529 <= c:99874",
    "var:1529 <= c:96661",
    "var:1528 <= c:392",
    "var:1528 <= c:146222",
    "var:1528 <= c:146284",
    "var:1527 <= c:22248",
    "var:1526 <= c:16919",
    "var:1526 <= c:1450",
    "var:1524 <= c:174166",
    "var:1523 <= c:34924",
    "var:1522 <= c:16918",
    "var:1522 <= c:96653",
    "var:1521 <= c:34271",
    "var:1521 <= c:16959",
    "var:1521 <= c:34853",
    "c:2629 <= var:208",
    "var:3749 <= c:38002",
    "var:3749 <= c:37989",
    "var:3748 <= c:38001",
    "var:3748 <= c:38013",
    "var:3032 <= c:1773",
    "var:3032 <= c:2013",
    "c:18803 <= var:1619",
    "var:3741 <= c:38249",
    "var:3036 <= c:30766",
    "var:3036 <= c:34351",
    "var:3742 <= c:38266",
    "c:34598 <= var:2265",
    "var:1216 <= c:12473",
    "var:1216 <= c:12318",
    "c:25381 <= var:2682",
    "c:25380 <= var:1258",
    "c:33906 <= var:3022",
    "c:33905 <= var:3079",
    "c:694 <= var:1202",
    "c:42229 <= var:3888",
    "c:32508 <= var:3174",
    "var:1452 <= c:15364",
    "var:1452 <= c:15252",
    "var:1451 <= c:16914",
    "var:1451 <= c:15264",
    "c:8084 <= var:760",
    "var:1989 <= c:40890",
    "var:3635 <= c:39319",
    "var:3635 <= c:39488",
    "var:3636 <= c:39535",
    "var:3636 <= c:39309",
    "c:31835 <= var:2527",
    "c:142530 <= var:4031",
    "c:39184 <= var:3644",
    "c:6890 <= var:857",
    "c:661 <= var:1009",
    "c:660 <= var:1010",
    "c:34932 <= var:1642",
    "var:1856 <= c:18974",
    "var:1856 <= c:19086",
    "var:1855 <= c:19065",
    "var:1855 <= c:18983",
    "var:1855 <= c:20895",
    "c:34937 <= var:3172",
    "c:1257 <= var:3414",
    "c:7761 <= var:3668",
    "var:1181 <= c:12091",
    "var:1181 <= c:698",
    "var:1181 <= c:12047",
    "c:443 <= var:692",
    "c:32470 <= var:3184",
    "c:1258 <= var:366",
    "c:5941 <= var:520",
    "c:13834 <= var:1497",
    "c:38164 <= var:1882",
    "var:1679 <= c:16244",
    "var:1679 <= c:17917",
    "var:1679 <= c:18298",
    "var:1679 <= c:17977",
    "var:1679 <= c:36939",
    "var:1678 <= c:16243",
    "var:1678 <= c:203134",
    "var:1678 <= c:177260",
    "c:152150 <= var:3169",
    "c:13777 <= var:1373",
    "c:13775 <= var:1368",
    "c:13773 <= var:1366",
    "c:98635 <= var:3969",
    "c:98634 <= var:3179",
    "c:33874 <= var:1642",
    "c:52446 <= var:2159",
    "c:13778 <= var:1371",
    "c:16727 <= var:1568",
    "c:99874 <= var:1530",
    "c:6636 <= var:535",
    "c:19519 <= var:3759",
    "c:19518 <= var:3754",
    "c:26429 <= var:2265",
    "var:2407 <= c:24738",
    "var:2407 <= c:24733",
    "var:2407 <= c:24737",
    "c:4129 <= var:208",
    "c:7617 <= var:3169",
    "c:537 <= var:917",
    "c:8275 <= var:760",
    "c:538 <= var:919",
    "c:12425 <= var:1216",
    "c:1386 <= var:3301",
    "c:1387 <= var:886",
    "c:33012 <= var:208",
    "c:12353 <= var:1300",
    "c:41118 <= var:1938",
    "var:158 <= c:2050",
    "c:13110 <= var:187",
    "c:13114 <= var:208",
    "var:2231 <= c:22736",
    "var:151 <= c:4106",
    "var:152 <= c:4132",
    "var:152 <= c:2081",
    "c:16437 <= var:3001",
    "c:21023 <= var:1095",
    "var:156 <= c:2088",
    "c:28852 <= var:2520",
    "c:4237 <= var:1819",
    "c:103102 <= var:3174",
    "c:1030 <= var:113",
    "c:8018 <= var:760",
    "c:32256 <= var:2779",
    "c:33309 <= var:2265",
    "c:41024 <= var:1642",
    "c:12221 <= var:1179",
    "c:38612 <= var:3706",
    "c:38349 <= var:3711",
    "c:24977 <= var:2991",
    "var:2370 <= c:24503",
    "var:2370 <= c:26921",
    "c:24972 <= var:3004",
    "c:5052 <= var:535",
    "c:173465 <= var:3669",
    "c:173464 <= var:3668",
    "var:840 <= c:9624",
    "var:840 <= c:17695",
    "var:840 <= c:10111",
    "var:3038 <= c:1787",
    "var:3038 <= c:2023",
    "c:7942 <= var:840",
    "c:1778 <= var:3043",
    "c:7945 <= var:2976",
    "c:41569 <= var:2265",
    "c:8127 <= var:3000",
    "c:19262 <= var:1938",
    "c:8124 <= var:812",
    "c:1720 <= var:3408",
    "c:1721 <= var:1828",
    "c:22710 <= var:2265",
    "var:2779 <= c:31522",
    "var:2779 <= c:31625",
    "var:2779 <= c:31570",
    "var:2777 <= c:31149",
    "var:2777 <= c:97528",
    "var:2777 <= c:31455",
    "var:2775 <= c:31471",
    "c:15364 <= var:1451",
    "c:9388 <= var:840",
    "c:16894 <= var:152",
    "c:173798 <= var:2783",
    "c:37205 <= var:1279",
    "c:37756 <= var:3317",
    "c:37755 <= var:3318",
    "c:23411 <= var:3807",
    "c:11512 <= var:1002",
    "c:11515 <= var:3654",
    "c:56146 <= var:3300",
    "c:27179 <= var:2527",
    "c:22438 <= var:2227",
    "c:22439 <= var:2231",
    "c:22434 <= var:2224",
    "c:1626 <= var:129",
    "c:22430 <= var:2221",
    "c:1620 <= var:129",
    "c:26956 <= var:3838",
    "var:3913 <= c:41352",
    "var:2175 <= c:22039",
    "c:10110 <= var:989",
    "c:10111 <= var:3684",
    "c:14162 <= var:1239",
    "var:2179 <= c:22587",
    "c:173935 <= var:3245",
    "c:24803 <= var:3068",
    "var:2199 <= c:1285",
    "var:2199 <= c:22395",
    "var:3353 <= c:64951",
    "var:3353 <= c:1532",
    "var:3353 <= c:37457",
    "var:3353 <= c:37459",
    "c:173429 <= var:3694",
    "var:2197 <= c:1286",
    "var:2197 <= c:22367",
    "var:2197 <= c:22441",
    "var:2197 <= c:22440",
    "var:2197 <= c:1816",
    "var:2197 <= c:1299",
    "var:2197 <= c:22445",
    "var:2197 <= c:22444",
    "var:2197 <= c:22446",
    "var:2197 <= c:22438",
    "var:2197 <= c:22439",
    "var:2197 <= c:22429",
    "var:2197 <= c:22434",
    "var:2197 <= c:22430",
    "c:1532 <= var:1302",
    "c:172680 <= var:2370",
    "c:14256 <= var:1002",
    "c:36887 <= var:1683",
    "c:2243 <= var:1819",
    "c:57760 <= var:760",
    "var:1260 <= c:28529",
    "c:14380 <= var:3710",
    "c:134106 <= var:345",
    "var:3132 <= c:34114",
    "var:3132 <= c:33874",
    "c:53180 <= var:3091",
    "c:177831 <= var:3284",
    "var:3135 <= c:34086",
    "var:3135 <= c:34304",
    "c:3448 <= var:208",
    "var:2991 <= c:1774",
    "var:2991 <= c:2032",
    "c:17595 <= var:1678",
    "var:2998 <= c:30736",
    "var:2998 <= c:30737",
    "var:2998 <= c:30739",
    "var:2998 <= c:30682",
    "var:2998 <= c:30744",
    "c:6150 <= var:535",
    "c:6153 <= var:452",
    "var:3224 <= c:32401",
    "var:3224 <= c:32331",
    "var:719 <= c:8264",
    "var:716 <= c:8275",
    "var:714 <= c:8296",
    "c:34853 <= var:1524",
    "c:17917 <= var:1298",
    "c:35850 <= var:2265",
    "c:232470 <= var:3416",
    "var:3228 <= c:32463",
    "var:3228 <= c:32365",
    "c:17049 <= var:1400",
    "var:1516 <= c:16983",
    "var:1516 <= c:17028",
    "var:1514 <= c:17049",
    "var:1514 <= c:16996",
    "var:1514 <= c:16214",
    "var:1515 <= c:17005",
    "var:1515 <= c:17012",
    "c:11775 <= var:345",
    "var:1518 <= c:16978",
    "var:1518 <= c:17000",
    "c:24837 <= var:3184",
    "c:146222 <= var:1400",
    "c:25602 <= var:2265",
    "var:3004 <= c:30566",
    "var:3001 <= c:30719",
    "c:11548 <= var:1002",
    "c:34584 <= var:3046",
    "c:33918 <= var:3060",
    "c:151795 <= var:1938",
    "c:42215 <= var:3924",
    "c:61411 <= var:2678",
    "c:172730 <= var:2145",
    "c:4956 <= var:535",
    "c:172931 <= var:535",
    "var:3647 <= c:39184",
    "c:20380 <= var:2040",
    "var:3648 <= c:39269",
    "var:3648 <= c:39274",
    "var:542 <= c:322",
    "var:542 <= c:6153",
    "var:542 <= c:6400",
    "var:542 <= c:6171",
    "var:541 <= c:321",
    "var:541 <= c:6150",
    "c:20387 <= var:1974",
    "c:34924 <= var:1524",
    "c:7371 <= var:535",
    "c:173264 <= var:3891",
    "var:1869 <= c:38245",
    "c:41961 <= var:3886",
    "c:41960 <= var:3885",
    "var:1649 <= c:1073",
    "var:1649 <= c:18335",
    "c:34097 <= var:1642",
    "c:32400 <= var:760",
    "c:32401 <= var:3169",
    "c:300 <= var:467",
    "c:301 <= var:469",
    "c:159922 <= var:116838",
    "c:114318 <= var:116820",
    "var:1881 <= c:38138",
    "var:1882 <= c:22947",
    "var:1884 <= c:1680",
    "var:1884 <= c:21301",
    "var:1885 <= c:223708",
    "var:1886 <= c:2184",
    "var:1886 <= c:2155",
    "var:1886 <= c:3727",
    "c:38117 <= var:3754",
    "c:92876 <= var:3442",
    "c:92709 <= var:1920",
    "c:13740 <= var:1362",
    "c:13741 <= var:1356",
    "c:33861 <= var:3174",
    "c:943 <= var:1642",
    "c:944 <= var:1557",
    "c:6971 <= var:3663",
    "c:16710 <= var:1642",
    "c:19071 <= var:1940",
    "c:7629 <= var:760",
    "c:4132 <= var:297",
    "c:41309 <= var:1002",
    "c:544 <= var:1697",
    "c:545 <= var:113",
    "c:8264 <= var:760",
    "c:211969 <= var:3448",
    "c:139674 <= var:1248",
    "var:161 <= c:2075",
    "var:1246 <= c:139674",
    "var:1246 <= c:42021",
    "var:1246 <= c:42056",
    "var:1247 <= c:96858",
    "var:1247 <= c:23931",
    "var:1244 <= c:14124",
    "var:1244 <= c:1506",
    "var:1245 <= c:171669",
    "var:1242 <= c:174257",
    "var:168 <= c:2227",
    "var:1240 <= c:14162",
    "var:1240 <= c:96812",
    "var:1241 <= c:28965",
    "var:366 <= c:1257",
    "var:366 <= c:4429",
    "var:366 <= c:452",
    "var:366 <= c:4237",
    "var:366 <= c:4052",
    "var:366 <= c:4037",
    "var:366 <= c:657",
    "var:366 <= c:1112",
    "var:366 <= c:4457",
    "var:366 <= c:4147",
    "var:364 <= c:1087",
    "var:364 <= c:4129",
    "var:364 <= c:4212",
    "var:364 <= c:5566",
    "var:364 <= c:1107",
    "var:364 <= c:4254",
    "var:364 <= c:4473",
    "var:362 <= c:4116",
    "c:28072 <= var:1448",
    "c:32791 <= var:1230",
    "c:21034 <= var:1095",
    "c:22602 <= var:2199",
    "c:172817 <= var:760",
    "c:174166 <= var:1528",
    "c:7422 <= var:694",
    "c:173454 <= var:3673",
    "c:198437 <= var:3723",
    "c:5281 <= var:469",
    "c:37169 <= var:1266",
    "c:124822 <= var:3336",
    "c:1285 <= var:2197",
    "c:37161 <= var:1278",
    "c:1286 <= var:2199",
    "c:11858 <= var:1002",
    "c:173255 <= var:3895",
    "c:173252 <= var:3894",
    "c:38338 <= var:3706",
    "c:19494 <= var:1642",
    "c:24943 <= var:2489",
    "c:24941 <= var:3843",
    "c:24947 <= var:2487",
    "c:173478 <= var:3652",
    "c:173479 <= var:3640",
    "c:38369 <= var:3706",
    "c:173474 <= var:3648",
    "c:173475 <= var:3651",
    "c:5267 <= var:469",
    "c:173473 <= var:3649",
    "c:173471 <= var:3647",
    "c:16978 <= var:1480",
    "c:22736 <= var:2265",
    "c:7972 <= var:760",
    "c:19253 <= var:1839",
    "c:6400 <= var:3667",
    "c:41352 <= var:3915",
    "var:3892 <= c:41928",
    "var:3892 <= c:41923",
    "c:1759 <= var:2391",
    "c:1758 <= var:3447",
    "c:173071 <= var:1334",
    "c:38249 <= var:3732",
    "c:16579 <= var:1800",
    "c:16576 <= var:3732",
    "c:38245 <= var:1871",
    "var:943 <= c:21023",
    "c:49612 <= var:2313",
    "var:944 <= c:21034",
    "var:944 <= c:9801",
    "var:948 <= c:9809",
    "c:177512 <= var:208",
    "c:22429 <= var:2219",
    "c:1634 <= var:114",
    "c:16637 <= var:1559",
    "c:1633 <= var:113",
    "c:35735 <= var:2040",
    "c:4254 <= var:1819",
    "c:203148 <= var:1888",
    "c:14628 <= var:3647",
    "c:172407 <= var:1808",
    "var:3348 <= c:37214",
    "var:3348 <= c:64981",
    "var:3348 <= c:990",
    "var:3348 <= c:37427",
    "var:2238 <= c:22674",
    "var:2236 <= c:22690",
    "var:3340 <= c:37169",
    "var:3340 <= c:37294",
    "var:3340 <= c:50247",
    "var:3340 <= c:1108",
    "var:3343 <= c:37161",
    "var:3343 <= c:1113",
    "var:3343 <= c:37164",
    "var:3343 <= c:114281",
    "var:3344 <= c:114268",
    "var:3344 <= c:37205",
    "var:3344 <= c:1311",
    "var:3344 <= c:37175",
    "var:3344 <= c:143988",
    "c:25542 <= var:2527",
    "var:859 <= c:159922",
    "var:859 <= c:46058",
    "var:859 <= c:9415",
    "var:859 <= c:9966",
    "c:42021 <= var:1002",
    "c:23063 <= var:2040",
    "c:36893 <= var:1819",
    "var:895 <= c:8913",
    "var:899 <= c:10319",
    "c:2892 <= var:3646",
    "c:2272 <= var:1298",
    "c:24498 <= var:2424",
    "c:36785 <= var:1851",
    "c:36782 <= var:1642",
    "var:2520 <= c:28700",
    "var:2527 <= c:1457",
    "var:2524 <= c:28824",
    "var:2524 <= c:28852",
    "var:3129 <= c:34149",
    "var:3129 <= c:34746",
    "c:230925 <= var:2168",
    "var:3126 <= c:34167",
    "var:3126 <= c:34945",
    "c:134355 <= var:208",
    "c:10657 <= var:923",
    "c:3456 <= var:208",
    "c:34828 <= var:3000",
    "c:42111 <= var:3838",
    "c:172781 <= var:710",
    "var:760 <= c:443",
    "var:767 <= c:7701",
    "var:767 <= c:478",
    "var:767 <= c:7726",
    "var:767 <= c:9400",
    "c:172786 <= var:694",
    "c:35841 <= var:2167",
    "c:16959 <= var:1400",
    "var:1505 <= c:17438",
    "var:1505 <= c:16591",
    "var:1501 <= c:17482",
    "var:1501 <= c:17525",
    "var:1501 <= c:17446",
    "var:766 <= c:477",
    "var:766 <= c:7743",
    "var:420 <= c:211894",
    "var:421 <= c:226260",
    "var:421 <= c:134106",
    "var:421 <= c:134355",
    "var:422 <= c:96142",
    "var:422 <= c:120782",
    "c:18822 <= var:1642",
    "var:3017 <= c:1788",
    "var:3017 <= c:1812",
    "c:223708 <= var:1886",
    "c:152274 <= var:3082",
    "c:2088 <= var:208",
    "c:22690 <= var:2265",
    "c:24230 <= var:2345",
    "c:24231 <= var:1267",
    "c:2081 <= var:301",
    "c:42202 <= var:3882",
    "c:114268 <= var:3346",
    "c:30070 <= var:535",
    "var:396 <= c:4469",
    "var:396 <= c:4428",
    "var:397 <= c:4462",
    "var:397 <= c:4411",
    "var:395 <= c:4475",
    "var:395 <= c:4443",
    "var:395 <= c:4967",
    "var:3652 <= c:39061",
    "var:3652 <= c:39059",
    "var:3652 <= c:39064",
    "var:3651 <= c:39233",
    "var:3651 <= c:39236",
    "var:3651 <= c:39234",
    "c:477 <= var:767",
    "c:53863 <= var:3965",
    "var:1874 <= c:21417",
    "var:1874 <= c:21541",
    "c:7362 <= var:634",
    "var:1870 <= c:38255",
    "var:1879 <= c:42814",
    "var:1879 <= c:38164",
    "var:1879 <= c:21536",
    "c:21536 <= var:1642",
    "c:154592 <= var:2393",
    "var:1650 <= c:17788",
    "var:1650 <= c:1074",
    "var:1650 <= c:18356",
    "var:1650 <= c:18330",
    "var:1897 <= c:38479",
    "var:1897 <= c:101838",
    "var:1605 <= c:18622",
    "c:30479 <= var:3167",
    "c:33787 <= var:3217",
    "c:5973 <= var:615",
    "c:30475 <= var:3020",
    "c:16508 <= var:1642",
    "c:12465 <= var:1162",
    "c:6980 <= var:2395",
    "var:1600 <= c:16364",
    "c:6984 <= var:760",
    "c:6989 <= var:694",
    "c:61420 <= var:3371",
    "c:53313 <= var:3184",
    "c:21757 <= var:2040",
    "c:26395 <= var:2316",
    "var:1099 <= c:12632",
    "var:1099 <= c:12559",
    "var:1098 <= c:12067",
    "var:1098 <= c:12571",
    "var:1098 <= c:12068",
    "var:1098 <= c:12071",
    "c:33521 <= var:1735",
    "var:173 <= c:2185",
    "var:170 <= c:2206",
    "c:33099 <= var:1642",
    "var:1257 <= c:96868",
    "var:1257 <= c:25380",
    "var:175 <= c:2169",
    "var:178 <= c:2160",
    "c:12409 <= var:1181",
    "c:33092 <= var:416",
    "c:16146 <= var:1400",
    "c:4037 <= var:395",
    "var:370 <= c:3956",
    "var:370 <= c:5249",
    "c:16419 <= var:3065",
    "c:7743 <= var:760",
    "c:16364 <= var:1642",
    "c:4212 <= var:1938",
    "c:30396 <= var:3030",
    "var:3990 <= c:41239",
    "var:3990 <= c:142530",
    "var:3990 <= c:41812",
    "c:15540 <= var:3068",
    "var:3406 <= c:1681",
    "var:3406 <= c:36648",
    "var:3406 <= c:36762",
    "var:3406 <= c:189632",
    "c:1299 <= var:2265",
    "c:12712 <= var:654",
    "c:37175 <= var:1179",
    "c:5450 <= var:489",
    "c:5453 <= var:491",
    "c:38326 <= var:3716",
    "c:173265 <= var:3892",
    "c:22121 <= var:2040",
    "c:19065 <= var:1642",
    "c:173269 <= var:3845",
    "c:173268 <= var:3844",
    "c:4457 <= var:1179",
    "c:19060 <= var:1938",
    "c:4106 <= var:297",
    "c:19483 <= var:1642",
    "c:94980 <= var:2886",
    "var:2681 <= c:27223",
    "var:2681 <= c:28099",
    "var:2681 <= c:28103",
    "var:2681 <= c:28092",
    "var:2681 <= c:28093",
    "var:2681 <= c:28094",
    "var:2681 <= c:28096",
    "var:2681 <= c:28097",
    "c:5271 <= var:469",
    "c:9720 <= var:1938",
    "c:38819 <= var:3663",
    "c:173445 <= var:3684",
    "c:11053 <= var:1038",
    "c:8101 <= var:411",
    "var:928 <= c:10091",
    "var:928 <= c:9747",
    "c:5228 <= var:535",
    "c:36311 <= var:2889",
    "var:2758 <= c:31122",
    "var:2758 <= c:31123",
    "var:2758 <= c:31120",
    "var:2758 <= c:76551",
    "var:2758 <= c:31124",
    "var:2758 <= c:31119",
    "var:2758 <= c:31118",
    "var:2758 <= c:27804",
    "c:7155 <= var:728",
    "c:16561 <= var:1559",
    "c:19392 <= var:1824",
    "c:38255 <= var:1871",
    "var:950 <= c:9823",
    "var:953 <= c:9847",
    "var:956 <= c:9697",
    "c:26978 <= var:2379",
    "c:3841 <= var:3646",
    "c:27115 <= var:2681",
    "c:1606 <= var:129",
    "c:22153 <= var:2040",
    "c:42711 <= var:3789",
    "c:195438 <= var:888",
    "c:23090 <= var:2040",
    "c:23097 <= var:2040",
    "c:9290 <= var:760",
    "c:11447 <= var:902",
    "c:15721 <= var:1400",
    "var:2221 <= c:22823",
    "c:31023 <= var:2265",
    "var:2224 <= c:22802",
    "var:2227 <= c:22786",
    "var:3334 <= c:124822",
    "var:3335 <= c:32819",
    "var:3335 <= c:37227",
    "var:3335 <= c:1507",
    "var:3335 <= c:214146",
    "c:23272 <= var:2040",
    "c:25534 <= var:2527",
    "var:3333 <= c:37250",
    "var:3333 <= c:65877",
    "var:3333 <= c:32833",
    "var:3333 <= c:1404",
    "c:9624 <= var:760",
    "c:18755 <= var:1783",
    "c:42056 <= var:1143",
    "c:2263 <= var:4072",
    "c:2264 <= var:3094",
    "var:889 <= c:96958",
    "var:889 <= c:125978",
    "var:886 <= c:1386",
    "var:886 <= c:9115",
    "var:887 <= c:195438",
    "var:884 <= c:175619",
    "c:208836 <= var:615",
    "c:152657 <= var:535",
    "var:883 <= c:19506",
    "var:881 <= c:21554",
    "var:881 <= c:19567",
    "var:881 <= c:9196",
    "c:31339 <= var:1519",
    "var:2537 <= c:1672",
    "var:2537 <= c:29457",
    "var:2537 <= c:28593",
    "var:2537 <= c:28544",
    "var:2536 <= c:1671",
    "var:2536 <= c:28538",
    "var:3809 <= c:42797",
    "var:3809 <= c:42813",
    "c:25444 <= var:2527",
    "var:3245 <= c:32939",
    "c:6171 <= var:535",
    "var:1804 <= c:19433",
    "var:1804 <= c:19427",
    "var:1804 <= c:19483",
    "c:17932 <= var:1298",
    "c:10128 <= var:967",
    "c:17446 <= var:1480",
    "var:3064 <= c:34751",
    "var:3064 <= c:34815",
    "var:3064 <= c:34814",
    "var:3064 <= c:34809",
    "var:3064 <= c:34816",
    "var:3065 <= c:34828",
    "var:3060 <= c:34900",
    "var:415 <= c:4188",
    "var:415 <= c:96140",
    "c:25669 <= var:2345",
    "var:417 <= c:201690",
    "var:416 <= c:9198",
    "var:3068 <= c:34804",
    "var:410 <= c:4332",
    "var:410 <= c:4298",
    "c:2075 <= var:208",
    "c:24222 <= var:1304",
    "c:34636 <= var:3036",
    "c:142 <= var:208",
    "c:143 <= var:127",
    "c:22802 <= var:2265",
    "c:20236 <= var:2040",
    "var:1406 <= c:15865",
    "var:1406 <= c:880",
    "var:1407 <= c:15868",
    "var:1407 <= c:17304",
    "var:1407 <= c:881",
    "var:1407 <= c:15856",
    "var:1400 <= c:774",
    "var:3669 <= c:38858",
    "var:3669 <= c:38883",
    "c:33663 <= var:3221",
    "var:3468 <= c:36311",
    "var:3468 <= c:1920",
    "var:3468 <= c:36172",
    "var:3468 <= c:149116",
    "c:152865 <= var:1002",
    "c:24549 <= var:2386",
    "var:3466 <= c:36145",
    "var:3466 <= c:36289",
    "var:3466 <= c:100647",
    "var:3466 <= c:1763",
    "var:3467 <= c:164787",
    "c:7355 <= var:535",
    "c:2185 <= var:208",
    "c:2184 <= var:1642",
    "c:34946 <= var:1642",
    "c:34945 <= var:535",
    "var:1188 <= c:1315",
    "var:1188 <= c:12190",
    "var:1188 <= c:24463",
    "c:20129 <= var:1642",
    "c:21527 <= var:4068",
    "c:12062 <= var:1184",
    "c:32420 <= var:208",
    "c:4573 <= var:469",
    "c:32939 <= var:3247",
    "var:1310 <= c:13257",
    "c:34304 <= var:2265",
    "c:38134 <= var:3758",
    "var:1314 <= c:13218",
    "c:38133 <= var:3759",
    "c:33405 <= var:535",
    "var:1317 <= c:13962",
    "var:1317 <= c:13967",
    "var:1317 <= c:13950",
    "var:1318 <= c:15540",
    "var:1318 <= c:13981",
    "var:1318 <= c:15465",
    "var:1318 <= c:13883",
    "var:1318 <= c:15592",
    "var:1318 <= c:15473",
    "var:1318 <= c:31339",
    "var:1318 <= c:15532",
    "var:1318 <= c:13834",
    "var:1318 <= c:84570",
    "var:1319 <= c:13874",
    "c:31118 <= var:3878",
    "c:38138 <= var:1882",
    "c:11753 <= var:3652",
    "var:634 <= c:6532",
    "var:634 <= c:8022",
    "var:634 <= c:65118",
    "c:8807 <= var:3688",
    "c:33886 <= var:3027",
    "c:969 <= var:1557",
    "var:3714 <= c:38600",
    "var:3714 <= c:38601",
    "c:33889 <= var:3085",
    "c:21746 <= var:2040",
    "c:1197 <= var:3299",
    "c:1198 <= var:692",
    "c:18356 <= var:1542",
    "c:32331 <= var:3206",
    "c:184670 <= var:665",
    "c:114064 <= var:116828",
    "c:38002 <= var:3759",
    "c:173302 <= var:3812",
    "c:38001 <= var:3789",
    "var:189 <= c:2322",
    "var:189 <= c:2307",
    "var:187 <= c:2293",
    "var:187 <= c:2316",
    "c:173309 <= var:3809",
    "c:26763 <= var:2265",
    "var:1229 <= c:25270",
    "var:180 <= c:2371",
    "c:9960 <= var:1039",
    "var:345 <= c:4518",
    "var:345 <= c:4519",
    "var:345 <= c:8101",
    "var:345 <= c:4521",
    "var:345 <= c:3681",
    "c:15482 <= var:1400",
    "c:8024 <= var:760",
    "c:8022 <= var:3990",
    "c:34521 <= var:1002",
    "c:9966 <= var:3169",
    "c:1819 <= var:3259",
    "c:76551 <= var:2877",
    "c:11878 <= var:1002",
    "c:173277 <= var:3848",
    "c:173270 <= var:3843",
    "c:38310 <= var:1927",
    "c:173273 <= var:3838",
    "c:12099 <= var:1298",
    "c:22135 <= var:2155",
    "c:65118 <= var:4031",
    "c:4116 <= var:208",
    "c:22138 <= var:2120",
    "c:4443 <= var:364",
    "c:11274 <= var:3001",
    "c:9978 <= var:1194",
    "c:173450 <= var:3670",
    "c:11271 <= var:1002",
    "c:22249 <= var:2040",
    "c:7918 <= var:760",
    "c:5244 <= var:632",
    "c:26211 <= var:1235",
    "c:9198 <= var:417",
    "c:8110 <= var:760",
    "c:53107 <= var:3085",
    "c:16914 <= var:3732",
    "c:16918 <= var:1521",
    "c:16919 <= var:1400",
    "c:1773 <= var:2991",
    "c:1813 <= var:3017",
    "c:1774 <= var:3032",
    "c:1777 <= var:3022",
    "c:9196 <= var:760",
    "c:22395 <= var:2265",
    "c:42474 <= var:3803",
    "c:1174 <= var:3419",
    "c:113 <= var:129",
    "c:16590 <= var:879",
    "c:16591 <= var:3000",
    "c:177689 <= var:3448",
    "c:38260 <= var:1280",
    "c:8047 <= var:760",
    "c:38266 <= var:3732",
    "c:22622 <= var:2265",
    "c:155168 <= var:2170",
    "c:24724 <= var:2424",
    "var:2033 <= c:23516",
    "var:2037 <= c:23313",
    "var:2037 <= c:23314",
    "var:965 <= c:11250",
    "var:967 <= c:11271",
    "var:2783 <= c:31148",
    "var:2783 <= c:31588",
    "var:962 <= c:11214",
    "c:18295 <= var:1635",
    "c:7827 <= var:745",
    "c:11386 <= var:1002",
    "c:26765 <= var:2265",
    "c:18298 <= var:345",
    "c:6514 <= var:535",
    "c:6517 <= var:535",
    "c:24928 <= var:2479",
    "c:24929 <= var:2477",
    "c:5081 <= var:535",
    "c:115537 <= var:3409",
    "c:32556 <= var:3082",
    "c:24923 <= var:2473",
    "c:24924 <= var:2470",
    "c:24925 <= var:2484",
    "c:24926 <= var:2482",
    "c:24582 <= var:3838",
    "var:2250 <= c:25669",
    "var:2250 <= c:25640",
    "var:2252 <= c:25696",
    "var:2252 <= c:25691",
    "var:3326 <= c:32471",
    "var:3326 <= c:32826",
    "var:3326 <= c:1030",
    "var:2258 <= c:25718",
    "c:24031 <= var:1043",
    "c:211894 <= var:421",
    "c:172652 <= var:2461",
    "c:1506 <= var:3335",
    "c:1507 <= var:1244",
    "c:10383 <= var:208",
    "var:3810 <= c:42807",
    "var:3813 <= c:42474",
    "var:3812 <= c:42469",
    "c:10384 <= var:919",
    "c:23448 <= var:2025",
    "c:11895 <= var:345",
    "c:31471 <= var:2527",
    "var:745 <= c:7942",
    "var:745 <= c:7808",
    "c:11728 <= var:583",
    "c:11729 <= var:208",
    "var:3257 <= c:1819",
    "var:3256 <= c:38363",
    "var:3256 <= c:33012",
    "var:3256 <= c:33092",
    "var:3256 <= c:1062",
    "var:3258 <= c:1130",
    "var:3258 <= c:77245",
    "var:3258 <= c:33125",
    "var:3258 <= c:33028",
    "c:56405 <= var:3969",
    "c:5431 <= var:513",
    "c:34804 <= var:3000",
    "var:981 <= c:11407",
    "var:981 <= c:11370",
    "c:2322 <= var:187",
    "c:9400 <= var:3688",
    "var:989 <= c:11235",
    "c:34809 <= var:3098",
    "c:17438 <= var:1518",
    "c:25857 <= var:2265",
    "c:25181 <= var:3889",
    "c:24733 <= var:2424",
    "var:3787 <= c:42711",
    "var:3787 <= c:42710",
    "var:3076 <= c:34716",
    "var:3076 <= c:33941",
    "var:3076 <= c:33972",
    "c:28945 <= var:1242",
    "c:2036 <= var:2976",
    "var:3079 <= c:30697",
    "var:3079 <= c:33851",
    "var:3079 <= c:114155",
    "c:24219 <= var:2380",
    "c:24737 <= var:2409",
    "c:172477 <= var:1884",
    "c:37839 <= var:1944",
    "c:42263 <= var:3885",
    "c:39233 <= var:3645",
    "c:39236 <= var:3640",
    "c:39234 <= var:3644",
    "var:2383 <= c:24260",
    "var:2383 <= c:24230",
    "c:42814 <= var:3405",
    "c:172520 <= var:1526",
    "c:20220 <= var:2011",
    "c:20224 <= var:2040",
    "var:2386 <= c:70319",
    "var:2386 <= c:24209",
    "var:2386 <= c:71036",
    "var:2387 <= c:102108",
    "var:2387 <= c:24549",
    "c:71036 <= var:3446",
    "c:114281 <= var:3346",
    "c:96900 <= var:3338",
    "var:3670 <= c:38871",
    "var:3673 <= c:38819",
    "var:3672 <= c:38811",
    "c:7349 <= var:535",
    "c:152327 <= var:3184",
    "c:25270 <= var:1231",
    "c:41937 <= var:3882",
    "c:39309 <= var:3645",
    "c:41938 <= var:3883",
    "c:41939 <= var:3884",
    "c:32438 <= var:208",
    "c:33432 <= var:3444",
    "c:30697 <= var:535",
    "var:1302 <= c:1531",
    "var:1302 <= c:96870",
    "c:40226 <= var:1875",
    "var:3299 <= c:1198",
    "var:3299 <= c:32338",
    "var:3299 <= c:56146",
    "var:3299 <= c:32379",
    "c:13738 <= var:1359",
    "c:97528 <= var:116825",
    "c:39488 <= var:3247",
    "c:2446 <= var:208",
    "c:31907 <= var:2758",
    "c:13736 <= var:1354",
    "c:970 <= var:1559",
    "var:1783 <= c:19036",
    "var:1783 <= c:19034",
    "var:1783 <= c:40226",
    "var:1783 <= c:19033",
    "var:1783 <= c:19747",
    "c:1180 <= var:2040",
    "c:1181 <= var:1972",
    "c:21997 <= var:3179",
    "c:773 <= var:1400",
    "c:774 <= var:1332",
    "c:38013 <= var:3758",
    "c:21991 <= var:3000",
    "var:1234 <= c:14368",
    "var:1234 <= c:14271",
    "var:1230 <= c:25259",
    "c:4052 <= var:345",
    "var:1239 <= c:29619",
    "var:1239 <= c:14256",
    "var:1239 <= c:28945",
    "c:58214 <= var:2159",
    "c:4275 <= var:208",
    "c:172867 <= var:919",
    "c:148057 <= var:2890",
    "c:173190 <= var:1168",
    "c:11861 <= var:1002",
    "c:5479 <= var:535",
    "c:34504 <= var:1002",
    "c:12067 <= var:3711",
    "c:21778 <= var:2040",
    "c:4475 <= var:208",
    "c:16760 <= var:1629",
    "c:12068 <= var:3710",
    "c:4473 <= var:1179",
    "c:5252 <= var:454",
    "c:38871 <= var:3663",
    "c:173422 <= var:3706",
    "c:172916 <= var:469",
    "c:9961 <= var:1038",
    "c:9747 <= var:1940",
    "c:15584 <= var:1400",
    "c:53288 <= var:3184",
    "c:1768 <= var:208",
    "c:1762 <= var:3466",
    "c:1763 <= var:2422",
    "c:174081 <= var:3064",
    "c:14726 <= var:4066",
    "c:42469 <= var:3803",
    "var:445 <= c:4573",
    "c:16582 <= var:3174",
    "c:37555 <= var:1523",
    "c:22655 <= var:3842",
    "c:36939 <= var:1683",
    "c:37427 <= var:1286",
    "var:979 <= c:11386",
    "var:979 <= c:11408",
    "var:2027 <= c:23488",
    "var:2027 <= c:23448",
    "var:2025 <= c:23497",
    "var:2025 <= c:23438",
    "var:972 <= c:11136",
    "c:24738 <= var:2408",
    "var:970 <= c:11133",
    "c:36934 <= var:1819",
    "c:36683 <= var:1881",
    "c:44055 <= var:2164",
    "c:9366 <= var:874",
    "c:26992 <= var:2345",
    "c:16839 <= var:1602",
    "c:16838 <= var:1605",
    "c:16837 <= var:1607",
    "c:16836 <= var:1610",
    "c:16835 <= var:1612",
    "c:30603 <= var:2265",
    "var:3030 <= c:34432",
    "var:3030 <= c:30603",
    "c:990 <= var:113",
    "c:24931 <= var:2467",
    "var:449 <= c:4534",
    "c:24936 <= var:2465",
    "c:25516 <= var:2527",
    "c:11648 <= var:1940",
    "var:2243 <= c:25602",
    "var:2241 <= c:22622",
    "var:3315 <= c:37756",
    "var:3315 <= c:37755",
    "c:11136 <= var:1002",
    "c:11133 <= var:1002",
    "c:1579 <= var:129",
    "c:11487 <= var:1002",
    "c:1576 <= var:1972",
    "c:1575 <= var:3441",
    "c:208859 <= var:535",
    "var:3868 <= c:42187",
    "var:3868 <= c:42202",
    "var:3869 <= c:42190",
    "var:3869 <= c:42180",
    "c:23907 <= var:1043",
    "c:30994 <= var:3015",
    "c:10606 <= var:208",
    "c:17559 <= var:1400",
    "var:753 <= c:7895",
    "c:73803 <= var:2345",
    "var:757 <= c:7601",
    "var:757 <= c:7629",
    "c:6353 <= var:535",
    "c:1403 <= var:3333",
    "var:995 <= c:11548",
    "c:34815 <= var:3086",
    "var:991 <= c:11648",
    "c:1404 <= var:917",
    "var:903 <= c:10273",
    "var:903 <= c:11274",
    "var:903 <= c:10343",
    "var:903 <= c:10384",
    "var:903 <= c:11291",
    "var:903 <= c:23616",
    "c:9415 <= var:760",
    "c:10286 <= var:904",
    "c:10287 <= var:903",
    "c:25861 <= var:2182",
    "c:5251 <= var:453",
    "c:30200 <= var:2883",
    "var:3043 <= c:1777",
    "var:3043 <= c:1966",
    "var:3041 <= c:30983",
    "var:3041 <= c:34937",
    "var:3046 <= c:30734",
    "var:3046 <= c:34994",
    "c:2206 <= var:208",
    "c:25640 <= var:2265",
    "c:152241 <= var:3088",
    "c:152247 <= var:3174",
    "c:173993 <= var:3315",
    "c:2050 <= var:208",
    "c:3552 <= var:300",
    "c:24209 <= var:2265",
    "c:42250 <= var:3886",
    "c:42095 <= var:3838",
    "c:162 <= var:216",
    "c:163 <= var:215",
    "c:20584 <= var:1974",
    "c:110286 <= var:3402",
    "var:503 <= c:5052",
    "var:501 <= c:5081",
    "var:506 <= c:5033",
    "c:17378 <= var:1400",
    "var:508 <= c:5205",
    "c:30518 <= var:1642",
    "c:59421 <= var:3973",
    "var:3446 <= c:211969",
    "var:3447 <= c:177689",
    "var:3447 <= c:35912",
    "var:3447 <= c:35850",
    "var:3447 <= c:1759",
    "c:18983 <= var:1802",
    "var:3445 <= c:35927",
    "var:3445 <= c:1817",
    "var:3445 <= c:94425",
    "var:3445 <= c:35869",
    "var:3442 <= c:5736",
    "var:3443 <= c:1843",
    "var:3443 <= c:33432",
    "var:3443 <= c:35841",
    "var:3443 <= c:35796",
    "var:3441 <= c:35777",
    "var:3441 <= c:1576",
    "var:3441 <= c:35735",
    "var:3441 <= c:92876",
    "c:39319 <= var:3644",
    "c:34149 <= var:2979",
    "c:41928 <= var:3888",
    "c:34140 <= var:535",
    "c:15758 <= var:1400",
    "c:17083 <= var:1559",
    "c:20369 <= var:1974",
    "var:1682 <= c:17986",
    "var:1682 <= c:17932",
    "var:1682 <= c:658",
    "var:1682 <= c:36887",
    "c:33423 <= var:662",
    "c:33427 <= var:3076",
    "c:20365 <= var:1974",
    "var:1334 <= c:758",
    "var:1334 <= c:13698",
    "var:1332 <= c:13738",
    "var:1332 <= c:13736",
    "var:1332 <= c:13777",
    "var:1332 <= c:13740",
    "var:1332 <= c:13741",
    "var:1332 <= c:13760",
    "var:1332 <= c:1540",
    "var:1332 <= c:13775",
    "var:1332 <= c:13773",
    "var:1332 <= c:773",
    "var:1332 <= c:759",
    "var:1332 <= c:13783",
    "var:1332 <= c:13780",
    "var:1332 <= c:13778",
    "c:13257 <= var:1334",
    "c:13251 <= var:116838",
    "c:146284 <= var:1480",
    "var:215 <= c:2385",
    "var:215 <= c:162",
    "c:21613 <= var:2154",
    "c:7247 <= var:650",
    "c:20219 <= var:2013",
    "c:20216 <= var:2016",
    "c:20215 <= var:2018",
    "c:20212 <= var:2006",
    "c:20210 <= var:2008",
    "c:41812 <= var:535",
    "c:78399 <= var:3409",
    "c:7462 <= var:694",
    "c:26349 <= var:3842",
    "c:168317 <= var:3196",
    "c:32356 <= var:3210",
    "c:32357 <= var:887",
    "c:33512 <= var:1735",
    "c:12473 <= var:1164",
    "var:1206 <= c:66650",
    "var:1206 <= c:169129",
    "var:1204 <= c:12409",
    "var:1204 <= c:697",
    "var:1204 <= c:12353",
    "c:173263 <= var:3890",
    "c:30739 <= var:3126",
    "c:120782 <= var:423",
    "c:30734 <= var:1642",
    "c:8913 <= var:919",
    "c:30736 <= var:3129",
    "c:30737 <= var:3132",
    "var:116816 <= c:152403",
    "var:116816 <= c:151795",
    "var:116817 <= c:152274",
    "var:116817 <= c:152247",
    "var:116813 <= c:152657",
    "var:116810 <= c:152150",
    "var:116810 <= c:152134",
    "c:343 <= var:1057",
    "c:344 <= var:113",
    "c:1088 <= var:364",
    "c:1087 <= var:3411",
    "c:5457 <= var:494",
    "c:42898 <= var:1901",
    "c:5458 <= var:497",
    "c:32779 <= var:1229",
    "c:4518 <= var:3644",
    "c:38664 <= var:3684",
    "c:3956 <= var:410",
    "c:19061 <= var:3000",
    "c:19036 <= var:3758",
    "c:19034 <= var:3759",
    "c:19033 <= var:3754",
    "c:12071 <= var:3706",
    "c:28103 <= var:3878",
    "c:4469 <= var:208",
    "c:12078 <= var:1298",
    "c:173432 <= var:3693",
    "c:11250 <= var:1002",
    "c:18612 <= var:1642",
    "c:9958 <= var:3000",
    "c:15592 <= var:3174",
    "c:16244 <= var:1678",
    "c:152403 <= var:3645",
    "c:173438 <= var:3690",
    "c:172920 <= var:419",
    "c:22269 <= var:3001",
    "c:16241 <= var:1834",
    "c:19747 <= var:1642",
    "c:41316 <= var:3097",
    "c:126157 <= var:2527",
    "c:19588 <= var:345",
    "c:38811 <= var:3663",
    "c:1799 <= var:178",
    "var:2682 <= c:27179",
    "var:2682 <= c:27115",
    "c:32170 <= var:2527",
    "c:11927 <= var:1143",
    "c:19481 <= var:1642",
    "c:83653 <= var:3412",
    "c:29619 <= var:3334",
    "c:36145 <= var:2527",
    "c:8541 <= var:760",
    "c:37522 <= var:1400",
    "c:199902 <= var:208",
    "c:18622 <= var:1642",
    "var:2016 <= c:23097",
    "c:36929 <= var:1819",
    "var:2013 <= c:23090",
    "var:2011 <= c:23063",
    "c:173727 <= var:2888",
    "c:37989 <= var:3790",
    "var:2018 <= c:23123",
    "var:1857 <= c:19022",
    "var:1857 <= c:19080",
    "c:16840 <= var:1600",
    "c:39535 <= var:3248",
    "c:6532 <= var:535",
    "c:7808 <= var:760",
    "c:183338 <= var:3193",
    "c:34814 <= var:3092",
    "c:14668 <= var:654",
    "var:2496 <= c:28915",
    "var:2496 <= c:25432",
    "var:2498 <= c:25431",
    "var:2498 <= c:25444",
    "c:34816 <= var:3080",
    "c:18974 <= var:1804",
    "c:24058 <= var:2040",
    "var:2479 <= c:25258",
    "var:3301 <= c:32400",
    "var:3301 <= c:1387",
    "var:3301 <= c:4569",
    "var:3301 <= c:32357",
    "var:3300 <= c:215636",
    "var:694 <= c:7229",
    "var:694 <= c:454",
    "var:2470 <= c:25342",
    "var:2473 <= c:25353",
    "var:999 <= c:11542",
    "var:999 <= c:11597",
    "c:2239 <= var:1842",
    "c:172670 <= var:2391",
    "c:36853 <= var:1926",
    "c:24698 <= var:2424",
    "c:9226 <= var:760",
    "c:16669 <= var:1544",
    "var:3874 <= c:41734",
    "var:3874 <= c:42229",
    "var:3873 <= c:42242",
    "var:3873 <= c:42215",
    "var:3872 <= c:42231",
    "var:3872 <= c:42250",
    "var:3871 <= c:42263",
    "var:3871 <= c:42243",
    "var:3870 <= c:42252",
    "var:3870 <= c:42181",
    "c:23931 <= var:1248",
    "c:30983 <= var:1002",
    "c:1895 <= var:1179",
    "c:1893 <= var:1177",
    "c:32471 <= var:208",
    "c:10343 <= var:1002",
    "c:172587 <= var:1584",
    "var:1184 <= c:11978",
    "var:1184 <= c:14628",
    "var:1184 <= c:12038",
    "c:11744 <= var:583",
    "c:32379 <= var:760",
    "c:31588 <= var:2876",
    "c:41680 <= var:3284",
    "c:10298 <= var:152",
    "c:2307 <= var:208",
    "c:233293 <= var:3407",
    "c:1961 <= var:3048",
    "c:1962 <= var:3179",
    "c:42797 <= var:3810",
    "c:1965 <= var:3043",
    "c:1966 <= var:3174",
    "c:24879 <= var:2775",
    "var:2272 <= c:26349",
    "var:2272 <= c:25916",
    "var:2272 <= c:1309",
    "var:2272 <= c:25861",
    "var:2271 <= c:1308",
    "var:2271 <= c:25857",
    "c:17986 <= var:1563",
    "var:3051 <= c:34598",
    "var:3051 <= c:34910",
    "var:3048 <= c:1962",
    "var:3048 <= c:1783",
    "var:3053 <= c:1957",
    "var:3053 <= c:2012",
    "c:2042 <= var:2981",
    "c:2043 <= var:3174",
    "c:4861 <= var:535",
    "c:39258 <= var:3640",
    "var:2876 <= c:31835",
    "var:2876 <= c:31907",
    "c:42243 <= var:3920",
    "c:42242 <= var:3887",
    "c:93943 <= var:116817",
    "c:67948 <= var:2384",
    "c:35796 <= var:2040",
    "c:172990 <= var:640",
    "var:1926 <= c:38310",
    "c:101300 <= var:4032",
    "var:3693 <= c:38790",
    "var:511 <= c:5176",
    "var:3691 <= c:38664",
    "var:513 <= c:5157",
    "var:3694 <= c:38771",
    "c:35777 <= var:2163",
    "c:34994 <= var:3177",
    "c:22222 <= var:2040",
    "c:20118 <= var:1642",
    "c:152188 <= var:3174",
    "c:25259 <= var:1231",
    "c:25258 <= var:2527",
    "c:15264 <= var:1400",
    "c:20377 <= var:1959",
    "var:3167 <= c:33858",
    "c:20378 <= var:1958",
    "c:34351 <= var:3167",
    "c:33742 <= var:3097",
    "c:32833 <= var:1002",
    "c:42163 <= var:3838",
    "var:208 <= c:143",
    "c:31926 <= var:2527",
    "var:201 <= c:2576",
    "c:7250 <= var:615",
    "c:591 <= var:1002",
    "c:592 <= var:917",
    "c:189632 <= var:3407",
    "c:13883 <= var:1400",
    "c:7165 <= var:760",
    "c:32344 <= var:3174",
    "var:1215 <= c:12363",
    "var:1215 <= c:13445",
    "var:1215 <= c:12465",
    "c:759 <= var:1334",
    "c:758 <= var:1332",
    "c:177403 <= var:129",
    "var:116805 <= c:13900",
    "var:116805 <= c:93943",
    "var:116805 <= c:152188",
    "var:116804 <= c:93938",
    "var:116804 <= c:13251",
    "var:116804 <= c:152171",
    "var:116806 <= c:152123",
    "var:116806 <= c:14214",
    "var:116806 <= c:93952",
    "c:79658 <= var:2877",
    "c:168547 <= var:3190",
    "var:1697 <= c:18057",
    "var:1697 <= c:545",
    "var:1697 <= c:18140",
    "c:42252 <= var:3919",
    "var:710 <= c:15357",
    "var:710 <= c:8124",
    "c:1091 <= var:3281",
    "c:1092 <= var:467",
    "c:11800 <= var:208",
    "c:38671 <= var:3691",
    "c:29759 <= var:1281",
    "c:173223 <= var:3913",
    "c:38676 <= var:3684",
    "c:29752 <= var:1281",
    "c:19022 <= var:1856",
    "c:12047 <= var:1300",
    "c:4411 <= var:396",
    "c:38479 <= var:1898",
    "c:16038 <= var:1385",
    "c:22215 <= var:2141",
    "c:183231 <= var:3187",
    "c:38698 <= var:3317",
    "c:19200 <= var:1631",
    "c:19205 <= var:1819",
    "c:9768 <= var:1002",
    "c:9160 <= var:417",
    "c:22181 <= var:2040",
    "c:1783 <= var:3027",
    "c:1784 <= var:3048",
    "c:1787 <= var:3017",
    "c:1788 <= var:3038",
    "c:16728 <= var:1566",
    "c:43939 <= var:2164",
    "c:15694 <= var:1400",
    "c:173085 <= var:1350",
    "c:32164 <= var:2527",
    "c:22674 <= var:2265",
    "c:27804 <= var:2527",
    "c:4521 <= var:3640",
    "c:16630 <= var:1298",
    "c:22855 <= var:2317",
    "var:1549 <= c:16561",
    "var:1549 <= c:18668",
    "c:15678 <= var:659",
    "c:14271 <= var:1143",
    "c:33727 <= var:3184",
    "c:126321 <= var:2758",
    "c:20625 <= var:1974",
    "c:15856 <= var:1317",
    "c:19375 <= var:1629",
    "c:19373 <= var:1839",
    "c:19379 <= var:1842",
    "c:162311 <= var:2892",
    "var:2484 <= c:25572",
    "var:2487 <= c:25516",
    "c:37821 <= var:3758",
    "c:143988 <= var:3345",
    "var:2482 <= c:25542",
    "c:79855 <= var:116805",
    "var:2489 <= c:25534",
    "c:38858 <= var:3663",
    "var:2317 <= c:26429",
    "var:2317 <= c:26395",
    "var:2316 <= c:26273",
    "var:2316 <= c:26956",
    "c:173408 <= var:3718",
    "c:173407 <= var:3719",
    "c:23616 <= var:1235",
    "c:12134 <= var:991",
    "var:684 <= c:8807",
    "var:684 <= c:6869",
    "var:3991 <= c:41316",
    "var:3991 <= c:41569",
    "var:3991 <= c:139315",
    "c:113256 <= var:3331",
    "var:2461 <= c:61468",
    "var:2461 <= c:25381",
    "var:2460 <= c:61411",
    "var:2467 <= c:25366",
    "var:1279 <= c:29759",
    "var:1279 <= c:38260",
    "var:2465 <= c:25112",
    "var:1544 <= c:16686",
    "var:1278 <= c:29752",
    "c:23037 <= var:2040",
    "c:2227 <= var:208",
    "c:37844 <= var:3754",
    "c:22525 <= var:2199",
    "var:3847 <= c:42095",
    "var:3844 <= c:42111",
    "var:3844 <= c:42122",
    "var:3845 <= c:42130",
    "var:3848 <= c:42163",
    "var:2008 <= c:23037",
    "c:190880 <= var:2393",
    "var:2002 <= c:22954",
    "var:2006 <= c:23004",
    "c:25431 <= var:2496",
    "c:29994 <= var:535",
    "var:3209 <= c:34140",
    "var:3206 <= c:32546",
    "var:3206 <= c:33427",
    "c:31119 <= var:3883",
    "c:36713 <= var:1870",
    "c:64951 <= var:3354",
    "c:11752 <= var:3651",
    "c:25432 <= var:2527",
    "c:11756 <= var:3647",
    "c:24463 <= var:1258",
    "var:3894 <= c:41955",
    "var:3894 <= c:41957",
    "var:3894 <= c:41952",
    "var:3894 <= c:41953",
    "var:3894 <= c:41958",
    "var:3894 <= c:41961",
    "var:3894 <= c:41960",
    "c:9433 <= var:760",
    "c:2316 <= var:208",
    "c:17977 <= var:1563",
    "var:2156 <= c:22237",
    "var:2156 <= c:22135",
    "c:41698 <= var:3882",
    "c:1957 <= var:3184",
    "c:1956 <= var:3053",
    "c:84570 <= var:3191",
    "var:2265 <= c:1300",
    "var:2262 <= c:25744",
    "var:2262 <= c:25752",
    "c:7236 <= var:535",
    "var:3337 <= c:1316",
    "var:3337 <= c:37232",
    "var:3337 <= c:96900",
    "var:3337 <= c:37301",
    "var:3330 <= c:32438",
    "var:3330 <= c:1320",
    "var:3330 <= c:113142",
    "var:3330 <= c:32791",
    "c:25310 <= var:2527",
    "c:2037 <= var:3169",
    "c:43324 <= var:3442",
    "c:2032 <= var:3184",
    "c:2031 <= var:2991",
    "var:3762 <= c:38134",
    "var:3762 <= c:38133",
    "c:24261 <= var:2366",
    "c:24260 <= var:2265",
    "c:6026 <= var:535",
    "c:93952 <= var:116821",
    "c:85577 <= var:3373",
    "var:3196 <= c:195328",
    "var:3190 <= c:191490",
    "var:3193 <= c:197598",
    "c:39061 <= var:3645",
    "c:39064 <= var:3640",
    "var:1918 <= c:42517",
    "var:1919 <= c:42546",
    "var:1919 <= c:92709",
    "c:11542 <= var:995",
    "var:528 <= c:6026",
    "c:28700 <= var:2527",
    "var:520 <= c:5973",
    "var:520 <= c:5927",
    "var:522 <= c:5957",
    "var:522 <= c:5941",
    "var:3424 <= c:36819",
    "var:3424 <= c:1589",
    "var:3424 <= c:36822",
    "var:3424 <= c:83987",
    "c:52388 <= var:4071",
    "c:1450 <= var:3372",
    "c:2148 <= var:1298",
    "c:43215 <= var:3961",
    "c:41923 <= var:3878",
    "c:29972 <= var:1642",
    "c:34167 <= var:2974",
    "var:1303 <= c:28902",
    "var:1359 <= c:15758",
    "var:1354 <= c:15721",
    "var:1356 <= c:15694",
    "var:1350 <= c:28082",
    "var:1350 <= c:15649",
    "c:34432 <= var:3051",
    "c:149116 <= var:3469",
    "var:1593 <= c:16468",
    "var:1590 <= c:16508",
    "var:1596 <= c:16307",
    "c:33758 <= var:1678",
    "var:3738 <= c:38231",
    "var:3738 <= c:38227",
    "var:3739 <= c:38239",
    "var:888 <= c:57860",
    "var:888 <= c:57760",
    "var:888 <= c:155413",
    "c:124573 <= var:116840",
    "c:20769 <= var:1846",
    "c:13874 <= var:1334",
    "c:1319 <= var:3330",
    "c:20414 <= var:1974",
    "c:1316 <= var:1188",
    "c:1315 <= var:3337",
    "c:6945 <= var:678",
    "c:1311 <= var:1194",
    "c:1310 <= var:3344",
    "c:32572 <= var:3184",
    "c:30719 <= var:3000",
    "var:301 <= c:3456",
    "var:301 <= c:3552",
    "var:300 <= c:4347",
    "var:300 <= c:3448",
    "var:300 <= c:4348",
    "var:300 <= c:4360",
    "c:30712 <= var:535",
    "c:11902 <= var:1234",
    "c:26789 <= var:2265",
    "var:1009 <= c:11512",
    "var:1009 <= c:660",
    "c:13981 <= var:1334",
    "c:37214 <= var:1179",
    "c:33374 <= var:2265",
    "c:114155 <= var:116813",
    "c:32481 <= var:3218",
    "var:1177 <= c:11974",
    "var:1177 <= c:1321",
    "var:1177 <= c:25016",
    "var:1177 <= c:26590",
    "var:1177 <= c:25013",
    "var:1177 <= c:24222",
    "var:1177 <= c:24231",
    "var:1177 <= c:13110",
    "var:1177 <= c:13114",
    "var:1177 <= c:25194",
    "var:1177 <= c:25023",
    "var:1177 <= c:11980",
    "var:1177 <= c:12078",
    "var:1177 <= c:46199",
    "var:1177 <= c:126219",
    "var:1177 <= c:11984",
    "var:1177 <= c:24246",
    "c:5425 <= var:501",
    "c:5429 <= var:508",
    "c:5428 <= var:503",
    "c:13698 <= var:1400",
    "c:190063 <= var:665",
    "c:4332 <= var:208",
    "c:172942 <= var:485",
    "c:16260 <= var:1938",
    "c:19567 <= var:884",
    "c:174051 <= var:3226",
    "c:174052 <= var:3228",
    "c:173094 <= var:1400",
    "c:32155 <= var:2527",
    "c:174059 <= var:3000",
    "c:1137 <= var:1842",
    "c:1136 <= var:1819",
    "c:37294 <= var:1179",
    "c:1130 <= var:419",
    "c:38227 <= var:3732",
    "var:1002 <= c:592",
    "c:12632 <= var:1098",
    "c:1335 <= var:2046",
    "c:5332 <= var:469",
    "c:4247 <= var:208",
    "c:19162 <= var:1819",
    "c:4534 <= var:469",
    "c:15448 <= var:1400",
    "c:22441 <= var:2238",
    "c:22440 <= var:2233",
    "c:22445 <= var:2243",
    "c:22444 <= var:2236",
    "c:22446 <= var:2241",
    "c:177501 <= var:370",
    "c:19307 <= var:1940",
    "c:8550 <= var:811",
    "c:177394 <= var:152",
    "c:94425 <= var:3446",
    "var:216 <= c:2446",
    "var:216 <= c:2400",
    "var:216 <= c:3841",
    "var:216 <= c:163",
    "c:173412 <= var:3715",
    "c:5205 <= var:535",
    "c:94939 <= var:2886",
    "c:172619 <= var:2215",
    "c:24071 <= var:2040",
    "c:36875 <= var:1919",
    "c:23004 <= var:2040",
    "c:36871 <= var:1918",
    "c:10187 <= var:1002",
    "c:18788 <= var:1642",
    "c:22535 <= var:2199",
    "c:18140 <= var:1563",
    "c:1540 <= var:3370",
    "c:1541 <= var:1332",
    "c:9202 <= var:760",
    "c:167875 <= var:3187",
    "c:177260 <= var:3771",
    "c:23488 <= var:2040",
    "c:173467 <= var:3654",
    "c:31122 <= var:3882",
    "c:31123 <= var:3885",
    "c:10367 <= var:919",
    "c:14339 <= var:3000",
    "c:31124 <= var:3886",
    "var:3218 <= c:32572",
    "var:3218 <= c:32638",
    "var:3217 <= c:33099",
    "c:9847 <= var:1002",
    "var:3214 <= c:32522",
    "var:3214 <= c:32608",
    "var:3213 <= c:33203",
    "var:3210 <= c:32508",
    "var:3210 <= c:32556",
    "c:23313 <= var:2040",
    "c:1436 <= var:2424",
    "c:23314 <= var:2033",
    "c:1435 <= var:2422",
    "c:24780 <= var:2527",
    "c:192211 <= var:3000",
    "c:24788 <= var:3032",
    "var:882 <= c:96965",
    "var:882 <= c:9116",
    "c:172635 <= var:2424",
    "c:34751 <= var:3000",
    "c:4880 <= var:587",
    "c:2028 <= var:2986",
    "c:2029 <= var:3179",
    "c:2022 <= var:3038",
    "c:2023 <= var:3169",
    "var:657 <= c:97115",
    "var:657 <= c:7309",
    "var:656 <= c:7236",
    "var:656 <= c:15678",
    "var:656 <= c:14786",
    "c:39274 <= var:3640",
    "var:653 <= c:7250",
    "var:653 <= c:7395",
    "var:651 <= c:7371",
    "var:651 <= c:7247",
    "var:650 <= c:7391",
    "var:650 <= c:7349",
    "c:17695 <= var:879",
    "var:659 <= c:162548",
    "var:658 <= c:15652",
    "c:35912 <= var:2392",
    "var:3187 <= c:193876",
    "var:3184 <= c:1956",
    "var:3184 <= c:168317",
    "var:3184 <= c:107676",
    "var:3184 <= c:2031",
    "c:17505 <= var:1400",
    "var:3404 <= c:81855",
    "var:3404 <= c:36683",
    "var:3404 <= c:1467",
    "var:3404 <= c:36782",
    "c:33617 <= var:1002",
    "c:77843 <= var:116816",
    "var:532 <= c:6065",
    "var:532 <= c:6054",
    "var:535 <= c:328",
    "c:2155 <= var:1783",
    "c:173892 <= var:2527",
    "c:18955 <= var:1038",
    "c:25239 <= var:3887",
    "c:7308 <= var:535",
    "c:7309 <= var:656",
    "c:64981 <= var:3349",
    "var:1349 <= c:28072",
    "var:1202 <= c:693",
    "var:1202 <= c:12221",
    "var:1202 <= c:12376",
    "var:1588 <= c:16427",
    "c:33764 <= var:3091",
    "c:33765 <= var:3060",
    "var:1584 <= c:16444",
    "var:1584 <= c:33512",
    "var:1583 <= c:33521",
    "c:31949 <= var:2527",
    "var:3724 <= c:199977",
    "c:164787 <= var:3469",
    "c:39059 <= var:3644",
    "c:18807 <= var:1300",
    "var:1900 <= c:42898",
    "c:112 <= var:127",
    "c:32365 <= var:3179",
    "c:1309 <= var:2271",
    "c:168364 <= var:3193",
    "c:12122 <= var:1179",
    "c:1300 <= var:2197",
    "c:33811 <= var:3060",
    "c:32819 <= var:1002",
    "c:28593 <= var:2407",
    "var:116828 <= c:152047",
    "c:2576 <= var:208",
    "c:173414 <= var:3714",
    "var:116825 <= c:152327",
    "var:116825 <= c:152380",
    "var:116824 <= c:151179",
    "var:116824 <= c:151827",
    "var:116821 <= c:152370",
    "var:116821 <= c:152241",
    "c:11235 <= var:208",
    "c:65877 <= var:3334",
    "c:173416 <= var:3716",
    "c:3681 <= var:208",
    "var:419 <= c:4247",
    "var:419 <= c:1129",
    "c:113803 <= var:116824",
    "c:25194 <= var:1261",
    "c:73745 <= var:2265",
    "var:414 <= c:9160",
    "var:414 <= c:4275",
    "var:414 <= c:11218",
    "c:33389 <= var:535",
    "var:1164 <= c:11950",
    "var:1164 <= c:11927",
    "var:1164 <= c:11861",
    "c:5433 <= var:511",
    "c:5430 <= var:506",
    "c:5927 <= var:535",
    "c:38451 <= var:1907",
    "var:1168 <= c:11902",
    "var:1168 <= c:14339",
    "c:4347 <= var:3644",
    "c:9144 <= var:875",
    "c:4348 <= var:3645",
    "c:174045 <= var:3179",
    "c:174042 <= var:3174",
    "c:32638 <= var:3094",
    "c:94753 <= var:116806",
    "c:174049 <= var:3224",
    "c:38239 <= var:3732",
    "c:28902 <= var:1304",
    "c:1126 <= var:1821",
    "c:1127 <= var:1844",
    "c:38231 <= var:3739",
    "var:1010 <= c:11487",
    "var:1010 <= c:11447",
    "var:1010 <= c:661",
    "var:1010 <= c:12541",
    "c:1129 <= var:3258",
    "c:15473 <= var:3004",
    "c:173397 <= var:3732",
    "c:53714 <= var:3885",
    "c:173394 <= var:3737",
    "c:53711 <= var:3887",
    "c:16307 <= var:1642",
    "c:173390 <= var:3741",
    "c:14786 <= var:3282",
    "c:15652 <= var:659",
    "c:36648 <= var:1885",
    "c:22301 <= var:3065",
    "c:183365 <= var:3190",
    "c:9323 <= var:878",
    "c:7873 <= var:3017",
    "c:16873 <= var:1642",
    "c:16871 <= var:1300",
    "c:15788 <= var:1400",
    "c:42517 <= var:1921",
    "c:15785 <= var:1393",
    "c:22237 <= var:2040",
    "c:22947 <= var:1886",
    "c:5212 <= var:411",
    "c:53715 <= var:3883",
    "c:31455 <= var:2527",
    "c:28915 <= var:2758",
    "c:9215 <= var:760",
    "var:3092 <= c:34946",
    "var:3092 <= c:33764",
    "c:23497 <= var:2120",
    "c:6477 <= var:649",
    "var:3097 <= c:33663",
    "var:3097 <= c:114064",
    "var:3097 <= c:34742",
    "c:11597 <= var:1002",
    "c:2400 <= var:112",
    "c:23948 <= var:3807",
    "c:11562 <= var:3713",
    "c:23123 <= var:2040",
    "c:10311 <= var:3684",
    "var:3221 <= c:33374",
    "var:3226 <= c:32356",
    "var:3226 <= c:32344",
    "c:10319 <= var:919",
    "c:42187 <= var:3915",
    "c:172733 <= var:2166",
    "c:42180 <= var:3916",
    "c:42181 <= var:3884",
    "c:81855 <= var:3405",
    "c:166134 <= var:3723",
    "c:2371 <= var:208",
    "c:1681 <= var:1884",
    "c:1680 <= var:3406",
    "c:24406 <= var:2265",
    "c:41437 <= var:1188",
    "c:195328 <= var:3197",
    "c:65520 <= var:3197",
    "var:2392 <= c:154592",
    "var:3086 <= c:34521",
    "var:3086 <= c:33889",
    "var:3085 <= c:114318",
    "var:3085 <= c:33830",
    "var:3085 <= c:34504",
    "var:3082 <= c:33861",
    "var:3082 <= c:33906",
    "var:3082 <= c:33918",
    "var:3080 <= c:30712",
    "var:3080 <= c:33905",
    "var:3088 <= c:33886",
    "var:3088 <= c:33838",
    "var:3088 <= c:33811",
    "c:2013 <= var:3053",
    "c:2012 <= var:3032",
    "var:2849 <= c:32299",
    "var:2849 <= c:32164",
    "var:2848 <= c:32155",
    "var:2848 <= c:32256",
    "var:2847 <= c:32170",
    "var:2847 <= c:31995",
    "var:2847 <= c:32267",
    "c:24246 <= var:1287",
    "var:640 <= c:8127",
    "var:640 <= c:6422",
    "c:39269 <= var:3649",
    "c:35927 <= var:2388",
    "var:649 <= c:7355",
    "var:649 <= c:7362",
    "var:649 <= c:7761",
    "c:1843 <= var:2166",
    "c:1842 <= var:3443",
    "c:1845 <= var:208",
    "c:33972 <= var:3169",
    "c:30554 <= var:3172",
    "c:30555 <= var:3025",
    "c:152370 <= var:3179",
    "c:17012 <= var:1400",
    "var:3408 <= c:1721",
    "var:3408 <= c:36618",
    "var:3408 <= c:36656",
    "var:3408 <= c:115537",
    "c:7185 <= var:719",
    "c:30397 <= var:3177",
    "var:3400 <= c:1711",
    "var:3400 <= c:36726",
    "var:3400 <= c:36753",
    "var:3400 <= c:110301",
    "var:3401 <= c:36729",
    "var:3401 <= c:1707",
    "var:3401 <= c:110286",
    "var:3401 <= c:36713",
    "var:692 <= c:1197",
    "var:692 <= c:7154",
    "var:692 <= c:7157",
    "var:692 <= c:442",
    "var:692 <= c:455",
    "var:692 <= c:7148",
    "var:692 <= c:7149",
    "var:692 <= c:7165",
    "var:692 <= c:7184",
    "var:692 <= c:7152",
    "var:692 <= c:7187",
    "var:692 <= c:7185",
    "var:692 <= c:7155",
    "var:692 <= c:7183",
    "c:25752 <= var:2258",
    "var:3405 <= c:233293",
    "c:4462 <= var:208",
    "c:7187 <= var:714",
    "c:2160 <= var:208",
    "c:152171 <= var:3169",
    "c:2169 <= var:208",
    "c:172553 <= var:1642",
    "c:34746 <= var:1002",
    "c:34742 <= var:2265",
    "var:1800 <= c:19494",
    "var:1373 <= c:15504",
    "var:1802 <= c:21527",
    "var:1802 <= c:19481",
    "var:1371 <= c:15527",
    "var:1376 <= c:15584",
    "var:1808 <= c:19061",
    "var:1808 <= c:19456",
    "var:1378 <= c:15570",
    "c:6869 <= var:694",
    "c:13218 <= var:1334",
    "c:17028 <= var:1400",
    "var:494 <= c:4965",
    "var:497 <= c:4956",
    "c:70319 <= var:2389",
    "var:491 <= c:5013",
    "var:3718 <= c:38367",
    "var:3718 <= c:38366",
    "var:3718 <= c:38369",
    "var:3719 <= c:38353",
    "var:3719 <= c:38351",
    "var:3719 <= c:38349",
    "c:25112 <= var:2527",
    "c:21301 <= var:1642",
    "var:3715 <= c:38326",
    "var:3715 <= c:38612",
    "c:25116 <= var:1267",
    "c:34529 <= var:3041",
    "var:1974 <= c:1208",
    "var:1974 <= c:20236",
    "var:1972 <= c:20195",
    "var:1972 <= c:20197",
    "var:1972 <= c:20220",
    "var:1972 <= c:1180",
    "var:1972 <= c:20193",
    "var:1972 <= c:20224",
    "var:1972 <= c:1209",
    "var:1972 <= c:20198",
    "var:1972 <= c:20219",
    "var:1972 <= c:20216",
    "var:1972 <= c:1575",
    "var:1972 <= c:20215",
    "var:1972 <= c:20212",
    "var:1972 <= c:20210",
    "c:32826 <= var:1211",
    "c:1334 <= var:2047",
    "c:9773 <= var:3689",
    "var:1217 <= c:12326",
    "var:1217 <= c:12425",
    "c:38689 <= var:3318",
    "var:1480 <= c:16576",
    "var:1480 <= c:17378",
    "var:1480 <= c:31082",
    "c:30777 <= var:1002",
    "c:173435 <= var:3691",
    "c:21541 <= var:1783",
    "c:21232 <= var:3647",
    "c:20895 <= var:3762",
    "c:173439 <= var:3689",
    "c:16468 <= var:1642",
    "c:1531 <= var:3353",
    "c:28544 <= var:2527",
    "c:1205 <= var:3283",
    "var:1629 <= c:18664",
    "c:1206 <= var:661",
    "var:1621 <= c:18803",
    "var:1621 <= c:18822",
    "c:16243 <= var:1679",
    "c:1209 <= var:1974",
    "c:1208 <= var:1972",
    "c:15868 <= var:1400",
    "c:12038 <= var:1179",
    "c:4428 <= var:366",
    "c:4429 <= var:1298",
    "var:1393 <= c:16146",
    "var:1397 <= c:15788",
    "var:1397 <= c:15785",
    "c:26659 <= var:2265",
    "c:1795 <= var:156",
    "c:2244 <= var:1817",
    "c:32608 <= var:3179",
    "c:1113 <= var:366",
    "c:1112 <= var:3343",
    "c:41952 <= var:3883",
    "c:15465 <= var:2981",
    "c:22823 <= var:2265",
    "c:12326 <= var:1002",
    "var:105 <= c:1705",
    "c:16662 <= var:1559",
    "c:19143 <= var:1819",
    "c:172894 <= var:865",
    "c:173380 <= var:3764",
    "c:173381 <= var:3767",
    "c:173382 <= var:3766",
    "c:4519 <= var:3645",
    "c:16668 <= var:1543",
    "c:173387 <= var:3738",
    "c:5176 <= var:535",
    "c:15865 <= var:1400",
    "c:18544 <= var:1642",
    "c:16849 <= var:1588",
    "c:16846 <= var:1593",
    "c:16847 <= var:1590",
    "c:37250 <= var:1241",
    "c:16845 <= var:1596",
    "c:15649 <= var:1452",
    "c:83987 <= var:3426",
    "c:57860 <= var:840",
    "c:16686 <= var:1559",
    "c:15798 <= var:3736",
    "c:8533 <= var:760",
    "c:1061 <= var:3256",
    "c:1062 <= var:127",
    "c:38883 <= var:3670",
    "c:11214 <= var:1002",
    "c:38559 <= var:3711",
    "c:22954 <= var:2040",
    "c:26273 <= var:2265",
    "c:11218 <= var:3257",
    "c:22226 <= var:2139",
    "c:36819 <= var:1943",
    "c:10163 <= var:1002",
    "c:30682 <= var:3000",
    "var:2120 <= c:21922",
    "var:2120 <= c:22015",
    "var:2120 <= c:58214",
    "c:28965 <= var:1242",
    "c:37816 <= var:3754",
    "var:811 <= c:10311",
    "var:811 <= c:8533",
    "c:19433 <= var:1783",
    "var:812 <= c:8550",
    "var:812 <= c:8541",
    "c:7993 <= var:760",
    "c:6461 <= var:615",
    "c:174257 <= var:1246",
    "var:2381 <= c:24378",
    "var:2381 <= c:24219",
    "c:36656 <= var:1819",
    "var:3891 <= c:41918",
    "var:3891 <= c:41716",
    "var:3891 <= c:41708",
    "var:3890 <= c:41698",
    "c:36726 <= var:1869",
    "var:3895 <= c:41947",
    "var:3895 <= c:41946",
    "var:3895 <= c:41943",
    "var:3895 <= c:41940",
    "var:3895 <= c:41937",
    "var:3895 <= c:41938",
    "var:3895 <= c:41939",
    "var:3230 <= c:32481",
    "var:3230 <= c:32470",
    "c:10308 <= var:208",
    "c:36729 <= var:1842",
    "c:23370 <= var:1957",
    "c:42190 <= var:3883",
    "c:10091 <= var:991",
    "c:18057 <= var:1298",
    "c:1456 <= var:2527",
    "c:1457 <= var:2422",
    "c:46199 <= var:3338",
    "c:1451 <= var:1526",
    "c:38363 <= var:3257",
    "c:1694 <= var:1834",
    "c:1920 <= var:2888",
    "c:1693 <= var:3415",
    "c:5033 <= var:535",
    "c:29895 <= var:1002",
    "c:2004 <= var:208",
    "c:173945 <= var:3230",
    "c:24503 <= var:3000",
    "c:203134 <= var:1298",
    "c:6070 <= var:3065",
    "var:670 <= c:7422",
    "var:674 <= c:7462",
    "var:677 <= c:6945",
    "var:677 <= c:6944",
    "var:677 <= c:6942",
    "var:679 <= c:6989",
    "var:678 <= c:7956",
    "var:678 <= c:6938",
    "var:678 <= c:7617",
    "var:678 <= c:16590",
    "var:678 <= c:6890",
    "var:678 <= c:7945",
    "var:678 <= c:6984",
    "var:678 <= c:7873",
    "var:678 <= c:7876",
    "var:678 <= c:105407",
    "c:37457 <= var:1303",
    "c:31148 <= var:3000",
    "c:31149 <= var:3184",
    "c:17525 <= var:1400",
    "c:37459 <= var:1298",
    "c:1588 <= var:3424",
    "c:1589 <= var:1942",
    "c:41716 <= var:3878",
    "c:33941 <= var:3060",
    "c:17304 <= var:3736",
    "c:20088 <= var:1738",
    "c:193876 <= var:3188",
    "var:3419 <= c:36893",
    "var:3419 <= c:36853",
    "var:3419 <= c:1175",
    "var:3419 <= c:83873",
    "c:36925 <= var:1906",
    "c:10433 <= var:923",
    "var:3415 <= c:36875",
    "var:3415 <= c:1694",
    "var:3415 <= c:154168",
    "var:3415 <= c:36934",
    "var:3415 <= c:110984",
    "var:3414 <= c:36871",
    "var:3414 <= c:36929",
    "var:3414 <= c:110996",
    "var:3414 <= c:1258",
    "var:3411 <= c:36613",
    "var:3411 <= c:36925",
    "var:3411 <= c:83653",
    "var:3411 <= c:1088",
    "var:3098 <= c:33742",
    "var:3098 <= c:34736",
    "var:3091 <= c:34932",
    "var:3091 <= c:113803",
    "var:3091 <= c:33787",
    "c:17788 <= var:3761",
    "c:25696 <= var:2265",
    "c:25691 <= var:2250",
    "var:3094 <= c:33727",
    "var:3094 <= c:33763",
    "var:3094 <= c:2263",
    "var:3094 <= c:33765",
    "c:34736 <= var:2265",
    "var:1366 <= c:15482",
    "var:1817 <= c:19879",
    "var:1817 <= c:39379",
    "var:1817 <= c:38704",
    "var:1817 <= c:1710",
    "var:1817 <= c:38700",
    "var:1817 <= c:39371",
    "var:1817 <= c:38702",
    "var:1817 <= c:138529",
    "var:1817 <= c:39349",
    "var:1817 <= c:19379",
    "var:1817 <= c:78399",
    "var:1817 <= c:19373",
    "var:1817 <= c:19380",
    "var:1817 <= c:19392",
    "var:1817 <= c:39958",
    "var:1817 <= c:38370",
    "var:1817 <= c:19262",
    "var:1362 <= c:15425",
    "var:1819 <= c:1137",
    "var:1819 <= c:19270",
    "var:1819 <= c:19234",
    "var:1819 <= c:19271",
    "var:1819 <= c:1706",
    "var:1368 <= c:15448",
    "var:1563 <= c:16727",
    "var:1563 <= c:18914",
    "var:1563 <= c:33758",
    "var:1563 <= c:16630",
    "var:1563 <= c:16728",
    "var:1566 <= c:18846",
    "var:1566 <= c:16853",
    "var:1566 <= c:18848",
    "var:1566 <= c:18849",
    "var:1566 <= c:16241",
    "var:1566 <= c:77843",
    "var:1566 <= c:16894",
    "var:1566 <= c:16760",
    "var:1566 <= c:16235",
    "var:1566 <= c:16260",
    "c:7184 <= var:722",
    "var:1568 <= c:16778",
    "var:1568 <= c:16871",
    "c:7183 <= var:716",
    "var:3701 <= c:38559",
    "var:3701 <= c:38689",
    "var:3700 <= c:38590",
    "var:3700 <= c:38698",
    "c:18846 <= var:3647",
    "var:484 <= c:11744",
    "var:485 <= c:4880",
    "var:485 <= c:11728",
    "var:489 <= c:4861",
    "c:18848 <= var:3651",
    "c:18849 <= var:3652",
    "c:160910 <= var:2890",
    "c:34086 <= var:2989",
    "var:1964 <= c:20414",
    "var:1964 <= c:23411",
    "c:110984 <= var:3417",
    "c:20425 <= var:2137",
    "c:33838 <= var:3179",
    "c:1322 <= var:1177",
    "c:1320 <= var:1179",
    "c:1321 <= var:3329",
    "c:33830 <= var:3213",
    "c:32546 <= var:3169",
    "c:21681 <= var:2158",
    "c:41734 <= var:3925",
    "c:98588 <= var:3373",
    "c:214146 <= var:3336",
    "c:19048 <= var:1821",
    "var:1497 <= c:17559",
    "c:13445 <= var:3714",
    "c:30766 <= var:535",
    "c:392 <= var:1530",
    "var:1639 <= c:18273",
    "var:1639 <= c:18295",
    "var:1499 <= c:145153",
    "var:1499 <= c:17505",
    "var:1499 <= c:16582",
    "var:1499 <= c:79855",
    "var:3182 <= c:33309",
    "c:7726 <= var:760",
    "c:21598 <= var:2120",
    "c:55820 <= var:2170",
    "var:1631 <= c:18807",
    "c:32338 <= var:883",
    "var:1635 <= c:18320",
    "c:33125 <= var:420",
    "c:4188 <= var:414",
    "var:1387 <= c:16076",
    "var:1387 <= c:16038",
    "c:12559 <= var:1002",
    "var:1385 <= c:16059",
    "var:1385 <= c:16047",
    "c:54196 <= var:3194",
    "var:1143 <= c:14377",
    "var:1143 <= c:14375",
    "var:1143 <= c:26211",
    "var:1143 <= c:13010",
    "var:1143 <= c:14380",
    "c:168346 <= var:2040",
    "c:14214 <= var:116840",
    "c:173282 <= var:3847",
    "c:8183 <= var:3663",
    "c:16214 <= var:3737",
    "c:9126 <= var:840",
    "c:174062 <= var:2998",
    "c:173303 <= var:3813",
    "c:19086 <= var:1642",
    "c:1108 <= var:364",
    "c:1107 <= var:3340",
    "c:11974 <= var:1199",
    "c:191490 <= var:3191",
    "c:199978 <= var:3724",
    "var:1039 <= c:23907",
    "var:1039 <= c:9961",
    "var:1039 <= c:11729",
    "var:1039 <= c:11775",
    "var:1039 <= c:10433",
    "var:1038 <= c:9960",
    "var:1038 <= c:166134",
    "var:1038 <= c:199902",
    "var:114 <= c:1606",
    "c:173308 <= var:3808",
    "c:173376 <= var:3762",
    "c:173371 <= var:3754",
    "c:16674 <= var:1559",
    "c:13159 <= var:208",
    "var:113 <= c:1895",
    "var:113 <= c:1878",
    "var:113 <= c:2148",
    "var:113 <= c:1620",
    "var:113 <= c:1001",
    "var:113 <= c:1893",
    "var:113 <= c:2243",
    "var:113 <= c:2244",
    "var:113 <= c:1174",
    "var:113 <= c:1029",
    "var:113 <= c:544",
    "var:113 <= c:13224",
    "var:113 <= c:1845",
    "var:113 <= c:989",
    "var:113 <= c:343",
    "var:113 <= c:5212",
    "var:113 <= c:2239",
    "var:113 <= c:20769",
    "c:12318 <= var:1002",
    "c:4298 <= var:345",
    "c:4569 <= var:3302",
    "c:9697 <= var:1002",
    "c:22491 <= var:2362",
    "c:15327 <= var:808",
    "c:22367 <= var:2265",
    "c:16853 <= var:1298",
    "c:16076 <= var:1400",
    "c:41239 <= var:3079",
    "c:182793 <= var:3196",
    "c:1073 <= var:1650",
    "c:2654 <= var:201",
    "c:1074 <= var:1649",
    "c:22786 <= var:2265",
    "c:18335 <= var:1642",
    "c:15252 <= var:1400",
    "c:18330 <= var:1642",
    "c:4360 <= var:3640",
    "c:50247 <= var:3341",
    "c:36289 <= var:2885",
    "c:36822 <= var:1938",
    "var:2422 <= c:24964",
    "var:2422 <= c:24943",
    "var:2422 <= c:24947",
    "var:2422 <= c:24924",
    "var:2422 <= c:1762",
    "var:2422 <= c:24925",
    "var:2422 <= c:24928",
    "var:2422 <= c:24929",
    "var:2422 <= c:1456",
    "var:2422 <= c:24931",
    "var:2422 <= c:24923",
    "var:2422 <= c:1436",
    "var:2422 <= c:24936",
    "var:2422 <= c:24926",
    "c:172629 <= var:2265",
    "c:5013 <= var:535",
    "c:46058 <= var:116804",
    "c:24640 <= var:3991",
    "c:19427 <= var:1855",
    "c:226260 <= var:423",
    "var:2477 <= c:25310",
    "c:41918 <= var:3892",
    "c:31625 <= var:2847",
    "var:2047 <= c:23356",
    "var:2047 <= c:23370",
    "var:2047 <= c:23948",
    "var:2047 <= c:1335",
    "c:9228 <= var:861",
    "c:13843 <= var:1334",
    "c:11370 <= var:979",
    "c:37488 <= var:1400",
    "c:36753 <= var:1842",
    "c:25916 <= var:2265",
    "c:22519 <= var:2199",
    "c:172716 <= var:1990",
    "c:172712 <= var:1974",
    "c:23362 <= var:2040",
    "c:1467 <= var:1557",
    "c:1466 <= var:3404",
    "c:155413 <= var:890",
    "c:1919 <= var:3468",
    "var:2139 <= c:124573",
    "var:2139 <= c:21997",
    "var:2139 <= c:21757",
    "var:2139 <= c:94753",
    "c:125978 <= var:890",
    "c:38790 <= var:3684",
    "var:2137 <= c:21746",
    "c:19380 <= var:1819",
    "c:31570 <= var:2527",
    "c:19128 <= var:1821",
    "c:25353 <= var:2527",
    "c:139315 <= var:4032",
    "c:23218 <= var:3179",
    "c:6065 <= var:528",
    "var:3397 <= c:36776",
    "var:3397 <= c:36785",
    "var:3397 <= c:1002",
    "c:23210 <= var:2040",
    "var:664 <= c:190063",
    "var:664 <= c:97110",
    "var:662 <= c:122011",
    "var:663 <= c:184670",
    "var:663 <= c:208859",
    "var:663 <= c:208836",
    "var:661 <= c:1205",
    "var:661 <= c:7308",
    "c:19080 <= var:1642",
    "c:1862 <= var:129",
    "c:171669 <= var:1246",
    "c:41708 <= var:3888",
    "c:215636 <= var:3302",
    "c:173375 <= var:3763",
    "var:3179 <= c:1961",
    "var:3179 <= c:2028",
    "var:3179 <= c:98635",
    "var:3179 <= c:168364",
    "var:3177 <= c:34097",
    "var:3174 <= c:2042",
    "var:3174 <= c:168547",
    "var:3174 <= c:103103",
    "var:3174 <= c:1965",
    "var:3172 <= c:33617",
    "c:97660 <= var:3169",
    "c:24359 <= var:2364",
    "c:37835 <= var:3758",
    "var:2408 <= c:24977",
    "var:2408 <= c:24724",
    "var:2408 <= c:24972",
    "var:2408 <= c:24788",
    "var:2408 <= c:25239",
    "var:2408 <= c:24803",
    "var:2408 <= c:24626",
    "var:2408 <= c:24837",
    "var:2408 <= c:24879",
    "var:2408 <= c:79658",
    "var:2408 <= c:65520",
    "var:1824 <= c:19375",
    "var:1824 <= c:19322",
    "var:1824 <= c:21232",
    "var:1821 <= c:19253",
    "var:1821 <= c:1127",
    "var:1821 <= c:19307",
    "var:1828 <= c:1720",
    "var:1828 <= c:39175",
    "var:1828 <= c:19162",
    "c:17005 <= var:1501",
    "var:1557 <= c:16849",
    "var:1557 <= c:16846",
    "var:1557 <= c:16847",
    "var:1557 <= c:16845",
    "var:1557 <= c:16840",
    "var:1557 <= c:16873",
    "var:1557 <= c:970",
    "var:1557 <= c:16839",
    "var:1557 <= c:1466",
    "var:1557 <= c:16837",
    "var:1557 <= c:16836",
    "var:1557 <= c:16835",
    "var:1557 <= c:943",
    "var:1557 <= c:16838",
    "c:17000 <= var:1400",
    "c:10131 <= var:953",
    "c:172888 <= var:886",
    "c:10132 <= var:948",
    "var:1559 <= c:16886",
    "var:1559 <= c:969",
    "c:31120 <= var:3884",
    "c:6054 <= var:535",
    "var:3772 <= c:205180",
    "c:33763 <= var:3032",
    "c:7229 <= var:760",
    "c:10135 <= var:950",
    "c:199977 <= var:127",
    "var:1950 <= c:20584",
    "var:1957 <= c:20377",
    "var:1957 <= c:20369",
    "var:1957 <= c:20378",
    "var:1954 <= c:20625",
    "var:1958 <= c:20425",
    "var:1958 <= c:20380",
    "var:1958 <= c:23188",
    "var:1958 <= c:20365",
    "var:1958 <= c:54196",
    "var:1958 <= c:23160",
    "var:1958 <= c:23163",
    "var:1958 <= c:23218",
    "var:1958 <= c:52446",
    "var:1958 <= c:23181",
    "var:1959 <= c:20387",
    "c:110996 <= var:3417",
    "var:1738 <= c:19519",
    "var:1738 <= c:19518",
    "var:1738 <= c:20118",
    "var:1738 <= c:19520",
    "var:1739 <= c:20088",
    "var:1739 <= c:20129",
    "c:34271 <= var:3371",
    "c:21922 <= var:2040",
    "c:6938 <= var:694",
    "c:28099 <= var:3882",
    "c:28092 <= var:3885",
    "c:28093 <= var:3884",
    "c:28094 <= var:3887",
    "c:28096 <= var:3886",
    "c:28097 <= var:3883",
    "c:16778 <= var:1631",
    "c:22039 <= var:2199",
    "c:658 <= var:366",
    "c:657 <= var:1682",
    "c:151827 <= var:1642",
    "var:587 <= c:6617",
    "var:587 <= c:6663",
    "var:586 <= c:6636",
    "var:586 <= c:6971",
    "var:112 <= c:1634",
    "var:112 <= c:1626",
    "var:112 <= c:1633",
    "c:16444 <= var:1739",
    "c:28529 <= var:1261",
    "c:12091 <= var:1199",
    "c:107676 <= var:3973",
    "c:107675 <= var:3184",
    "var:1607 <= c:18544",
    "c:145153 <= var:116839",
    "var:1602 <= c:18612",
    "c:478 <= var:766",
    "c:16047 <= var:1400",
    "c:12541 <= var:3713",
    "var:3371 <= c:85577",
    "c:13010 <= var:1002",
    "var:119 <= c:2892",
    "var:119 <= c:1862",
    "var:4072 <= c:52388",
    "var:4072 <= c:2264",
    "var:4072 <= c:53288",
    "var:4072 <= c:53715",
    "var:4072 <= c:53714",
    "var:4072 <= c:53711",
    "var:4071 <= c:53313",
    "c:7152 <= var:731",
    "c:201690 <= var:421",
    "c:7157 <= var:726",
    "c:13783 <= var:1376",
    "c:13780 <= var:1378",
    "c:7154 <= var:733",
    "c:95119 <= var:3467",
    "c:9115 <= var:760",
    "c:22152 <= var:2161",
    "c:9116 <= var:881",
    "c:19520 <= var:3758",
    "c:6663 <= var:535",
    "c:173299 <= var:3810",
    "var:3649 <= c:39258",
    "c:5249 <= var:3000",
    "c:151179 <= var:3759",
    "c:166814 <= var:2395",
    "c:173452 <= var:3672",
    "var:1042 <= c:10473",
    "var:1042 <= c:453",
    "var:1042 <= c:11800",
    "var:1042 <= c:24031",
    "c:41148 <= var:1828",
    "c:22248 <= var:1528",
    "var:127 <= c:142",
    "var:127 <= c:205181",
    "var:127 <= c:17595",
    "var:127 <= c:1809",
    "var:127 <= c:1808",
    "var:127 <= c:1807",
    "var:127 <= c:1815",
    "var:127 <= c:199978",
    "var:127 <= c:1810",
    "var:127 <= c:1811",
    "var:127 <= c:1801",
    "var:127 <= c:1800",
    "var:127 <= c:1795",
    "var:127 <= c:2272",
    "var:127 <= c:36777",
    "var:127 <= c:1799",
    "var:127 <= c:11053",
    "var:127 <= c:1768",
    "var:127 <= c:198437",
    "var:127 <= c:113",
    "var:127 <= c:1061",
    "c:173361 <= var:3742",
    "var:129 <= c:2004",
    "var:129 <= c:112",
    "c:6049 <= var:3001",
    "c:37232 <= var:1179",
    "c:29457 <= var:3889",
    "c:9801 <= var:1099",
    "c:37725 <= var:1875",
    "c:5390 <= var:535",
    "c:9809 <= var:1002",
    "c:173459 <= var:3663",
    "c:122011 <= var:663",
    "c:42546 <= var:1921",
    "c:42813 <= var:3803",
    "c:12257 <= var:1181",
    "c:1002 <= var:113",
    "c:1001 <= var:3397",
    "var:2379 <= c:24359",
    "var:2379 <= c:24941",
    "var:2379 <= c:24406",
    "c:32267 <= var:2777",
    "c:77245 <= var:3259",
    "var:1887 <= c:203148",
    "var:1887 <= c:101827",
    "c:18320 <= var:1642",
    "c:154168 <= var:3416",
    "c:15532 <= var:3022",
    "c:19234 <= var:1938",
    "var:1906 <= c:38451",
    "c:38370 <= var:1901",
    "c:16996 <= var:1499",
    "var:2388 <= c:70356",
    "var:2389 <= c:190880",
    "var:876 <= c:9144",
    "var:876 <= c:9202",
    "c:23516 <= var:2040",
    "var:874 <= c:9240",
    "var:874 <= c:9290",
    "var:874 <= c:9773",
    "c:37836 <= var:3764",
    "c:9240 <= var:859",
    "var:2380 <= c:24396",
    "var:2380 <= c:24261",
    "var:878 <= c:9126",
    "var:878 <= c:9226",
    "c:2293 <= var:345",
    "c:37833 <= var:3759",
    "c:37831 <= var:3754",
    "c:19456 <= var:1874",
    "var:1844 <= c:1126",
    "var:1844 <= c:19071",
    "var:1844 <= c:19048",
    "c:1308 <= var:2272",
    "c:18694 <= var:1642",
    "c:442 <= var:760",
    "c:1711 <= var:1817",
    "c:1710 <= var:3400",
    "c:19322 <= var:1819",
    "var:1642 <= c:944",
    "var:2424 <= c:24780",
    "var:2424 <= c:1435",
    "c:5157 <= var:535",
    "c:49542 <= var:2313",
    "c:23356 <= var:2040",
    "var:909 <= c:10219",
    "var:909 <= c:11562",
    "c:23195 <= var:2092",
    "var:904 <= c:10367",
    "var:2092 <= c:24199",
    "var:2092 <= c:24071",
    "var:902 <= c:10277",
    "var:902 <= c:10286",
    "var:902 <= c:10287",
    "var:2091 <= c:24058",
    "var:2091 <= c:21673",
    "c:1671 <= var:2537",
    "c:1672 <= var:2536",
    "c:26921 <= var:2383",
    "var:2145 <= c:21681",
    "var:2145 <= c:21991",
    "c:10141 <= var:956",
    "var:2141 <= c:21598",
    "var:2141 <= c:21613",
    "var:2141 <= c:21778",
    "var:2414 <= c:25181",
    "var:2414 <= c:24637",
    "var:109 <= c:1579",
    "c:25342 <= var:2527",
    "c:10219 <= var:919",
    "var:1880 <= c:21262",
    "var:1880 <= c:101790",
    "c:23229 <= var:2040",
    "c:1175 <= var:113",
    "var:2890 <= c:126321",
    "var:2890 <= c:126157",
    "var:2890 <= c:220298",
    "var:2891 <= c:162311",
    "var:2891 <= c:102506",
    "c:103103 <= var:3965",
    "c:25582 <= var:1287",
    "c:1878 <= var:362",
    "var:615 <= c:14668",
    "var:615 <= c:6353",
    "var:615 <= c:8183",
    "c:173030 <= var:1244",
    "c:66650 <= var:1280",
    "c:15527 <= var:1400",
    "c:14377 <= var:3711",
    "c:14375 <= var:3706",
    "c:30566 <= var:3000",
    "c:18914 <= var:3654",
    "c:881 <= var:1406",
    "c:880 <= var:1407",
    "var:3169 <= c:2036",
    "var:3169 <= c:167875",
    "var:3169 <= c:97661",
    "var:3169 <= c:2022",
    "c:152123 <= var:3179",
    "var:726 <= c:7993",
    "var:722 <= c:8018",
    "c:172506 <= var:1559",
    "var:728 <= c:7972",
    "c:34716 <= var:3017",
    "c:20195 <= var:1996",
    "c:41955 <= var:3882",
    "c:20197 <= var:1999",
    "c:41957 <= var:3878",
    "c:20193 <= var:1994",
    "c:41953 <= var:3884",
    "var:1543 <= c:16710",
    "var:1543 <= c:37725",
    "var:1543 <= c:16674",
    "var:1543 <= c:16579",
    "var:1543 <= c:16419",
    "var:1543 <= c:16437",
    "var:1542 <= c:16662",
    "var:1542 <= c:16668",
    "var:1542 <= c:16669",
    "c:41958 <= var:3887",
    "c:20198 <= var:2002",
    "c:14124 <= var:1002",
    "c:13224 <= var:1206",
    "var:2974 <= c:30070",
    "var:2974 <= c:30994",
    "var:2974 <= c:30479",
    "var:116820 <= c:151160",
    "var:116820 <= c:152865",
    "var:3767 <= c:37835",
    "var:3767 <= c:37833",
    "var:3767 <= c:37831",
    "var:3766 <= c:37821",
    "var:3766 <= c:37822",
    "var:3766 <= c:37816",
    "var:3764 <= c:37844",
    "var:3763 <= c:37836",
    "var:3763 <= c:38117",
    "var:469 <= c:5390",
    "var:469 <= c:300",
    "var:467 <= c:5479",
    "var:467 <= c:5425",
    "var:467 <= c:5433",
    "var:467 <= c:5430",
    "var:467 <= c:5431",
    "var:467 <= c:5429",
    "var:467 <= c:5428",
    "var:467 <= c:1091",
    "var:467 <= c:327",
    "var:467 <= c:5450",
    "var:467 <= c:301",
    "var:467 <= c:5453",
    "var:467 <= c:5457",
    "var:467 <= c:5458",
    "c:21554 <= var:3300",
    "var:1943 <= c:37839",
    "var:1942 <= c:1588",
    "var:1942 <= c:101848",
    "c:51541 <= var:2384",
    "c:105407 <= var:3188",
    "c:33851 <= var:3209",
    "c:61468 <= var:2678",
    "c:6944 <= var:679",
    "c:6942 <= var:694",
    "c:33858 <= var:535",
    "c:32522 <= var:3088",
    "c:172510 <= var:1505",
    "var:960 <= c:9768",
    "c:28082 <= var:1448",
    "c:11980 <= var:1179",
    "c:30744 <= var:3135",
    "var:3281 <= c:1092",
    "var:3281 <= c:40889",
    "var:3281 <= c:33405",
    "var:3281 <= c:33441",
    "c:205180 <= var:127",
    "c:205181 <= var:3772",
    "c:4967 <= var:3647",
    "var:3282 <= c:41680",
    "c:4965 <= var:535",
    "c:25016 <= var:3354",
    "c:21262 <= var:1879",
    "var:3283 <= c:1206",
    "var:3283 <= c:33423",
    "var:3283 <= c:177831",
    "var:3283 <= c:33389",
    "c:25013 <= var:3349",
    "var:3716 <= c:38338",
    "c:152380 <= var:3094",
    "var:1839 <= c:19200",
    "var:1839 <= c:19128",
    "c:173240 <= var:3878",
    "c:11291 <= var:3065",
    "c:34910 <= var:3182",
    "var:1834 <= c:19205",
    "var:1834 <= c:1693",
    "var:1834 <= c:19588",
    "c:7701 <= var:677",
    "c:13950 <= var:1334",
    "c:32299 <= var:2848",
    "c:28538 <= var:2527",
    "var:1610 <= c:18707",
    "var:1612 <= c:18694",
    "var:1619 <= c:18755",
    "var:1619 <= c:18788",
    "c:173388 <= var:3739",
    "var:4068 <= c:41024",
    "var:4068 <= c:53180",
    "c:12571 <= var:1002",
    "c:16059 <= var:1480",
    "c:110301 <= var:3402",
    "c:30639 <= var:3182",
    "var:4066 <= c:41309",
    "var:4066 <= c:53107",
    "c:7148 <= var:736",
    "c:7149 <= var:738",
    "c:158373 <= var:1920",
    "c:6617 <= var:586",
    "c:4147 <= var:208",
    "c:151160 <= var:3711",
    "c:11950 <= var:1215",
    "c:162548 <= var:663",
    "c:8296 <= var:760",
    "var:1057 <= c:10606",
    "var:1057 <= c:10657",
    "var:1057 <= c:344",
    "c:38704 <= var:3412",
    "c:26590 <= var:1206",
    "c:38700 <= var:3426",
    "c:12376 <= var:1298",
    "c:38702 <= var:3420",
    "c:173351 <= var:3787",
    "c:22015 <= var:3803",
    "c:5566 <= var:4011",
    "c:173359 <= var:3803",
    "c:37227 <= var:1245",
    "c:27223 <= var:2527",
    "c:38367 <= var:3711",
    "c:11978 <= var:989",
    "var:3015 <= c:29994",
    "var:3015 <= c:34636",
    "c:42807 <= var:3803",
    "c:21417 <= var:1642",
    "c:12190 <= var:1179",
    "c:24637 <= var:2424",
    "c:173131 <= var:1002",
    "c:5706 <= var:3667",
    "var:2046 <= c:23362",
    "var:2046 <= c:1334",
    "c:15504 <= var:1400",
    "c:16983 <= var:1515",
    "c:38366 <= var:3710",
    "c:16235 <= var:1842",
    "c:172998 <= var:661",
    "var:2040 <= c:1181",
    "c:11407 <= var:1002",
    "var:861 <= c:9366",
    "var:861 <= c:9394",
    "var:861 <= c:9388",
    "c:22587 <= var:2199",
    "var:865 <= c:9323",
    "var:865 <= c:9958",
    "var:164 <= c:2254",
    "var:2394 <= c:6980",
    "var:2394 <= c:102110",
    "c:37822 <= var:3759",
    "var:2391 <= c:24548",
    "var:2391 <= c:1758",
    "c:24626 <= var:2527",
    "var:2393 <= c:73803",
    "var:2393 <= c:166814",
    "var:2393 <= c:73745",
    "c:11408 <= var:1143",
    "c:18664 <= var:1298",
    "c:18668 <= var:3761",
    "var:1162 <= c:11878",
    "var:1162 <= c:14726",
    "c:40890 <= var:2088",
    "var:1160 <= c:11858",
    "c:1705 <= var:129",
    "c:1706 <= var:3401",
    "c:1707 <= var:1819",
    "c:23160 <= var:3004",
    "c:23163 <= var:2986",
    "var:3690 <= c:38671",
    "var:3690 <= c:38676",
    "c:83873 <= var:3420",
    "c:22348 <= var:3808",
    "c:23438 <= var:2040",
    "c:24199 <= var:2091",
    "c:36172 <= var:2527",
    "var:3020 <= c:34529",
    "var:3020 <= c:30777",
    "var:919 <= c:537",
    "var:919 <= c:10163",
    "var:2233 <= c:22710",
    "c:23188 <= var:3068",
    "var:917 <= c:591",
    "var:917 <= c:1403",
    "var:917 <= c:10187",
    "var:917 <= c:10126",
    "var:917 <= c:10139",
    "var:917 <= c:10129",
    "var:917 <= c:10128",
    "var:917 <= c:10131",
    "var:917 <= c:10132",
    "var:917 <= c:538",
    "var:917 <= c:10141",
    "var:917 <= c:10135",
    "var:917 <= c:10125",
    "var:917 <= c:10137",
    "c:23181 <= var:3027",
    "var:3329 <= c:32779",
    "var:3329 <= c:1322",
    "var:3329 <= c:32420",
    "var:3329 <= c:113256",
    "var:875 <= c:9228",
    "var:875 <= c:9215",
    "c:7895 <= var:760",
    "c:10139 <= var:962",
    "var:2409 <= c:24763",
    "var:3973 <= c:107675",
    "var:2158 <= c:22138",
    "var:2158 <= c:22222",
    "var:2404 <= c:24698",
    "var:2155 <= c:22215",
    "var:2155 <= c:22249",
    "var:2154 <= c:22181",
    "var:2154 <= c:22348",
    "var:2154 <= c:22226",
    "var:2400 <= c:24498",
    "c:10137 <= var:960",
    "var:2889 <= c:160910",
    "var:2888 <= c:1919",
    "var:2888 <= c:31949",
    "var:2883 <= c:95119",
    "var:2883 <= c:31926",
    "var:2883 <= c:94980",
    "c:17482 <= var:1514",
    "var:2885 <= c:94939",
    "var:2884 <= c:30200",
    "var:2884 <= c:102516",
    "var:2886 <= c:148057",
    "var:3370 <= c:37555",
    "var:3370 <= c:1541",
    "var:3370 <= c:61420",
    "var:3370 <= c:37488",
    "c:13900 <= var:116839",
    "var:3372 <= c:37522",
    "var:3372 <= c:37581",
    "var:3372 <= c:1451",
    "var:3372 <= c:98588",
    "c:39958 <= var:1846",
    "c:25572 <= var:2527",
    "var:1179 <= c:12099",
    "var:1179 <= c:13159",
    "var:1179 <= c:694",
    "var:1179 <= c:1319",
    "var:1179 <= c:12062",
    "c:1809 <= var:161",
    "c:1808 <= var:158",
    "c:1807 <= var:164",
    "c:1805 <= var:3027",
    "c:1804 <= var:2986",
    "c:1803 <= var:3022",
    "c:1802 <= var:2981",
    "c:1801 <= var:175",
    "c:1800 <= var:180",
    "c:14368 <= var:1002",
    "c:25744 <= var:2265",
    "c:36776 <= var:1842",
    "c:36777 <= var:3771",
    "c:24378 <= var:2265",
    "var:2979 <= c:30475",
    "var:2979 <= c:30554",
    "var:2979 <= c:29895",
    "c:25718 <= var:2265",
    "c:175619 <= var:888",
    "var:2976 <= c:2037",
    "var:2976 <= c:1813",
    "c:152134 <= var:3076",
    "var:736 <= c:8047",
    "var:731 <= c:8110",
    "c:113142 <= var:3331",
    "var:733 <= c:8084",
    "var:738 <= c:8024",
    "c:42122 <= var:3845",
    "c:41947 <= var:3887",
    "c:41946 <= var:3886",
    "c:41943 <= var:3878",
    "var:1539 <= c:16637",
    "c:39379 <= var:1927",
    "c:41940 <= var:3885",
    "var:1535 <= c:17083",
    "c:39371 <= var:1907",
    "c:31995 <= var:3890",
    "c:989 <= var:3348",
    "c:70356 <= var:2389",
    "var:3022 <= c:1778",
    "var:3022 <= c:1802",
    "c:3727 <= var:1888",
    "var:3025 <= c:30518",
    "var:3025 <= c:34584",
    "var:3027 <= c:1804",
    "var:3027 <= c:1784",
    "var:459 <= c:5706",
    "var:459 <= c:5332",
    "var:453 <= c:5244",
    "var:453 <= c:12712",
    "var:453 <= c:5228",
    "var:453 <= c:5271",
    "var:453 <= c:6049",
    "var:453 <= c:6070",
    "var:452 <= c:5252",
    "var:452 <= c:5251",
    "var:452 <= c:5267",
    "var:454 <= c:5281",
    "c:42231 <= var:3923"]
}